kode,nama,link_profil,alamat,kabupaten,kota,provinsi
20325309,SMA NU HASYIM ASY ARI,https://sekolah.data.kemdikbud.go.id/index.php/Chome/profil/E1BEF8B6-CECD-443B-B2E3-000454C7950C,"JL. RAYA KARANGJATI RT.03/01, TARUB Karangjati Kec. Tarub Kab. Tegal Prov. Jawa Tengah",Kab. Tegal,,Jawa Tengah
69913893,SMA NEGERI 1 WULANDONI,https://sekolah.data.kemdikbud.go.id/index.php/Chome/profil/46738CBC-0012-45D6-8C66-000745E989B9,Jl. Trans Wulandoni Wulandoni Kec. Wulandoni Kab. Lembata Prov. Nusa Tenggara Timur,Kab. Lembata,,Nusa Tenggara Timur
20511951,SMA NEGERI 1 PLOSOKLATEN KABUPATEN KEDIRI,https://sekolah.data.kemdikbud.go.id/index.php/Chome/profil/E59E8B2D-22FA-4332-B644-0008E88AB38E,DS.KAWEDUSAN PLOSOKLATEN Kawedusan Kec. Plosoklaten Kab. Kediri Prov. Jawa Timur,Kab. Kediri,,Jawa Timur
20532399,SMAS GALUH HANDAYANI,https://sekolah.data.kemdikbud.go.id/index.php/Chome/profil/8F9F7295-595A-4C42-A4AA-0009B36BCBE1,Manyar Sambongan 85A Kertajaya Kec. Gubeng Kota Surabaya Prov. Jawa Timur,,Kota Surabaya,Jawa Timur
20321976,SMAS THERESIANA WELERI,https://sekolah.data.kemdikbud.go.id/index.php/Chome/profil/932A659F-5D76-4882-A6D7-000F4A074834,JL. TAMTAMA WELERI Penyangkringan Kec. Weleri Kab. Kendal Prov. Jawa Tengah,Kab. Kendal,,Jawa Tengah
40104774,SMAN 1 SIAU BARAT,https://sekolah.data.kemdikbud.go.id/index.php/Chome/profil/B40CA78F-9DB2-4E1E-8044-001182BC6B36,PANIKI Paniki Kec. Siau Barat Kab. Kep. Siau Tagulandang Biaro Prov. Sulawesi Utara,Kab. Kep. Siau Tagulandang Biaro,,Sulawesi Utara
20252051,SMAS PASUNDAN 1 CIANJUR,https://sekolah.data.kemdikbud.go.id/index.php/Chome/profil/E01646EC-548A-4187-A350-001518EDAD71,JL. PASUNDAN NO. 31 Sabandar Kec. Karang Tengah Kab. Cianjur Prov. Jawa Barat,Kab. Cianjur,,Jawa Barat
69790716,SMA EDUCATION,https://sekolah.data.kemdikbud.go.id/index.php/Chome/profil/7CAB5113-F410-42E8-8314-0017A953983D,Jl. Kulim No 8 Tampan Tampan Kec. Payung Sekaki Kota Pekanbaru Prov. Riau,,Kota Pekanbaru,Riau
20223028,SMAS TAMAN SISWA BEKASI,https://sekolah.data.kemdikbud.go.id/index.php/Chome/profil/F30C9354-D8FA-4F94-B9E5-001A1B0968F0,JL. SELECTA RAYA NO. 2 BLOK 6 PERUM BUMI... Pengasinan Kec. Rawalumbu Kota Bekasi Prov. Jawa Barat,,Kota Bekasi,Jawa Barat
10203549,SMA NEGERI 1 SIEMPATNEMPU,https://sekolah.data.kemdikbud.go.id/index.php/Chome/profil/679953EF-1839-43E7-BEC2-001AD5B4EC63,JL. ADIANNANGKA BUNTURAJA Adian Nangka Kec. Siempat Nempu Kab. Dairi Prov. Sumatera Utara,Kab. Dairi,,Sumatera Utara
40102014,SMA NEGERI 1 TOULUAAN,https://sekolah.data.kemdikbud.go.id/index.php/Chome/profil/E99EA08B-3FFE-4757-98AD-001B09C3EE3B,JL. RAYA LOBU-SILIAN Lobu Satu Kec. Touluaan Kab. Minahasa Tenggara Prov. Sulawesi Utara,Kab. Minahasa Tenggara,,Sulawesi Utara
69873537,SMA NEGERI 16 Mukomuko,https://sekolah.data.kemdikbud.go.id/index.php/Chome/profil/FD8B1943-3C71-4212-B35B-002C32ED2B65,Jl. Poros Sp 9 Tanjung Mulya Kec. XIV Koto Kab. Mukomuko Prov. Bengkulu,Kab. Mukomuko,,Bengkulu
69786302,SMAN 1 BUKIK BARISAN,https://sekolah.data.kemdikbud.go.id/index.php/Chome/profil/F28D1884-C2F1-47EE-8CD7-002DABBAF71B,KOTO TANGAH Koto Tangah Kec. Bukik Barisan Kab. Lima Puluh Kota Prov. Sumatera Barat,Kab. Lima Puluh Kota,,Sumatera Barat
60202875,SMAN 10 HALMAHERA UTARA,https://sekolah.data.kemdikbud.go.id/index.php/Chome/profil/50AD62CE-B899-4AF5-B289-00304866A4CD,JL. LAPANGAN KUKUNYINGA Dedeta Kec. Loloda Kepulauan Kab. halmahera Utara Prov. Maluku Utara,Kab. halmahera Utara,,Maluku Utara
20505014,SMA NEGERI 1 PARENGAN TUBAN,https://sekolah.data.kemdikbud.go.id/index.php/Chome/profil/707D0E7E-D106-4031-8F0B-00310C8B3268,JL. RAYA BOJONEGORO-JATIROGO KM.19 Sukorejo Kec. Parengan Kab. Tuban Prov. Jawa Timur,Kab. Tuban,,Jawa Timur
70007712,SMA PLUS KRISTEN REHOBOT OEBELO,https://sekolah.data.kemdikbud.go.id/index.php/Chome/profil/C4934CD6-4767-4810-BC6C-0049A51CF660,"JLN. TIMOR RAYA KM 21, DESA OEBELO Oebelo Kec. Kupang Tengah Kab. Kupang Prov. Nusa Tenggara Timur",Kab. Kupang,,Nusa Tenggara Timur
50304931,SMAN 1 KUPANG,https://sekolah.data.kemdikbud.go.id/index.php/Chome/profil/F2692F56-94A4-47EC-8C7E-004A06284E24,JL. CAK DOKO NO. 59 Oetete Kec. Oebobo Kota Kupang Prov. Nusa Tenggara Timur,,Kota Kupang,Nusa Tenggara Timur
50220571,SMAS ISLAM SHOHIBURRAHMAN BELEKA,https://sekolah.data.kemdikbud.go.id/index.php/Chome/profil/6D5B2F0C-861D-46DB-834F-005069F6EFCE,JL. GANTI-MONTONG GAMANG BELEKA Beleka Kec. Praya Timur Kab. Lombok Tengah Prov. Nusa Tenggara Barat,Kab. Lombok Tengah,,Nusa Tenggara Barat
20328395,SMAS MUHAMMADIYAH (PLUS) SALATIGA,https://sekolah.data.kemdikbud.go.id/index.php/Chome/profil/BD247ADD-8520-4231-A231-005A916EC5E5,JL. KH. Ahmad Dahlan No.1 Salatiga Sidorejo Lor Kec. Sidorejo Kota Salatiga Prov. Jawa Tengah,,Kota Salatiga,Jawa Tengah
70050794,SMAS PLUS KHOIRUL UMMAH PAYUNG,https://sekolah.data.kemdikbud.go.id/index.php/Chome/profil/188A8E7F-0C14-47C2-8FAE-005C515ED9F4,JL. ANGKAP SERUK RT 021 RW 006 Payung Payung Kab. Bangka Selatan Prov. Kepulauan Bangka Belitung,Kab. Bangka Selatan,,Kepulauan Bangka Belitung
70007185,SMAS GOLDEN GATE,https://sekolah.data.kemdikbud.go.id/index.php/Chome/profil/3B8DCDB6-1372-4EFB-A17E-005F9A463F75,JL. LAMADUKELLENG NO.58-60 Losari Kec. Ujung Pandang Kota Makassar Prov. Sulawesi Selatan,,Kota Makassar,Sulawesi Selatan
69989079,SMA NEGERI 2 CIBARUSAH,https://sekolah.data.kemdikbud.go.id/index.php/Chome/profil/675D2B8B-48CD-4F89-A0CB-00605279B8E0,Jl. Raya Cibarusah Cibarusahkota Kec. Cibarusah Kab. Bekasi Prov. Jawa Barat,Kab. Bekasi,,Jawa Barat
69845479,SMA Negeri 1 Napan,https://sekolah.data.kemdikbud.go.id/index.php/Chome/profil/34E01A66-B6A7-4FC5-9A0D-0060E47CAE1C,Jl. Inpres Napan Napan Kec. Napan Kab. Nabire Prov. Papua Tengah,Kab. Nabire,,Papua Tengah
50301896,SMA SWASTA KATOLIK FRATERAN PODOR,https://sekolah.data.kemdikbud.go.id/index.php/Chome/profil/8200A8B0-617E-46FE-9A54-00762A5619C3,JL. MAYJEN SUPARDI Lewolere Kec. Larantuka Kab. Flores Timur Prov. Nusa Tenggara Timur,Kab. Flores Timur,,Nusa Tenggara Timur
70003123,SMA IT Nuur Ar Radhiyyah,https://sekolah.data.kemdikbud.go.id/index.php/Chome/profil/48D53FAF-E456-45CA-B0D4-0078AAAE3480,Jl. Pangkalan Brandan Km. 63 Dusun Harap... Pematang Tengah Kec. Tanjung Pura Kab. Langkat Prov. Sumatera Utara,Kab. Langkat,,Sumatera Utara
70011428,SMA NEGERI PINU PAHAR,https://sekolah.data.kemdikbud.go.id/index.php/Chome/profil/5D4F0980-1556-4823-9C46-00794FB0BBD6,Jln. Tabundung Tawui Kec. Pinu Pahar Kab. Sumba Timur Prov. Nusa Tenggara Timur,Kab. Sumba Timur,,Nusa Tenggara Timur
69760737,SMAS DARMA PERTIWI,https://sekolah.data.kemdikbud.go.id/index.php/Chome/profil/AF448270-1010-455B-B92A-0079CA99ED05,JL TUGU  AMD RT 06 KASANG KOTA KARANG Kec. Kumpeh Ulu Kab.  Muaro Jambi Prov. Jambi,Kab.  Muaro Jambi,,Jambi
10505054,SMAN 10 MERANGIN,https://sekolah.data.kemdikbud.go.id/index.php/Chome/profil/A217899C-8AA6-4C43-91BD-007B37829D50,JL. Lintas Bangko - Jangkat Km 47 Muara ... Pasar Muara Siau Kec. Muara Siau Kab.  Merangin Prov. Jambi,Kab.  Merangin,,Jambi
50310687,SMAN 4 KOTA KOMBA,https://sekolah.data.kemdikbud.go.id/index.php/Chome/profil/BAA24EAC-44F7-4E81-A844-007C1C4A3C61,MBATA RANA MBATA Kec. Kota Komba Kab. Manggarai Timur Prov. Nusa Tenggara Timur,Kab. Manggarai Timur,,Nusa Tenggara Timur
69822789,SMAS ELPIDA,https://sekolah.data.kemdikbud.go.id/index.php/Chome/profil/51BACA99-51C1-4050-A42D-00836BC673A2,"JL. TIMOR RAYA KM. 16, KOMPLEKS TERMINAL... Noelbaki Kec. Kupang Tengah Kab. Kupang Prov. Nusa Tenggara Timur",Kab. Kupang,,Nusa Tenggara Timur
20221591,SMAS MUHAMMADIYAH,https://sekolah.data.kemdikbud.go.id/index.php/Chome/profil/CC200D76-A5ED-40C4-A6A4-00872A48FAEE,JL. R. SYAMSUDIN SH. NO. 59 SUKABUMI Cikole Kec. Cikole Kota Sukabumi Prov. Jawa Barat,,Kota Sukabumi,Jawa Barat
30400232,SMA NEGERI 1 MUARA BADAK,https://sekolah.data.kemdikbud.go.id/index.php/Chome/profil/ACA20BA7-BCF5-4BD8-8E04-008B092D80CD,JL. GAS ALAM RT. 02 Batu-Batu Kec. Muara Badak Kab. Kutai Kartanegara Prov. Kalimantan Timur,Kab. Kutai Kartanegara,,Kalimantan Timur
11001974,SMAS MUHAMMADIYAH TANJUNGPINANG,https://sekolah.data.kemdikbud.go.id/index.php/Chome/profil/A781CAD9-5755-48EB-8CE7-008CC438F820,Jl. Raja Haji Fisabilillah No. 70 Km 8 Tanjungpinang Timur Kec. Bukit Bestari Kota Tanjung Pinang Prov. Kepulauan Riau,,Kota Tanjung Pinang,Kepulauan Riau
60303523,SMAS YPK IMANUEL AGUNG SAMOFA BIAK,https://sekolah.data.kemdikbud.go.id/index.php/Chome/profil/F283CB51-518D-43B6-8AA7-008DD6A52EA9,JL. S.CONDRONEGORO Samofa Kec. Samofa Kab. Biak Numfor Prov. Papua,Kab. Biak Numfor,,Papua
50304063,SMAS MANDA ELU,https://sekolah.data.kemdikbud.go.id/index.php/Chome/profil/7D948E99-F9B2-4A8D-B9D8-008FE6275274,KOTA TAMBOLAKA PAYOLA UMBU Kec. Loura Kab. Sumba Barat Daya Prov. Nusa Tenggara Timur,Kab. Sumba Barat Daya,,Nusa Tenggara Timur
70055233,SMA AS SALAM TUMIJAJAR KABUPATEN TULANG BAWANG BARAT,https://sekolah.data.kemdikbud.go.id/index.php/Chome/profil/28641809-FDCE-4B15-8DAA-009598DD4AA2,Jl. Diponegoro Dayamurni RT. 2 RW .2 Tum... Daya Murni Kec. Tumijajar Kab. Tulang Bawang Barat Prov. Lampung,Kab. Tulang Bawang Barat,,Lampung
20229516,SMAS NURUL WAFA,https://sekolah.data.kemdikbud.go.id/index.php/Chome/profil/BB79F210-03B1-4199-BF8A-009605F95BE0,JL. KH. MOCH IDRIS SUKARAME Sukarame Kec. Sukarame Kab. Tasikmalaya Prov. Jawa Barat,Kab. Tasikmalaya,,Jawa Barat
10201328,SMAN 1 BINJAI,https://sekolah.data.kemdikbud.go.id/index.php/Chome/profil/524D3129-7457-431C-802E-00970F7E12E2,JL. YOS SUDARSO SUKA MAKMUR Sukamakmur Kec. Binjai Kab. Langkat Prov. Sumatera Utara,Kab. Langkat,,Sumatera Utara
30303009,SMAN 1 HARUAI,https://sekolah.data.kemdikbud.go.id/index.php/Chome/profil/3C750489-FE27-4FCB-8279-00A41E372F2E,JL. KEMBANG KUNING Nawin Kec. Haruai Kab. Tabalong Prov. Kalimantan Selatan,Kab. Tabalong,,Kalimantan Selatan
69960972,SMA DOA BANGSA,https://sekolah.data.kemdikbud.go.id/index.php/Chome/profil/17B16332-1C05-483B-B9E8-00AA2C585738,Kp. Selamanjah RT 03/11 Karangtengah Kec. Cibadak Kab. Sukabumi Prov. Jawa Barat,Kab. Sukabumi,,Jawa Barat
20208407,SMAN  TANJUNGKERTA,https://sekolah.data.kemdikbud.go.id/index.php/Chome/profil/CA92B81A-D7C4-4F05-81BF-00B213808887,JL. SUKAMANTRI TANJUNGKERTA SUMEDANG 453... Sukamantri Kec. Tanjungkerta Kab. Sumedang Prov. Jawa Barat,Kab. Sumedang,,Jawa Barat
10258504,SMAN 1 SIROMBU,https://sekolah.data.kemdikbud.go.id/index.php/Chome/profil/A6292C58-6B18-4B28-A0B8-00B86E81A11E,JL. SUMITRO DJOJO HADI KUSUMO NO.07 Togideu Kec. Sirombu Kab. Nias Barat Prov. Sumatera Utara,Kab. Nias Barat,,Sumatera Utara
20327971,SMA NEGERI 6 SURAKARTA,https://sekolah.data.kemdikbud.go.id/index.php/Chome/profil/2F79E1C3-BC1E-4DCE-969E-00BB8A13F87C,JL. MR. SARTONO NO. 30 Nusukan Kec. Banjarsari Kota Surakarta Prov. Jawa Tengah,,Kota Surakarta,Jawa Tengah
20229745,SMAS AL MUHAJIRIN,https://sekolah.data.kemdikbud.go.id/index.php/Chome/profil/3CBA80CA-BA39-4236-B158-00BC9A67F4B7,VETERAN NO. 155 Nagrikaler Kec. Purwakarta Kab. Purwakarta Prov. Jawa Barat,Kab. Purwakarta,,Jawa Barat
69752161,SMAS ISLAM ROUDLOTUL UMMAH,https://sekolah.data.kemdikbud.go.id/index.php/Chome/profil/36F09275-8C2F-40BE-8A6E-00C12244FD9C,Jl. Kyai Sumadi Desa Tanjungsari Tanjungsari Kec. Kradenan Kab. Grobogan Prov. Jawa Tengah,Kab. Grobogan,,Jawa Tengah
70014700,SMA ISLAM TERPADU CAHAYA BANGSA,https://sekolah.data.kemdikbud.go.id/index.php/Chome/profil/A28708E3-B61C-4640-8095-00C43C3CCDC6,Jl. Selandir Desa Lenek Daya Kecamatan L... Lenek Daya Kec. Lenek Kab. Lombok Timur Prov. Nusa Tenggara Barat,Kab. Lombok Timur,,Nusa Tenggara Barat
70055423,Sekolah Rakyat Menengah Atas 9 Jakarta Timur,https://sekolah.data.kemdikbud.go.id/index.php/Chome/profil/D976100F-FC80-488B-AF35-00C5D09ADF82,"Jl. Gebang Sari Nomor 38 Bambu Apus, Kec... Bambu Apus Kec. Cipayung Kota Adm. Jakarta Timur Prov. D.K.I. Jakarta",,Kota Adm. Jakarta Timur,D.K.I. Jakarta
70036392,SMA IT KOSGORO,https://sekolah.data.kemdikbud.go.id/index.php/Chome/profil/38A0828F-557A-4759-8600-00C5D8B80FC9,Jln. Kol. R.M. Thaher No.37 Rengas Condo... Rengas Condong Kec. Muara Bulian Kab. Batanghari Prov. Jambi,Kab. Batanghari,,Jambi
60726169,SMAN 3 NANGA BULIK,https://sekolah.data.kemdikbud.go.id/index.php/Chome/profil/EB5C767A-B519-4BEE-BC57-00C95064A5E5,JL PANGERAN DIPONEGORO DESA ARGA MULYA Arga Mulya Kec. Bulik Kab. Lamandau Prov. Kalimantan Tengah,Kab. Lamandau,,Kalimantan Tengah
60401125,SMA Negeri 2 Fakfak,https://sekolah.data.kemdikbud.go.id/index.php/Chome/profil/8F89E5E6-8C27-4831-BBC5-00C9B8620823,JL. LA TONDE FF Kayu Merah Kec. Fak-fak Tengah Kab. Fak Fak Prov. Papua Barat,Kab. Fak Fak,,Papua Barat
30404451,SMAN 1 MUARA WAHAU,https://sekolah.data.kemdikbud.go.id/index.php/Chome/profil/5737AD4F-6742-4F5B-B329-00CA1610F9EC,JL. MULAWARMAN NO.20 Muara Wahau Kec. Muara Wahau Kab. Kutai Timur Prov. Kalimantan Timur,Kab. Kutai Timur,,Kalimantan Timur
10110354,SMAS PELITA NUSANTARA,https://sekolah.data.kemdikbud.go.id/index.php/Chome/profil/8CE4D989-A9E5-456F-8CBF-00CC90022675,JL. KUTACANE  - MEDAN KM. 25 Lawe Sigala Timur Kec. Lawe Sigala-Gala Kab. Aceh Tenggara Prov. Aceh,Kab. Aceh Tenggara,,Aceh
40102004,SMA NEGERI 2 TARERAN,https://sekolah.data.kemdikbud.go.id/index.php/Chome/profil/432C1F3C-E055-42A9-B056-00CE4FF19175,Jl. Kampis Jaga 3 Wuwuk Kec. Tareran Wuwuk Kec. Tareran Kab. Minahasa Selatan Prov. Sulawesi Utara,Kab. Minahasa Selatan,,Sulawesi Utara
20601873,SMAN 1 WARUNGGUNUNG,https://sekolah.data.kemdikbud.go.id/index.php/Chome/profil/BF750958-7996-4939-A4F7-00D53B9F9C1D,JL. RAYA PANDEGLANG KM. 12 WARUNGGUNUNG Cibuah Kec. Warunggunung Kab. Lebak Prov. Banten,Kab. Lebak,,Banten
10211313,SMAS PALAPA,https://sekolah.data.kemdikbud.go.id/index.php/Chome/profil/E1AC355D-34D3-4E4D-8F75-00E9D2FA5723,Jalan Sei Musi No. 19 Pahlawan Kec. Binjai Utara Kota Binjai Prov. Sumatera Utara,,Kota Binjai,Sumatera Utara
10212115,SMAS TRI RATNA SIBOLGA,https://sekolah.data.kemdikbud.go.id/index.php/Chome/profil/B890137F-853E-414B-938C-00EA92F5B461,JL. LETJEN S. PARMAN NO. 58 SIBOLGA Pasar Baru Kec. Sibolga Kota Kota Sibolga Prov. Sumatera Utara,,Kota Sibolga,Sumatera Utara
30100390,SMAN 1 TEKARANG,https://sekolah.data.kemdikbud.go.id/index.php/Chome/profil/D83011F5-52EC-4C1A-9806-00EBAE838A5E,JL.RAYA TEKARANG TEKARANG Kec. Tekarang Kab. Sambas Prov. Kalimantan Barat,Kab. Sambas,,Kalimantan Barat
20605361,SMAS NURUL FATAH,https://sekolah.data.kemdikbud.go.id/index.php/Chome/profil/36715F1F-2E47-4699-82F5-00ED529BA38B,SIMPANG TIGA PASIR MINDI Nambo Udik Kec. Cikande Kab. Serang Prov. Banten,Kab. Serang,,Banten
10503749,SMAN 5 SAROLANGUN,https://sekolah.data.kemdikbud.go.id/index.php/Chome/profil/C85B0E72-B14A-4320-B217-00F0C17DAF08,JL. ABDUL LATIF PULAU PANDAN Pulau Pandan Kec. Limun Kab. Sarolangun Prov. Jambi,Kab. Sarolangun,,Jambi
50202396,SMAS AL HASANIYAH JENGGIK,https://sekolah.data.kemdikbud.go.id/index.php/Chome/profil/E46D85B2-78DC-47AC-97E5-00F403042E05,JLN NEGARA KM. 40 MATARAM - SELONG Jenggik Kec. Terara Kab. Lombok Timur Prov. Nusa Tenggara Barat,Kab. Lombok Timur,,Nusa Tenggara Barat
70012920,SMAK BPK PENABUR SINGGASANA,https://sekolah.data.kemdikbud.go.id/index.php/Chome/profil/05361E1B-6E5A-4FCB-B9EB-00F42BD18A07,Jl. Candra Kirana No. 1 A Pemukiman Sing... Mekar Wangi Kec. Bojong Loa Kidul Kota Bandung Prov. Jawa Barat,,Kota Bandung,Jawa Barat
69995759,SMA WIDIATMIKA,https://sekolah.data.kemdikbud.go.id/index.php/Chome/profil/D21634AD-644D-4C0F-8531-00FBA4212C05,JL. KEMBAR KAMPUS UDAYANA NO. 8 JIMBARAN... Jimbaran Kec. Kuta Selatan Kab. Badung Prov. Bali,Kab. Badung,,Bali
30107803,SMAN 1 ANJONGAN,https://sekolah.data.kemdikbud.go.id/index.php/Chome/profil/95003359-9990-495A-B7C8-010A1F29E756,JL.RAYA ANJONGAN KM.62 Anjungan Melancar Kec. Anjongan Kab. Mempawah Prov. Kalimantan Barat,Kab. Mempawah,,Kalimantan Barat
20311317,SMAS KANISIUS HARAPAN,https://sekolah.data.kemdikbud.go.id/index.php/Chome/profil/E035815F-A992-45B4-A1BE-010C15A312A6,PERTINGGEN  JL. KENANGA Tirtomoyo Kec. Tirtomoyo Kab. Wonogiri Prov. Jawa Tengah,Kab. Wonogiri,,Jawa Tengah
40313228,SMAS PGRI 2 TAMALATE MAKASSAR,https://sekolah.data.kemdikbud.go.id/index.php/Chome/profil/6105A935-B4F4-4947-9183-0115B77B2415,JL. MONUMEN EMMY SAELAN III Karunrung Kec. Rappocini Kota Makassar Prov. Sulawesi Selatan,,Kota Makassar,Sulawesi Selatan
69945305,SMA NEGERI 2 BULAGI SELATAN,https://sekolah.data.kemdikbud.go.id/index.php/Chome/profil/672C8E60-F097-477D-8FC3-01177D0A9724,Jl. Lulun No. 1 Desa Bonepuso Bone Puso Kec. Bulagi Selatan Kab. Banggai Kepulauan Prov. Sulawesi Tengah,Kab. Banggai Kepulauan,,Sulawesi Tengah
20400374,SMA NEGERI 1 PUNDONG,https://sekolah.data.kemdikbud.go.id/index.php/Chome/profil/C7AC5993-89A5-4755-9D87-011937FDA4BE,SRIHARDONO Srihardono Kec. Pundong Kab. Bantul Prov. D.I. Yogyakarta,Kab. Bantul,,D.I. Yogyakarta
20401156,SMAS KOLESE DE BRITTO DEPOK,https://sekolah.data.kemdikbud.go.id/index.php/Chome/profil/2FE7EDE7-CBC3-4A27-9488-012167CB170B,JL. LAKSDA ADISUCIPTO 161 Catur Tunggal Kec. Depok Kab. Sleman Prov. D.I. Yogyakarta,Kab. Sleman,,D.I. Yogyakarta
20613677,SMAS AL KHAIRIYAH 4,https://sekolah.data.kemdikbud.go.id/index.php/Chome/profil/0A4B1A2E-9290-49DF-8232-01252E3293CD,"Jl. Lingkar Selatan KM 10,8 Link. Kracak Banjar Negara Kec. Ciwandan Kota Cilegon Prov. Banten",,Kota Cilegon,Banten
10405226,SMAS METHODIST BANGKO,https://sekolah.data.kemdikbud.go.id/index.php/Chome/profil/D9D0171F-095B-4DDF-A4A0-012631F02E60,JL. UTAMA Bagan Barat Kec. Bangko Kab.  Rokan Hilir Prov. Riau,Kab.  Rokan Hilir,,Riau
69948163,SMA NEGERI 4 SUMATERA BARAT (KEBERBAKATAN OLAHRAGA),https://sekolah.data.kemdikbud.go.id/index.php/Chome/profil/9EC1F6F8-C669-4DD9-B1F6-0126787DE758,Jl.By Pass Km 13 Sungai Sapih Sungai Sapih Kec. Kuranji Kota Padang Prov. Sumatera Barat,,Kota Padang,Sumatera Barat
69964938,SMA NEGERI 3 SUMATERA BARAT,https://sekolah.data.kemdikbud.go.id/index.php/Chome/profil/72545C84-DE3B-4FC5-8BB3-0129EBEFC649,Jl. By Pass No. 5 Lubuk Sikaping NAGARI TANJUNG BERINGIN Kec. Lubuk Sikaping Kab. Pasaman Prov. Sumatera Barat,Kab. Pasaman,,Sumatera Barat
60103375,SMA NEGERI 9 BURU,https://sekolah.data.kemdikbud.go.id/index.php/Chome/profil/D7658BBC-8158-415C-8A40-012A9BCEBC7C,JL. LINTAS NAMROLE Grandeng Kec. Lolong Guba Kab. Buru Prov. Maluku,Kab. Buru,,Maluku
10604400,SMA PGRI 1 LUBUKLINGGAU,https://sekolah.data.kemdikbud.go.id/index.php/Chome/profil/9CA07372-C809-42CC-8FAF-012C2843C6AD,JL. MAYOR TOHA Air Kuti Kec. Lubuk Linggau Timur I Kota Lubuk Linggau Prov. Sumatera Selatan,,Kota Lubuk Linggau,Sumatera Selatan
40301552,SMA RANGGONG DAENG ROMO,https://sekolah.data.kemdikbud.go.id/index.php/Chome/profil/98D581FE-00AB-4E38-817A-012CCE212C69,JL. JEND. SUDIRMAN NO. 32 Pattallassang Kec. Pattallassang Kab. Takalar Prov. Sulawesi Selatan,Kab. Takalar,,Sulawesi Selatan
69954894,SMA NEGERI 1 LEUWISADENG,https://sekolah.data.kemdikbud.go.id/index.php/Chome/profil/9D67CABA-CCFE-489D-BAD2-0133CD9FFF1C,Jl. Raya Hambaro - Leuwisadeng KM. 02 Kp... Leuwisadeng Kec. Leuwisadeng Kab. Bogor Prov. Jawa Barat,Kab. Bogor,,Jawa Barat
60201361,SMAS MUHAMMADIYAH SUBAIM,https://sekolah.data.kemdikbud.go.id/index.php/Chome/profil/8639DBCC-C55C-4B4F-98C2-0134023C7ECA,JL. KH. AHMAD DAHLAN RAWAMANGUN Kec. Wasile Timur Kab. Halmahera Timur Prov. Maluku Utara,Kab. Halmahera Timur,,Maluku Utara
10210931,SMA SWASTA PANCA BUDI MEDAN,https://sekolah.data.kemdikbud.go.id/index.php/Chome/profil/3BC1E577-F3E8-4799-81FD-0137378E6391,"JL. JEND. GATOT SUBROTO KM. 4,5 Simpang Tanjung Kec. Medan Sunggal Kota Medan Prov. Sumatera Utara",,Kota Medan,Sumatera Utara
10405223,SMAN 3 BANGKO,https://sekolah.data.kemdikbud.go.id/index.php/Chome/profil/B20B5822-D4F9-4AC5-A073-0140092F8BC4,Jl Bono No. 10 Labuhan Tangga Kecil Kec. Bangko Kab.  Rokan Hilir Prov. Riau,Kab.  Rokan Hilir,,Riau
60300371,SMAN 1 BIAK,https://sekolah.data.kemdikbud.go.id/index.php/Chome/profil/2C4FCF69-D03A-44A4-86EA-014652BF471C,JL. YAFDAS Sorido Kec. Biak Kota Kab. Biak Numfor Prov. Papua,Kab. Biak Numfor,,Papua
10302477,SMAN 1 LINTAU BUO,https://sekolah.data.kemdikbud.go.id/index.php/Chome/profil/51997037-8009-415E-84B8-014C59797CF0,CUBADAK RANDAH - TANJUNG BONAI TANJUANG BONAI Kec. Lintau Buo Utara Kab. Tanah Datar Prov. Sumatera Barat,Kab. Tanah Datar,,Sumatera Barat
70030619,SMA NEGERI 3 MELIAU,https://sekolah.data.kemdikbud.go.id/index.php/Chome/profil/6965AA9A-8876-48FA-BF23-015B3BF740C7,JL. PANG PRADA Kunyil Kec. Meliau Kab. Sanggau Prov. Kalimantan Barat,Kab. Sanggau,,Kalimantan Barat
20534121,SMAN 4 MADIUN,https://sekolah.data.kemdikbud.go.id/index.php/Chome/profil/9CC43BF7-F5D1-4B7F-AE7E-015D7A75A5BE,JL. SERAYU NO. 80 MADIUN Pandean Kec. Taman Kota Madiun Prov. Jawa Timur,,Kota Madiun,Jawa Timur
20532405,SMA Kristen Anak Panah,https://sekolah.data.kemdikbud.go.id/index.php/Chome/profil/E1688B3E-4578-4C8F-BFE8-016A2C341933,Jalan Kenjeran No. 440 Surabaya Tambaksari Kec. Tambaksari Kota Surabaya Prov. Jawa Timur,,Kota Surabaya,Jawa Timur
60728438,SMAS IBNU MASKI,https://sekolah.data.kemdikbud.go.id/index.php/Chome/profil/F3410A3C-944A-41F5-AFF5-016BB4650B42,Jl. Pasar Bolang - Jenggot Ranca Gede Kec. Gunung Kaler Kab. Tangerang Prov. Banten,Kab. Tangerang,,Banten
20103292,SMAN 103 JAKARTA,https://sekolah.data.kemdikbud.go.id/index.php/Chome/profil/F9A79DFD-A1D4-4A26-886F-016DC5064D4B,JL. MAWAR MERAH VI PERUMNAS KLENDER Malaka Jaya Kec. Duren Sawit Kota Adm. Jakarta Timur Prov. D.K.I. Jakarta,,Kota Adm. Jakarta Timur,D.K.I. Jakarta
70032579,SMA EL FITRA,https://sekolah.data.kemdikbud.go.id/index.php/Chome/profil/A833AB76-0EDF-44E0-8AAA-016E5921ABD2,Jl. Haji Hasan No. 4 RT.007 RW.008 Cisaranten Kidul Kec. Gedebage Kota Bandung Prov. Jawa Barat,,Kota Bandung,Jawa Barat
69815342,SMA S TUNAS BANGSA MALIGI,https://sekolah.data.kemdikbud.go.id/index.php/Chome/profil/3320E802-4DA8-4099-9F32-0175801BD2A7,JORONG PADANG JAYA-MALIGI SASAK Kec. Sasak Ranah Pesisir Kab. Pasaman Barat Prov. Sumatera Barat,Kab. Pasaman Barat,,Sumatera Barat
10605585,SMAN 1 KELUANG,https://sekolah.data.kemdikbud.go.id/index.php/Chome/profil/75620FF1-CDF2-4BF2-B629-017DA332F9EE,Jl. Pendidikan Keluang 30754 Karya Maju Kec. Keluang Kab. Musi Banyuasin Prov. Sumatera Selatan,Kab. Musi Banyuasin,,Sumatera Selatan
10107824,SMA NEGERI 11 TAKENGON,https://sekolah.data.kemdikbud.go.id/index.php/Chome/profil/11118F34-CFA7-48B8-9A19-017F9810CD75,JL. SOEKARNO - HATTA NO.1. Kampung Merah... Merah Pupuk Kec. Atu Lintang Kab. Aceh Tengah Prov. Aceh,Kab. Aceh Tengah,,Aceh
20519330,SMAS ADVENT PURWODADI,https://sekolah.data.kemdikbud.go.id/index.php/Chome/profil/CA4C0BD4-002A-4AC4-8A92-01852CF10981,JL. RAYA PAREREJO PURWODADI Parerejo Kec. Purwodadi Kab. Pasuruan Prov. Jawa Timur,Kab. Pasuruan,,Jawa Timur
40403275,SMAN 2 TOMIA,https://sekolah.data.kemdikbud.go.id/index.php/Chome/profil/C0B051A5-23EC-4A3E-949A-0188ED935C3A,JL. LINTAS USUKU KULATI TONGANO TIMUR Kec. Tomia Timur Kab. Wakatobi Prov. Sulawesi Tenggara,Kab. Wakatobi,,Sulawesi Tenggara
70007829,SMAS MUHAMMADIYAH 5 PULAU MOROTAI,https://sekolah.data.kemdikbud.go.id/index.php/Chome/profil/81D2E637-F527-4A22-95FA-018FF5DFCCDC,Jln Pendidikan Muhammadiyah Losuo Kec. Morotai Utara Kab. Pulau Morotai Prov. Maluku Utara,Kab. Pulau Morotai,,Maluku Utara
60301010,SMAS SATRIA,https://sekolah.data.kemdikbud.go.id/index.php/Chome/profil/9D4EFBD1-1C14-4027-9760-01956AC339CE,JL. SANTAROSA TASANGKAPURA Argapura Kec. Jayapura Selatan Kota Jayapura Prov. Papua,,Kota Jayapura,Papua
20218357,SMAN 1 CIBARUSAH,https://sekolah.data.kemdikbud.go.id/index.php/Chome/profil/19A470F6-7E93-49A7-8F89-01975D862441,JL. RAYA CIBARUSAH KABUPATEN BEKASI Sindangmulya Kec. Cibarusah Kab. Bekasi Prov. Jawa Barat,Kab. Bekasi,,Jawa Barat
69939808,SMAN 22 GOWA,https://sekolah.data.kemdikbud.go.id/index.php/Chome/profil/441A49F4-9FA6-42AD-A76F-01B413D10BDF,Tamannyeleng Kec. Barombong Tamanyeleng Kec. Barombong Kab. Gowa Prov. Sulawesi Selatan,Kab. Gowa,,Sulawesi Selatan
70048480,SMA ISLAM AL-AZHAR,https://sekolah.data.kemdikbud.go.id/index.php/Chome/profil/DE0DB186-0A07-4929-8CBB-01C0A65F27C9,Jl. Simpang Empat RT.001/RW.010 Wajo Hilir Kec. Jongkat Kab. Mempawah Prov. Kalimantan Barat,Kab. Mempawah,,Kalimantan Barat
20215976,SMAN 1 KRANGKENG,https://sekolah.data.kemdikbud.go.id/index.php/Chome/profil/D2DEC59B-B9C1-4F9B-80F7-01C8502689AC,JL. Raya Krangkeng No. 1 Krangkeng Kec. Krangkeng Kab. Indramayu Prov. Jawa Barat,Kab. Indramayu,,Jawa Barat
20407361,SMAN 1 TANJUNGSARI,https://sekolah.data.kemdikbud.go.id/index.php/Chome/profil/6FB7CD47-1846-4900-BF17-01CD87A5B2FA,JL. BARON  KM. 12 KEMIRI Kemiri Kec. Tanjungsari Kab. Gunungkidul Prov. D.I. Yogyakarta,Kab. Gunungkidul,,D.I. Yogyakarta
10900224,SMAS SETIA BUDI,https://sekolah.data.kemdikbud.go.id/index.php/Chome/profil/96DF4BFE-ECAC-409D-B42B-01D0DF0E6F90,JL. JEND. SUDIRMAN 16 SUNGAILIAT BANGKA SRIMENANTI Kec. Sungailiat Kab. Bangka Prov. Kepulauan Bangka Belitung,Kab. Bangka,,Kepulauan Bangka Belitung
10307801,SMAS NURUL IKHLAS,https://sekolah.data.kemdikbud.go.id/index.php/Chome/profil/4E661BE2-86E0-4CC5-AACA-01D4B7F45051,JL. RAYA PD. PANJANG - B. TINGGI KM. 3 PANYALAIAN Kec. X Koto Kab. Tanah Datar Prov. Sumatera Barat,Kab. Tanah Datar,,Sumatera Barat
20509318,SMAN 1 MAGETAN,https://sekolah.data.kemdikbud.go.id/index.php/Chome/profil/39F76B79-194F-4D96-A904-01D7B7122061,JL. MONGINSIDI 24 MAGETAN Selosari Kec. Magetan Kab. Magetan Prov. Jawa Timur,Kab. Magetan,,Jawa Timur
20268951,SMAS IT DARUL MUHSININ,https://sekolah.data.kemdikbud.go.id/index.php/Chome/profil/6EA61D10-925B-44F2-8154-01E1B2F3FFDB,JL RAJAWALI RAYA JC 13 NO 23 PERUM CITRA... Wanasari Kec. Cibitung Kab. Bekasi Prov. Jawa Barat,Kab. Bekasi,,Jawa Barat
70029469,SMA NEGERI LAPAGO,https://sekolah.data.kemdikbud.go.id/index.php/Chome/profil/1461286E-3AE5-40AE-BC8F-01E712827584,JL. HOMHOM-MOAI Musiamia Kec. Hubikiak Kab. Jayawijaya Prov. Papua Pegunungan,Kab. Jayawijaya,,Papua Pegunungan
20254143,SMA IT AL HIMMAH,https://sekolah.data.kemdikbud.go.id/index.php/Chome/profil/E96D0B2E-C15E-456D-9466-01E84C0C412F,JL. RAYA SUKABUMI-CIANJUR NO. 13 Titisan Kec. Sukalarang Kab. Sukabumi Prov. Jawa Barat,Kab. Sukabumi,,Jawa Barat
20300630,SMA MUHAMMADIYAH SIDAREJA,https://sekolah.data.kemdikbud.go.id/index.php/Chome/profil/1A83DFDB-79E9-4062-8C04-01EA28273729,JL. AMPERA NO 29 Sudagaran Kec. Sidareja Kab. Cilacap Prov. Jawa Tengah,Kab. Cilacap,,Jawa Tengah
69946221,SMA Negeri 2 Namohalu Esiwa,https://sekolah.data.kemdikbud.go.id/index.php/Chome/profil/0CEB2B34-35E3-4527-B8CC-01EA89C8761F,Jln. Esiwa Desa Esiwa Esiwa Kec. Namohalu Esiwa Kab. Nias Utara Prov. Sumatera Utara,Kab. Nias Utara,,Sumatera Utara
20537429,SMA PLUS MIFTAHUL ULUM,https://sekolah.data.kemdikbud.go.id/index.php/Chome/profil/290757D8-E895-4676-903D-01EAC3E81709,Dsn. TORONAN BARA` LEKE Larangan Badung Kec. Palengaan Kab. Pamekasan Prov. Jawa Timur,Kab. Pamekasan,,Jawa Timur
69864688,SMA Integral Minhajut Thullab,https://sekolah.data.kemdikbud.go.id/index.php/Chome/profil/10546BDC-A0B3-4682-B298-01F1F75ECBE0,Andoolo Utama Andoolo Utama Kec. Buke Kab. Konawe Selatan Prov. Sulawesi Tenggara,Kab. Konawe Selatan,,Sulawesi Tenggara
69897254,SMA IT RIJALUL GOD,https://sekolah.data.kemdikbud.go.id/index.php/Chome/profil/4112DCA7-7887-48AE-8158-01F6483DC727,Kp. Cipari RT 05 RW 02 Caringin Sukarame Kec. Caringin Kab. Garut Prov. Jawa Barat,Kab. Garut,,Jawa Barat
10209411,SMAS MUHAMMADIYAH 6,https://sekolah.data.kemdikbud.go.id/index.php/Chome/profil/BA7CCFB9-6124-47B5-9655-01F7DAF67D01,JL.BESAR DESA PON DUSUN I SEI BAMBAN PON Kec. Sei Bamban Kab. Serdang Bedagai Prov. Sumatera Utara,Kab. Serdang Bedagai,,Sumatera Utara
70041103,SMA Swasta IT Khansa Khalifah,https://sekolah.data.kemdikbud.go.id/index.php/Chome/profil/AEC36C0E-86D3-46CF-969F-01FDF40719F8,Jl. Sentosa Gg. Sekolah No. 105 Puji Mulyo Kec. Sunggal Kab. Deli Serdang Prov. Sumatera Utara,Kab. Deli Serdang,,Sumatera Utara
10211310,SMAS SETIA BUDI,https://sekolah.data.kemdikbud.go.id/index.php/Chome/profil/92FEF3C3-38E0-49E5-AC25-0204A9457424,JL. PERINTIS KEMERDEKAAN NO. 111 A Pahlawan Kec. Binjai Utara Kota Binjai Prov. Sumatera Utara,,Kota Binjai,Sumatera Utara
70045397,SMA BAHRUL ULUM,https://sekolah.data.kemdikbud.go.id/index.php/Chome/profil/8FD062BB-255B-40B3-BF76-020B44C087D6,Tiyuh Lesung Bahakti jaya Lesung Bakti Jaya Kec. Lambu Kibang Kab. Tulang Bawang Barat Prov. Lampung,Kab. Tulang Bawang Barat,,Lampung
20504489,SMAN 1 GONDANG,https://sekolah.data.kemdikbud.go.id/index.php/Chome/profil/CC4E4F02-51B3-4EB7-9D62-020F81966EEA,Jl. Raya Betek Gondang Gondang Kec. Gondang Kab. Bojonegoro Prov. Jawa Timur,Kab. Bojonegoro,,Jawa Timur
20212937,SMA NEGERI 1 CILIMUS,https://sekolah.data.kemdikbud.go.id/index.php/Chome/profil/0995E216-0117-452A-A3E2-02102674CBE4,JL. PANAWUAN NO. 221 Cilimus Kec. Cilimus Kab. Kuningan Prov. Jawa Barat,Kab. Kuningan,,Jawa Barat
50303419,SMAS ST KLAUS,https://sekolah.data.kemdikbud.go.id/index.php/Chome/profil/C27770D4-1D0E-4DBC-9AE2-0210642B1766,KUWU Poco Likang Kec. Ruteng Kab. Manggarai Prov. Nusa Tenggara Timur,Kab. Manggarai,,Nusa Tenggara Timur
20503625,SMA ISLAM NGORO,https://sekolah.data.kemdikbud.go.id/index.php/Chome/profil/3A53A3F2-8DFA-40CE-9D73-021708B939CB,JL. MERAPI NGORO Ngoro Kec. Ngoro Kab. Jombang Prov. Jawa Timur,Kab. Jombang,,Jawa Timur
20613472,SMAS DARUL AHSAN,https://sekolah.data.kemdikbud.go.id/index.php/Chome/profil/468265A1-F12C-476D-996E-021AC345EF73,JL. SERANG KM 31 Kampung Dandeur RT. 005... Dang Deur Kec. Jayanti Kab. Tangerang Prov. Banten,Kab. Tangerang,,Banten
50300243,SMAS ADVENT NUSRA,https://sekolah.data.kemdikbud.go.id/index.php/Chome/profil/B78EC7C7-948E-47A1-9020-021E2E107242,JL. TIMOR RAYA KM. 18 Noelbaki Kec. Kupang Tengah Kab. Kupang Prov. Nusa Tenggara Timur,Kab. Kupang,,Nusa Tenggara Timur
69978819,SMA ISLAM AL ISHLAH,https://sekolah.data.kemdikbud.go.id/index.php/Chome/profil/D684B0EB-33C6-4241-BDF6-02201EA3C890,Jl. Mr. Asaat No. 52 B Banto Darano Buki... Campago Guguk Bulek Kec. Mandiangin Koto Selayan Kota Bukittinggi Prov. Sumatera Barat,,Kota Bukittinggi,Sumatera Barat
50100283,SMA Negeri 2 Banjar,https://sekolah.data.kemdikbud.go.id/index.php/Chome/profil/87E3B4F4-85CB-40DB-89A5-022C8EC0C5CD,JALAN BANTENG Banjar Tegeha Kec. Banjar Kab. Buleleng Prov. Bali,Kab. Buleleng,,Bali
69752431,SMAN IT SYECH WALID THAIB SHALEH INDRAGIRI,https://sekolah.data.kemdikbud.go.id/index.php/Chome/profil/C1DE09FA-8219-4F0A-8EC2-022CBA519A87,TELUK SUNGKA Sungai Iliran Kec. Gaung Anak Serka Kab. Indragiri Hilir Prov. Riau,Kab. Indragiri Hilir,,Riau
40313381,SMAS AMANA GAPPA,https://sekolah.data.kemdikbud.go.id/index.php/Chome/profil/371FC0C5-903C-4337-B31F-023747F58D9E,JL. BUMI KARSA NO. 4 Masale Kec. Panakukkang Kota Makassar Prov. Sulawesi Selatan,,Kota Makassar,Sulawesi Selatan
90101025,Sekolah SI Tokyo Tingkat SMA,https://sekolah.data.kemdikbud.go.id/index.php/Chome/profil/64EFD4B5-E6D5-4FCB-BBF0-023D3AD27A6A,"Sekolah Indonesia Tokyo No. 4-6-6, Megur... Meguro-ku Tokyo Japan Luar Negeri",,,
40303662,SMAN 5 SOPPENG,https://sekolah.data.kemdikbud.go.id/index.php/Chome/profil/B738083F-F3A3-49A2-ACA7-024155099529,JL. TONRONGE Tettikengrarae Kec. Marioriwawo Kab. Soppeng Prov. Sulawesi Selatan,Kab. Soppeng,,Sulawesi Selatan
10801952,SMAS MUHAMMADIYAH TRIMURJO,https://sekolah.data.kemdikbud.go.id/index.php/Chome/profil/9212C45B-F3B7-4B30-BD8F-0242C5E1A0D9,JL. RAYA ADIPURO Adipuro Kec. Trimurjo Kab. Lampung Tengah Prov. Lampung,Kab. Lampung Tengah,,Lampung
20103183,SMAS PKP,https://sekolah.data.kemdikbud.go.id/index.php/Chome/profil/E0618850-289B-4EC9-9F8C-024A8A6C16D1,JL. RAYA PKP Kelapa Dua Wetan Kec. Ciracas Kota Adm. Jakarta Timur Prov. D.K.I. Jakarta,,Kota Adm. Jakarta Timur,D.K.I. Jakarta
50205214,SMAS NW KOPANG,https://sekolah.data.kemdikbud.go.id/index.php/Chome/profil/F413FBA7-CFD8-46F6-A23B-024AE84F54DD,JLN. BUNG KARNO NO. 09 A JELOJOK Kopang Rembiga Kec. Kopang Kab. Lombok Tengah Prov. Nusa Tenggara Barat,Kab. Lombok Tengah,,Nusa Tenggara Barat
20532375,SMAS BINA TARUNA,https://sekolah.data.kemdikbud.go.id/index.php/Chome/profil/43B38C8A-885A-4D63-80F9-024B5B8B1462,JL. GADUNG 17-19 Jagir Kec. Wonokromo Kota Surabaya Prov. Jawa Timur,,Kota Surabaya,Jawa Timur
70004716,SMA Swasta Medan Mulia / Mianzhong,https://sekolah.data.kemdikbud.go.id/index.php/Chome/profil/C4EF5152-F12F-4439-9132-024D0988BC04,Jl. Bangau / Jl. Gagak Hitam Ringroad Sei Sikambing B Kec. Medan Sunggal Kota Medan Prov. Sumatera Utara,,Kota Medan,Sumatera Utara
69759256,SMAS AL FATHIYAH KWANGPATI,https://sekolah.data.kemdikbud.go.id/index.php/Chome/profil/DEE43DBB-3A52-47A7-99D9-024D672FAEC3,LENDANG ARE VILLAGE Lendang Ara Kec. Kopang Kab. Lombok Tengah Prov. Nusa Tenggara Barat,Kab. Lombok Tengah,,Nusa Tenggara Barat
20605353,SMAN 1 ANYER,https://sekolah.data.kemdikbud.go.id/index.php/Chome/profil/CDFB1030-D07C-4BA9-9175-024E32C93354,"JL. Raya Anyer-Sirih KM. 127,600 Cikoneng Kec. Anyar Kab. Serang Prov. Banten",Kab. Serang,,Banten
20303229,SMA NEGERI 1 KARANGREJA,https://sekolah.data.kemdikbud.go.id/index.php/Chome/profil/464F14A1-CD99-4424-B92C-02535FA7815D,JL. RAYA KARANGREJA Karangreja Kec. Karangreja Kab. Purbalingga Prov. Jawa Tengah,Kab. Purbalingga,,Jawa Tengah
20318340,SMA NEGERI 1 MLONGGO,https://sekolah.data.kemdikbud.go.id/index.php/Chome/profil/DFCD2DD1-FBE0-4A0D-B5A5-02555F164C17,Desa Suwawal RT. 01 RW. 01 Suwawal Kec. Mlonggo Kab. Jepara Prov. Jawa Tengah,Kab. Jepara,,Jawa Tengah
69772616,SMAN 2 FATULEU TENGAH,https://sekolah.data.kemdikbud.go.id/index.php/Chome/profil/1EAC12F4-1FFE-4E7D-A929-025AA3A3951F,Jalan Ajaotoko. Desa Nonbaun Nonbaun Kec. Fatuleu Tengah Kab. Kupang Prov. Nusa Tenggara Timur,Kab. Kupang,,Nusa Tenggara Timur
40201709,SMAN 1 BUNTA,https://sekolah.data.kemdikbud.go.id/index.php/Chome/profil/5895A7C3-CE2F-4DFF-9BB6-0263E5F03BA0,JL. MOH. YAMIN 109 BUNTA KALAKA Kec. Bunta Kab. Banggai Prov. Sulawesi Tengah,Kab. Banggai,,Sulawesi Tengah
20323398,SMA NEGERI 1 KAJEN,https://sekolah.data.kemdikbud.go.id/index.php/Chome/profil/576E3730-70B4-4071-BAFC-027125BB4070,Jl. Mandurorejo Nyamok Kec. Kajen Kab. Pekalongan Prov. Jawa Tengah,Kab. Pekalongan,,Jawa Tengah
70006483,SMA QURANIC SCIENCE BOARDING SCHOOL,https://sekolah.data.kemdikbud.go.id/index.php/Chome/profil/1A27147C-3330-4F36-8EB1-027C97C2FF3B,Jalan Dusun Ciragem RT 010 RW 008 Ciampanan Kec. Cineam Kab. Tasikmalaya Prov. Jawa Barat,Kab. Tasikmalaya,,Jawa Barat
10815046,SMAS PONDOK MAKKAH N BATIN,https://sekolah.data.kemdikbud.go.id/index.php/Chome/profil/CCB5B5C2-518A-4B1E-8547-028AD1BB0B34,Kampung Karta Jaya Kecamatan Negara Bati... Karta Jaya Kec. Negara Batin Kab. Way Kanan Prov. Lampung,Kab. Way Kanan,,Lampung
30204463,SMAN 3 GUNUNG BINTANG AWAI,https://sekolah.data.kemdikbud.go.id/index.php/Chome/profil/A1953A3C-94F5-427F-893E-028AEBFF7ADA,JL. PALO REJO Ugang Sayu Kec. Gunung Bintang Awai Kab. Barito Selatan Prov. Kalimantan Tengah,Kab. Barito Selatan,,Kalimantan Tengah
20258166,SMAS IT DAARUL RAHMAN,https://sekolah.data.kemdikbud.go.id/index.php/Chome/profil/43F7C6FA-2D80-4699-AFEB-028C6D526888,Jl. Sawangan Elok 1 RT 03/08 Duren Seribu Kec. Bojongsari Kota Depok Prov. Jawa Barat,,Kota Depok,Jawa Barat
70014908,SMA MUHAMMADIYAH MAMUJU,https://sekolah.data.kemdikbud.go.id/index.php/Chome/profil/9AE41A88-0606-459C-80A1-029FA7F86271,JL. SUKARNO HATTA NO 35 Karema Kec. Mamuju Kab. Mamuju Prov. Sulawesi Barat,Kab. Mamuju,,Sulawesi Barat
69944364,SMA INTEGRAL LUQMAN AL HAKIM,https://sekolah.data.kemdikbud.go.id/index.php/Chome/profil/A11C68B5-ACC8-47BB-B335-02A13871FF53,Jl. Jenderal Ahmad Yani RT. 008 Kel. Kua... Kuaro Kec. Kuaro Kab. Paser Prov. Kalimantan Timur,Kab. Paser,,Kalimantan Timur
10211302,SMAS INSANI,https://sekolah.data.kemdikbud.go.id/index.php/Chome/profil/754E49D3-D76E-4B04-A5E2-02A173F5E49F,JL. KOMPOR NO. 27 BINJAI Nangka Kec. Binjai Utara Kota Binjai Prov. Sumatera Utara,,Kota Binjai,Sumatera Utara
20613525,SMAS 46 DAAR EL GUSTI,https://sekolah.data.kemdikbud.go.id/index.php/Chome/profil/7CEF8FDC-5E74-45F2-8DBD-02A2A0584E64,Jl Raya Peusar Binong Kec. Curug Kab. Tangerang Prov. Banten,Kab. Tangerang,,Banten
40313586,SMAS JAYA NEGARA MAKASSAR,https://sekolah.data.kemdikbud.go.id/index.php/Chome/profil/7FD62C34-1A88-4E88-8322-02A42172D7FF,JL. BALANG BARU 2 NO. 69 makassar Balang Baru Kec. Tamalate Kota Makassar Prov. Sulawesi Selatan,,Kota Makassar,Sulawesi Selatan
10806743,SMAS BAKTI BARADATU,https://sekolah.data.kemdikbud.go.id/index.php/Chome/profil/E99C8996-FE62-4651-BC15-02A817416759,JL. DATU NO 001 Tiuh Balak Pasar Kec. Baradatu Kab. Way Kanan Prov. Lampung,Kab. Way Kanan,,Lampung
10303794,SMAS MUHAMMADIYAH SOLOK,https://sekolah.data.kemdikbud.go.id/index.php/Chome/profil/D5224120-F694-4137-9298-02A8DCD71FF0,JL. KH AHMAD DAHLAN NO. 167 Pasar Pandan Air Mati Kec. Tanjung Harapan Kota Solok Prov. Sumatera Barat,,Kota Solok,Sumatera Barat
30105465,SMAN 4 SINGKAWANG,https://sekolah.data.kemdikbud.go.id/index.php/Chome/profil/1DF0B9B4-EB86-4489-8A3C-02A9834847C2,JL. RAYA SEDAU Sedau Kec. Singkawang Selatan Kota Singkawang Prov. Kalimantan Barat,,Kota Singkawang,Kalimantan Barat
69787149,SMAS ISLAM TERPADU AL-HIKMAH,https://sekolah.data.kemdikbud.go.id/index.php/Chome/profil/3C657FEB-E561-44C1-85A7-02B1C92AC2F3,JL. TORJEK KANGAYAN Toerjek Kec. Kangayan Kab. Sumenep Prov. Jawa Timur,Kab. Sumenep,,Jawa Timur
69945827,SMA Nur Lintang Kedu,https://sekolah.data.kemdikbud.go.id/index.php/Chome/profil/D3F13430-0CBD-4A5B-8920-02C455284632,Jl. Traji - Bandunggede Km 02 Bandunggede Kec. Kedu Kab. Temanggung Prov. Jawa Tengah,Kab. Temanggung,,Jawa Tengah
10505294,SMAN 16 BUNGO,https://sekolah.data.kemdikbud.go.id/index.php/Chome/profil/E5331D68-A305-4E11-87D9-02C9CB52B03D,JL. DS. TANAH PERIUK Tanah Periuk Kec. Tanah Sepenggal Lintas Kab. Bungo Prov. Jambi,Kab. Bungo,,Jambi
60303589,SMAN DEMTA,https://sekolah.data.kemdikbud.go.id/index.php/Chome/profil/915FFD0C-AE81-4AA2-9E35-02D52A654519,Jln. Demta-Berap Km 7 Demta Yakore Kec. Demta Kab. Jayapura Prov. Papua,Kab. Jayapura,,Papua
20228432,SMA DARUL HIKMAH BOJONGSOANG,https://sekolah.data.kemdikbud.go.id/index.php/Chome/profil/94BF7FC3-D332-45A0-8994-02DB0F32F283,JL.CIKONENG NO.99 BOJONGSOANG Bojongsoang Kec. Bojongsoang Kab. Bandung Prov. Jawa Barat,Kab. Bandung,,Jawa Barat
50204497,SMAS HANG TUAH 3 MATARAM,https://sekolah.data.kemdikbud.go.id/index.php/Chome/profil/A5799CF5-900F-410E-9D67-02DED31974DF,JL. INDUSTRI NO. 2 Ampenan Selatan Kec. Ampenan Kota Mataram Prov. Nusa Tenggara Barat,,Kota Mataram,Nusa Tenggara Barat
30107740,SMAN 1 KUALA BEHE,https://sekolah.data.kemdikbud.go.id/index.php/Chome/profil/8532C69B-FFB7-4C51-A7E0-02E03EFF8721,Jalan Raya Kiri Simpang Tiga Engkalong K... Nyayum Kec. Kuala Behe Kab. Landak Prov. Kalimantan Barat,Kab. Landak,,Kalimantan Barat
11003004,SMAS HARAPAN UTAMA,https://sekolah.data.kemdikbud.go.id/index.php/Chome/profil/7357A252-CF81-4658-B55D-02E0A2376B7C,JL. ROSEDALE SIMPANG FRENGKY Teluk Tering Kec. Batam Kota Kota Batam Prov. Kepulauan Riau,,Kota Batam,Kepulauan Riau
20276429,SMAN 17 BEKASI,https://sekolah.data.kemdikbud.go.id/index.php/Chome/profil/2CD8E4E6-F88F-448F-9FFF-02E71FF4C0B4,JL H ILYAS RT 02/12 JAKAMULYA Jaka Mulya Kec. Bekasi Selatan Kota Bekasi Prov. Jawa Barat,,Kota Bekasi,Jawa Barat
50307844,SMAN 1 RIUNG BARAT,https://sekolah.data.kemdikbud.go.id/index.php/Chome/profil/BE28EC86-73F4-4B3A-9208-02E74FBA140E,Jl. Pinggupir - No. 02 - Maronggela- Kec... Wolomeze Kec. Riung Barat Kab. Ngada Prov. Nusa Tenggara Timur,Kab. Ngada,,Nusa Tenggara Timur
10807013,SMA S UTAMA 2,https://sekolah.data.kemdikbud.go.id/index.php/Chome/profil/0FD335E0-E271-4ECF-8CBA-02E9DF47B58B,JL. JEND. SUDIRMAN NO. 39 Rawa Laut Kec. Enggal Kota Bandar Lampung Prov. Lampung,,Kota Bandar Lampung,Lampung
69980600,SMA KRISTEN PLUS PENABUR,https://sekolah.data.kemdikbud.go.id/index.php/Chome/profil/2FD477FA-417B-4BDC-B41A-02ED3C474F13,Jl. Pemuda No 61 Kota Cirebon Sunyaragi Kec. Kesambi Kota Cirebon Prov. Jawa Barat,,Kota Cirebon,Jawa Barat
20400398,SMA MUHAMMADIYAH PLERET,https://sekolah.data.kemdikbud.go.id/index.php/Chome/profil/86EB4814-CF8C-48E0-A61D-02F0E0614FA3,KANGGOTAN Pleret Kec. Pleret Kab. Bantul Prov. D.I. Yogyakarta,Kab. Bantul,,D.I. Yogyakarta
70040088,SMA IT MUTAWAKKILIN,https://sekolah.data.kemdikbud.go.id/index.php/Chome/profil/0DBA0AE7-4594-4869-B7A6-02F405DCCEF8,Jl. Moch Ali KM. 1.5 Cibogo 3 Mekargalih Kec. Ciranjang Kab. Cianjur Prov. Jawa Barat,Kab. Cianjur,,Jawa Barat
70024044,SMA IT AL HARAKI,https://sekolah.data.kemdikbud.go.id/index.php/Chome/profil/D25E6827-1917-47EE-BF26-02F59D229D3C,Jl. Raya Boulevard Grand Depok City Puri... Tirtajaya Kec. Sukmajaya Kota Depok Prov. Jawa Barat,,Kota Depok,Jawa Barat
10212116,SMAN 1 SIBOLGA,https://sekolah.data.kemdikbud.go.id/index.php/Chome/profil/FFD29D2E-BBE9-4277-9FEE-02F660A5F5F3,Jln. Sutoyo Siswomiharjo No. 1 Sibolga Huta Tonga Tonga Kec. Sibolga Utara Kota Sibolga Prov. Sumatera Utara,,Kota Sibolga,Sumatera Utara
20506314,SMAS HASYIM ASY`ARI 2 GLAGAH,https://sekolah.data.kemdikbud.go.id/index.php/Chome/profil/82B2F58F-CA66-4D76-BC9F-02FF91B4428E,JL. Raya Puk NO. 01 GLAGAH Glagah Kec. Glagah Kab. Lamongan Prov. Jawa Timur,Kab. Lamongan,,Jawa Timur
20517727,SMAS K YOS SUDARSO KEPANJEN,https://sekolah.data.kemdikbud.go.id/index.php/Chome/profil/EED86A3B-5EB5-4464-BAB9-03005635CCE8,"JL. KAWI NO. 44, KEPANJEN Kepanjen Kec. Kepanjen Kab. Malang Prov. Jawa Timur",Kab. Malang,,Jawa Timur
10257398,SMAN 1 SIJAMAPOLANG,https://sekolah.data.kemdikbud.go.id/index.php/Chome/profil/C7215C61-79E5-481D-8EE4-0305C482798B,Jl. Pendidikan Desa Bonandolok II Bonan Dolok Ii Kec. Sijamapolang Kab. Humbang Hasundutan Prov. Sumatera Utara,Kab. Humbang Hasundutan,,Sumatera Utara
69829539,SMA S ASSYFA KAPA,https://sekolah.data.kemdikbud.go.id/index.php/Chome/profil/E7C1EE3C-1A1A-42C3-8BF7-03074BB64B72,"JORONG LUBUAK PUDIANG, NAGARI KAPA KAPA Kec. Luhak Nan Duo Kab. Pasaman Barat Prov. Sumatera Barat",Kab. Pasaman Barat,,Sumatera Barat
20603313,SMAS DHARMA KARYA UT,https://sekolah.data.kemdikbud.go.id/index.php/Chome/profil/68E30DB2-D313-4067-B7A6-030A164D4009,JL.TALAS II/30 Pondok Cabe Ilir Pamulang... Pondok Cabe Ilir Kec. Pamulang Kota Tangerang Selatan Prov. Banten,,Kota Tangerang Selatan,Banten
10803028,SMAN 1 TANJUNG RAJA,https://sekolah.data.kemdikbud.go.id/index.php/Chome/profil/BE68A723-09D3-4D2A-B16F-030ECEDDD2C2,JL. MERAMBUNG DESA TULUNG BALAK Tulung Balak Kec. Tanjung Raja Kab. Lampung Utara Prov. Lampung,Kab. Lampung Utara,,Lampung
20318338,SMA NEGERI 1 TAHUNAN,https://sekolah.data.kemdikbud.go.id/index.php/Chome/profil/1375CBC3-EDD8-43A1-AE6A-030F400E05AE,Jl. Amarta III Tahunan RT. 03 RW. 05 Kec... Tahunan Kec. Tahunan Kab. Jepara Prov. Jawa Tengah,Kab. Jepara,,Jawa Tengah
10102502,SMA NEGERI 1 KAWAY XVI,https://sekolah.data.kemdikbud.go.id/index.php/Chome/profil/55C041FE-1E62-481A-BD41-03119F624829,JL. MEULABOH - TUTUT KM.14 Keude Aron Kec. Kaway XVI Kab. Aceh Barat Prov. Aceh,Kab. Aceh Barat,,Aceh
69759214,SMAN BURAGA,https://sekolah.data.kemdikbud.go.id/index.php/Chome/profil/CB22A990-1FA3-4D80-8C3A-0313127E815E,JLN. BANHOM NOMOR.03 Tribur Kec. Abad Selatan Kab. Alor Prov. Nusa Tenggara Timur,Kab. Alor,,Nusa Tenggara Timur
70047737,SMA NEGERI KULAGAIMA,https://sekolah.data.kemdikbud.go.id/index.php/Chome/profil/CA75CBCC-C2BF-4D89-9515-0319152CB4BC,Jln. Trans Wamena - Tiom Meagama Kec. Hubikosi Kab. Jayawijaya Prov. Papua Pegunungan,Kab. Jayawijaya,,Papua Pegunungan
60403427,SMAN ANGGI,https://sekolah.data.kemdikbud.go.id/index.php/Chome/profil/84921018-D0BF-405A-B8C8-031C94ABA318,Jl. Drs Dominggus Mandacan Iraiweri Kec. Anggi Kab. Pegunungan Arfak Prov. Papua Barat,Kab. Pegunungan Arfak,,Papua Barat
69796660,SMAS YPPGI ROESLER AGATS,https://sekolah.data.kemdikbud.go.id/index.php/Chome/profil/BB6E00C4-3D6F-4455-87B6-0326EACE0F0F,JL. SWAMENAS AGATS Bismam Kec. Agats Kab. Asmat Prov. Papua Selatan,Kab. Asmat,,Papua Selatan
20501700,SMAN 4 SIDOARJO,https://sekolah.data.kemdikbud.go.id/index.php/Chome/profil/690F10F5-7618-4125-A2A6-0327917ED63A,JL. RAYA SUKO Suko Kec. Sidoarjo Kab. Sidoarjo Prov. Jawa Timur,Kab. Sidoarjo,,Jawa Timur
20517782,SMAS TRI MURTI 01 PAKISAJI,https://sekolah.data.kemdikbud.go.id/index.php/Chome/profil/330637E6-D5F7-46D4-97D4-03305BD8C39F,Jl. Garuda No. 81 Karangpandan Kec. Pakisaji Kab. Malang Prov. Jawa Timur,Kab. Malang,,Jawa Timur
69726036,SMAS BUDI LUHUR KEMBANG MERTHA,https://sekolah.data.kemdikbud.go.id/index.php/Chome/profil/D0FAB804-2242-44B2-A0EB-0334C1D5305D,JL. PROTOKOL DESA AMERTHA BUANA AMERTHA BUANA Kec. Dumoga Timur Kab. Bolaang Mongondow Prov. Sulawesi Utara,Kab. Bolaang Mongondow,,Sulawesi Utara
20224546,SMAS PASUNDAN 2 TASIKMALAYA,https://sekolah.data.kemdikbud.go.id/index.php/Chome/profil/C906828A-9BB9-4582-A30A-033F4971A6E6,JL.RE.MARTADINATA -JATI Panyingkiran Kec. Indihiang Kota Tasikmalaya Prov. Jawa Barat,,Kota Tasikmalaya,Jawa Barat
20605360,SMAS NURUL FALAH PETIR,https://sekolah.data.kemdikbud.go.id/index.php/Chome/profil/27C2A9C4-3C43-49B1-907B-034C5D1D033A,Jl. Petir Cadasari KM. 1 Mekarbaru Kec. Petir Kab. Serang Prov. Banten,Kab. Serang,,Banten
50203687,SMAN 1 PAJO,https://sekolah.data.kemdikbud.go.id/index.php/Chome/profil/145233E6-F685-45D1-9945-035606393F7B,JL. LINTAS LAKEY Lepadi Kec. Pajo Kab. Dompu Prov. Nusa Tenggara Barat,Kab. Dompu,,Nusa Tenggara Barat
69990869,SMA NEGERI 2 BILAH HILIR,https://sekolah.data.kemdikbud.go.id/index.php/Chome/profil/5F53FCFC-3C83-450E-B019-0358D8C9FF8F,Jl. Besar Sidomulyo Sidomulyo Kec. Bilah Hilir Kab. Labuhanbatu Prov. Sumatera Utara,Kab. Labuhanbatu,,Sumatera Utara
20606856,SMAS YUPPENTEK 1,https://sekolah.data.kemdikbud.go.id/index.php/Chome/profil/5CA1E053-B8BF-4E5D-8CE6-0359866E0A3A,JL. P. KEMERDEKAAN BABAKAN Babakan Kec. Tangerang Kota Tangerang Prov. Banten,,Kota Tangerang,Banten
30404264,SMAS Al - Khairiyah Samarinda,https://sekolah.data.kemdikbud.go.id/index.php/Chome/profil/F32C6342-4F6F-4AB8-B5D4-035B4D02573F,Jl. KH. Abul Hasan Pasar Pagi Kec. Samarinda Kota Kota Samarinda Prov. Kalimantan Timur,,Kota Samarinda,Kalimantan Timur
10646025,SMA MUHAMMADIYAH 2 TANJUNG ENIM,https://sekolah.data.kemdikbud.go.id/index.php/Chome/profil/E9953B6C-0781-4330-98B0-0361AE97D10E,JL. JENDRAL A. YANI NO.1 Pasar Tanjung Enim Kec. Lawang Kidul Kab. Muara Enim Prov. Sumatera Selatan,Kab. Muara Enim,,Sumatera Selatan
69771082,SMAS TAKHASSUS AL QURAN,https://sekolah.data.kemdikbud.go.id/index.php/Chome/profil/4A51DF5D-722A-4089-A94E-03660D4ACD43,JALAN RAYA PULAU BENDU Hilir Tengah Kec. Ngabang Kab. Landak Prov. Kalimantan Barat,Kab. Landak,,Kalimantan Barat
30202072,SMAN 1 PANDIH BATU,https://sekolah.data.kemdikbud.go.id/index.php/Chome/profil/85BB2D93-5E0F-41CB-B4FD-036983C78E4B,JL. PEMBANGUNAN I NO. 70 PANGKOH KOTA PANGKOH HULU Kec. Pandih Batu Kab. Pulang Pisau Prov. Kalimantan Tengah,Kab. Pulang Pisau,,Kalimantan Tengah
30107729,SMAN 1 SEKADAU HULU,https://sekolah.data.kemdikbud.go.id/index.php/Chome/profil/EEE06525-DEFB-449D-B47D-0369AF201259,JL.RAYA RAWAK - NANGA TAMAN Rawak Hulu Kec. Sekadau Hulu Kab. Sekadau Prov. Kalimantan Barat,Kab. Sekadau,,Kalimantan Barat
10200435,SMAS DESA MAJU STM HILIR,https://sekolah.data.kemdikbud.go.id/index.php/Chome/profil/25BED840-1F5E-422B-998A-036E9909C8F0,JL. PROTOKOL DESA NEGARA Negara/Beringin Kec. Stm Hilir Kab. Deli Serdang Prov. Sumatera Utara,Kab. Deli Serdang,,Sumatera Utara
20584015,SMAS UNGGULAN AMANATUL UMMAH,https://sekolah.data.kemdikbud.go.id/index.php/Chome/profil/93CEEED4-F244-4999-8D73-03706F4FE974,JL. SIWALANKERTO UTARA II NO. 33 SURABAY... Siwalankerto Kec. Wonocolo Kota Surabaya Prov. Jawa Timur,,Kota Surabaya,Jawa Timur
40401165,SMAN 1 LASALIMU,https://sekolah.data.kemdikbud.go.id/index.php/Chome/profil/BAE54D90-8968-4CB6-A590-037075A957B8,JALAN POROS BAUBAU-KAMARU Kamaru Kec. Lasalimu Kab. Buton Prov. Sulawesi Tenggara,Kab. Buton,,Sulawesi Tenggara
11002072,SMAN 2 SINGKEP,https://sekolah.data.kemdikbud.go.id/index.php/Chome/profil/F638D04B-F9AA-46BC-9361-0374EB3B0BEF,JL. KARTINI SUNGAI LUMPUR Kec. Singkep Kab. Lingga Prov. Kepulauan Riau,Kab. Lingga,,Kepulauan Riau
30301783,SMAN 1 KANDANGAN,https://sekolah.data.kemdikbud.go.id/index.php/Chome/profil/37BA3F41-8EC9-4555-991A-0375C727AB71,JALAN BATUAH NO.31 Tibung Raya Kec. Kandangan Kab. Hulu Sungai Selatan Prov. Kalimantan Selatan,Kab. Hulu Sungai Selatan,,Kalimantan Selatan
40314037,SMAS GOWA RAYA,https://sekolah.data.kemdikbud.go.id/index.php/Chome/profil/AB8FBF7E-3935-4509-9D6E-0375F617975A,JL. SIRAJUDDIN RANI NO. 39 A BONTO-BONTO... Bonto Bontoa Kec. Somba Opu Kab. Gowa Prov. Sulawesi Selatan,Kab. Gowa,,Sulawesi Selatan
20315681,SMA NEGERI 1 SULANG,https://sekolah.data.kemdikbud.go.id/index.php/Chome/profil/EC4DE645-8D3B-441A-9F4A-0377EE7B2BFF,Jalan Raya Sulang Sulang Kec. Sulang Kab. Rembang Prov. Jawa Tengah,Kab. Rembang,,Jawa Tengah
60726533,SMA NEGERI 3 GU,https://sekolah.data.kemdikbud.go.id/index.php/Chome/profil/D54185C5-750B-4682-9A7E-037922EE779B,JL MIGNEAU DESA LAKAPERA LAKAPERA Kec. Gu Kab. Buton Tengah Prov. Sulawesi Tenggara,Kab. Buton Tengah,,Sulawesi Tenggara
69900852,SMA NEGERI 2 KUALA BEHE,https://sekolah.data.kemdikbud.go.id/index.php/Chome/profil/5C041EEB-7123-4F90-B9B8-037981D8AE5B,Jl. Raya Belimbing Kuala Behe Kec. Kuala Behe Kab. Landak Prov. Kalimantan Barat,Kab. Landak,,Kalimantan Barat
20339004,SMA ISLAM TUAN SOKOLANGU,https://sekolah.data.kemdikbud.go.id/index.php/Chome/profil/9004C4A6-8BA8-4447-912C-0380D78A6EF1,JL.GABUS - TLOGOAYU KM 2 Mojolawaran Kec. Gabus Kab. Pati Prov. Jawa Tengah,Kab. Pati,,Jawa Tengah
20101340,SMAS AL HUDA CENGKARENG,https://sekolah.data.kemdikbud.go.id/index.php/Chome/profil/2D2D3794-DFED-44F1-9EA2-03865818C6FA,JL. UTAMA RAYA NO. 2 Cengkareng Barat Kec. Cengkareng Kota Adm. Jakarta Barat Prov. D.K.I. Jakarta,,Kota Adm. Jakarta Barat,D.K.I. Jakarta
30109801,SMAN 10 PONTIANAK,https://sekolah.data.kemdikbud.go.id/index.php/Chome/profil/46B2237D-8B00-4A0F-B930-038EC02C2966,JL PURNAMA  Gang. Karya Tani Dalam Parit Tokaya Kec. Pontianak Selatan Kota Pontianak Prov. Kalimantan Barat,,Kota Pontianak,Kalimantan Barat
70041487,SMA ISLAM TAHFIDZ AN NUR,https://sekolah.data.kemdikbud.go.id/index.php/Chome/profil/F7109F2A-5A7C-4247-8F33-039046488CCB,Jalan Lintas Desa Bumi Mekar Jaya Bumi Mekar Jaya Kec. Pondok Suguh Kab. Mukomuko Prov. Bengkulu,Kab. Mukomuko,,Bengkulu
69946679,SMA NEGERI 6 TALANG UBI,https://sekolah.data.kemdikbud.go.id/index.php/Chome/profil/B0D84170-74CC-4550-AE70-0396D99BBC59,Jln. Raya Pertamina Pendopo Desa Talang ... Talang Bulang KEC. TALANG UBI Kab. Penukal Abab Lematang Ilir Prov. Sumatera Selatan,Kab. Penukal Abab Lematang Ilir,,Sumatera Selatan
10603025,SMA NEGERI 1 INDRALAYA,https://sekolah.data.kemdikbud.go.id/index.php/Chome/profil/8851FA8D-EEC9-4E0C-AC54-03989197070C,JL. LINTAS TIMUR KM. 36 INDRALAYA Indralaya Mulya Kec. Indralaya Kab. Ogan Ilir Prov. Sumatera Selatan,Kab. Ogan Ilir,,Sumatera Selatan
40405270,SMA NEGERI 1 TINONDO,https://sekolah.data.kemdikbud.go.id/index.php/Chome/profil/0A061C97-E88D-4E2A-A01C-039F660DD0D0,JL. LABUKU Tinengi KEC. TINONDO Kab. Kolaka Timur Prov. Sulawesi Tenggara,Kab. Kolaka Timur,,Sulawesi Tenggara
10498691,SMAN 2 RIMBA MELINTANG,https://sekolah.data.kemdikbud.go.id/index.php/Chome/profil/4DCD7751-4A90-4A2D-88B6-03A4733F5C0D,JL. PERKEBUNAN LENGGADAI HULU Lenggadai Hulu Kec. Rimba Melintang Kab.  Rokan Hilir Prov. Riau,Kab.  Rokan Hilir,,Riau
20338843,SMAS NU LOANO,https://sekolah.data.kemdikbud.go.id/index.php/Chome/profil/59A79DFB-0C5C-4F88-A5B5-03AAECBA566C,JL. MAGELANG KM. 7 PURWOREJO Maron Kec. Loano Kab. Purworejo Prov. Jawa Tengah,Kab. Purworejo,,Jawa Tengah
11000437,SMAN 5 TANJUNGPINANG,https://sekolah.data.kemdikbud.go.id/index.php/Chome/profil/DBBD826A-A0A0-4AC2-8166-03AB371C47E4,JL. HAJI AGUS SALIM Tanjungpinang Barat Kec. Tanjung Pinang Barat Kota Tanjung Pinang Prov. Kepulauan Riau,,Kota Tanjung Pinang,Kepulauan Riau
69888669,SMA RIYADUL ULUM,https://sekolah.data.kemdikbud.go.id/index.php/Chome/profil/1C6F6E52-2F30-43B7-B765-03B9A780F07B,JL. DESA LANAS LUMUTAN Lumutan Kec. Botolinggo Kab. Bondowoso Prov. Jawa Timur,Kab. Bondowoso,,Jawa Timur
69753509,SMAS IT MIFTAHULHUDA,https://sekolah.data.kemdikbud.go.id/index.php/Chome/profil/0762A450-2823-4405-812B-03BAC1B7D749,KP. BOJONGKONENG RT 01 RW 06 Bojongasih Kec. Bojongasih Kab. Tasikmalaya Prov. Jawa Barat,Kab. Tasikmalaya,,Jawa Barat
40102631,SMAS NASIONAL MANADO,https://sekolah.data.kemdikbud.go.id/index.php/Chome/profil/0A0BA4DD-F1D5-4F27-BBE2-03C1696D83F2,JL. SAM RATULANGI NO. 413 RANOTANA  Kec. Sario Kota Manado Prov. Sulawesi Utara,,Kota Manado,Sulawesi Utara
10644247,SMAN 1 GUMAY TALANG,https://sekolah.data.kemdikbud.go.id/index.php/Chome/profil/3ECA9CF9-90F9-42B1-855B-03DB3E749532,JLN. LINTAS SUMATERA KM.14 DESA SUKARAMI Sukarami Kec. Gumay Talang Kab. Lahat Prov. Sumatera Selatan,Kab. Lahat,,Sumatera Selatan
10647289,SMAN 2 MESUJI,https://sekolah.data.kemdikbud.go.id/index.php/Chome/profil/07821F4A-DF4F-4710-B5FB-03DB677422F3,Jalan Poros Blok A Makarti Mulya Kec. Mesuji Kab. Ogan Komering Ilir Prov. Sumatera Selatan,Kab. Ogan Komering Ilir,,Sumatera Selatan
10112852,SMA SWASTA TAUTHIAH ARONGAN,https://sekolah.data.kemdikbud.go.id/index.php/Chome/profil/B0DA8CF1-46D5-4E25-9595-03DBBEED6C7E,JL. PENDIDIKAN NO.7 Arongan Kec. Simpang Mamplam Kab. Bireuen Prov. Aceh,Kab. Bireuen,,Aceh
10900454,SMAS PGRI TANJUNG PANDAN,https://sekolah.data.kemdikbud.go.id/index.php/Chome/profil/3F48AC73-8D6D-426E-A09D-03EAE1BB1F5D,JL. DR.SUSILO TANJUNGPANDAN Paal Satu Kec. Tanjung Pandan Kab. Belitung Prov. Kepulauan Bangka Belitung,Kab. Belitung,,Kepulauan Bangka Belitung
30202744,SMAS KRISTEN KASONGAN,https://sekolah.data.kemdikbud.go.id/index.php/Chome/profil/1FF551E0-0BBC-4865-960B-03F5E14FC18D,JL.SEMADI NO.1 Kasongan Baru Kec. Katingan Hilir Kab. Katingan Prov. Kalimantan Tengah,Kab. Katingan,,Kalimantan Tengah
20247155,SMAS ISLAM MIFTAUSSA`ADAH,https://sekolah.data.kemdikbud.go.id/index.php/Chome/profil/B0298092-AF0F-4D3E-9665-03FAB87A38E4,JL. PAKUWON KM. 01 Parungkuda Kec. Parungkuda Kab. Sukabumi Prov. Jawa Barat,Kab. Sukabumi,,Jawa Barat
69872144,SMAN 19 BATAM,https://sekolah.data.kemdikbud.go.id/index.php/Chome/profil/D25DF326-C2E2-4A12-B6C9-03FD6854252B,JL. BRIGJEN KATAMSO Sungai Binti Kec. Sagulung Kota Batam Prov. Kepulauan Riau,,Kota Batam,Kepulauan Riau
69956487,SMA NEGERI TRIMURIS,https://sekolah.data.kemdikbud.go.id/index.php/Chome/profil/C7369C50-B670-45ED-BD04-03FE3F600436,Kampung Trimuris Trimuris Kec. Mamberamo Ilir (hilir) Kab. Mamberamo Raya Prov. Papua,Kab. Mamberamo Raya,,Papua
69882373,SMA AL AZHAR,https://sekolah.data.kemdikbud.go.id/index.php/Chome/profil/4146BF30-23F5-47A5-A526-03FF695C3918,Jl. Pelabuhan Dsn. Kramat Paseseh Kec. Tanjungbumi Kab. Bangkalan Prov. Jawa Timur,Kab. Bangkalan,,Jawa Timur
70055503,Sekolah Rakyat Menengah Atas Terintegrasi 21 Mamuju,https://sekolah.data.kemdikbud.go.id/index.php/Chome/profil/E7322D9E-688F-4ABC-B9B6-040339CC0F94,"Desa Kalukku Kec. Kalukku Kab. Mamuju, S... Kalukku Kec. Kalukku Kab. Mamuju Prov. Sulawesi Barat",Kab. Mamuju,,Sulawesi Barat
10807008,SMAS SURYA DHARMA 2 KEDATON,https://sekolah.data.kemdikbud.go.id/index.php/Chome/profil/A775FA2C-6C97-42DF-BD1C-0405A7D2B912,JL. KI MAJA GG PERTAMA NO.1 KEDATON Kedaton Kec. Kedaton Kota Bandar Lampung Prov. Lampung,,Kota Bandar Lampung,Lampung
20206207,SMAN 1 PANGALENGAN,https://sekolah.data.kemdikbud.go.id/index.php/Chome/profil/E230A498-1AC3-4FDA-A979-0418536395AA,JL. KEBON KOPI NO. 145 RT 03 RW 24 Margamulya Kec. Pangalengan Kab. Bandung Prov. Jawa Barat,Kab. Bandung,,Jawa Barat
20258092,SMAS MUTIARA BUNDA,https://sekolah.data.kemdikbud.go.id/index.php/Chome/profil/D801BF29-E467-49B0-B0C6-041D0D83C4A5,JL. PADANG GOLF ARCAMANIK Sukamiskin Kec. Arcamanik Kota Bandung Prov. Jawa Barat,,Kota Bandung,Jawa Barat
69904304,SMA Negeri Togean,https://sekolah.data.kemdikbud.go.id/index.php/Chome/profil/8473A7C5-D114-4BE2-82F4-042264423A91,"Jln. Sari Buah No.   Desa Lebiti, Kec. T... Lebiti Kec. Togean Kab. Tojo Una Una Prov. Sulawesi Tengah",Kab. Tojo Una Una,,Sulawesi Tengah
20220327,SMAS INSAN KAMIL,https://sekolah.data.kemdikbud.go.id/index.php/Chome/profil/4E09C091-EAD4-41F0-8F1B-04286183BB4E,JL. RD ARIA SURIALAGA BOGOR BARAT Pasirjaya Kec. Kota Bogor Barat Kota Bogor Prov. Jawa Barat,,Kota Bogor,Jawa Barat
10204059,SMAN 2 MERANTI,https://sekolah.data.kemdikbud.go.id/index.php/Chome/profil/2651B128-27E7-4B58-BE0A-0428AC40B3BF,JL. GEREJA DSN VIII KEC. MERANTI GAJAH Kec. Meranti Kab. Asahan Prov. Sumatera Utara,Kab. Asahan,,Sumatera Utara
69856916,SMA IGNATIUS GLOBAL SCHOOL (IGS) PALEMBANG,https://sekolah.data.kemdikbud.go.id/index.php/Chome/profil/65B0E50F-EDD4-469A-ABD1-0428B8568C12,JL. Mayor Ruslan No.118 20 Ilir I Kec. Ilir Timur I Kota Palembang Prov. Sumatera Selatan,,Kota Palembang,Sumatera Selatan
20271298,SMAS YADIKA SUMEDANG,https://sekolah.data.kemdikbud.go.id/index.php/Chome/profil/49EDAD3F-9244-4CF2-A050-042FBBEF0936,JL. RAYA TANJUNGSARI NO 394 A TANJUNGSAR... Gudang Kec. Tanjungsari Kab. Sumedang Prov. Jawa Barat,Kab. Sumedang,,Jawa Barat
20247295,SMAS ITUS JALAKSANA,https://sekolah.data.kemdikbud.go.id/index.php/Chome/profil/D1A2368B-AA98-4EC7-9BDB-0432964EC526,JL. PAJAJARAN NO. 1A PEUSING Peusing Kec. Jalaksana Kab. Kuningan Prov. Jawa Barat,Kab. Kuningan,,Jawa Barat
69896978,SMA Al Islam Islamic Boarding School,https://sekolah.data.kemdikbud.go.id/index.php/Chome/profil/C6A84BB8-A84A-4285-BD31-0442EE0E2520,Jl. Raya Cirebon - Kuningan - Desa Konda... Kondangsari Kec. Beber Kab. Cirebon Prov. Jawa Barat,Kab. Cirebon,,Jawa Barat
20268965,SMAS PLUS CENDEKIA CIKEAS,https://sekolah.data.kemdikbud.go.id/index.php/Chome/profil/66C128EC-D567-4ED8-B571-0443527CAE1A,JL. BALAI DESA NAGRAK RT 04/05 Nagrak Kec. Gunungputri Kab. Bogor Prov. Jawa Barat,Kab. Bogor,,Jawa Barat
20600468,SMAN 2 PANDEGLANG,https://sekolah.data.kemdikbud.go.id/index.php/Chome/profil/4895D3FE-288A-4E0D-9258-044DFA5E69A0,JL. PENDIDIKAN NO. 41 Karaton Kec. Majasari Kab. Pandeglang Prov. Banten,Kab. Pandeglang,,Banten
40100889,SMAS NASIONAL KAWANGKOAN,https://sekolah.data.kemdikbud.go.id/index.php/Chome/profil/E3AF02B5-1D0D-474D-BC95-0450F82B377F,JL. SENDANGAN I Sendangan Kec. Kawangkoan Kab. Minahasa Prov. Sulawesi Utara,Kab. Minahasa,,Sulawesi Utara
20566343,SMAS MIMI SURABAYA,https://sekolah.data.kemdikbud.go.id/index.php/Chome/profil/3F657738-A73D-4473-AC6A-04514E3196FA,JL. BUKIT TELAGA GOLF TO 2/1-2 SURABAYA Lidah Kulon Kec. Lakarsantri Kota Surabaya Prov. Jawa Timur,,Kota Surabaya,Jawa Timur
69921763,SMA MAARIF 2 PAMEKASAN,https://sekolah.data.kemdikbud.go.id/index.php/Chome/profil/AF6610D6-B35F-47AD-86C6-04541271F282,JL. PP. AL HIKMAH PANAAN PALENGAAN PAMEK... Panaan Kec. Palengaan Kab. Pamekasan Prov. Jawa Timur,Kab. Pamekasan,,Jawa Timur
10646323,SMA BIMA BANGSA,https://sekolah.data.kemdikbud.go.id/index.php/Chome/profil/2B75703E-3614-4BFF-B031-0455684AF670,JL. PUSTU DESA SIDO MAKMUR Sido Makmur Kec. Air Kumbang Kab. Banyuasin Prov. Sumatera Selatan,Kab. Banyuasin,,Sumatera Selatan
70028497,SMA AL WILDAN 4 ISLAMIC SCHOOL JAKARTA,https://sekolah.data.kemdikbud.go.id/index.php/Chome/profil/952EA094-EE0B-4483-B467-0458D6A50F78,"Jl. H. Nudin No. 71, RT. 005, RW. 003 Lebak Bulus Kec. Cilandak Kota Adm. Jakarta Selatan Prov. D.K.I. Jakarta",,Kota Adm. Jakarta Selatan,D.K.I. Jakarta
69786313,SMAS NUSANTARA,https://sekolah.data.kemdikbud.go.id/index.php/Chome/profil/DD48CE2B-9971-4827-AB02-04598AC4E6A9,JL. RAYA CAYUR KM 1 Pasir Kec. Kronjo Kab. Tangerang Prov. Banten,Kab. Tangerang,,Banten
20546523,SMAS NURUL JADID,https://sekolah.data.kemdikbud.go.id/index.php/Chome/profil/ADA2561F-848F-4B10-9E1F-04609767B6C5,JL. KARANGANYAR Karanganyar Kec. Paiton Kab. Probolinggo Prov. Jawa Timur,Kab. Probolinggo,,Jawa Timur
20307709,SMA NEGERI 2 GRABAG,https://sekolah.data.kemdikbud.go.id/index.php/Chome/profil/BD62AFF4-2496-4B49-BA53-046116EB9C0C,JL. RAYA GRABAG NO.46 Kalikuto Kec. Grabag Kab. Magelang Prov. Jawa Tengah,Kab. Magelang,,Jawa Tengah
20574536,SMA AL MUSLIM,https://sekolah.data.kemdikbud.go.id/index.php/Chome/profil/58BF0FA4-4E38-4C83-85A2-046F9D1D3324,JALAN RAYA WADUNG ASRI 39 F Wadungasri Kec. Waru Kab. Sidoarjo Prov. Jawa Timur,Kab. Sidoarjo,,Jawa Timur
69942251,SMA SWASTA HARVARD,https://sekolah.data.kemdikbud.go.id/index.php/Chome/profil/67857EA0-9F5F-4DD8-B2D7-0472DF3E04F2,Jl. Tuar Indah Blok XI B E S A R Kec. Medan Labuhan Kota Medan Prov. Sumatera Utara,,Kota Medan,Sumatera Utara
10643743,SMAS BUDI UTOMO,https://sekolah.data.kemdikbud.go.id/index.php/Chome/profil/82170971-A99E-42AC-A4F0-04765892E09C,Jl. Prof. M. Yamin. No. 012 Rt. 05 Rw. 0... Pasar Ii Prabumulih Kec. Prabumulih Utara Kota Prabumulih Prov. Sumatera Selatan,,Kota Prabumulih,Sumatera Selatan
69881559,SMAN 1 CISAYONG,https://sekolah.data.kemdikbud.go.id/index.php/Chome/profil/45340E2A-EA35-4E80-908C-0479AB50DC1C,Jl. RAYA CISINGA KM. 19 Cisayong Kec. Cisayong Kab. Tasikmalaya Prov. Jawa Barat,Kab. Tasikmalaya,,Jawa Barat
20225279,SMAN 1 BANJAR,https://sekolah.data.kemdikbud.go.id/index.php/Chome/profil/722263A3-D4DB-4418-995D-047D8765E323,JL. KH. MUSTOFA NO.1 Banjar Kec. Banjar Kota Banjar Prov. Jawa Barat,,Kota Banjar,Jawa Barat
60202787,SMAS ISLAM HALMAHERA BARAT,https://sekolah.data.kemdikbud.go.id/index.php/Chome/profil/5B48D5F7-3C3C-4DCB-9BA8-047DAD050FE7,Jln Pahlawan Banau Gufasa Kec. Jailolo Kab. Halmahera Barat Prov. Maluku Utara,Kab. Halmahera Barat,,Maluku Utara
69990680,SMA IT AULADY,https://sekolah.data.kemdikbud.go.id/index.php/Chome/profil/CA480320-5CC3-4BEE-B88D-047F48B9C541,Jl.HS.Nawi Waru Ciater Kec. Serpong Kota Tangerang Selatan Prov. Banten,,Kota Tangerang Selatan,Banten
60403660,SMAN MERDEY,https://sekolah.data.kemdikbud.go.id/index.php/Chome/profil/0DE6564D-DF43-4470-AE47-0483048C56F5,MERDEY Merdey Kec. Merdey Kab. Teluk Bintuni Prov. Papua Barat,Kab. Teluk Bintuni,,Papua Barat
20611160,SMAS TERPADU MATHLAUL ANWAR BOJONG,https://sekolah.data.kemdikbud.go.id/index.php/Chome/profil/AFBE14AE-D9ED-4833-BE2E-0483E4955865,JL. RAYA SAKETI - MALINGPING KM 10.5 Citumenggung Kec. Bojong Kab. Pandeglang Prov. Banten,Kab. Pandeglang,,Banten
20554539,SMAS BRAWIJAYA SMART SCHOOL,https://sekolah.data.kemdikbud.go.id/index.php/Chome/profil/2B3C4122-8821-42DE-BB4A-04919F8895F8,JL. CIPAYUNG NO. 10 MALANG Ketawanggede Kec. Lowokwaru Kota Malang Prov. Jawa Timur,,Kota Malang,Jawa Timur
20505018,SMAS PGRI 1 TUBAN,https://sekolah.data.kemdikbud.go.id/index.php/Chome/profil/5408E897-A805-4A40-8DEA-0494EA28B54F,JL. AKBP SUROKO NO. 21 TUBAN Kebonsari Kec. Tuban Kab. Tuban Prov. Jawa Timur,Kab. Tuban,,Jawa Timur
69822775,SMA Negeri 22 Seram Bagian Barat,https://sekolah.data.kemdikbud.go.id/index.php/Chome/profil/19B299D9-231D-43BF-A14F-049954E73F08,Jln. Trans Seram - Hatusua Hatusua Kec. Kairatu Kab. Seram Bagian Barat Prov. Maluku,Kab. Seram Bagian Barat,,Maluku
10113256,SMA NEGERI 1 DARUSSALAM,https://sekolah.data.kemdikbud.go.id/index.php/Chome/profil/499FCDE0-F041-4996-83DA-049A564427EA,Lambaro Angan Lambaro Sukon Kec. Darussalam Kab. Aceh Besar Prov. Aceh,Kab. Aceh Besar,,Aceh
20331903,SMA KESATRIAN 1,https://sekolah.data.kemdikbud.go.id/index.php/Chome/profil/FCCCE224-F760-4800-BF31-049AECE36B39,Jl. Pamularsih No. 116 Gisikdrono Kec. Semarang Barat Kota Semarang Prov. Jawa Tengah,,Kota Semarang,Jawa Tengah
10303779,SMAN 3 SOLOK,https://sekolah.data.kemdikbud.go.id/index.php/Chome/profil/F789457E-EEF9-4DA3-B141-04A2F42CEF53,JL. AK GANI GURUN BAGAN Vi Suku Kec. Lubuk Sikarah Kota Solok Prov. Sumatera Barat,,Kota Solok,Sumatera Barat
10400816,SMA NEGERI 1 TEBING TINGGI,https://sekolah.data.kemdikbud.go.id/index.php/Chome/profil/99FEA5C7-3B82-4BF5-8566-04A55F227E33,Jl. Pembangunan II Selatpanjang Kota Kec. Tebing Tinggi Kab. Kepulauan Meranti Prov. Riau,Kab. Kepulauan Meranti,,Riau
20534304,SMA KARTANEGARA KEDIRI,https://sekolah.data.kemdikbud.go.id/index.php/Chome/profil/BCCE5B29-E341-43BB-8A07-04A97D941DEA,"Jalan Ir. Sutami, No. 27, Kota Kediri Banjaran Kec. Kota Kediri Kota Kediri Prov. Jawa Timur",,Kota Kediri,Jawa Timur
20215990,SMAS PGRI GABUS WETAN,https://sekolah.data.kemdikbud.go.id/index.php/Chome/profil/BCED27C9-8A9F-4F37-B5B9-04AABB96B69B,JL. PU BARAT GABUSKULON Gabuskulon Kec. Gabuswetan Kab. Indramayu Prov. Jawa Barat,Kab. Indramayu,,Jawa Barat
20268524,SMAN 7 KOTA DEPOK,https://sekolah.data.kemdikbud.go.id/index.php/Chome/profil/17ADE733-4C4D-4087-8B21-04ADEFB2DCD8,Jl. Masjid Al Amsir Perumahan The  Addre... Leuwinanggung Kec. Tapos Kota Depok Prov. Jawa Barat,,Kota Depok,Jawa Barat
20100806,SMAN 13 JAKARTA,https://sekolah.data.kemdikbud.go.id/index.php/Chome/profil/D99AC9F2-7F88-4E0A-83C3-04AE01A2A162,JL. SEROJA NO.1 Rawabadak Utara Kec. Koja Kota Adm. Jakarta Utara Prov. D.K.I. Jakarta,,Kota Adm. Jakarta Utara,D.K.I. Jakarta
69947567,SMA NEGERI 12 KEBERBAKATAN OLAHRAGA BENGKULU,https://sekolah.data.kemdikbud.go.id/index.php/Chome/profil/9C8E6966-C9AB-458E-B92A-04AEE75CCBA9,Jl.Raya Halmahera No 01 RT 07 RW 04 Surabaya Kec. Sungai Serut Kota Bengkulu Prov. Bengkulu,,Kota Bengkulu,Bengkulu
20227850,SMA KP 1 PASEH,https://sekolah.data.kemdikbud.go.id/index.php/Chome/profil/E3136D07-3145-413F-AC91-04B224082ADF,JL.OMA ANGGA WISASTRA IBUN Ibun Kec. Ibun Kab. Bandung Prov. Jawa Barat,Kab. Bandung,,Jawa Barat
30104908,SMAN 1 SAYAN,https://sekolah.data.kemdikbud.go.id/index.php/Chome/profil/9515D66B-8BBE-4315-B043-04B91A611F99,"JL. Sayan - Madya Raya Km 1, Desa Lingka... Lingkar Indah Kec. Sayan Kab. Melawi Prov. Kalimantan Barat",Kab. Melawi,,Kalimantan Barat
30101104,SMAN 1 SUNGAI RAYA,https://sekolah.data.kemdikbud.go.id/index.php/Chome/profil/CA863F39-B6AD-4562-ACDB-04C2721BB234,JL. ADISUCIPTO - DUTA RAJAWALI KOMP. ASR... Sungai Raya Kec. Sungai Raya Kab. Kubu Raya Prov. Kalimantan Barat,Kab. Kubu Raya,,Kalimantan Barat
20215981,SMAN 1 HAURGEULIS,https://sekolah.data.kemdikbud.go.id/index.php/Chome/profil/1AAEFA27-AB3C-4CE1-B1E0-04C333C8CCE8,JL. Budi Utomo No.7 Sukajati Kec. Haurgeulis Kab. Indramayu Prov. Jawa Barat,Kab. Indramayu,,Jawa Barat
20210773,SMAS PLUS AL WAHID SALAWU,https://sekolah.data.kemdikbud.go.id/index.php/Chome/profil/3ED0A67A-5550-48A6-8D9F-04C38A2A2E62,JL. WANASIGRA Tenjowaringin Kec. Salawu Kab. Tasikmalaya Prov. Jawa Barat,Kab. Tasikmalaya,,Jawa Barat
10645835,SMAN 1 SEMENDE DARAT LAUT,https://sekolah.data.kemdikbud.go.id/index.php/Chome/profil/7EAE0354-8652-4DA3-8E1A-04C76EB98F81,JL. RAYA LAHAT Muara Dua Kec. Semende Darat Laut Kab. Muara Enim Prov. Sumatera Selatan,Kab. Muara Enim,,Sumatera Selatan
10209426,SMAS SEBELAS MARET,https://sekolah.data.kemdikbud.go.id/index.php/Chome/profil/321660D5-D7A3-48BD-9BA1-04CCE62DC2DA,JL. RAYA BESAR DOLOK MASIHUL Pekan Dolok Masihul Kec. Dolok Masihul Kab. Serdang Bedagai Prov. Sumatera Utara,Kab. Serdang Bedagai,,Sumatera Utara
20318332,SMAS MUHAMMADIYAH 3 JEPARA,https://sekolah.data.kemdikbud.go.id/index.php/Chome/profil/EEDDB42F-CF59-4269-B415-04CE35E999AA,Kelurahan Panggang RT. 04 RW. 03 Panggang Kec. Jepara Kab. Jepara Prov. Jawa Tengah,Kab. Jepara,,Jawa Tengah
20532151,SMA KATOLIK ST LOUIS 2,https://sekolah.data.kemdikbud.go.id/index.php/Chome/profil/BFC65E07-1643-4353-81EE-04CFB25E9D24,JL. TIDAR 117 - 119 Petemon Kec. Sawahan Kota Surabaya Prov. Jawa Timur,,Kota Surabaya,Jawa Timur
20101626,SMAN 112 JAKARTA,https://sekolah.data.kemdikbud.go.id/index.php/Chome/profil/9DCB532D-CD3A-4769-AC13-04E35DCC4A45,JL. SANGGRAHAN Meruya Utara Kec. Kembangan Kota Adm. Jakarta Barat Prov. D.K.I. Jakarta,,Kota Adm. Jakarta Barat,D.K.I. Jakarta
10807064,SMAN 3 BANDAR LAMPUNG,https://sekolah.data.kemdikbud.go.id/index.php/Chome/profil/63E5A5CE-8A30-4FB4-934B-04EECBE5A049,JL. KHAIRIL ANWAR NO. 30 Durian Payung Kec. Tanjung Karang Pusat Kota Bandar Lampung Prov. Lampung,,Kota Bandar Lampung,Lampung
20506339,SMAS PGRI 1 KALITENGAH,https://sekolah.data.kemdikbud.go.id/index.php/Chome/profil/BBFDB46F-2360-40C5-A9DA-04F24507F27F,DS.DIBEE- KALITENGAH Dibe Kec. Kalitengah Kab. Lamongan Prov. Jawa Timur,Kab. Lamongan,,Jawa Timur
10111869,SMA NEGERI 1 GEUREUDONG PASE,https://sekolah.data.kemdikbud.go.id/index.php/Chome/profil/5FACD808-B535-4A07-B9F5-04F7F43E8E6B,JL. PUNTEUT - MBANG KM.20 Dayah Seupeng Kec. Geureudong Pase Kab. Aceh Utara Prov. Aceh,Kab. Aceh Utara,,Aceh
40100899,SMAN 2 TONDANO,https://sekolah.data.kemdikbud.go.id/index.php/Chome/profil/EC819059-80D0-43C8-AB0D-04F918082CE4,JL.KAMPUS UNIMA Tataaran Patar Kec. Tondano Selatan Kab. Minahasa Prov. Sulawesi Utara,Kab. Minahasa,,Sulawesi Utara
69816258,SMA AWIRRASYIDIN,https://sekolah.data.kemdikbud.go.id/index.php/Chome/profil/5379DF05-622E-452D-A61E-04FA9BEEC00E,JL. BINJAI KM 8.5 Lalang Kec. Medan Sunggal Kota Medan Prov. Sumatera Utara,,Kota Medan,Sumatera Utara
69853504,SMA NURUL HASAN SEKELY,https://sekolah.data.kemdikbud.go.id/index.php/Chome/profil/0876EA07-618C-44BF-A9BA-0500C21359CE,DESA SEKELY KEC. GANE BARAT SELATAN Sekely Kec. Gane Barat Selatan Kab. Halmahera Selatan Prov. Maluku Utara,Kab. Halmahera Selatan,,Maluku Utara
20263274,SMAS AL HASAN BANJARSARI,https://sekolah.data.kemdikbud.go.id/index.php/Chome/profil/0A49CAB3-33D1-4587-8974-050357834CEC,Jl. Kawasen No. 80 Banjarsari Kawasen Kec. Banjarsari Kab. Ciamis Prov. Jawa Barat,Kab. Ciamis,,Jawa Barat
60400108,SMAN 1 MASNI,https://sekolah.data.kemdikbud.go.id/index.php/Chome/profil/A57289C4-9CDE-4BC2-A313-05036F10EE68,"JL. POROS SP - 6 , SP - 7 Bowi Subur/Sp Vi Kec. Masni Kab. Manokwari Prov. Papua Barat",Kab. Manokwari,,Papua Barat
10261181,SMA NEGERI 1 MARDINDING,https://sekolah.data.kemdikbud.go.id/index.php/Chome/profil/6C9935DB-476E-476B-856C-050CC71B4738,TANJUNG PAMAH TANJUNG PAMAH Kec. Mardingding Kab. Karo Prov. Sumatera Utara,Kab. Karo,,Sumatera Utara
40400759,SMA NEGERI 1 MALIGANO,https://sekolah.data.kemdikbud.go.id/index.php/Chome/profil/041CB38F-B164-4581-99C6-0511AEE84279,JL. POROS MALIGANO PURE Maligano Kec. Maligano Kab. Muna Prov. Sulawesi Tenggara,Kab. Muna,,Sulawesi Tenggara
69874024,SMA MIFTAKHUL MUBTADIIN MONTESSORI KALORAN,https://sekolah.data.kemdikbud.go.id/index.php/Chome/profil/FC0FA41F-52F9-494D-A5CD-0515B0F20BE7,"RT 03, RW 01 PRINGTALI, KEMIRI Kemiri Kec. Kaloran Kab. Temanggung Prov. Jawa Tengah",Kab. Temanggung,,Jawa Tengah
20210760,SMAS MUHAMMADIYAH RAWA,https://sekolah.data.kemdikbud.go.id/index.php/Chome/profil/D0C8CF5F-43AD-4E54-AFE9-0517F699AA67,JL. MANGUNHARJA NO. 23 Linggawangi Kec. Leuwisari Kab. Tasikmalaya Prov. Jawa Barat,Kab. Tasikmalaya,,Jawa Barat
60100820,SMA Negeri 3 Maluku Tenggara,https://sekolah.data.kemdikbud.go.id/index.php/Chome/profil/522762EC-9C9D-4448-A138-051A2CC1FDEF,Jln.PERUMNAS-OHOIJANG Kel. Ohoijang Watdek Kec. Kei Kecil Kab. Maluku Tenggara Prov. Maluku,Kab. Maluku Tenggara,,Maluku
20223054,SMAS GALATIA,https://sekolah.data.kemdikbud.go.id/index.php/Chome/profil/E9747CF7-996C-4386-97F3-051DCFCA0B6A,JL. BOULEVARD HIJAU BLOK A 1 KEL. PEJUAN... Pejuang Kec. Medan Satria Kota Bekasi Prov. Jawa Barat,,Kota Bekasi,Jawa Barat
20330281,SMA NEGERI 1 GOMBONG,https://sekolah.data.kemdikbud.go.id/index.php/Chome/profil/5B5FD3C2-A92F-4395-858C-0524F616CEED,JL. SEMPOR LAMA NO. 64 GOMBONG Semanding Kec. Gombong Kab. Kebumen Prov. Jawa Tengah,Kab. Kebumen,,Jawa Tengah
10220878,SMAN 1 SOSOPAN,https://sekolah.data.kemdikbud.go.id/index.php/Chome/profil/81611CBD-11BA-4EAA-BF31-05286ADF1B7E,JL. ABDUL HAKIM SOSOPAN SOSOPAN Kec. Sosopan Kab. Padang Lawas Prov. Sumatera Utara,Kab. Padang Lawas,,Sumatera Utara
60403474,SMAS AVEROS,https://sekolah.data.kemdikbud.go.id/index.php/Chome/profil/5B1B92C5-AF40-40D4-BFE3-052A5CC25B1C,JL. D. E. OSOK KM 12 MASUK GIWU Kec. Klaurung Kota Sorong Prov. Papua Barat Daya,,Kota Sorong,Papua Barat Daya
10494582,SMAS ASHABUL MUKMININ,https://sekolah.data.kemdikbud.go.id/index.php/Chome/profil/06A7158F-50C9-43A7-8C61-052BBE77D90E,JL. KH. DEWANTARA TELUK BELENGKONG SUMBER JAYA Kec. Teluk Belengkong Kab. Indragiri Hilir Prov. Riau,Kab. Indragiri Hilir,,Riau
20269278,SMAS YABAFA PAKENJENG,https://sekolah.data.kemdikbud.go.id/index.php/Chome/profil/F2F3030D-81ED-4E56-B196-052CFB5D87BC,JL. CIKONENG HILIR Neglasari Kec. Pakenjeng Kab. Garut Prov. Jawa Barat,Kab. Garut,,Jawa Barat
30203612,SMAN 1 KUALA KAPUAS,https://sekolah.data.kemdikbud.go.id/index.php/Chome/profil/817F175D-EC6C-4CDC-9462-052F5C2574FF,JL. LETJEND SOEPRAPTO NO. 66 Selat Hilir Kec. Selat Kab. Kapuas Prov. Kalimantan Tengah,Kab. Kapuas,,Kalimantan Tengah
20100219,SMAN 24 JAKARTA,https://sekolah.data.kemdikbud.go.id/index.php/Chome/profil/3E09FC6A-308B-4E9A-ADCC-0530D22133ED,JL. LAPANGAN TEMBAK NO. 1  GELORA Gelora Kec. Tanah Abang Kota Adm. Jakarta Pusat Prov. D.K.I. Jakarta,,Kota Adm. Jakarta Pusat,D.K.I. Jakarta
40103065,SMAS KATOLIK DON BOSCO BITUNG,https://sekolah.data.kemdikbud.go.id/index.php/Chome/profil/F3037EF8-6803-452F-8BE2-0534EE1AE56D,JL. P.M.TANGKILISAN NO. 18 Kadoodan Kec. Madidir Kota Bitung Prov. Sulawesi Utara,,Kota Bitung,Sulawesi Utara
10644998,SMAN 1 PULAU RIMAU,https://sekolah.data.kemdikbud.go.id/index.php/Chome/profil/C5A86179-4AE1-40B9-816A-053552D04709,JL. SUNGAI JUARO DESA RAWA BANDA Rawa Banda Kec. Pulau Rimau Kab. Banyuasin Prov. Sumatera Selatan,Kab. Banyuasin,,Sumatera Selatan
20309690,SMA NEGERI 3 KLATEN,https://sekolah.data.kemdikbud.go.id/index.php/Chome/profil/6F593711-E198-4C90-90E9-0536287C09C7,"JL. MAYOR SUNARYO NO.42, JONGGRANGAN Jonggrangan Kec. Klaten Utara Kab. Klaten Prov. Jawa Tengah",Kab. Klaten,,Jawa Tengah
20541217,SMAS ISLAM ALFATTAH KALITIDU,https://sekolah.data.kemdikbud.go.id/index.php/Chome/profil/AB060A55-B37E-4198-B20B-054553A4E4C1,JL. RAYA BOJONEGORO CEPU NO 223 Pungpungan Kec. Kalitidu Kab. Bojonegoro Prov. Jawa Timur,Kab. Bojonegoro,,Jawa Timur
69991845,SMA IT TURSINA,https://sekolah.data.kemdikbud.go.id/index.php/Chome/profil/16C24914-7785-4FF8-9A5A-054615E3DBFA,Jl. Poros Samarinda-Bontang Km.32 Sungai Siring Kec. Samarinda Utara Kota Samarinda Prov. Kalimantan Timur,,Kota Samarinda,Kalimantan Timur
20549262,SMAN 1 KETAPANG,https://sekolah.data.kemdikbud.go.id/index.php/Chome/profil/C34E4FBC-8F15-454A-83F5-055153B600D0,JL. RAYA BANYUATES Rabiyan Kec. Ketapang Kab. Sampang Prov. Jawa Timur,Kab. Sampang,,Jawa Timur
10502390,SMAN 4 KERINCI,https://sekolah.data.kemdikbud.go.id/index.php/Chome/profil/B1AB6600-3A58-4B23-803D-0551907213C8,Jl. Raya Siulak Kerinci KM 14 TUTUNG BUNGKUK Kec. Siulak Kab.  Kerinci Prov. Jambi,Kab.  Kerinci,,Jambi
40200247,SMAN 1 TOTIKUM,https://sekolah.data.kemdikbud.go.id/index.php/Chome/profil/9685AB9A-00E1-4E5A-8C58-05523947C708,Jl. Kapitan Labas No. 01 Sobonon Kec. Totikum Kab. Banggai Kepulauan Prov. Sulawesi Tengah,Kab. Banggai Kepulauan,,Sulawesi Tengah
69822480,SMA NEGERI 13 MALINAU,https://sekolah.data.kemdikbud.go.id/index.php/Chome/profil/75CA99D1-532F-4B1F-94F9-0553781CCEA1,JL.SMP DESA LONG SULE KEC.KAYAN HILIR Long Sule Kec. Kayan Hilir Kab. Malinau Prov. Kalimantan Utara,Kab. Malinau,,Kalimantan Utara
20206209,SMAN 1 MARGAHAYU,https://sekolah.data.kemdikbud.go.id/index.php/Chome/profil/9DCD8776-CE6F-431C-8C5D-05549ABDE9D5,JL KH.WAHID HASYIM NO.387 BANDUNG Sulaeman Kec. Margahayu Kab. Bandung Prov. Jawa Barat,Kab. Bandung,,Jawa Barat
10257998,SMAS SANIAH,https://sekolah.data.kemdikbud.go.id/index.php/Chome/profil/55EB42C6-F6AD-4334-889B-05563960E4CA,DUSUN VII AEK SONGSONGAN Aek Songsongan Kec. Aek Songsongan Kab. Asahan Prov. Sumatera Utara,Kab. Asahan,,Sumatera Utara
60201663,SMA NEGERI 30 HALMAHERA SELATAN,https://sekolah.data.kemdikbud.go.id/index.php/Chome/profil/539C8208-15F5-4DBD-A212-055776E5F447,Jalan Tuanane Gamumu Mano Kec. Obi Selatan Kab. Halmahera Selatan Prov. Maluku Utara,Kab. Halmahera Selatan,,Maluku Utara
30101066,SMAS AMKUR SUNGAI PINYUH,https://sekolah.data.kemdikbud.go.id/index.php/Chome/profil/26509ECE-58A3-482D-A02F-0560EBCA3C35,JL. SELIUNG Sungai Pinyuh Kec. Sungai Pinyuh Kab. Mempawah Prov. Kalimantan Barat,Kab. Mempawah,,Kalimantan Barat
60103097,SMAN 12 AMBON,https://sekolah.data.kemdikbud.go.id/index.php/Chome/profil/01E1A279-7A9E-42F3-A13A-056DFDF2C4C8,JL. DR. MALAIHOLLO NUSANIWE Kec. Nusaniwe Kota Ambon Prov. Maluku,,Kota Ambon,Maluku
20353753,SMA HIDAYATUL MUSTAFIDIN,https://sekolah.data.kemdikbud.go.id/index.php/Chome/profil/18D5ACDE-7372-442E-B522-056E9629AA28,JL. KUDUS COLO KM.11 Lau Kec. Dawe Kab. Kudus Prov. Jawa Tengah,Kab. Kudus,,Jawa Tengah
50304081,SMAN 1 WEWEWA TIMUR,https://sekolah.data.kemdikbud.go.id/index.php/Chome/profil/2EF1626F-DFDE-4561-A5D7-0572FD7F8AEF,KANELU Wee Rame Kec. Wewewa Tengah Kab. Sumba Barat Daya Prov. Nusa Tenggara Timur,Kab. Sumba Barat Daya,,Nusa Tenggara Timur
40600228,UPTD SMAN 1 TAPALANG,https://sekolah.data.kemdikbud.go.id/index.php/Chome/profil/6FBD61E0-0168-453C-AACB-05771535A693,JL. POROS MAMUJU - MAJENE Kasambang Kec. Tapalang Kab. Mamuju Prov. Sulawesi Barat,Kab. Mamuju,,Sulawesi Barat
60726379,SMAS BINA PERSADA,https://sekolah.data.kemdikbud.go.id/index.php/Chome/profil/DCA7F787-8742-48B0-8101-0577A1DB4A17,JALAN PALABUHAN II KM. 12 PANGLESERAN Sirnaresmi Kec. Gunung Guruh Kab. Sukabumi Prov. Jawa Barat,Kab. Sukabumi,,Jawa Barat
10495407,SMAN 2 SIAK KECIL,https://sekolah.data.kemdikbud.go.id/index.php/Chome/profil/AB7EC11A-7836-4DCC-9F85-057AA10BAB5E,JL.JEND SUDIRMAN Sadar Jaya Kec. Siak Kecil Kab. Bengkalis Prov. Riau,Kab. Bengkalis,,Riau
30101086,SMAS KEMALA BHAYANGKARI,https://sekolah.data.kemdikbud.go.id/index.php/Chome/profil/8D7D7B37-6515-44C5-B612-057C29ECC1B2,JL. ADISUCIPTO Sungai Raya Kec. Sungai Raya Kab. Kubu Raya Prov. Kalimantan Barat,Kab. Kubu Raya,,Kalimantan Barat
10210907,SMA SWASTA METHODIST 4 MEDAN,https://sekolah.data.kemdikbud.go.id/index.php/Chome/profil/668F514B-28F0-4FCE-8003-0582BFEC3273,Jl. Pekong No. 31 Polonia Kec. Medan Polonia Kota Medan Prov. Sumatera Utara,,Kota Medan,Sumatera Utara
20330282,SMAN 1 KARANGANYAR,https://sekolah.data.kemdikbud.go.id/index.php/Chome/profil/2DDAF94B-A0EF-4F5D-807F-0592A1554B50,JL. KEMAKMURAN NO. 51 KARANGANYAR Plarangan Kec. Karanganyar Kab. Kebumen Prov. Jawa Tengah,Kab. Kebumen,,Jawa Tengah
70053394,SMA Swasta Dian Ilmu Nusantara,https://sekolah.data.kemdikbud.go.id/index.php/Chome/profil/78331D4E-0B62-4E70-B5E1-0598AAC54282,Jl. Hiliadulo Siduahili Kec. Moro o Kab. Nias Barat Prov. Sumatera Utara,Kab. Nias Barat,,Sumatera Utara
50101125,SMA Negeri 1 Kerambitan,https://sekolah.data.kemdikbud.go.id/index.php/Chome/profil/7D3D2863-E7C3-4F69-8D0A-059927AB5FC6,"Desa Kukuh, Kerambitan, Tabanan Kukuh Kec. Kerambitan Kab. Tabanan Prov. Bali",Kab. Tabanan,,Bali
60403426,SMA NEGERI 1 WARMARE,https://sekolah.data.kemdikbud.go.id/index.php/Chome/profil/AD9EE5AF-88DB-420A-B37B-0599A6CEC0A2,DINDEY Dindey Kec. Warmare Kab. Manokwari Prov. Papua Barat,Kab. Manokwari,,Papua Barat
69949639,SMA S ISLAM CENDEKIA,https://sekolah.data.kemdikbud.go.id/index.php/Chome/profil/F781CECA-3068-41D1-9DF0-059F547DBAE6,"JORONG LUBUAK PUDIANG, NAGARI KAPA KAPA Kec. Luhak Nan Duo Kab. Pasaman Barat Prov. Sumatera Barat",Kab. Pasaman Barat,,Sumatera Barat
69759137,SMAS BAHRUL ULUM MAMBAIYYAH,https://sekolah.data.kemdikbud.go.id/index.php/Chome/profil/F3BBD960-8D1F-4657-AFD6-05A988BAC5AC,RUMBIA BARAT DESA KRAWANGSARI Krawang Sari Kec. Natar Kab. Lampung Selatan Prov. Lampung,Kab. Lampung Selatan,,Lampung
30311442,SMAN 1 BATU AMPAR,https://sekolah.data.kemdikbud.go.id/index.php/Chome/profil/8B3DD5B3-82EA-4293-B920-05B01742FC4C,JL. H.M. SARBINI Gunung Mas Kec. Batu Ampar Kab. Tanah Laut Prov. Kalimantan Selatan,Kab. Tanah Laut,,Kalimantan Selatan
20535465,SMA NEGERI 2 PASURUAN,https://sekolah.data.kemdikbud.go.id/index.php/Chome/profil/54B0094A-7EF5-40DE-B450-05B956D34E18,JL. PANGLIMA SUDIRMAN 163 Kebonagung Kec. Purworejo Kota Pasuruan Prov. Jawa Timur,,Kota Pasuruan,Jawa Timur
20616007,SMAS YUSTIKA,https://sekolah.data.kemdikbud.go.id/index.php/Chome/profil/1503CC5C-B593-41F6-A416-05BE98ADF568,JL. AMD SUKAWALI Sukawali Kec. Pakuhaji Kab. Tangerang Prov. Banten,Kab. Tangerang,,Banten
70056148,SMAIT PLUS JASMIINA,https://sekolah.data.kemdikbud.go.id/index.php/Chome/profil/D220E2BB-0102-48D5-9FEF-05C08342FC45,"Jl. Garuda Sakti KM 7, Simp. Kijang Puti... Karya Indah Kec. Tapung Kab. Kampar Prov. Riau",Kab. Kampar,,Riau
70055972,SEKOLAH MENENGAH ATAS TAHFIZH ALQURAN ELMEDINA BRILLIANT,https://sekolah.data.kemdikbud.go.id/index.php/Chome/profil/965CC851-D7EE-4225-A26A-05C561E04921,Jalan Sawah Parik Balai Diateh SUNGAYANG Kec. Sungayang Kab. Tanah Datar Prov. Sumatera Barat,Kab. Tanah Datar,,Sumatera Barat
10810638,SMAS MA ARIF 1 SEP BANYAK,https://sekolah.data.kemdikbud.go.id/index.php/Chome/profil/D26F4CA6-41FD-43BC-BE51-05D14AFB6F1A,JL. KH. HASYIM ASHARI NO. 8 Tanjung Harapan Kec. Seputih Banyak Kab. Lampung Tengah Prov. Lampung,Kab. Lampung Tengah,,Lampung
69883589,SMAS TERBUKA STIPAK,https://sekolah.data.kemdikbud.go.id/index.php/Chome/profil/60F023FE-2994-4BD0-8F53-05D1A2B21F00,KOMP NUSANTARA GOLDEN B3B JL. RAYA ENGKU... Teluk Tering Kec. Batam Kota Kota Batam Prov. Kepulauan Riau,,Kota Batam,Kepulauan Riau
20247287,SMAS BAITURRAHMAN,https://sekolah.data.kemdikbud.go.id/index.php/Chome/profil/D6D52F77-9DC5-4565-8BFE-05D73891FB71,JL. PROF. KHM. SYADELI HASAN NO. 44 Pasirjati Kec. Ujungberung Kota Bandung Prov. Jawa Barat,,Kota Bandung,Jawa Barat
69938163,SMA ISLAM AL-ANWAR,https://sekolah.data.kemdikbud.go.id/index.php/Chome/profil/50B8A21C-5046-4D05-98FB-05D770B48E09,DESA PAYUDAN DALEMAN Payudan Daleman Kec. Guluk Guluk Kab. Sumenep Prov. Jawa Timur,Kab. Sumenep,,Jawa Timur
60404163,SMA NEGERI 8 KABUPATEN SORONG,https://sekolah.data.kemdikbud.go.id/index.php/Chome/profil/48866D87-79B6-4234-976B-05DDA832905D,JL. POROS MAKBON Sawatuk Kec. Makbon Kab. Sorong Prov. Papua Barat Daya,Kab. Sorong,,Papua Barat Daya
69929465,SMA SUNGAI KEHIDUPAN,https://sekolah.data.kemdikbud.go.id/index.php/Chome/profil/07EB027F-7C95-4109-BE58-05DF9C934DB0,Jln RAYA KOTA BARU KM.17 Desa Manggala Manggala Kec. Pinoh Selatan Kab. Melawi Prov. Kalimantan Barat,Kab. Melawi,,Kalimantan Barat
30203966,SMAN 2 GUNUNG TIMANG,https://sekolah.data.kemdikbud.go.id/index.php/Chome/profil/A6F672AE-6E88-4032-9869-05DFA9E27DE8,JL. POROS DESA BATU RAYA I Batu Raya I Kec. Gunung Timang Kab. Barito Utara Prov. Kalimantan Tengah,Kab. Barito Utara,,Kalimantan Tengah
10102726,SMA NEGERI 1 TRUMON TIMUR,https://sekolah.data.kemdikbud.go.id/index.php/Chome/profil/EDC451C5-D4B5-4861-AEE0-05E0B3DCE324,JL.TAPAKTUAN-SUBULUSSALAM Krung Luas Kec. Trumon Timur Kab. Aceh Selatan Prov. Aceh,Kab. Aceh Selatan,,Aceh
10701795,SMA NEGERI 2 KAUR,https://sekolah.data.kemdikbud.go.id/index.php/Chome/profil/9B9E1A77-F3DA-408D-BDFE-05E9BED4DD94,JL. RAYA TANJUNG KEMUNING TANJUNG KEMUNING III Kec. Tanjung Kemuning Kab. Kaur Prov. Bengkulu,Kab. Kaur,,Bengkulu
30203801,SMAN 1 CEMPAGA HULU,https://sekolah.data.kemdikbud.go.id/index.php/Chome/profil/480A3C55-89E3-4611-BDCB-05EB8149F60E,JL.CILIK RIWUT KM .129  PUNDU Pundu Kec. Cempaga Hulu Kab. Kotawaringin Timur Prov. Kalimantan Tengah,Kab. Kotawaringin Timur,,Kalimantan Tengah
69881567,SMA TERPADU AL HIDAYAH,https://sekolah.data.kemdikbud.go.id/index.php/Chome/profil/9520C634-2D03-4B16-B2BC-05F4ABFFD32B,Kp. Cibanteng Winong Kec. Mancak Kab. Serang Prov. Banten,Kab. Serang,,Banten
60400133,SMAN 1 MANOKWARI,https://sekolah.data.kemdikbud.go.id/index.php/Chome/profil/50BEFB8E-88AB-4F31-A576-05F5B42D3E88,JL. PALAPA REREMI Manokwari Barat Kec. Manokwari Barat Kab. Manokwari Prov. Papua Barat,Kab. Manokwari,,Papua Barat
10220290,SMAS PARSAORAN,https://sekolah.data.kemdikbud.go.id/index.php/Chome/profil/94D817EE-CD6F-4439-B75F-05F653914976,JL. HUTATINGGI Huta Tinggi Kec. Parmonangan Kab. Tapanuli Utara Prov. Sumatera Utara,Kab. Tapanuli Utara,,Sumatera Utara
30100383,SMAN 1 PEMANGKAT,https://sekolah.data.kemdikbud.go.id/index.php/Chome/profil/56F67096-39F8-48F3-8B60-05F732A18526,JL. PANGSUMA PEMANGKAT Lonam Kec. Pemangkat Kab. Sambas Prov. Kalimantan Barat,Kab. Sambas,,Kalimantan Barat
10646018,SMA BUKIT ASAM TANJUNG ENIM,https://sekolah.data.kemdikbud.go.id/index.php/Chome/profil/467089FB-A57B-4732-A8FD-05F900507EA0,Jl. Buluran Atas No.1 Talang Jawa -Tanju... Tanjung Enim Kec. Lawang Kidul Kab. Muara Enim Prov. Sumatera Selatan,Kab. Muara Enim,,Sumatera Selatan
10259908,SMA SWASTA TAMAN SISWA TAPIAN DOLOK,https://sekolah.data.kemdikbud.go.id/index.php/Chome/profil/A027BF98-7506-44FF-98A4-05FC5CFF798F,JL. MEDAN KM 10 SINAKSAK Sinaksak Kec. Tapian Dolok Kab. Simalungun Prov. Sumatera Utara,Kab. Simalungun,,Sumatera Utara
10610269,SMAS MUHAMMADIYAH 1 MUARADUA,https://sekolah.data.kemdikbud.go.id/index.php/Chome/profil/8EF5CBE2-A4C5-4801-B276-05FFB71CC69A,JL. PANCUR PUNGAH Pancur Pungah Kec. Muaradua Kab. Ogan Komering Ulu Selatan Prov. Sumatera Selatan,Kab. Ogan Komering Ulu Selatan,,Sumatera Selatan
69993057,SMA NEGERI KAKULUK MESAK,https://sekolah.data.kemdikbud.go.id/index.php/Chome/profil/920811AB-D0D8-468B-A006-05FFE001882D,"Jln Raya.Atambua-Sakato Desa Fatukety, K... Fatukety Kec. Kakuluk Mesak Kab. Belu Prov. Nusa Tenggara Timur",Kab. Belu,,Nusa Tenggara Timur
30109893,SMAS AL RAHMAH SEKADAU,https://sekolah.data.kemdikbud.go.id/index.php/Chome/profil/9DF46172-ED8A-41D6-B10C-06006E539FA9,JLN. MERDEKA TIMUR KM. 7 SEKADAU Mungguk Kec. Sekadau Hilir Kab. Sekadau Prov. Kalimantan Barat,Kab. Sekadau,,Kalimantan Barat
10807037,SMAS NUSANTARA BANDARLAMPUNG,https://sekolah.data.kemdikbud.go.id/index.php/Chome/profil/E0BEE7ED-A710-4E74-A83B-0607EBEF5CDA,JL. GELATIK TJ. AGUNG NO. 16 Tanjung Agung Kec. Tanjung Karang Timur Kota Bandar Lampung Prov. Lampung,,Kota Bandar Lampung,Lampung
70010693,SMA Swasta Sta. Familia Sikumana Kupang,https://sekolah.data.kemdikbud.go.id/index.php/Chome/profil/CAE11F68-18FC-4849-B65D-060828A4A68D,"Jln. Oebolifo 3, Sikumana, Maulafa, Kota... Sikumana Kec. Maulafa Kota Kupang Prov. Nusa Tenggara Timur",,Kota Kupang,Nusa Tenggara Timur
20533637,SMAS WISNUWARDHANA,https://sekolah.data.kemdikbud.go.id/index.php/Chome/profil/D9323087-74A3-40A9-AB33-061124A6AD39,JL. DANAU SENTANI 99 Madyopuro Kec. Kedungkandang Kota Malang Prov. Jawa Timur,,Kota Malang,Jawa Timur
20247163,SMAS PGRI CICURUG,https://sekolah.data.kemdikbud.go.id/index.php/Chome/profil/4CB27091-8920-4F7C-9C99-0613969FBAC7,JL. RAYA SILIWANGI CICURUG NO. 30 SUKABU... Nyangkowek Kec. Cicurug Kab. Sukabumi Prov. Jawa Barat,Kab. Sukabumi,,Jawa Barat
70004534,SMA 2 PERGURUAN CIKINI,https://sekolah.data.kemdikbud.go.id/index.php/Chome/profil/3FF2EDA6-FF2B-4143-BC35-061A2BA090A2,"Jl. Srengseng Sawah No. 79, RT. 013, RW.... Srengseng Sawah Kec. Jagakarsa Kota Adm. Jakarta Selatan Prov. D.K.I. Jakarta",,Kota Adm. Jakarta Selatan,D.K.I. Jakarta
20315680,SMA NEGERI 1 SUMBER,https://sekolah.data.kemdikbud.go.id/index.php/Chome/profil/BE22CB1D-1B20-45DD-92A1-061A675E13EF,JL. Raya Sumber - Rembang Km. 2 Sekarsari Kec. Sumber Kab. Rembang Prov. Jawa Tengah,Kab. Rembang,,Jawa Tengah
10261565,SMA SWASTA AL -  ABDI BAH LIAS,https://sekolah.data.kemdikbud.go.id/index.php/Chome/profil/E994944F-AD8D-4E39-9892-062298D94537,JL. KUALA TANJUNG POND. TENGAH BAH LIAS Bah Lias Kec. Bandar Kab. Simalungun Prov. Sumatera Utara,Kab. Simalungun,,Sumatera Utara
69928480,SMAS BINA UMAT,https://sekolah.data.kemdikbud.go.id/index.php/Chome/profil/D8E5BB95-6005-4584-94AD-06289EA0C80F,Jl. Raya Pertamina Kp. Kedaung RT.07/02 Kedungpengawas Kec. Babelan Kab. Bekasi Prov. Jawa Barat,Kab. Bekasi,,Jawa Barat
70049866,SMA IT RUHAMA BAINA ANNAS,https://sekolah.data.kemdikbud.go.id/index.php/Chome/profil/54490418-3D51-483C-A828-0629EEA9D43C,Kotanopan Setia Nagari Lansek Nagari Lansek Kadok Kec. Rao Selatan Kab. Pasaman Prov. Sumatera Barat,Kab. Pasaman,,Sumatera Barat
20107391,SMAS SANTO LUKAS 1 JAKARTA,https://sekolah.data.kemdikbud.go.id/index.php/Chome/profil/0BB37CEC-BE04-45B0-87DF-062BAF346958,JL ANCOL SELATAN II/ NO 1 Sunter Agung Kec. Tanjung Priok Kota Adm. Jakarta Utara Prov. D.K.I. Jakarta,,Kota Adm. Jakarta Utara,D.K.I. Jakarta
30203970,SMAN 1 MUARA TEWEH,https://sekolah.data.kemdikbud.go.id/index.php/Chome/profil/D3B363C3-54E0-4E65-92EE-0632226E5D14,JL. T. SURAPATI MUARA TEWEH NO.43 Melayu Kec. Teweh Tengah Kab. Barito Utara Prov. Kalimantan Tengah,Kab. Barito Utara,,Kalimantan Tengah
10810872,SMAS DARUL FIKRI,https://sekolah.data.kemdikbud.go.id/index.php/Chome/profil/C0DE7230-4261-4798-AB9B-06334ADA461C,JL.Hi. Sulaiman No.04 Pekon Sumanda Sumanda Kec. Pugung Kab. Tanggamus Prov. Lampung,Kab. Tanggamus,,Lampung
20256408,SMAS IBNU SIENA CIKONENG,https://sekolah.data.kemdikbud.go.id/index.php/Chome/profil/455A2011-D129-4754-85D9-06341334D476,JL. MARGALUYU NO. 117 CIKONENG Margaluyu Kec. Cikoneng Kab. Ciamis Prov. Jawa Barat,Kab. Ciamis,,Jawa Barat
20217461,SMAN 1 BUNGURSARI,https://sekolah.data.kemdikbud.go.id/index.php/Chome/profil/90C87502-5D06-4708-8475-063539FFC9D8,JL. RAYA BUNGURSARI BLK 122 Bungursari Kec. Bungursari Kab. Purwakarta Prov. Jawa Barat,Kab. Purwakarta,,Jawa Barat
70043644,SMA AL QURAN MARIFATUSSALAAM,https://sekolah.data.kemdikbud.go.id/index.php/Chome/profil/613F6FC5-A0B8-42E7-BD43-0635968DC195,Jl. Kp. Cikondang RT. 15 RW. 02 Sukasari Kec. Dawuan Kab. Subang Prov. Jawa Barat,Kab. Subang,,Jawa Barat
20244676,SMAS PGRI BABAKAN,https://sekolah.data.kemdikbud.go.id/index.php/Chome/profil/4E913E35-E2A0-4877-B1E6-0639AB881AC5,JL. PANGERAN SUTAJAYA NO. 24B Babakan Kec. Babakan Kab. Cirebon Prov. Jawa Barat,Kab. Cirebon,,Jawa Barat
50309224,SMAS K ST.MARKUS PATENG,https://sekolah.data.kemdikbud.go.id/index.php/Chome/profil/94BCFFAB-1C0D-4DA4-9887-0643874FFC07,PATENG Rego Kec. Macang Pacar Kab. Manggarai Barat Prov. Nusa Tenggara Timur,Kab. Manggarai Barat,,Nusa Tenggara Timur
70055876,SMA LABSCHOOL BINTARO,https://sekolah.data.kemdikbud.go.id/index.php/Chome/profil/78E9EB0A-07E4-4686-885B-064D5743AE71,"Jl. Bintaro Permai No.38,, RT. 003, RW. ... Bintaro Kec. Pesanggrahan Kota Adm. Jakarta Selatan Prov. D.K.I. Jakarta",,Kota Adm. Jakarta Selatan,D.K.I. Jakarta
10259752,SMAN 1 SEI LEPAN,https://sekolah.data.kemdikbud.go.id/index.php/Chome/profil/95C14A65-C515-49AC-BF11-064FD9090F32,JL. PITURAH PKL. BRANDAN Alur Dua Kec. Sei Lepan Kab. Langkat Prov. Sumatera Utara,Kab. Langkat,,Sumatera Utara
11002045,SMAN 1 MIDAI,https://sekolah.data.kemdikbud.go.id/index.php/Chome/profil/C57BCC1C-B437-4B42-BEC2-065060D52BE0,JL. RAYA TANJUNG LAMPUNG Batu Belanak Kec. Midai Kab. Natuna Prov. Kepulauan Riau,Kab. Natuna,,Kepulauan Riau
20211560,SMAS MUHAMMADIYAH PANGANDARAN,https://sekolah.data.kemdikbud.go.id/index.php/Chome/profil/0E10FC5C-161B-4596-8983-0653B93DAFE0,JL MERDEKA NO.27 PANGANDARAN DESA PANANJUNG KEC. PANGANDARAN Kab. Pangandaran Prov. Jawa Barat,Kab. Pangandaran,,Jawa Barat
69756681,SMA NEGERI 2 SEMAU,https://sekolah.data.kemdikbud.go.id/index.php/Chome/profil/5228A46B-0449-4BEB-86C3-0653BA08E56E,DESA HANSISI Hansisi Kec. Semau Kab. Kupang Prov. Nusa Tenggara Timur,Kab. Kupang,,Nusa Tenggara Timur
30300242,SMAN 1 SUNGAI TABUK,https://sekolah.data.kemdikbud.go.id/index.php/Chome/profil/15E0834C-5050-486D-9962-066252AF7853,JL. GERILYA RT.03 Sungai Tabuk Keramat Kec. Sungai Tabuk Kab. Banjar Prov. Kalimantan Selatan,Kab. Banjar,,Kalimantan Selatan
10211686,SMAS PELITA,https://sekolah.data.kemdikbud.go.id/index.php/Chome/profil/94756EA4-97AA-4280-953D-0662B7BFF7E1,JL. MELANTHON SIREGAR Parhorasan Nauli Kec. Siantar Marihat Kota Pematangsiantar Prov. Sumatera Utara,,Kota Pematangsiantar,Sumatera Utara
20338227,SMAS PGRI TAMBAK,https://sekolah.data.kemdikbud.go.id/index.php/Chome/profil/6EACCEB0-2BD2-4A52-BAFF-0664619D171C,JL. KARANG PUCUNG TAMBAK Karangpucung Kec. Tambak Kab. Banyumas Prov. Jawa Tengah,Kab. Banyumas,,Jawa Tengah
20211506,SMAN 1 PANGANDARAN,https://sekolah.data.kemdikbud.go.id/index.php/Chome/profil/F87AD7F0-EA36-4CD7-956E-06666FB50BF5,JL. RAYA BABAKAN NO. 129 PANGANDARAN DESA BABAKAN KEC. PANGANDARAN Kab. Pangandaran Prov. Jawa Barat,Kab. Pangandaran,,Jawa Barat
69989680,SMA KETERAMPILAN BABUSSALAM TELUK PAKEDAI,https://sekolah.data.kemdikbud.go.id/index.php/Chome/profil/C59FFA2E-CDFC-4802-A497-0667533A6D62,Jalan Raya Sungai Nipah Sungai Nipah Kec. Telok Pakedai Kab. Kubu Raya Prov. Kalimantan Barat,Kab. Kubu Raya,,Kalimantan Barat
20220344,SMAS RIMBA MADYA,https://sekolah.data.kemdikbud.go.id/index.php/Chome/profil/8CA83557-8A24-49F9-9296-066775EDA8E5,JL. RIMBA MULYA II Pasirmulya Kec. Kota Bogor Barat Kota Bogor Prov. Jawa Barat,,Kota Bogor,Jawa Barat
20264424,SMAN 1 JUNTINYUAT,https://sekolah.data.kemdikbud.go.id/index.php/Chome/profil/F1FFC38B-2090-4000-8572-0669A60AD65C,JL. RAYA JUNTINYUAT NO. 14 Juntinyuat Kec. Juntinyuat Kab. Indramayu Prov. Jawa Barat,Kab. Indramayu,,Jawa Barat
40405048,SMAN 13 KONAWE SELATAN,https://sekolah.data.kemdikbud.go.id/index.php/Chome/profil/D85F6899-8C06-46C2-8894-06719837C432,JL. SIDAHARJA Ranowila Kec. Wolasi Kab. Konawe Selatan Prov. Sulawesi Tenggara,Kab. Konawe Selatan,,Sulawesi Tenggara
10113631,SMAN SEMADAM,https://sekolah.data.kemdikbud.go.id/index.php/Chome/profil/77A82574-D212-4666-9C70-0671BE45D5F6,JL. SIMPANG SEMADAM - LAWE KINGA KM. 3 Semadam Asal Kec. Semadam Kab. Aceh Tenggara Prov. Aceh,Kab. Aceh Tenggara,,Aceh
10204053,SMAN 2 KISARAN,https://sekolah.data.kemdikbud.go.id/index.php/Chome/profil/50F273E5-2947-4D3E-894E-06736C6AB09A,JL. SITARDA NUSANTARA VIII KISARAN Kisaran Naga Kec. Kisaran Timur Kab. Asahan Prov. Sumatera Utara,Kab. Asahan,,Sumatera Utara
10202654,SMA SWASTA DHARMA BAKTI,https://sekolah.data.kemdikbud.go.id/index.php/Chome/profil/2D92DCB9-2A94-4D33-BD10-067554CB2F40,BALIMBINGAN TANAH JAWA Balimbingan Kec. Tanah Jawa Kab. Simalungun Prov. Sumatera Utara,Kab. Simalungun,,Sumatera Utara
69916703,SMA TERPADU INSAN HANIFA,https://sekolah.data.kemdikbud.go.id/index.php/Chome/profil/00E9B452-6483-4FCC-A001-067E67C2B326,JL. RAYA GULUK-GULUK No.63 BATAAL BARAT Bataal Barat Kec. Ganding Kab. Sumenep Prov. Jawa Timur,Kab. Sumenep,,Jawa Timur
20303233,SMAS MUHAMMADIYAH 2 BOBOTSARI,https://sekolah.data.kemdikbud.go.id/index.php/Chome/profil/2FA67293-AAC7-4742-B640-0682CF9013BD,JL. KENDURUAN NO. 39 Bobotsari Kec. Bobotsari Kab. Purbalingga Prov. Jawa Tengah,Kab. Purbalingga,,Jawa Tengah
40103316,SMAN 1 GURU LOMBOK KALAWAT,https://sekolah.data.kemdikbud.go.id/index.php/Chome/profil/32AA179E-B9A4-487F-931C-0684ED7A4AEA,JL. WALANDA MARAMIS Kolongan Kec. Kalawat Kab. Minahasa Utara Prov. Sulawesi Utara,Kab. Minahasa Utara,,Sulawesi Utara
69853544,SMA  KATOLIK ST. TERESIA DANGA,https://sekolah.data.kemdikbud.go.id/index.php/Chome/profil/B0139E55-593F-4E29-A1A6-0687AF0B74F2,Jl. Mgr. Soegya Pranata Danga Kec. Aesesa Kab. Nagekeo Prov. Nusa Tenggara Timur,Kab. Nagekeo,,Nusa Tenggara Timur
20101314,SMA LAMAHOLOT,https://sekolah.data.kemdikbud.go.id/index.php/Chome/profil/61B1B048-B389-4D71-A4B4-0690818DB5B5,JL. JAGUNG RAYA BOJONG INDAH Rawa Buaya Kec. Cengkareng Kota Adm. Jakarta Barat Prov. D.K.I. Jakarta,,Kota Adm. Jakarta Barat,D.K.I. Jakarta
70042051,SMA MUHAMMADIYAH SUKAMARA,https://sekolah.data.kemdikbud.go.id/index.php/Chome/profil/82DDD188-A65E-46F7-BA50-0696A099E178,Jl. Perluasan Desa Pudu Kec. Sukamara Kab. Sukamara Prov. Kalimantan Tengah,Kab. Sukamara,,Kalimantan Tengah
70050354,SMA Cinta Kasih Tzu Chi Singkawang,https://sekolah.data.kemdikbud.go.id/index.php/Chome/profil/3917C213-DA08-4CB6-B3D1-069D89F5AF76,Jl. Alianyang RT.039 RW.015 Pasiran Kec. Singkawang Barat Kota Singkawang Prov. Kalimantan Barat,,Kota Singkawang,Kalimantan Barat
10504571,SMAS PERTIWI I KOTA JAMBI,https://sekolah.data.kemdikbud.go.id/index.php/Chome/profil/0625CD32-7C91-473A-BBDA-06A0FC76B0D3,JL. LETKOL SLAMET RIYADI Murni Kec. Danau Sipin Kota Jambi Prov. Jambi,,Kota Jambi,Jambi
60101800,SMA Negeri 2 Kepulauan Aru,https://sekolah.data.kemdikbud.go.id/index.php/Chome/profil/2329A22B-A9F7-41AB-8DBF-06A3BEAD9AD5,JEROL Jerol Kec. Aru Selatan Kab. Kepulauan Aru Prov. Maluku,Kab. Kepulauan Aru,,Maluku
60101331,SMA NEGERI 1 MALUKU BARAT DAYA,https://sekolah.data.kemdikbud.go.id/index.php/Chome/profil/D5102A7C-1A35-4DAE-92FB-06AA7860B98A,JL. WERMAS KROING Kroing Kec. Babar Timur Kab. Maluku Barat Daya Prov. Maluku,Kab. Maluku Barat Daya,,Maluku
69950666,UPTD SMAN 1 MESSAWA,https://sekolah.data.kemdikbud.go.id/index.php/Chome/profil/7C6A3504-8988-44E4-9052-06B07170656E,Jalan Poros Paladan Sepang Matande Kec. Messawa Kab. Mamasa Prov. Sulawesi Barat,Kab. Mamasa,,Sulawesi Barat
10800685,SMAS MUHAMMADIYAH 1 SIDOMULYO,https://sekolah.data.kemdikbud.go.id/index.php/Chome/profil/8CB1D6B0-5B6D-415D-9EE2-06B5D78C37E8,JL. TIRTOSARI NO. 02 Sidorejo Kec. Sidomulyo Kab. Lampung Selatan Prov. Lampung,Kab. Lampung Selatan,,Lampung
69947274,SMA BASTREN DARUL FATIHIN,https://sekolah.data.kemdikbud.go.id/index.php/Chome/profil/07EC2CDD-D408-48EB-A0B0-06B8ECF64E6C,"Dsn. Tegalrejo RT 002 RW 003 Ds. Badas, ... Badas Kec. Badas Kab. Kediri Prov. Jawa Timur",Kab. Kediri,,Jawa Timur
11002189,SMAS KARTINI,https://sekolah.data.kemdikbud.go.id/index.php/Chome/profil/FE2F7F52-B278-4E74-9020-06BE206B4FF9,"JL. BUDI KEMULIAAN NO. 1, SERAYA Kampung Pelita Kec. Lubuk Baja Kota Batam Prov. Kepulauan Riau",,Kota Batam,Kepulauan Riau
10308265,SMAN 1 AIR PURA,https://sekolah.data.kemdikbud.go.id/index.php/Chome/profil/725504D4-3DB7-4899-A570-06C0A1A0851D,JL.LALANG PANJANG Inderapura Timur Kec. Air Pura Kab. Pesisir Selatan Prov. Sumatera Barat,Kab. Pesisir Selatan,,Sumatera Barat
20519305,SMAS KR BAITHANI TUTUR,https://sekolah.data.kemdikbud.go.id/index.php/Chome/profil/512CDB6F-9174-48B8-94D1-06C40243BF19,JL. RAYA PUTUK - NONGKOJAJAR Wonosari Kec. Tutur Kab. Pasuruan Prov. Jawa Timur,Kab. Pasuruan,,Jawa Timur
20576078,SMA NURUL FALAH,https://sekolah.data.kemdikbud.go.id/index.php/Chome/profil/83B0F2B5-660D-42DF-B462-06C5C4D2EE68,PASANGGAR PASANGGAR Kec. Pegantenan Kab. Pamekasan Prov. Jawa Timur,Kab. Pamekasan,,Jawa Timur
70054789,SMA ISLAM ASY-SYAHRIYAH DASAN BARU JABON,https://sekolah.data.kemdikbud.go.id/index.php/Chome/profil/6407E6C4-A514-48D9-B0FD-06CB27828FCB,Jln. Dusun Dasan Baru Jabon Pringgarata Kec. Pringgarata Kab. Lombok Tengah Prov. Nusa Tenggara Barat,Kab. Lombok Tengah,,Nusa Tenggara Barat
20307634,SMAS WIDYA WACANA SECANG,https://sekolah.data.kemdikbud.go.id/index.php/Chome/profil/44184C88-C2B5-4C67-B2F3-06D2129281A9,JL. TEMANGGUNG NO. 51 Secang Kec. Secang Kab. Magelang Prov. Jawa Tengah,Kab. Magelang,,Jawa Tengah
10600906,SMAN 1 GUNUNG MEGANG,https://sekolah.data.kemdikbud.go.id/index.php/Chome/profil/D7D44833-6010-4764-967C-06D5F5157C30,JL. NEGARA GUNUNG MEGANG Gunung Megang Luar Kec. Gunung Megang Kab. Muara Enim Prov. Sumatera Selatan,Kab. Muara Enim,,Sumatera Selatan
69949147,SMA NEGERI 14 REJANG LEBONG,https://sekolah.data.kemdikbud.go.id/index.php/Chome/profil/AC75FF7A-5FA3-43E6-808A-06DD4A52FF5C,Desa Lubuk Alai Lubuk Alai Kec. Sindang Beliti Ulu Kab. Rejang Lebong Prov. Bengkulu,Kab. Rejang Lebong,,Bengkulu
