kode,nama,link_profil,alamat,kabupaten,kota,provinsi
60300487,SMA NEGERI 1 SERUI,https://sekolah.data.kemdikbud.go.id/index.php/Chome/profil/C4A66FC5-F315-400A-BBBC-B3009BA7FE56,JLN. MALUKU  SERUI Serui Kota Kec. Yapen Selatan Kab. Kepulauan Yapen Prov. Papua,Kab. Kepulauan Yapen,,Papua
50205414,SMAN 1 LABUAPI,https://sekolah.data.kemdikbud.go.id/index.php/Chome/profil/F1A71401-0540-42CE-BA89-B304B483D60C,JL.GUNUNG PENGSONG Telaga Waru Kec. Labuapi Kab. Lombok Barat Prov. Nusa Tenggara Barat,Kab. Lombok Barat,,Nusa Tenggara Barat
69768270,SMAN 2 SEPAUK,https://sekolah.data.kemdikbud.go.id/index.php/Chome/profil/E85BA2C4-E3B2-40A5-82DF-B30A9926AE39,SEPAUK Sekubang Kec. Sepauk Kab. Sintang Prov. Kalimantan Barat,Kab. Sintang,,Kalimantan Barat
50305261,SMAS EL TARI,https://sekolah.data.kemdikbud.go.id/index.php/Chome/profil/B3417DAC-ACF6-4127-A09B-B3101114AC3F,JALAN EL TARI III Fontein Kec. Kota Raja Kota Kupang Prov. Nusa Tenggara Timur,,Kota Kupang,Nusa Tenggara Timur
69822736,SMAN 14 BERAU,https://sekolah.data.kemdikbud.go.id/index.php/Chome/profil/F83CB008-D39D-4AE4-BA2D-B3112196D5C8,Jln. Hasanuddin Rt. 02 Kampung Manunggal... Manunggal Jaya Kec. Biatan Kab. Berau Prov. Kalimantan Timur,Kab. Berau,,Kalimantan Timur
20202250,SMAN 1 SUKARAJA,https://sekolah.data.kemdikbud.go.id/index.php/Chome/profil/2CFB5F05-E5FF-44A1-8F7D-B313A3926C34,JL. MH. HOLIL NO. 261/78 Sukaraja Kec. Sukaraja Kab. Sukabumi Prov. Jawa Barat,Kab. Sukabumi,,Jawa Barat
30301490,SMAN 1 TAPIN SELATAN,https://sekolah.data.kemdikbud.go.id/index.php/Chome/profil/9E5B6679-5576-41BC-A664-B313F1747C44,JL. MUNGGU KAPASAN NO. 165 TAMBARANGAN Kec. Tapin Selatan Kab. Tapin Prov. Kalimantan Selatan,Kab. Tapin,,Kalimantan Selatan
69970103,SMA TUNAS DAUD,https://sekolah.data.kemdikbud.go.id/index.php/Chome/profil/5ADA2F5C-3CB0-466C-B327-B313FDB1E162,JL. IGK JELANTIK GOSA NO. 23 B Sapta Marga Kec. Cakranegara Kota Mataram Prov. Nusa Tenggara Barat,,Kota Mataram,Nusa Tenggara Barat
10202002,SMA SWASTA KATOLIK KABANJAHE,https://sekolah.data.kemdikbud.go.id/index.php/Chome/profil/062979D1-12C6-468F-87E9-B316AE2B97DA,JL.IRIAN KABAJAHE Lau Cimba Kec. Kabanjahe Kab. Karo Prov. Sumatera Utara,Kab. Karo,,Sumatera Utara
10494576,SMAN 1 KERITANG,https://sekolah.data.kemdikbud.go.id/index.php/Chome/profil/9423979E-8387-4927-9C27-B31ADF1615CD,JL. H. USMAN NO. 4 KOTA BARU Kotabaru Reteh Kec. Keritang Kab. Indragiri Hilir Prov. Riau,Kab. Indragiri Hilir,,Riau
20536816,SMAS PGRI BATU,https://sekolah.data.kemdikbud.go.id/index.php/Chome/profil/02B38C7F-AFA4-4F65-9CCB-B323DBA2C3B1,JL. IMAM BONJOL III / 9 BATU Sisir Kec. Batu Kota Batu Prov. Jawa Timur,,Kota Batu,Jawa Timur
10202787,SMA NEGERI 2 BANDAR,https://sekolah.data.kemdikbud.go.id/index.php/Chome/profil/0F0794E4-92B6-4171-99B7-B324C860E620,MARIHAT BANDAR MARIHAT BANDAR Kec. Bandar Kab. Simalungun Prov. Sumatera Utara,Kab. Simalungun,,Sumatera Utara
20503415,SMA NEGERI 1 JOMBANG,https://sekolah.data.kemdikbud.go.id/index.php/Chome/profil/FD838D35-55C5-4538-8892-B32D87C85B17,JL. BUPATI RAA. SOEROADININGRAT NO. 8 JO... Kepanjen Kec. Jombang Kab. Jombang Prov. Jawa Timur,Kab. Jombang,,Jawa Timur
69856208,SMA QUANTUM INDONESIA,https://sekolah.data.kemdikbud.go.id/index.php/Chome/profil/9A6B1510-956D-4732-B8E7-B32DC05F6253,JL. Cimatis-Kalimanggis Jatikarya Kec. Jati Sampurna Kota Bekasi Prov. Jawa Barat,,Kota Bekasi,Jawa Barat
20533654,SMAS K KOLESE ST YUSUP,https://sekolah.data.kemdikbud.go.id/index.php/Chome/profil/CD3DA79A-B60F-48E2-832A-B32E72639BDA,JL. SIMPANG BOROBUDUR 1 MALANG Mojolangu Kec. Lowokwaru Kota Malang Prov. Jawa Timur,,Kota Malang,Jawa Timur
10303886,SMAS PGRI PAYAKUMBUH,https://sekolah.data.kemdikbud.go.id/index.php/Chome/profil/E5EC1DAB-23B8-4585-BD60-B33271602EC1,JL. TAN MALAKA NO. 10 A KAPALO KOTO DIBALAI Kec. Payakumbuh Utara Kota Payakumbuh Prov. Sumatera Barat,,Kota Payakumbuh,Sumatera Barat
20506327,SMA NEGERI 1 LAMONGAN,https://sekolah.data.kemdikbud.go.id/index.php/Chome/profil/A99E58BD-E12A-427E-9D12-B335E6B3AE5B,JL. VETERAN 41 LAMONGAN Jetis Kec. Lamongan Kab. Lamongan Prov. Jawa Timur,Kab. Lamongan,,Jawa Timur
69728682,SMAS IT AN-NAS 1 MANDAI,https://sekolah.data.kemdikbud.go.id/index.php/Chome/profil/F740AD3F-400B-4F5C-B14A-B337F8A97E13,BONTOA Bontoa Kec. Mandai Kab. Maros Prov. Sulawesi Selatan,Kab. Maros,,Sulawesi Selatan
20615023,SMAS PLUS GEMILANG,https://sekolah.data.kemdikbud.go.id/index.php/Chome/profil/857E8741-BE9B-4CA6-A2AC-B33F3C430343,JL. SERANG-JAKARTA KM. 20 Kibin Kec. Kibin Kab. Serang Prov. Banten,Kab. Serang,,Banten
10203521,SMAS RISMANDUMA,https://sekolah.data.kemdikbud.go.id/index.php/Chome/profil/8AE64794-A044-4FA7-84E2-B34A1F158A06,"JL.Besar No.11, Desa/Kel. Tanjung Bering... Tanjung Beringin Kec. Sumbul Kab. Dairi Prov. Sumatera Utara",Kab. Dairi,,Sumatera Utara
10205379,SMAN 1 KOTAPINANG,https://sekolah.data.kemdikbud.go.id/index.php/Chome/profil/F5A77132-B23B-4E92-A3F6-B353099F0FA2,JL. BEDAGAI NO.25 KOTA PINANG Kota Pinang Kec. Kota Pinang Kab. Labuhanbatu Selatan Prov. Sumatera Utara,Kab. Labuhanbatu Selatan,,Sumatera Utara
69874079,SMA REGINA CAELI,https://sekolah.data.kemdikbud.go.id/index.php/Chome/profil/CE697B86-10CA-40F0-9CC0-B356A1E61B4A,PERUM METLAND TRANSYOGI KM 1 CILEUNGSI B... Cileungsi Kidul Kec. Cileungsi Kab. Bogor Prov. Jawa Barat,Kab. Bogor,,Jawa Barat
10306085,SMA N 1 LUHAK NAN DUO,https://sekolah.data.kemdikbud.go.id/index.php/Chome/profil/1435741E-E730-4DF7-99E2-B35A93314634,JL. LINTAS SIMPANG EMPAT MANGGOPOH KM. 0... KOTO BARU Kec. Luhak Nan Duo Kab. Pasaman Barat Prov. Sumatera Barat,Kab. Pasaman Barat,,Sumatera Barat
30105207,SMAS WISUDA PONTIANAK,https://sekolah.data.kemdikbud.go.id/index.php/Chome/profil/E5C0F6A7-32C2-42D7-9B5C-B35AD1B07953,JL. PROF. M YAMIN GG. GUNUNG KOTA Kota Baru Kec. Pontianak Selatan Kota Pontianak Prov. Kalimantan Barat,,Kota Pontianak,Kalimantan Barat
70011607,SMA NEGERI 4 PANGGARANGAN,https://sekolah.data.kemdikbud.go.id/index.php/Chome/profil/8525BC8C-C599-4294-ADA8-B36F00BCC1F8,Jl. Cisiih - Neglasari KM.5 Sindangratu Kec. Panggarangan Kab. Lebak Prov. Banten,Kab. Lebak,,Banten
20253664,SMAN 1 KABANDUNGAN,https://sekolah.data.kemdikbud.go.id/index.php/Chome/profil/3AAF1337-DD77-440F-9A72-B36FA57D0670,Jl Tirta Atmaja KM 01 Kabandungan Kec. Kabandungan Kab. Sukabumi Prov. Jawa Barat,Kab. Sukabumi,,Jawa Barat
20506337,SMAS PERSATUAN KEDUNGPRING,https://sekolah.data.kemdikbud.go.id/index.php/Chome/profil/C6208BC7-9B67-43AB-8AC2-B36FD4970D68,Jalan Basuki Rahmat No.17-19 Telp (0322)... Kedungpring Kec. Kedungpring Kab. Lamongan Prov. Jawa Timur,Kab. Lamongan,,Jawa Timur
10807590,SMAS MA ARIF 1 METRO,https://sekolah.data.kemdikbud.go.id/index.php/Chome/profil/C5403862-3862-41E4-B709-B37F5FD841EE,JL. MR GELE HARUN 15 KAUMAN Metro Kec. Metro Pusat Kota Metro Prov. Lampung,,Kota Metro,Lampung
20507734,SMAN 1 JIWAN,https://sekolah.data.kemdikbud.go.id/index.php/Chome/profil/DE4372FD-B38E-4FBF-A5DA-B3813C6702A2,JL. DANDANG GENDIS Teguhan Kec. Jiwan Kab. Madiun Prov. Jawa Timur,Kab. Madiun,,Jawa Timur
50204017,SMAN 1 WOHA,https://sekolah.data.kemdikbud.go.id/index.php/Chome/profil/0D7B2A29-FCB8-4468-88F7-B38189EB5983,JL RAYA TENTE BIMA Rabakodo Kec. Woha Kab. Bima Prov. Nusa Tenggara Barat,Kab. Bima,,Nusa Tenggara Barat
69820147,SMAIT ALMARJAN,https://sekolah.data.kemdikbud.go.id/index.php/Chome/profil/B71A6A50-C30F-48D7-8D4E-B381E4DD1849,Jl. Palem Raya Depan Blok H7 Perum. Duta... Jatikramat Kec. Jatiasih Kota Bekasi Prov. Jawa Barat,,Kota Bekasi,Jawa Barat
10104272,SMA NEGERI 1 MANYAK PAYED,https://sekolah.data.kemdikbud.go.id/index.php/Chome/profil/7BEFC17B-6F6C-452A-B646-B3931F78F647,JL. MEDAN - BANDA ACEH Tualang Baru Kec. Manyak Payed Kab. Aceh Tamiang Prov. Aceh,Kab. Aceh Tamiang,,Aceh
30400558,SMAS SURYA MANDALA,https://sekolah.data.kemdikbud.go.id/index.php/Chome/profil/2030B7DF-3E29-46A8-9FF6-B39E1AD239A9,JL. AWANG LONG SENOPATI Barong Tongkok Kec. Barong Tongkok Kab. Kutai Barat Prov. Kalimantan Timur,Kab. Kutai Barat,,Kalimantan Timur
20532392,SMAS LIL WATON,https://sekolah.data.kemdikbud.go.id/index.php/Chome/profil/93072B5B-92DA-44AD-A5FB-B3ADEC3CAC7B,Jl. Wonokusumo Tengah No.53-A Surabaya Wonokusumo Kec. Semampir Kota Surabaya Prov. Jawa Timur,,Kota Surabaya,Jawa Timur
10801996,SMAS KESUMA BAKTI BEKRI,https://sekolah.data.kemdikbud.go.id/index.php/Chome/profil/2477A3F7-0F14-4E0B-95CC-B3B20306CD68,JL. KARIO AMIN NO. 2 Kesumadadi Kec. Bekri Kab. Lampung Tengah Prov. Lampung,Kab. Lampung Tengah,,Lampung
20103224,SMAS KRISTEN BERKAT JAKARTA,https://sekolah.data.kemdikbud.go.id/index.php/Chome/profil/C0D917CB-041D-4279-9301-B3B9D13FF894,JL. JATINEGARA TIMUR NO. 89 BALIMESTER Kec. Jatinegara Kota Adm. Jakarta Timur Prov. D.K.I. Jakarta,,Kota Adm. Jakarta Timur,D.K.I. Jakarta
70043694,SMAS WIDYALOKA,https://sekolah.data.kemdikbud.go.id/index.php/Chome/profil/89B69FB3-088D-4262-9424-B3BEEA8E0D45,Desa Maratana Jaya Maratana Jaya Kec. Maba Tengah Kab. Halmahera Timur Prov. Maluku Utara,Kab. Halmahera Timur,,Maluku Utara
40402959,SMA NEGERI 01 BOMBANA,https://sekolah.data.kemdikbud.go.id/index.php/Chome/profil/9C548ECC-7A18-4955-8405-B3C2E830A7B9,JL.DR.MUH.HATTA Kastarib Kec. Poleang Kab. Bombana Prov. Sulawesi Tenggara,Kab. Bombana,,Sulawesi Tenggara
20238014,SMAS ISLAM MIFTAHUL ULUM,https://sekolah.data.kemdikbud.go.id/index.php/Chome/profil/005A5DD8-7536-4FD6-9B9C-B3C61150125D,JL. KP. CINYOSOG DS. BURANGKENG KEC. SET... Burangkeng Kec. Setu Kab. Bekasi Prov. Jawa Barat,Kab. Bekasi,,Jawa Barat
10220216,SMAN 1 LABUHAN DELI,https://sekolah.data.kemdikbud.go.id/index.php/Chome/profil/63018A31-F1F5-46B8-88F2-B3C9B99E4469,JL. SERBAGUNA UJUNG Helvetia Kec. Labuhan Deli Kab. Deli Serdang Prov. Sumatera Utara,Kab. Deli Serdang,,Sumatera Utara
20313843,SMA NEGERI 1 WIROSARI,https://sekolah.data.kemdikbud.go.id/index.php/Chome/profil/04EF1E8F-9CF2-41E1-B950-B3CF89D65FF0,JL. RAYA NO.123 WIROSARI Kunden Kec. Wirosari Kab. Grobogan Prov. Jawa Tengah,Kab. Grobogan,,Jawa Tengah
20501705,SMAN 1 TAMAN,https://sekolah.data.kemdikbud.go.id/index.php/Chome/profil/00195D26-175F-436C-9EE7-B3D86DC76CC5,JL. Sawunggaling 2 Jemundo Kec. Taman Kab. Sidoarjo Prov. Jawa Timur,Kab. Sidoarjo,,Jawa Timur
69987476,SMA SINTER CLAUS SION SUKABILULIK,https://sekolah.data.kemdikbud.go.id/index.php/Chome/profil/491FCCAC-3835-4200-8D54-B3DD90BF7E5A,Jln. Jurusan Besikama - Fahiluka Oan Mane Kec. Malaka Barat Kab. Malaka Prov. Nusa Tenggara Timur,Kab. Malaka,,Nusa Tenggara Timur
10405053,SMAN 2 SIAK,https://sekolah.data.kemdikbud.go.id/index.php/Chome/profil/DA363452-50CD-4B14-A184-B3E522835550,JL.SUAK LANJUT Suak Lanjut Kec. Siak Kab. Siak Prov. Riau,Kab. Siak,,Riau
20219257,SMAN 10 BANDUNG,https://sekolah.data.kemdikbud.go.id/index.php/Chome/profil/47EB8550-4E78-4985-BABD-B3EB6712C38E,JL. CIKUTRA NO. 77 Cikutra Kec. Cibeunying Kidul Kota Bandung Prov. Jawa Barat,,Kota Bandung,Jawa Barat
20510141,SMAS HUDAYA PONOROGO,https://sekolah.data.kemdikbud.go.id/index.php/Chome/profil/C230C116-DBB2-444F-8B59-B3FA93E04E99,JL. Bhayangkara Gang II / 19 Taman Arum Kec. Ponorogo Kab. Ponorogo Prov. Jawa Timur,Kab. Ponorogo,,Jawa Timur
20520024,SMA NEGERI 1 DRINGU,https://sekolah.data.kemdikbud.go.id/index.php/Chome/profil/C95277F5-2FE8-444F-B3CC-B404EF4E2E1E,JL. YOS SUDARSO NO. 139 Pabean Kec. Dringu Kab. Probolinggo Prov. Jawa Timur,Kab. Probolinggo,,Jawa Timur
69774698,SMA NEGERI 2 HAHARU,https://sekolah.data.kemdikbud.go.id/index.php/Chome/profil/8C7233AB-C6D6-426F-B76F-B40A0FB2B4A5,"Desa Rambangaru, Kec. Haharu Rambangaru Kec. Haharu Kab. Sumba Timur Prov. Nusa Tenggara Timur",Kab. Sumba Timur,,Nusa Tenggara Timur
60301590,SMAN 1 ASOLOGAIMA,https://sekolah.data.kemdikbud.go.id/index.php/Chome/profil/7CB045DA-455E-46DD-B2FB-B40AE801F28D,JL. PIRAMID Kombagwe Kec. Asologaima Kab. Jayawijaya Prov. Papua Pegunungan,Kab. Jayawijaya,,Papua Pegunungan
10502798,SMAN 7 MUARO JAMBI,https://sekolah.data.kemdikbud.go.id/index.php/Chome/profil/B9456A10-4DEF-4210-8435-B41053C35E4D,JLN. LINTAS JAMBI SUAK KANDIS KM 55 Seponjen Kec. Kumpeh Kab.  Muaro Jambi Prov. Jambi,Kab.  Muaro Jambi,,Jambi
10257604,SMAS BINA TARUNA,https://sekolah.data.kemdikbud.go.id/index.php/Chome/profil/88F3204B-1DC5-41DE-8CDA-B41228736787,JL. MARELAN RAYA NO.100 Rengas Pulau Kec. Medan Marelan Kota Medan Prov. Sumatera Utara,,Kota Medan,Sumatera Utara
10609672,SMA NURUL QOMAR PALEMBANG,https://sekolah.data.kemdikbud.go.id/index.php/Chome/profil/8FD9F2A7-5A46-4A7C-AB59-B41381E2E512,JL. PERINTIS KEMERDEKAAN Lawang Kidul Kec. Ilir Timur II Kota Palembang Prov. Sumatera Selatan,,Kota Palembang,Sumatera Selatan
20216200,SMAS NU KAPLONGAN,https://sekolah.data.kemdikbud.go.id/index.php/Chome/profil/7A989EBA-30EF-4B6B-ABDF-B41833945671,JL. RAYA KAPLONGAN NO.28 Karangampel Kec. Karangampel Kab. Indramayu Prov. Jawa Barat,Kab. Indramayu,,Jawa Barat
70029923,SMA SINAR ISLAM ASIA PASIFIC BOARDING SCHOOL,https://sekolah.data.kemdikbud.go.id/index.php/Chome/profil/7ED9DFBE-4DC6-45B2-8A47-B41CE55C1513,"Kampung Tegal Salam, RT.002 RW.008 Cariu Kec. Cariu Kab. Bogor Prov. Jawa Barat",Kab. Bogor,,Jawa Barat
69859358,SMA NEGERI 3 SUKADANA,https://sekolah.data.kemdikbud.go.id/index.php/Chome/profil/772C8EC1-BF6C-436B-83A6-B42497681BF9,Jl. Semanjak Benawai Agung Kec. Sukadana Kab. Kayong Utara Prov. Kalimantan Barat,Kab. Kayong Utara,,Kalimantan Barat
69952549,SMAN 1 ABUNG KUNANG,https://sekolah.data.kemdikbud.go.id/index.php/Chome/profil/C99709A7-B520-496D-AB8A-B435B3649CA5,Jalan Raya Desa Sabuk Empat Kec. Abung K... Sabuk Empat Kec. Abung Kunang Kab. Lampung Utara Prov. Lampung,Kab. Lampung Utara,,Lampung
70045303,SMA NEGERI 2 BATANG CENAKU,https://sekolah.data.kemdikbud.go.id/index.php/Chome/profil/B4CE5F11-FEA1-4B36-A05E-B4362A2FF0BD,Jl. Lintas Poros-Desa Alim Alim Kec. Batang Cenaku Kab. Indragiri Hulu Prov. Riau,Kab. Indragiri Hulu,,Riau
20506329,SMA SUNAN DRAJAT SUGIO,https://sekolah.data.kemdikbud.go.id/index.php/Chome/profil/5EA674CC-F7E2-41ED-8363-B43816475F74,JALAN RAYA SUGIO NO. 397 DESA SUGIO KECA... Sugio Kec. Sugio Kab. Lamongan Prov. Jawa Timur,Kab. Lamongan,,Jawa Timur
70008196,SMAS PAH TSUNG,https://sekolah.data.kemdikbud.go.id/index.php/Chome/profil/56A604C0-D71B-4B0E-B11A-B43BE1C63E21,Komplek City Park Blok A4 RT. 004 RW. 01... Cengkareng Timur Kec. Cengkareng Kota Adm. Jakarta Barat Prov. D.K.I. Jakarta,,Kota Adm. Jakarta Barat,D.K.I. Jakarta
69901222,SMA ISLAM TERPADU LANGIT BUMI,https://sekolah.data.kemdikbud.go.id/index.php/Chome/profil/EFBE11D0-230D-4FF5-A2EB-B43D3662F16A,Jl. Khasudin Negara Batin Negara Batin Kec. Kota Agung Barat Kab. Tanggamus Prov. Lampung,Kab. Tanggamus,,Lampung
69728199,SMAS AL ISLAMI,https://sekolah.data.kemdikbud.go.id/index.php/Chome/profil/58F5EF28-DBDE-4355-ACBA-B44196739FFF,JL. RAYA KARA Kara Kec. Torjun Kab. Sampang Prov. Jawa Timur,Kab. Sampang,,Jawa Timur
10496496,SMAS AL AZHAR SYIFA BUDHI PEKAN BARU II,https://sekolah.data.kemdikbud.go.id/index.php/Chome/profil/3632C153-88F7-43FF-AF10-B4489D273EE9,JLN. S.PARMAN NO 27.A Suka Mulia Kec. Sail Kota Pekanbaru Prov. Riau,,Kota Pekanbaru,Riau
20549237,SMAS ROUDLATUT THULLAB,https://sekolah.data.kemdikbud.go.id/index.php/Chome/profil/B0374409-47D0-4E3B-9E17-B44E7128EC81,JL. JEMBER 17 Tulungrejo Kec. Glenmore Kab. Banyuwangi Prov. Jawa Timur,Kab. Banyuwangi,,Jawa Timur
10800738,SMAS BINTANG TIMUR,https://sekolah.data.kemdikbud.go.id/index.php/Chome/profil/4BDB3042-78B0-435B-9C43-B45187AA1A29,JL. RAYA DESA WAWASAN Wawasan Kec. Tanjung Sari Kab. Lampung Selatan Prov. Lampung,Kab. Lampung Selatan,,Lampung
10609714,SMA PUSRI PALEMBANG,https://sekolah.data.kemdikbud.go.id/index.php/Chome/profil/906C3DD9-6B1D-45FB-8EC1-B457528AC2C8,JL MAYOR ZEN PALEMBANG Sei Selincah Kec. Kalidoni Kota Palembang Prov. Sumatera Selatan,,Kota Palembang,Sumatera Selatan
60404133,SMA OIKUMENE,https://sekolah.data.kemdikbud.go.id/index.php/Chome/profil/E58D1284-9E99-4E71-A651-B458C8E4237C,JL. S. KALAGISON Malanu Kec. Sorong Utara Kota Sorong Prov. Papua Barat Daya,,Kota Sorong,Papua Barat Daya
69966259,SMA PELITA BANGSA,https://sekolah.data.kemdikbud.go.id/index.php/Chome/profil/2FA57742-ED03-41C7-973C-B45CA158EFDF,JL. MARTONO NO. 05 Tunggal Rahayu Jaya Kec. Teluk Belengkong Kab. Indragiri Hilir Prov. Riau,Kab. Indragiri Hilir,,Riau
69888652,SMA AL-HIDAYAH,https://sekolah.data.kemdikbud.go.id/index.php/Chome/profil/04297238-DF26-47EF-B434-B45D3933F75F,Jl. Cokro Aminoto Kel. sukasari  Kec. Sa... Sukasari Kec. Sarolangun Kab. Sarolangun Prov. Jambi,Kab. Sarolangun,,Jambi
10809854,SMA N 1 GUNUNG TERANG,https://sekolah.data.kemdikbud.go.id/index.php/Chome/profil/2EDA00AC-BC2E-4108-A756-B45EB43586B7,JL. POROS TOTO MULYO GUNUNG TERANG Toto Mulyo Kec. Gunung Terang Kab. Tulang Bawang Barat Prov. Lampung,Kab. Tulang Bawang Barat,,Lampung
30301040,SMAN 1 MANDASTANA,https://sekolah.data.kemdikbud.go.id/index.php/Chome/profil/407C639E-739C-4060-84A3-B46058C6BCD5,JL. TABING RIMBAH KM. 4 Tabing Rimbah Kec. Mandastana Kab. Barito Kuala Prov. Kalimantan Selatan,Kab. Barito Kuala,,Kalimantan Selatan
20613917,SMAS NURUL HASANAH RANGKASBITUNG,https://sekolah.data.kemdikbud.go.id/index.php/Chome/profil/63E243B6-1BBB-4ECB-BBEF-B464E76A78AD,KP. CIHEULANG CIMANGEUNTEUNG RANGKASBITU... Cimangeungteung Kec. Rangkasbitung Kab. Lebak Prov. Banten,Kab. Lebak,,Banten
40306544,SMAN 1 TORAJA UTARA,https://sekolah.data.kemdikbud.go.id/index.php/Chome/profil/97DCEB71-2879-4798-8A6D-B46C1C3B9574,JL. W. R MONGINSIDI NO.65 RANTEPAO KELURAHAN MALANGO Kec. Rantepao Kab. Toraja Utara Prov. Sulawesi Selatan,Kab. Toraja Utara,,Sulawesi Selatan
10494308,SMAN 1 KELAYANG,https://sekolah.data.kemdikbud.go.id/index.php/Chome/profil/0735110F-055D-4686-B082-B46DE36320F5,JL. NEGARA SIMPANG KELAYANG Simpang Kelayang Kec. Kelayang Kab. Indragiri Hulu Prov. Riau,Kab. Indragiri Hulu,,Riau
10403434,SMAN 1 SABAK AUH,https://sekolah.data.kemdikbud.go.id/index.php/Chome/profil/710D37D6-4BF9-48EE-BBB9-B47259F47E6A,JL. BOB DESA BELADING BELADING Kec. Sabak Auh Kab. Siak Prov. Riau,Kab. Siak,,Riau
20506309,SMA DARUL ULUM SUGIO,https://sekolah.data.kemdikbud.go.id/index.php/Chome/profil/C0F92C6A-E32F-4ED6-8383-B4732A08C0A2,JL. PONPES DARUL ULUM MEDALI Daliwangun Kec. Sugio Kab. Lamongan Prov. Jawa Timur,Kab. Lamongan,,Jawa Timur
69760809,SMAN 1 PARITTIGA,https://sekolah.data.kemdikbud.go.id/index.php/Chome/profil/DDF09607-C40F-43E6-A2FA-B4784A83BDE4,DESA TELAK Telak Kec. Parittiga Kab. Bangka Barat Prov. Kepulauan Bangka Belitung,Kab. Bangka Barat,,Kepulauan Bangka Belitung
40310156,SMAN 5 LUWU TIMUR,https://sekolah.data.kemdikbud.go.id/index.php/Chome/profil/02A767B6-ACB0-4FF8-80D6-B47AEDED4E04,JL. A. HATTA M. DS. TABARANO Tabarano Kec. Wasuponda Kab. Luwu Timur Prov. Sulawesi Selatan,Kab. Luwu Timur,,Sulawesi Selatan
69967709,SMA JATI AGUNG,https://sekolah.data.kemdikbud.go.id/index.php/Chome/profil/A7877663-A311-4F29-9A6A-B47E28BCC24B,Jl. Jeruk No. 27 Wage Kec. Taman Kab. Sidoarjo Prov. Jawa Timur,Kab. Sidoarjo,,Jawa Timur
10204249,SMAS TAMAN SISWA SUKADAMAI,https://sekolah.data.kemdikbud.go.id/index.php/Chome/profil/1A5C3182-597C-468F-98D7-B47E4A315E9F,JL. PROTOKOL PERHUTAAN SILAU Perhutanan Silau Kec. Pulo Bandring Kab. Asahan Prov. Sumatera Utara,Kab. Asahan,,Sumatera Utara
69774764,SMA NEGERI 19 TAKENGON,https://sekolah.data.kemdikbud.go.id/index.php/Chome/profil/37B02154-737E-4018-B9A6-B47E5F0CD181,Jl. Angkup - Pameu Pantan Tengah Kec. Rusip Antara Kab. Aceh Tengah Prov. Aceh,Kab. Aceh Tengah,,Aceh
60403487,SMA KEGURUAN KABUPATEN SORONG,https://sekolah.data.kemdikbud.go.id/index.php/Chome/profil/8843ED00-21AF-4F4F-90B5-B485EBB3F07B,JL. Neuwilik Kampung Klain Distrik Mayam... Klain Kec. Mayamuk Kab. Sorong Prov. Papua Barat Daya,Kab. Sorong,,Papua Barat Daya
30402077,SMAN 5 PPU,https://sekolah.data.kemdikbud.go.id/index.php/Chome/profil/E13BCAFE-0F22-43BB-BF5E-B489334E7571,JL. PROPINSI KM 15 KEL.GIRIMUKTI KEC PEN... Giri Mukti Kec. Penajam Kab. Penajam Paser Utara Prov. Kalimantan Timur,Kab. Penajam Paser Utara,,Kalimantan Timur
69921085,SMA AL ROSYID,https://sekolah.data.kemdikbud.go.id/index.php/Chome/profil/A94DF48F-ADB6-49FA-9256-B4903E14E8A5,JL. 1/3 BATU AMPAR KLAMPOK Panaguan Kec. Proppo Kab. Pamekasan Prov. Jawa Timur,Kab. Pamekasan,,Jawa Timur
69984145,SMA IT Tunas Harapan Ilahi,https://sekolah.data.kemdikbud.go.id/index.php/Chome/profil/0F8D05EE-B0F7-4014-A902-B495547A2919,Jl. Tugu Karya II No. 20 Sambi Doyong Cipondoh Makmur Kec. Cipondoh Kota Tangerang Prov. Banten,,Kota Tangerang,Banten
50300683,SMAS KRISTEN 2 SOE,https://sekolah.data.kemdikbud.go.id/index.php/Chome/profil/F3171DC2-D3CA-4F37-BD35-B4971D0BBD99,JLN. A. KAESMETAN Nunumeu Kec. Kota Soe Kab. Timor Tengah Selatan Prov. Nusa Tenggara Timur,Kab. Timor Tengah Selatan,,Nusa Tenggara Timur
20254097,SMAS KETAPANG 3,https://sekolah.data.kemdikbud.go.id/index.php/Chome/profil/A4BE2E1E-65B2-4653-AD24-B4980674BEE8,Jl Transyogi KM 6  Legenda Wisata    Zon... Nagrak Kec. Gunungputri Kab. Bogor Prov. Jawa Barat,Kab. Bogor,,Jawa Barat
20532144,SMAS KATOLIK SANTO YUSUP,https://sekolah.data.kemdikbud.go.id/index.php/Chome/profil/27A051CD-9A21-42DB-B1DD-B498101C1ECC,JL. KEBRAON I BARAT Kebraon Kec. Karang Pilang Kota Surabaya Prov. Jawa Timur,,Kota Surabaya,Jawa Timur
10257749,SMAN 1 PEGAJAHAN,https://sekolah.data.kemdikbud.go.id/index.php/Chome/profil/806DC9C8-0CFD-401C-BD43-B49F65881E9B,JL. BESAR DS.BENGABING PEGAJAHAN Bengabing Kec. Pegajahan Kab. Serdang Bedagai Prov. Sumatera Utara,Kab. Serdang Bedagai,,Sumatera Utara
20616549,SMAS AL HUSNA,https://sekolah.data.kemdikbud.go.id/index.php/Chome/profil/B1E3A264-5020-4D75-9A53-B4A8DA2F14C5,JL. KH. UMAR RENCALANG Kedaung Kec. Mekar Baru Kab. Tangerang Prov. Banten,Kab. Tangerang,,Banten
20603170,SMAS AL FASANAH,https://sekolah.data.kemdikbud.go.id/index.php/Chome/profil/4F392447-BAC3-4706-9A60-B4A96A84AC7C,KP. ANAMUI RT. 03 RW. 03 DS. SURADITA CI... Suradita Kec. Cisauk Kab. Tangerang Prov. Banten,Kab. Tangerang,,Banten
20525868,SMAS TAMAN SISWA GENTENG,https://sekolah.data.kemdikbud.go.id/index.php/Chome/profil/9102D9CF-64A3-4E1A-9360-B4ACD8359318,JL.DIPONEGORO NO.16 Genteng Kulon Kec. Genteng Kab. Banyuwangi Prov. Jawa Timur,Kab. Banyuwangi,,Jawa Timur
20254043,SMAN 1 CAMPAKA,https://sekolah.data.kemdikbud.go.id/index.php/Chome/profil/DB7D527F-F833-479C-8738-B4B023891EC6,JL. RAYA CAMPAKA Campaka Kec. Campaka Kab. Purwakarta Prov. Jawa Barat,Kab. Purwakarta,,Jawa Barat
50302624,SMA KARYA NANGAPANDA,https://sekolah.data.kemdikbud.go.id/index.php/Chome/profil/0705A874-1A60-4889-8418-B4B41D979DDB,JL. RAYA ENDE - BAJAWA KM. 28 Ndorurea I Kec. Nangapanda Kab. Ende Prov. Nusa Tenggara Timur,Kab. Ende,,Nusa Tenggara Timur
69920630,SMAS PUTRA PERSADA BATAM,https://sekolah.data.kemdikbud.go.id/index.php/Chome/profil/AEE3D945-5ABD-4375-A085-B4BC10A2745A,JL. MUHAMMAD KAMPUNG MELAYU Batu Besar Kec. Nongsa Kota Batam Prov. Kepulauan Riau,,Kota Batam,Kepulauan Riau
69950915,SMA PLUS MISBAHUL KHAIR,https://sekolah.data.kemdikbud.go.id/index.php/Chome/profil/B3B00094-9A50-4DBE-A6C8-B4BF5FA07CA2,JALAN KAPTEN MUSTOFA KEBON 4 Tanjung Senang Kec. Kotabumi Selatan Kab. Lampung Utara Prov. Lampung,Kab. Lampung Utara,,Lampung
20507717,SMAN 1 DAGANGAN,https://sekolah.data.kemdikbud.go.id/index.php/Chome/profil/0BB383E8-46BC-4BC8-9D56-B4C33A432A51,JL. Gerilya No. 7 Dagangan Kec. Dagangan Kab. Madiun Prov. Jawa Timur,Kab. Madiun,,Jawa Timur
70029995,SMA IT DARUL FIKRI BOARDING SCHOOL,https://sekolah.data.kemdikbud.go.id/index.php/Chome/profil/74F6627B-82C2-4F45-9861-B4C7652BFAAB,Jalan Sei Niur RT.002 RW.002 Banglas Barat Kec. Tebing Tinggi Kab. Kepulauan Meranti Prov. Riau,Kab. Kepulauan Meranti,,Riau
20522656,SMAS MUHAMMADIYAH I PANJI,https://sekolah.data.kemdikbud.go.id/index.php/Chome/profil/9BE100A6-88E6-475C-85BA-B4CE7E6E84CB,JL. BASUKI RAHMAD NO. 221 Mimbaan Kec. Panji Kab. Situbondo Prov. Jawa Timur,Kab. Situbondo,,Jawa Timur
10646208,SMAS NURUL MARIFAH,https://sekolah.data.kemdikbud.go.id/index.php/Chome/profil/76080CD0-A62D-46A5-8A50-B4DB1EF984C6,DESA ULAK TEMBAGA Ulak Tembaga Kec. Jejawi Kab. Ogan Komering Ilir Prov. Sumatera Selatan,Kab. Ogan Komering Ilir,,Sumatera Selatan
30106127,SMAN 1 NANGA TAMAN,https://sekolah.data.kemdikbud.go.id/index.php/Chome/profil/DEAFC6BC-943B-4EBB-8B21-B4DE363387E9,JL. RAYA TAMAN - MAHAP NANGA MENTUKAK Kec. Nanga Taman Kab. Sekadau Prov. Kalimantan Barat,Kab. Sekadau,,Kalimantan Barat
40403372,SMAS AL HIJRAH LAINEA,https://sekolah.data.kemdikbud.go.id/index.php/Chome/profil/759846CE-0006-435B-A84C-B4E036E5D1EF,JL. POROS PUNGGALUKU-KOLONO Lalonggombu Kec. Lainea Kab. Konawe Selatan Prov. Sulawesi Tenggara,Kab. Konawe Selatan,,Sulawesi Tenggara
20227471,SMAN 5 GARUT,https://sekolah.data.kemdikbud.go.id/index.php/Chome/profil/13DB60A3-DF76-4EB7-919A-B4E206F03016,JL. CIKOPO Pameungpeuk Kec. Pameungpeuk Kab. Garut Prov. Jawa Barat,Kab. Garut,,Jawa Barat
10204238,SMA SWASTA ADVENT TANJUNG KASAU,https://sekolah.data.kemdikbud.go.id/index.php/Chome/profil/560A40B4-56DC-4069-A0C8-B4E84D10798B,TANJUNG KASAU Tanjung Kasau Kec. Sei Suka Kab. Batu Bara Prov. Sumatera Utara,Kab. Batu Bara,,Sumatera Utara
20613970,SMAN 1 CIKANDE,https://sekolah.data.kemdikbud.go.id/index.php/Chome/profil/1EE4F064-2C42-4D2B-9E90-B4EE39B73F8A,Jalan Otonom Situterate-Bandung Situterate Kec. Cikande Kab. Serang Prov. Banten,Kab. Serang,,Banten
20231709,SMAS FLORA,https://sekolah.data.kemdikbud.go.id/index.php/Chome/profil/07BB3F30-2C5E-4235-9103-B4F03B6B145C,PERUM PONDOK UNGU PERMAI BLOK B.26 NO.7 Kaliabang Tengah Kec. Bekasi Utara Kota Bekasi Prov. Jawa Barat,,Kota Bekasi,Jawa Barat
20319289,SMAS MIFTAHUL HUDA GAJAH,https://sekolah.data.kemdikbud.go.id/index.php/Chome/profil/C6EFB6F6-8A1E-4278-ADFC-B4F0DA641F26,JL. TAMAN SISWA NO. 07 Jatisono Kec. Gajah Kab. Demak Prov. Jawa Tengah,Kab. Demak,,Jawa Tengah
10603301,SMAN 1 BELITANG,https://sekolah.data.kemdikbud.go.id/index.php/Chome/profil/7209771C-E26D-44C9-833D-B4F189030F2E,Jl. M.P. Bangsa Raja Gumawang Kec. Belitang Kab. Ogan Komering Ulu Timur Prov. Sumatera Selatan,Kab. Ogan Komering Ulu Timur,,Sumatera Selatan
20603373,SMAS PRIMA NUSANTARA,https://sekolah.data.kemdikbud.go.id/index.php/Chome/profil/7EE81B3A-D196-41D6-B86B-B4F741BCE6B2,JL. KRAMAT RAYA KM. 1 Pondok Jaya Kec. Sepatan Kab. Tangerang Prov. Banten,Kab. Tangerang,,Banten
69893228,SMA ISLAM RAUDLATUL MUSTARSYIDIN,https://sekolah.data.kemdikbud.go.id/index.php/Chome/profil/929B2BFD-46D3-4DE6-BC55-B4FB18DFC370,JL. LUNGGUSARI NO. 12 Rejo Agung Kec. Sumber Wringin Kab. Bondowoso Prov. Jawa Timur,Kab. Bondowoso,,Jawa Timur
50307298,SMAN KUALIN,https://sekolah.data.kemdikbud.go.id/index.php/Chome/profil/325A4698-6356-4124-8C28-B4FB95F8C238,ONI Oni Kec. Kualin Kab. Timor Tengah Selatan Prov. Nusa Tenggara Timur,Kab. Timor Tengah Selatan,,Nusa Tenggara Timur
20231721,SMAS PATRIOT BEKASI,https://sekolah.data.kemdikbud.go.id/index.php/Chome/profil/74D5DB7A-C1EB-4DAB-86D8-B50669C08012,JL. KALI BARU TIMUR KRANJI Kali Baru Kec. Medan Satria Kota Bekasi Prov. Jawa Barat,,Kota Bekasi,Jawa Barat
10212199,SMAS MUHAMMADIYAH 11 PSP,https://sekolah.data.kemdikbud.go.id/index.php/Chome/profil/4C67592B-F3D7-4715-B689-B5067C358F07,JL. S. PARMAN NO. 18 Bincar Kec. Padang Sidimpuan Utara Kota Padang Sidempuan Prov. Sumatera Utara,,Kota Padang Sidempuan,Sumatera Utara
60725072,SMAN 1 MESUJI LAMPUNG,https://sekolah.data.kemdikbud.go.id/index.php/Chome/profil/D84EE070-E892-483C-B58A-B509D013ABA2,JL. Z.A PAGAR ALAM PASIR INTAN KP SUNGAI... Sungai Badak Kec. Mesuji Kab. Mesuji Prov. Lampung,Kab. Mesuji,,Lampung
40400747,SMA NEGERI 1 RAHA,https://sekolah.data.kemdikbud.go.id/index.php/Chome/profil/40204186-1602-43C8-A785-B50A8CD99CCE,JL. MADE SABARA Laiworu Kec. Batalaiworu Kab. Muna Prov. Sulawesi Tenggara,Kab. Muna,,Sulawesi Tenggara
20546521,SMAS MUHAMMAD SHODIQ,https://sekolah.data.kemdikbud.go.id/index.php/Chome/profil/2BAE2DB1-BD82-48AD-BD4D-B50B46BCC1AF,JL. AL HABIB HUSEIN Brani Kulon Kec. Maron Kab. Probolinggo Prov. Jawa Timur,Kab. Probolinggo,,Jawa Timur
40203341,SMAN 1 UNA - UNA,https://sekolah.data.kemdikbud.go.id/index.php/Chome/profil/D37FEEA5-83A7-4D60-801E-B50C46E9616B,Jl. Moh. Gobel No 01 Wakai. Kec. Una-Una Wakai Kec. Una - Una Kab. Tojo Una Una Prov. Sulawesi Tengah,Kab. Tojo Una Una,,Sulawesi Tengah
70047427,SMA AL-IHSAN BOARDING SCHOOL,https://sekolah.data.kemdikbud.go.id/index.php/Chome/profil/76FCB9DB-6F31-42CB-9101-B51437F6BE24,Kampung Sinarsari RT.002 RW.004 Putrajawa Kec. Selaawi Kab. Garut Prov. Jawa Barat,Kab. Garut,,Jawa Barat
70041102,SMA Swasta Islam Terpadu Baitul Qur’an,https://sekolah.data.kemdikbud.go.id/index.php/Chome/profil/557F3D1D-52A7-48FC-8BFB-B51489B960DE,Jl. Bandar Labuhan Komplek Granit Indah ... Tadukan Raga Kec. Stm Hilir Kab. Deli Serdang Prov. Sumatera Utara,Kab. Deli Serdang,,Sumatera Utara
69893231,SMA Negeri 11 Maluku Tenggara,https://sekolah.data.kemdikbud.go.id/index.php/Chome/profil/54068FC2-D35A-4E56-BEB4-B515FFE9F169,"Jln. Bandara Ibra-Danar, Kec. Kei Kecil ... Wain Kec. Kei Kecil Timur Kab. Maluku Tenggara Prov. Maluku",Kab. Maluku Tenggara,,Maluku
20606813,SMAN 9 Tangerang,https://sekolah.data.kemdikbud.go.id/index.php/Chome/profil/4E15DE83-6DF2-4E44-8771-B51838A4BC63,Jl. M. Jali No. 9 Kunciran Jaya Kec. Pinang Kota Tangerang Prov. Banten,,Kota Tangerang,Banten
10646502,SMAN SUKA KARYA,https://sekolah.data.kemdikbud.go.id/index.php/Chome/profil/E4AAA2BD-B3FD-4F29-A3E3-B51D757F7B14,JL. PERTAMINA DESA CIPTODADI Ciptodadi Kec. Suka Karya Kab. Musi Rawas Prov. Sumatera Selatan,Kab. Musi Rawas,,Sumatera Selatan
20606508,SMAS DHARMA PUTRA,https://sekolah.data.kemdikbud.go.id/index.php/Chome/profil/016584BB-899B-4533-9FE3-B5220BF181A4,Jl Otto Iskandardinata 80 RT 004/10 Gerendeng Kec. Karawaci Kota Tangerang Prov. Banten,,Kota Tangerang,Banten
69946576,SMA Darun Najah,https://sekolah.data.kemdikbud.go.id/index.php/Chome/profil/F3C0B21C-A008-4FA0-8F0A-B524AF53CC55,Jl. SDN 1 Banpres BANPRES Kec. Tuah Negeri Kab. Musi Rawas Prov. Sumatera Selatan,Kab. Musi Rawas,,Sumatera Selatan
60201989,SMA NEGERI 11 HALMAHERA BARAT,https://sekolah.data.kemdikbud.go.id/index.php/Chome/profil/C4214624-416D-45A9-B21B-B532F1B1BC27,Jln. Trans Halmahera Kec. Ibu Selatan De... Bataka Kec. Ibu Selatan Kab. Halmahera Barat Prov. Maluku Utara,Kab. Halmahera Barat,,Maluku Utara
20323379,SMA NEGERI 1 DORO,https://sekolah.data.kemdikbud.go.id/index.php/Chome/profil/F8A996D8-5068-4AB9-A2AC-B533AF8AF4A7,Jl. Raya Sawangan-Doro Sawangan Kec. Doro Kab. Pekalongan Prov. Jawa Tengah,Kab. Pekalongan,,Jawa Tengah
20221577,SMAS PGRI 1 SUKABUMI,https://sekolah.data.kemdikbud.go.id/index.php/Chome/profil/37CFD3C3-6FFB-4635-9A2B-B53BB675874C,JL. R.H. DIDI SUKARDI NO.12 SUKABUMI Citamiang Kec. Citamiang Kota Sukabumi Prov. Jawa Barat,,Kota Sukabumi,Jawa Barat
70053420,SMA IT AR RAYYAN SIDOAN,https://sekolah.data.kemdikbud.go.id/index.php/Chome/profil/8B1AEDAC-9B63-447C-A398-B54A1A2DE677,Desa Sidoan Selatan Sidoan Selatan Kec. Sidoan Kab. Parigi Moutong Prov. Sulawesi Tengah,Kab. Parigi Moutong,,Sulawesi Tengah
70052028,SMA TARUNA NUSANTARA TERINTEGRASI CIMAHI,https://sekolah.data.kemdikbud.go.id/index.php/Chome/profil/2EBA9CB6-FC78-4B2D-9E37-B555E83BDB3C,Jl. Komplek Brigif 15 RT.002 RW.013 Cibeber Kec. Cimahi Selatan Kota Cimahi Prov. Jawa Barat,,Kota Cimahi,Jawa Barat
20107287,SMA BUNDA KANDUNG JAKARTA,https://sekolah.data.kemdikbud.go.id/index.php/Chome/profil/E0A9760E-B6DE-45D3-B6BF-B5568CB39019,JL.POL. TANGAN RAYA NO.41 Pejaten Timur Kec. Pasar Minggu Kota Adm. Jakarta Selatan Prov. D.K.I. Jakarta,,Kota Adm. Jakarta Selatan,D.K.I. Jakarta
20104412,SMAS DHARMA JAYA,https://sekolah.data.kemdikbud.go.id/index.php/Chome/profil/EC4AE7DD-8D43-475B-9A72-B559F66ABC81,JL. KAV. POLRI BLOK D. XV/1 Jelambar Kec. Grogol Petamburan Kota Adm. Jakarta Barat Prov. D.K.I. Jakarta,,Kota Adm. Jakarta Barat,D.K.I. Jakarta
50305137,SMAN 2 NUBATUKAN,https://sekolah.data.kemdikbud.go.id/index.php/Chome/profil/BE6DD36B-157F-4207-B225-B55BCD26EB9A,LEWOLEBA Lewoleba Kec. Nubatukan Kab. Lembata Prov. Nusa Tenggara Timur,Kab. Lembata,,Nusa Tenggara Timur
69862685,SMAS KARYA BARU,https://sekolah.data.kemdikbud.go.id/index.php/Chome/profil/28BB4C95-2D61-4690-A76B-B55D74F8EC2A,Dusun 1 Desa Sei Tawar Kecamatan Panai H... Sei Tawar Kec. Panai Hilir Kab. Labuhanbatu Prov. Sumatera Utara,Kab. Labuhanbatu,,Sumatera Utara
90101009,SEKOLAH INDONESIA RIYADH TINGKAT SMA,https://sekolah.data.kemdikbud.go.id/index.php/Chome/profil/0A5D910C-B004-4B64-8537-B56153B3CFF2,"8561 Abdullah Ibn Muammar, Umm Al Hamam ... Riyadh Riyadh Arab Saudi Luar Negeri",,,
20532149,SMAS KEMALA BHAYANGKARI 1 SURABAYA,https://sekolah.data.kemdikbud.go.id/index.php/Chome/profil/70D91E43-A968-4C8A-9869-B561893E957E,JL. AHMAD YANI NO. 30 -32 Ketintang Kec. Gayungan Kota Surabaya Prov. Jawa Timur,,Kota Surabaya,Jawa Timur
10500698,SMAN 13 BUNGO,https://sekolah.data.kemdikbud.go.id/index.php/Chome/profil/3498E9B1-65AB-4429-9D4E-B5761824D7AE,DESA PELAYANG Pelayang Kec. Bathin II Pelayang Kab. Bungo Prov. Jambi,Kab. Bungo,,Jambi
10800700,SMAN 2 KALIANDA,https://sekolah.data.kemdikbud.go.id/index.php/Chome/profil/AB90E2A7-B621-499A-A455-B57C3D95EDE3,JL. TRANS SUMATERA Kedaton Kec. Kalianda Kab. Lampung Selatan Prov. Lampung,Kab. Lampung Selatan,,Lampung
20339023,SMA NEGERI 2 PATI,https://sekolah.data.kemdikbud.go.id/index.php/Chome/profil/373AF9EB-F3AA-47DF-B0BB-B57C66D3A73F,JALAN JENDERAL AHMAD YANI NOMOR 4 Winong Kec. Pati Kab. Pati Prov. Jawa Tengah,Kab. Pati,,Jawa Tengah
69899900,SMA TAHFIZHUL QUR AN SYECH AHMAD CHATIB,https://sekolah.data.kemdikbud.go.id/index.php/Chome/profil/926DA9F6-846C-4A3F-B6E7-B581B5AB9FF6,BALAI GURAH AMPEK ANGKEK Balai Gurah Kec. Ampek Angkek Kab. Agam Prov. Sumatera Barat,Kab. Agam,,Sumatera Barat
50102378,SMA Negeri 1 Nusa Penida,https://sekolah.data.kemdikbud.go.id/index.php/Chome/profil/92F348BD-F957-4AEE-AD05-B581F51EA1CC,JL. PENDIDIKAN DESA PED NUSA PENIDA Ped Kec. Nusapenida Kab. Klungkung Prov. Bali,Kab. Klungkung,,Bali
50205633,SMAN 1 SURALAGA,https://sekolah.data.kemdikbud.go.id/index.php/Chome/profil/924164EA-9819-4CE7-8E6F-B58536B5D5EC,"Jl. H. Lalu Anang, Desa Waringin Kec. Su... WARINGIN Kec. Suralaga Kab. Lombok Timur Prov. Nusa Tenggara Barat",Kab. Lombok Timur,,Nusa Tenggara Barat
69947949,SMA TERPADU HAQQUL MUBIN,https://sekolah.data.kemdikbud.go.id/index.php/Chome/profil/346CCB74-716B-4B46-8130-B585A708FB67,Jln. Wonosari - Tansaran Bidin Tansaran Bidin Kec. Bandar Kab. Bener Meriah Prov. Aceh,Kab. Bener Meriah,,Aceh
10800677,SMAS PERSADA KETAPANG,https://sekolah.data.kemdikbud.go.id/index.php/Chome/profil/D80DC9D0-7821-44AE-B6A5-B58905458683,JL.LINTAS TIMUR Sumur Kec. Ketapang Kab. Lampung Selatan Prov. Lampung,Kab. Lampung Selatan,,Lampung
30103441,SMAN 1 KENDAWANGAN,https://sekolah.data.kemdikbud.go.id/index.php/Chome/profil/FD6B2391-3C90-4FAA-9A3D-B5892A8B6A86,JL. PANGERAN CAKRA NO 17 KENDAWANGAN Kendawangan Kiri Kec. Kendawangan Kab. Ketapang Prov. Kalimantan Barat,Kab. Ketapang,,Kalimantan Barat
70054634,SMAIT IBNU HAJAR ASQALANI,https://sekolah.data.kemdikbud.go.id/index.php/Chome/profil/A37CC630-39AA-44D6-9930-B58B95263558,Jl. Batin Encik Muhammad Saleh 4 Sungai Pinang Kec. Lingga Timur Kab. Lingga Prov. Kepulauan Riau,Kab. Lingga,,Kepulauan Riau
69992983,SMA IT Al-Hafidz Rizqullah,https://sekolah.data.kemdikbud.go.id/index.php/Chome/profil/E170862C-30D5-43F8-A3AB-B592D0722045,Jl. Cut Nyak Dhien No. 288 Danau Bungara Kec. Kuta Baharu Kab. Aceh Singkil Prov. Aceh,Kab. Aceh Singkil,,Aceh
10201340,SMAN 1 PANGKALAN SUSU,https://sekolah.data.kemdikbud.go.id/index.php/Chome/profil/4B52A605-417F-45AE-9525-B5950953256E,JL. PANGKALAN BRANDAN KM. 100 PAYA TAMPAK Kec. Pangkalan Susu Kab. Langkat Prov. Sumatera Utara,Kab. Langkat,,Sumatera Utara
10801966,SMAN 1 GUNUNG SUGIH,https://sekolah.data.kemdikbud.go.id/index.php/Chome/profil/BFBF3AC7-1F63-4BCC-9FCB-B599F5E432F2,JL. JENDERAL SUDIRMAN Gunung Sugih Raya Kec. Gunung Sugih Kab. Lampung Tengah Prov. Lampung,Kab. Lampung Tengah,,Lampung
20502723,SMAN 1 KUTOREJO,https://sekolah.data.kemdikbud.go.id/index.php/Chome/profil/41B027ED-FA69-423F-A245-B59BD8FC8A90,JL. LAPANGAN NO.2 Kutorejo Kec. Kutorejo Kab. Mojokerto Prov. Jawa Timur,Kab. Mojokerto,,Jawa Timur
20402778,SMA NEGERI 2 WATES,https://sekolah.data.kemdikbud.go.id/index.php/Chome/profil/417F8424-DA6A-4C9A-9038-B59D0E404696,JL. KH. WAHID HASYIM Bendungan Kec. Wates Kab. Kulon Progo Prov. D.I. Yogyakarta,Kab. Kulon Progo,,D.I. Yogyakarta
70001764,SMA Negeri 3 Kota Bangun,https://sekolah.data.kemdikbud.go.id/index.php/Chome/profil/AC12ACF0-E147-402B-AF3F-B5A4E0889000,Jl. Pembangunan RT. IX Kedang Ipil Kec. Kota Bangun Kab. Kutai Kartanegara Prov. Kalimantan Timur,Kab. Kutai Kartanegara,,Kalimantan Timur
20222361,SMAS TAMAN SISWA CIREBON,https://sekolah.data.kemdikbud.go.id/index.php/Chome/profil/AE367A54-D18E-4BC9-B868-B5B7056263D4,JL. PERJUANGAN BINAWAN V Sunyaragi Kec. Kesambi Kota Cirebon Prov. Jawa Barat,,Kota Cirebon,Jawa Barat
20224113,SMA NEGERI 1 CIMAHI,https://sekolah.data.kemdikbud.go.id/index.php/Chome/profil/9FB139BC-7500-4656-ABFF-B5BA8A1E5BE3,JL. PACINAN NO. 22 A CIMAHI Cimahi Kec. Cimahi Tengah Kota Cimahi Prov. Jawa Barat,,Kota Cimahi,Jawa Barat
20533611,SMA KRISTEN SETIA BUDI,https://sekolah.data.kemdikbud.go.id/index.php/Chome/profil/E1BC511C-FFA8-4C5A-BA3B-B5BE93AF662B,JL. PISANG KIPAS 58 Jatimulyo Kec. Lowokwaru Kota Malang Prov. Jawa Timur,,Kota Malang,Jawa Timur
60301593,SMAN BOLAKME,https://sekolah.data.kemdikbud.go.id/index.php/Chome/profil/BDDA6493-7B4B-4463-90B5-B5C8BC3126B0,POROS WAMENA TOLIKARA 48 KM Wuragukme Kec. Tagineri Kab. Jayawijaya Prov. Papua Pegunungan,Kab. Jayawijaya,,Papua Pegunungan
20300729,SMA NEGERI 1 SIDAREJA,https://sekolah.data.kemdikbud.go.id/index.php/Chome/profil/097AAAD6-3F12-4E01-AFF7-B5CCE60583EA,JL. KUNCI TROMOL POS 4 Kunci Kec. Sidareja Kab. Cilacap Prov. Jawa Tengah,Kab. Cilacap,,Jawa Tengah
69985007,SMAS ISLAM TERPADU AL FATIH MAKASSAR,https://sekolah.data.kemdikbud.go.id/index.php/Chome/profil/C0D3AE45-5F37-4774-8712-B5CE723F80BC,Jalan Mappanyukki No.50B Maricaya Kec. Makasar Kota Makassar Prov. Sulawesi Selatan,,Kota Makassar,Sulawesi Selatan
60100314,SMAS YOS SOEDARSO MASOHI,https://sekolah.data.kemdikbud.go.id/index.php/Chome/profil/B560F909-6E98-4771-A979-B5D69E2E081B,JL. ABDULLAH SOULISSA Namaelo Kec. Masohi Kab. Maluku Tengah Prov. Maluku,Kab. Maluku Tengah,,Maluku
60304201,SMAN 2 DOGIYAI,https://sekolah.data.kemdikbud.go.id/index.php/Chome/profil/80D7DBF9-05E4-40A3-95C7-B5DC442C12A7,JLN. TOKAPO MOANEMANI Mauwa Kec. Kamu Kab. Dogiyai Prov. Papua Tengah,Kab. Dogiyai,,Papua Tengah
69897177,SMA DARUN NASYA,https://sekolah.data.kemdikbud.go.id/index.php/Chome/profil/BC2D79DA-6A61-4372-AFD0-B5E3F8CD238B,KP. PASIRHANDAP RT.01 RW.14 PAGERWANGI Pagerwangi Kec. Lembang Kab. Bandung Barat Prov. Jawa Barat,Kab. Bandung Barat,,Jawa Barat
10207069,SMA NEGERI 1 BARUMUN,https://sekolah.data.kemdikbud.go.id/index.php/Chome/profil/B0E29408-BA51-4CDD-902A-B5E78D502F9E,JL. KH. DEWANTARA NO 43 SIBUHUAN KODE PO... Pasar Sibuhuan Kec. Barumun Kab. Padang Lawas Prov. Sumatera Utara,Kab. Padang Lawas,,Sumatera Utara
69986032,SMA TIGA PUTRA,https://sekolah.data.kemdikbud.go.id/index.php/Chome/profil/B326C202-D4EA-4290-85A8-B5E8CB58E380,Jln. Sikib RT.02/RW.01 Loti Naioni Kec. Alak Kota Kupang Prov. Nusa Tenggara Timur,,Kota Kupang,Nusa Tenggara Timur
30105064,SMAS KRISTEN IMMANUEL,https://sekolah.data.kemdikbud.go.id/index.php/Chome/profil/FB73AF69-B8FD-4FF6-9BBC-B5E8D56B040A,JL. LETJEN SUTOYO DALAM Parit Tokaya Kec. Pontianak Selatan Kota Pontianak Prov. Kalimantan Barat,,Kota Pontianak,Kalimantan Barat
20101332,SMAS BUNDA HATI KUDUS,https://sekolah.data.kemdikbud.go.id/index.php/Chome/profil/9687379E-4465-4F03-9B4E-B5EA58B487A8,JL. RAHAYU NO. 22 JELAMBAR Kec. Grogol Petamburan Kota Adm. Jakarta Barat Prov. D.K.I. Jakarta,,Kota Adm. Jakarta Barat,D.K.I. Jakarta
70042424,SMA ISLAM DARUL ATQIA,https://sekolah.data.kemdikbud.go.id/index.php/Chome/profil/CE8ADE04-955C-4132-A595-B5EE4C713E2D,"Jalan Guru Yusuf, Embung Duduk Labulia Kec. Jonggat Kab. Lombok Tengah Prov. Nusa Tenggara Barat",Kab. Lombok Tengah,,Nusa Tenggara Barat
70050790,SMA Islam Terpadu Al Mujahid,https://sekolah.data.kemdikbud.go.id/index.php/Chome/profil/C000630C-30B2-47EE-8F9A-B5F704140787,Jl. Rangkasbitung - Warung Banten KM. 35... Cipanas Kec. Cipanas Kab. Lebak Prov. Banten,Kab. Lebak,,Banten
10300294,SMA NEGERI 2 LUBUK BASUNG,https://sekolah.data.kemdikbud.go.id/index.php/Chome/profil/D6B314FB-A3B2-49D6-A8D0-B5F726531761,JL. DR. MUHAMMAD HATTA LUBUK BASUNG Kec. Lubuk Basung Kab. Agam Prov. Sumatera Barat,Kab. Agam,,Sumatera Barat
20546554,SMAS INSAN KAMIL BANCAR,https://sekolah.data.kemdikbud.go.id/index.php/Chome/profil/2BE6C2B2-4B2C-4CD6-923F-B5F8842810BD,JL. RAYA BOGOREJO NO. 15 BANCAR Bogorejo Kec. Bancar Kab. Tuban Prov. Jawa Timur,Kab. Tuban,,Jawa Timur
30403013,SMAS Syaichona Cholil Samarinda,https://sekolah.data.kemdikbud.go.id/index.php/Chome/profil/3029F23E-80EE-4478-B13F-B6014299A7BF,Jl. Batu Indah RT. 41 Sempaja Utara Kec. Samarinda Utara Kota Samarinda Prov. Kalimantan Timur,,Kota Samarinda,Kalimantan Timur
69774851,SMAN 1 IX Koto,https://sekolah.data.kemdikbud.go.id/index.php/Chome/profil/8629D74D-9B01-406B-84E2-B605D5B52BA7,Jl. Jr. Lubuk Binuang Nagari Silago. Kec... Silago Kec. Sembilan Koto Kab. Dharmasraya Prov. Sumatera Barat,Kab. Dharmasraya,,Sumatera Barat
50220718,SMAN 3 WOJA,https://sekolah.data.kemdikbud.go.id/index.php/Chome/profil/3B07C5F3-9713-4D64-9F2C-B60C8F43ED06,JL LINTAS SANEO DOMPU Saneo Kec. Woja Kab. Dompu Prov. Nusa Tenggara Barat,Kab. Dompu,,Nusa Tenggara Barat
20107336,SMAS TRIGUNA JAKARTA,https://sekolah.data.kemdikbud.go.id/index.php/Chome/profil/442524EB-0185-4C20-B51B-B60E92FAE6EC,JL. BINTARO PERMAI II NO.9 Bintaro Kec. Pesanggrahan Kota Adm. Jakarta Selatan Prov. D.K.I. Jakarta,,Kota Adm. Jakarta Selatan,D.K.I. Jakarta
20303227,SMA NEGERI 1 KEJOBONG,https://sekolah.data.kemdikbud.go.id/index.php/Chome/profil/5C7E69E7-6037-4EE4-B2A7-B610D6B2F464,JL. RAYA GUMIWANG KEJOBONG Gumiwang Kec. Kejobong Kab. Purbalingga Prov. Jawa Tengah,Kab. Purbalingga,,Jawa Tengah
60304692,SMAN 1 KENYAM,https://sekolah.data.kemdikbud.go.id/index.php/Chome/profil/9A8AF1ED-BC5F-4E37-A821-B617B0C1A5C8,Jl. Pendidikan Kenyam Kec. Kenyam Kab. Nduga Prov. Papua Pegunungan,Kab. Nduga,,Papua Pegunungan
70055317,SEKOLAH MENENGAH ATAS IL  KAPTEN,https://sekolah.data.kemdikbud.go.id/index.php/Chome/profil/EE9578F0-5DA3-42A9-B999-B61D093D06B6,JALAN II KAPTEN DEBUBOT RT.001/RW.002 Fatubaa Kec. Tasifeto Timur Kab. Belu Prov. Nusa Tenggara Timur,Kab. Belu,,Nusa Tenggara Timur
20103285,SMAN 12 JAKARTA,https://sekolah.data.kemdikbud.go.id/index.php/Chome/profil/35D2C224-C260-4B74-932E-B61D9A5270CC,JL. PERTANIAN KLENDER Klender Kec. Duren Sawit Kota Adm. Jakarta Timur Prov. D.K.I. Jakarta,,Kota Adm. Jakarta Timur,D.K.I. Jakarta
69822782,SMAN LAMALU,https://sekolah.data.kemdikbud.go.id/index.php/Chome/profil/9B0C7413-EE03-442B-8BEC-B6203C2F02A1,JL. TIMUROSA Munaseli Kec. Pantar Kab. Alor Prov. Nusa Tenggara Timur,Kab. Alor,,Nusa Tenggara Timur
70036936,SMA BUDI MULIA,https://sekolah.data.kemdikbud.go.id/index.php/Chome/profil/8711E31E-0BD3-4EC4-8177-B621EFD9F770,Desa Tugu Harum RT.001/001 Tugu Harum Kec. Belitang Madang Raya Kab. Ogan Komering Ulu Timur Prov. Sumatera Selatan,Kab. Ogan Komering Ulu Timur,,Sumatera Selatan
20254358,SMAS GLOBAL MANDIRI,https://sekolah.data.kemdikbud.go.id/index.php/Chome/profil/1B8C7605-4D9F-487D-8C49-B626AE3748D7,JL. TRANS YOGI KM. 6 KOTA LEGENDA WISATA Wanaherang Kec. Gunungputri Kab. Bogor Prov. Jawa Barat,Kab. Bogor,,Jawa Barat
10100576,SMAN 1 MUARA TIGA,https://sekolah.data.kemdikbud.go.id/index.php/Chome/profil/2B47B237-656F-48DD-BDC5-B629DFA826DE,JL. SP. BEUTONG LAWEUENG Pawod Kec. Muara Tiga Kab. Pidie Prov. Aceh,Kab. Pidie,,Aceh
69726918,SMA NEGERI 1 BANDA BARO,https://sekolah.data.kemdikbud.go.id/index.php/Chome/profil/40FCB64B-D63C-434A-987F-B62A28089128,Jln. KKA Km.09 Alue Keurinyai Kec. Banda... Alue Keureunyai Kec. Banda Baro Kab. Aceh Utara Prov. Aceh,Kab. Aceh Utara,,Aceh
20247166,SMA PLUS AL MANSHURIYAH,https://sekolah.data.kemdikbud.go.id/index.php/Chome/profil/38845548-647D-4FA0-AD5E-B62BF3FFEA21,Kp. Kalaparea RT.03 RW.09 Kalaparea Kec. Nagrak Kab. Sukabumi Prov. Jawa Barat,Kab. Sukabumi,,Jawa Barat
20532125,SMAS TAMIRIYAH SURABAYA,https://sekolah.data.kemdikbud.go.id/index.php/Chome/profil/3BD29511-95AD-47BA-B046-B62BFF689D55,JL. INDRAPURA NO. 2 Krembangan Selatan Kec. Krembangan Kota Surabaya Prov. Jawa Timur,,Kota Surabaya,Jawa Timur
40204271,SMAN 1 LAGE,https://sekolah.data.kemdikbud.go.id/index.php/Chome/profil/9FD1177F-57A6-4E3C-9E48-B62CB480F633,JL. TRANS SULAWESI Tagolu Kec. Lage Kab. Poso Prov. Sulawesi Tengah,Kab. Poso,,Sulawesi Tengah
70045736,SMAN 8 DUMAI,https://sekolah.data.kemdikbud.go.id/index.php/Chome/profil/29D03DB9-1B2C-4660-97CD-B62D634713A6,Jl. Sukajadi Bukit Kayu Kapur Kec. Bukit Kapur Kota Dumai Prov. Riau,,Kota Dumai,Riau
70013810,SMA YAPIS SERUI,https://sekolah.data.kemdikbud.go.id/index.php/Chome/profil/1FA9C5F6-BB5F-4697-B160-B633361E6702,JL.DR SAM RATULANGI SERUI Serui Jaya Kec. Yapen Selatan Kab. Kepulauan Yapen Prov. Papua,Kab. Kepulauan Yapen,,Papua
69948340,SMAS TAHFIDZ ASSAIDIYAH,https://sekolah.data.kemdikbud.go.id/index.php/Chome/profil/E247FA62-9033-4788-AC68-B63781BF63FA,Jl. Bukit Stinggil Dalpenang Kec. Sampang Kab. Sampang Prov. Jawa Timur,Kab. Sampang,,Jawa Timur
10201329,SMAN 1 BOHOROK,https://sekolah.data.kemdikbud.go.id/index.php/Chome/profil/E0EB7BA4-8DCA-4CE2-B966-B63843174D2E,JL. BERDIKARI BOHOROK Pekan Bahorok Kec. Bohorok Kab. Langkat Prov. Sumatera Utara,Kab. Langkat,,Sumatera Utara
10702283,SMA NEGERI 3 KEPAHIANG,https://sekolah.data.kemdikbud.go.id/index.php/Chome/profil/8D82032E-2923-42AE-80CC-B64EE16A1F58,Jalan Raya Kelurahan Ujan Mas Kabupaten ... Ujan Mas Atas Kec. Ujan Mas Kab. Kepahiang Prov. Bengkulu,Kab. Kepahiang,,Bengkulu
70052302,SMA IT Khalishaturrahmi Binjai,https://sekolah.data.kemdikbud.go.id/index.php/Chome/profil/CFB12B20-0574-4C9A-A9A5-B656215AB9DF,Jl. Samanhudi Psr.II Tanah Merah Binjai Estate Kec. Binjai Selatan Kota Binjai Prov. Sumatera Utara,,Kota Binjai,Sumatera Utara
20214989,SMAN 1 SUMBER,https://sekolah.data.kemdikbud.go.id/index.php/Chome/profil/8EDF636A-BE6D-4F2B-A18D-B659987672D0,JL. SUNAN MALIK IBRAHIM NO.4 Sumber Kec. Sumber Kab. Cirebon Prov. Jawa Barat,Kab. Cirebon,,Jawa Barat
10494086,SMAN 1 BANDAR SEKIJANG,https://sekolah.data.kemdikbud.go.id/index.php/Chome/profil/5232B8CD-6BCA-4A1E-B64C-B65C99643444,JL. LINTAS TIMUR KM 25 DESA SIMPANG. BER... Simpang Beringin Kec. Bandar Sei Kijang Kab.  Pelalawan Prov. Riau,Kab.  Pelalawan,,Riau
30108274,SMAN 1 LUMAR,https://sekolah.data.kemdikbud.go.id/index.php/Chome/profil/88354A76-E8DF-4AD7-B177-B6643BF8B1DE,Jalan Raya Jelatok Tiga Berkat Kec. Lumar Kab. Bengkayang Prov. Kalimantan Barat,Kab. Bengkayang,,Kalimantan Barat
70006066,SMA IT AN Nawawi AL BANTANI,https://sekolah.data.kemdikbud.go.id/index.php/Chome/profil/CE9994B3-45E6-4AD4-845F-B66A58715AE9,KP. BULAK SAGA RT 03 RW 06 Cibadung Kec. Gunung Sindur Kab. Bogor Prov. Jawa Barat,Kab. Bogor,,Jawa Barat
50204499,SMAS DARUL FALAH,https://sekolah.data.kemdikbud.go.id/index.php/Chome/profil/2E6FBC8C-CF29-41B0-8B9E-B670707B5938,JL. BANDA SRAYA NO. 48 PAGUTAN Pagutan Kec. Mataram Kota Mataram Prov. Nusa Tenggara Barat,,Kota Mataram,Nusa Tenggara Barat
20528661,SMAN 1 TORJUN,https://sekolah.data.kemdikbud.go.id/index.php/Chome/profil/B62462CC-CAF4-4CB5-A1FA-B67352678B34,JL. RAYA TORJUN Torjun Kec. Torjun Kab. Sampang Prov. Jawa Timur,Kab. Sampang,,Jawa Timur
20532217,SMAN 17 SURABAYA,https://sekolah.data.kemdikbud.go.id/index.php/Chome/profil/44950C18-E0B5-4EB5-AEE0-B6754D18F625,JL. RUNGKUT ASRI TENGAH YKP Rungkut Kidul Kec. Rungkut Kota Surabaya Prov. Jawa Timur,,Kota Surabaya,Jawa Timur
40203521,SMAS AL KHAIRAAT 1 PALU,https://sekolah.data.kemdikbud.go.id/index.php/Chome/profil/0908E54C-D746-4451-993D-B67EE9D7FBE6,JL. SIS ALJUFRI NO.44 Siranindi Kec. Palu Barat Kota Palu Prov. Sulawesi Tengah,,Kota Palu,Sulawesi Tengah
20326437,SMA NEGERI 3 BREBES,https://sekolah.data.kemdikbud.go.id/index.php/Chome/profil/B36FB11E-88B5-4BE9-B8F0-B681D7D7AB8D,JL. MT. HARYONO NO. 78 BREBES Brebes Kec. Brebes Kab. Brebes Prov. Jawa Tengah,Kab. Brebes,,Jawa Tengah
70025683,SMA Swasta Wellington Intelektual,https://sekolah.data.kemdikbud.go.id/index.php/Chome/profil/BF9FDA8A-FDF9-4740-9C2C-B683898B0001,Jl. Cemara Boulevard Blok C7 No.174-182 Sampali Kec. Percut Sei Tuan Kab. Deli Serdang Prov. Sumatera Utara,Kab. Deli Serdang,,Sumatera Utara
20529966,SMA YAS A,https://sekolah.data.kemdikbud.go.id/index.php/Chome/profil/BA4D858C-861D-4755-824C-B6873EF60B56,JL. KARTINI VI NO.04 Pangarangan Kec. Kota Sumenep Kab. Sumenep Prov. Jawa Timur,Kab. Sumenep,,Jawa Timur
60301016,SMAN 1 JAYAPURA,https://sekolah.data.kemdikbud.go.id/index.php/Chome/profil/E9A71D0C-CD5B-4DD0-9EC2-B68A9710B93B,JL. BIAK ABEPURA Kota Baru Kec. Abepura Kota Jayapura Prov. Papua,,Kota Jayapura,Papua
40103538,SMA NEGERI 1 SAMBUARA,https://sekolah.data.kemdikbud.go.id/index.php/Chome/profil/F32DD349-32D7-4EE0-9589-B68E7AA03DFE,Jl. Raya Sambuara Ensem Sambuara Kec. Essang Selatan Kab. Kepulauan Talaud Prov. Sulawesi Utara,Kab. Kepulauan Talaud,,Sulawesi Utara
70003150,SMA Santa Angela Atambua,https://sekolah.data.kemdikbud.go.id/index.php/Chome/profil/F5B1AD6D-A0CB-4008-9FED-B692D91863D3,Jl. Ir. Sutami. Tenubot. Atambua Manumutin Kec. Kota Atambua Kab. Belu Prov. Nusa Tenggara Timur,Kab. Belu,,Nusa Tenggara Timur
70032798,SMA ISLAM PROGRESIF DAARUSSALAAM,https://sekolah.data.kemdikbud.go.id/index.php/Chome/profil/9E8A422F-F654-42C2-8B4A-B69C08DDD258,Jl. Cibaraja KP. Selajambe RT. 18 RW. 07 Selajambe Kec. Cisaat Kab. Sukabumi Prov. Jawa Barat,Kab. Sukabumi,,Jawa Barat
10111952,SMA NEGERI 1 TRIPE JAYA,https://sekolah.data.kemdikbud.go.id/index.php/Chome/profil/3D1761E2-AF7F-4532-AE8C-B69C533EFA39,JL. HAZAMA Buntul Musara Kec. Tripe Jaya Kab. Gayo Lues Prov. Aceh,Kab. Gayo Lues,,Aceh
40103170,SMAS KATOLIK SEMINARI KAKASKASEN TOMOHON,https://sekolah.data.kemdikbud.go.id/index.php/Chome/profil/5E15EAE1-97A9-42AF-AA64-B6A125805E47,JL. OPO WORANG NO. 263 Kakaskasen Tiga Kec. Tomohon Utara Kota Tomohon Prov. Sulawesi Utara,,Kota Tomohon,Sulawesi Utara
60201672,SMA NEGERI 15 HALMAHERA SELATAN,https://sekolah.data.kemdikbud.go.id/index.php/Chome/profil/CA73DD75-630A-4139-BA78-B6A152BF44B1,Jln. Muhammad Kasuba Bibinoi Kec. Bacan Timur Tengah Kab. Halmahera Selatan Prov. Maluku Utara,Kab. Halmahera Selatan,,Maluku Utara
40400746,SMA NEGERI 1 PARIGI,https://sekolah.data.kemdikbud.go.id/index.php/Chome/profil/64B1BB00-40F6-411D-AC90-B6A57259D203,"Jl. Poros Wasolangka, Kec. Parigi, Kab. ... Wasolangka Kec. Parigi Kab. Muna Prov. Sulawesi Tenggara",Kab. Muna,,Sulawesi Tenggara
10814892,SMA NEGERI 2 LIWA,https://sekolah.data.kemdikbud.go.id/index.php/Chome/profil/2CECA49F-C234-4428-95FC-B6A58D5C09B7,JL. GAJAH MADA NO.1 SERANGGAS Pasar Liwa Kec. Balik Bukit Kab. Lampung Barat Prov. Lampung,Kab. Lampung Barat,,Lampung
20540045,SMAS AL FATAH,https://sekolah.data.kemdikbud.go.id/index.php/Chome/profil/44EA78DC-88BA-4ACC-B0DA-B6A66EB964D6,JL. BANJARSARI Banjarsari Kec. Buduran Kab. Sidoarjo Prov. Jawa Timur,Kab. Sidoarjo,,Jawa Timur
50204013,SMAN 1 WAWO,https://sekolah.data.kemdikbud.go.id/index.php/Chome/profil/4933597A-AFA4-45FB-8579-B6A7B08F87F4,JL LINTAS BIMA-SAPE KM.18 DESA MARIA KEC... Maria Kec. Wawo Kab. Bima Prov. Nusa Tenggara Barat,Kab. Bima,,Nusa Tenggara Barat
10220545,SMAN 1 SIBORONGBORONG,https://sekolah.data.kemdikbud.go.id/index.php/Chome/profil/B4EC7D4E-A210-4167-AFEC-B6AD1356CF84,JL. SISINGAMANGARAJA NO 153  SIBORONGBOR... Sitabo-Tabo Kec. Siborongborong Kab. Tapanuli Utara Prov. Sumatera Utara,Kab. Tapanuli Utara,,Sumatera Utara
20265521,SMAS PGRI 3,https://sekolah.data.kemdikbud.go.id/index.php/Chome/profil/12C1ABAA-8305-4419-8E8B-B6AD97EB1237,SUKUP NO.15 Cigending Kec. Ujungberung Kota Bandung Prov. Jawa Barat,,Kota Bandung,Jawa Barat
60300372,SMAN 2 BIAK,https://sekolah.data.kemdikbud.go.id/index.php/Chome/profil/4B1E8293-DE06-422D-A3B4-B6AFD558D16D,JL.BOSNIK RAYA BIAK Parai Kec. Biak Kota Kab. Biak Numfor Prov. Papua,Kab. Biak Numfor,,Papua
60300625,SMA NEGERI 1 MERAUKE,https://sekolah.data.kemdikbud.go.id/index.php/Chome/profil/DA04753B-9F73-49F3-8655-B6B0FB84C0CE,JL. BIAK MERAUKE Mandala Kec. Merauke Kab. Merauke Prov. Papua Selatan,Kab. Merauke,,Papua Selatan
70050770,SMA NABAWI ISLAMIC SCHOOL,https://sekolah.data.kemdikbud.go.id/index.php/Chome/profil/C7AEE5FA-D445-44D2-956D-B6B7038A0C01,"JL. SUNAN GIRI NO. 5 A, RT. 008, RW. 015 Rawamangun Kec. Pulo Gadung Kota Adm. Jakarta Timur Prov. D.K.I. Jakarta",,Kota Adm. Jakarta Timur,D.K.I. Jakarta
30409878,SMAN 10 BERAU,https://sekolah.data.kemdikbud.go.id/index.php/Chome/profil/ED3204AE-0A4F-456E-82AB-B6B93E7993A0,JL. RAJA  ALAM III RT.07 BATU PUTIH Batu Putih Kec. Batu Putih Kab. Berau Prov. Kalimantan Timur,Kab. Berau,,Kalimantan Timur
20402794,SMA NEGERI 1 WATES,https://sekolah.data.kemdikbud.go.id/index.php/Chome/profil/3B88B1F2-A76A-42C4-B10A-B6BACA69BD6F,"Jln. Terbahsari No.1, Wates, Wates, Kulo... Wates Kec. Wates Kab. Kulon Progo Prov. D.I. Yogyakarta",Kab. Kulon Progo,,D.I. Yogyakarta
69962641,SMA SMART INDONESIA,https://sekolah.data.kemdikbud.go.id/index.php/Chome/profil/1ADE0B55-A6A4-41F6-9D65-B6C006F44576,Jl. Sembilang Rumbai Limbungan Kec. Rumbai Timur Kota Pekanbaru Prov. Riau,,Kota Pekanbaru,Riau
30400534,SMA NEGERI 1 NUNUKAN,https://sekolah.data.kemdikbud.go.id/index.php/Chome/profil/0576B643-A95D-4F63-AEED-B6C6581ABEF6,JL. FATAHILLAH no. 137 Nunukan Tengah Kec. Nunukan Kab. Nunukan Prov. Kalimantan Utara,Kab. Nunukan,,Kalimantan Utara
30202760,SMAS KRISTEN TUMBANG SAMBA,https://sekolah.data.kemdikbud.go.id/index.php/Chome/profil/07C55B79-AA47-4D77-A500-B6C835D01A6F,"JL. PEMUDA, SAMBA DANUM, TUMBANG SAMBA Samba Danum Kec. Katingan Tengah Kab. Katingan Prov. Kalimantan Tengah",Kab. Katingan,,Kalimantan Tengah
69830527,SMAN 13 MUARO JAMBI,https://sekolah.data.kemdikbud.go.id/index.php/Chome/profil/BDAAC2A8-5168-455D-ACCB-B6CAAED902A9,Jl Lintas Tempino - Penerokan - Bajubang... Tanjung Pauh 32 Kec. Mestong Kab.  Muaro Jambi Prov. Jambi,Kab.  Muaro Jambi,,Jambi
20100811,SMAN 41 JAKARTA,https://sekolah.data.kemdikbud.go.id/index.php/Chome/profil/15028B3F-B12A-427D-B407-B6CC7D61F8BB,JL. LAKS. RE MARTADINATA Sunter Agung Kec. Tanjung Priok Kota Adm. Jakarta Utara Prov. D.K.I. Jakarta,,Kota Adm. Jakarta Utara,D.K.I. Jakarta
40100913,SMAS KRISTEN DAMAI RERER,https://sekolah.data.kemdikbud.go.id/index.php/Chome/profil/A8BD6ECA-88D9-42FA-92C4-B6CD16423023,JL. KALAWIRAN Rerer Kec. Kombi Kab. Minahasa Prov. Sulawesi Utara,Kab. Minahasa,,Sulawesi Utara
10104038,SMA NEGERI 1 SINGKIL UTARA,https://sekolah.data.kemdikbud.go.id/index.php/Chome/profil/71B5A0E8-410A-418E-9081-B6D17BB65245,JL. SINGKIL - RIMO KM. 17 GOSONG TELAGA Ketapang Indah Kec. Singkil Utara Kab. Aceh Singkil Prov. Aceh,Kab. Aceh Singkil,,Aceh
70011714,SMA ISLAM AL MUAWANAH,https://sekolah.data.kemdikbud.go.id/index.php/Chome/profil/991C1F32-E355-4AD6-91AC-B6D520A970C6,Desa Suka Mukti Blok A Dusun I Suka Mukti Kec. Mesuji Kab. Ogan Komering Ilir Prov. Sumatera Selatan,Kab. Ogan Komering Ilir,,Sumatera Selatan
30104905,SMAS MUHAMMADIYAH NANGA PINOH,https://sekolah.data.kemdikbud.go.id/index.php/Chome/profil/A7FD449D-E249-48E4-ADF4-B6DB7878ED7E,JL. KOTA BARU KM. 2 NANGA PINOH Tanjung Niaga Kec. Nanga Pinoh Kab. Melawi Prov. Kalimantan Barat,Kab. Melawi,,Kalimantan Barat
60726062,SMAS KRISTEN PELITA KASIH,https://sekolah.data.kemdikbud.go.id/index.php/Chome/profil/02E4BE4B-CCEC-413E-8BA7-B6E05CA6A71E,JL. MONGINSIDI BARU NO.23 MAKASSAR Bara-Baraya Selatan Kec. Makasar Kota Makassar Prov. Sulawesi Selatan,,Kota Makassar,Sulawesi Selatan
20540064,SMAS MUHAMMADIYAH 2,https://sekolah.data.kemdikbud.go.id/index.php/Chome/profil/8A016963-939C-4050-822B-B6E0C01B7048,JL. MOJOPAHIT NO. 666 B Celep Kec. Sidoarjo Kab. Sidoarjo Prov. Jawa Timur,Kab. Sidoarjo,,Jawa Timur
20540169,SMAS NU GENTENG,https://sekolah.data.kemdikbud.go.id/index.php/Chome/profil/76041566-9ED4-4872-955D-B6E1E20E5301,JL. K.H. HASYIM ASYARI NO.157 Genteng Wetan Kec. Genteng Kab. Banyuwangi Prov. Jawa Timur,Kab. Banyuwangi,,Jawa Timur
60726439,SMA NEGERI 2 TELUK DALAM,https://sekolah.data.kemdikbud.go.id/index.php/Chome/profil/11F08612-34FE-445A-B256-B6EE88DB2056,JL. NYAK ALI KM. 01 Kuala Baru Kec. Teluk Dalam Kab. Simeulue Prov. Aceh,Kab. Simeulue,,Aceh
10202790,SMA NEGERI 1 SILIMAKUTA,https://sekolah.data.kemdikbud.go.id/index.php/Chome/profil/B6B9D19E-B76C-4D65-BDA7-B6EF1F151D72,SILIMAKUTA Saribu Dolok Kec. Silimakuta Kab. Simalungun Prov. Sumatera Utara,Kab. Simalungun,,Sumatera Utara
20219766,SMAS PASUNDAN 2 BANDUNG,https://sekolah.data.kemdikbud.go.id/index.php/Chome/profil/55AFB050-B48B-42EA-A2C1-B6F4C3ADE16A,Jl. Cihampelas No. 167 Cipaganti Kec. Coblong Kota Bandung Prov. Jawa Barat,,Kota Bandung,Jawa Barat
69963181,SMA NEGERI 2 TOILI,https://sekolah.data.kemdikbud.go.id/index.php/Chome/profil/0E8C6CB6-9E81-4230-9364-B6F55AC0B4D1,Desa Mansahang Kec. Toili Kab. Banggai P... Mansahang Kec. Toili Kab. Banggai Prov. Sulawesi Tengah,Kab. Banggai,,Sulawesi Tengah
10806079,SMAN 1 SEKAMPUNG,https://sekolah.data.kemdikbud.go.id/index.php/Chome/profil/CFCE8A55-5E47-48A3-ABC5-B6FE016913DD,"DUSUN IV, DESA HARGOMULYO Hargomulyo Kec. Sekampung Kab. Lampung Timur Prov. Lampung",Kab. Lampung Timur,,Lampung
30304240,SMAS ISLAM SABILAL MUHTADIN,https://sekolah.data.kemdikbud.go.id/index.php/Chome/profil/BB7D2302-1850-4A15-943A-B701596868D5,JL. SULTAN ADAM KOMPLEK MALKON TEMON RT.... Surgi Mufti Kec. Banjarmasin Utara Kota Banjarmasin Prov. Kalimantan Selatan,,Kota Banjarmasin,Kalimantan Selatan
10300296,SMA NEGERI 1 BANUHAMPU,https://sekolah.data.kemdikbud.go.id/index.php/Chome/profil/568CD72D-31C6-4271-A322-B70CE477AA03,JL.RAYA PADANG LUA-MANINJAU PAKAN SINAYAN Kec. Banuhampu Kab. Agam Prov. Sumatera Barat,Kab. Agam,,Sumatera Barat
20505011,SMA NEGERI 1 SINGGAHAN TUBAN,https://sekolah.data.kemdikbud.go.id/index.php/Chome/profil/ED17B796-B8BA-4635-BDEF-B715D11113F1,Jl. Raya Mulyoagung No. 1122 Singgahan T... Mulyoagung Kec. Singgahan Kab. Tuban Prov. Jawa Timur,Kab. Tuban,,Jawa Timur
69762786,SMAN 10 KENDARI,https://sekolah.data.kemdikbud.go.id/index.php/Chome/profil/85DCA504-8ED4-4E90-AFB7-B717002D59C0,JL. BOULEVARD Mokoau Kec. Kambu Kota Kendari Prov. Sulawesi Tenggara,,Kota Kendari,Sulawesi Tenggara
60202102,SMA NEGERI 9 KEPULAUAN SULA,https://sekolah.data.kemdikbud.go.id/index.php/Chome/profil/450E5681-BA01-4A2F-8CBB-B726E0FEB78B,JL. SISWA Baleha Kec. Sula Besi Timur Kab. Kepulauan Sula Prov. Maluku Utara,Kab. Kepulauan Sula,,Maluku Utara
20540051,SMAS DARUSSALAMAH,https://sekolah.data.kemdikbud.go.id/index.php/Chome/profil/C0A9C3B1-899A-4E59-B2C9-B72AEE2357A5,JL. KYAI MOJO NO.10 Jeruk Gamping Kec. Krian Kab. Sidoarjo Prov. Jawa Timur,Kab. Sidoarjo,,Jawa Timur
70003841,SMA ISLAM AL AKHYAR MAKASSAR,https://sekolah.data.kemdikbud.go.id/index.php/Chome/profil/5E09EB15-A014-47A2-8D79-B72E6350138E,Jl. Arung Teko No. 99 Sudiang Makassar Sudiang Kec. Biringkanaya Kota Makassar Prov. Sulawesi Selatan,,Kota Makassar,Sulawesi Selatan
10102790,SMAN 1 LABUHAN HAJI TIMUR,https://sekolah.data.kemdikbud.go.id/index.php/Chome/profil/5E829654-A241-4BDB-8EBA-B7302D8EE73E,JL.SEUGUNCA NAM Tengah Peulumat Kec. Labuhan Haji Timur Kab. Aceh Selatan Prov. Aceh,Kab. Aceh Selatan,,Aceh
30402814,SMA NEGERI 2 NUNUKAN,https://sekolah.data.kemdikbud.go.id/index.php/Chome/profil/27D81E58-B61F-456E-8FF0-B730329497D3,JL. KOMP. PASIR PUTIH Nunukan Tengah Kec. Nunukan Kab. Nunukan Prov. Kalimantan Utara,Kab. Nunukan,,Kalimantan Utara
70015180,SMA IT MARAQITTALIMAT TIRTANADI,https://sekolah.data.kemdikbud.go.id/index.php/Chome/profil/5992E293-19C2-4AD1-8E5C-B73BD140D2B2,Jl. Korleko Desa Tirtanadi Kec. Labuhan ... TIRTANADI Kec. Labuhan Haji Kab. Lombok Timur Prov. Nusa Tenggara Barat,Kab. Lombok Timur,,Nusa Tenggara Barat
69912064,SMAS ISLAM DARUS SALAM,https://sekolah.data.kemdikbud.go.id/index.php/Chome/profil/CA329D20-9AB9-4FE0-B7E3-B744A856E7E9,Dusun Sloros Batoporo Barat Kec. Kedungdung Kab. Sampang Prov. Jawa Timur,Kab. Sampang,,Jawa Timur
30301799,SMAN 3 KANDANGAN,https://sekolah.data.kemdikbud.go.id/index.php/Chome/profil/93E88054-0697-4422-9655-B751759E7FB0,JALAN KAMBOJA Kandangan Utara Kec. Kandangan Kab. Hulu Sungai Selatan Prov. Kalimantan Selatan,Kab. Hulu Sungai Selatan,,Kalimantan Selatan
69878677,SMA NEGERI KELUBAGOLIT,https://sekolah.data.kemdikbud.go.id/index.php/Chome/profil/23394687-ECB8-4D88-ACA7-B751F2C2350E,JL. TRANS WAIWERANG - SAGU KM 14 Hinga Kec. Kelubagolit Kab. Flores Timur Prov. Nusa Tenggara Timur,Kab. Flores Timur,,Nusa Tenggara Timur
10609782,SMA XAVERIUS LUBUKLINGGAU,https://sekolah.data.kemdikbud.go.id/index.php/Chome/profil/D10221B5-4D8E-426C-92FF-B75376A849A2,JL. TAPAK LEBAR II / 449 KEL SIDOREJO Sidorejo Kec. Lubuk Linggau Barat II Kota Lubuk Linggau Prov. Sumatera Selatan,,Kota Lubuk Linggau,Sumatera Selatan
10206580,SMAN 1 MATAULI PANDAN,https://sekolah.data.kemdikbud.go.id/index.php/Chome/profil/4D4B0FBB-2041-43E0-8810-B7595E7FCC1F,"Jl. Ki Hajar Dewantara No. 1, Pandan Sibuluan Indah Kec. Pandan Kab. Tapanuli Tengah Prov. Sumatera Utara",Kab. Tapanuli Tengah,,Sumatera Utara
50103120,SMA Negeri 7 Denpasar,https://sekolah.data.kemdikbud.go.id/index.php/Chome/profil/4DEB195B-987B-4A49-9849-B75A3A1D777F,JL. KAMBOJA  NO 9 DENPASAR Dangin Puri Kangin Kec. Denpasar Utara Kota Denpasar Prov. Bali,,Kota Denpasar,Bali
20326436,SMA NEGERI 2 BREBES,https://sekolah.data.kemdikbud.go.id/index.php/Chome/profil/E563AF85-DA6D-4FD8-A8AF-B75ABF56CEC5,JL. AHMAD YANI NO 77 BREBES Brebes Kec. Brebes Kab. Brebes Prov. Jawa Tengah,Kab. Brebes,,Jawa Tengah
20217786,SMAN 1 KARAWANG,https://sekolah.data.kemdikbud.go.id/index.php/Chome/profil/7120DABB-A5C3-4134-88FE-B75BEDF1F9E6,JL. Jendral Ahmad Yani No. 22 Nagasari Kec. Karawang Barat Kab. Karawang Prov. Jawa Barat,Kab. Karawang,,Jawa Barat
70026792,SMA Qur`an el Tahfidh,https://sekolah.data.kemdikbud.go.id/index.php/Chome/profil/BC32AA54-C56E-4839-A91F-B7606425CD81,Kp. Kubang 2 RT. 11 RW. 05 Jatisari Kec. Cileungsi Kab. Bogor Prov. Jawa Barat,Kab. Bogor,,Jawa Barat
10101312,SMA NEGERI 2 DEWANTARA,https://sekolah.data.kemdikbud.go.id/index.php/Chome/profil/C42ABBD0-315B-4048-BC10-B76354CD5E18,Jln Mesjid Jabal Nur Paloh Lada Kecamata... Paloh Lada Kec. Dewantara Kab. Aceh Utara Prov. Aceh,Kab. Aceh Utara,,Aceh
70040372,SMA IT AL-HUDA,https://sekolah.data.kemdikbud.go.id/index.php/Chome/profil/B4A9E377-FC7E-4830-8D84-B763E8D89E03,Dusun II Blok Cipetir RT.003 RW.002 Kertawangunan Kec. Sindangagung Kab. Kuningan Prov. Jawa Barat,Kab. Kuningan,,Jawa Barat
20566374,SMAS DHARMA WIRAWAN XII,https://sekolah.data.kemdikbud.go.id/index.php/Chome/profil/2CE83E51-DCBB-4D98-8E1B-B7672FBC35F6,JL.RAYA SIDODADI Sidodadi Kec. Gedangan Kab. Malang Prov. Jawa Timur,Kab. Malang,,Jawa Timur
69974387,SMAS TUNAS BANGSA,https://sekolah.data.kemdikbud.go.id/index.php/Chome/profil/921FEE5C-2610-4640-BD32-B76DF518DE7F,Jl. Kota Kapur Blok C 723 Lagoi Bintan Sebong Lagoi Kec. Teluk Sebong Kab. Bintan Prov. Kepulauan Riau,Kab. Bintan,,Kepulauan Riau
20246334,SMAS AZ ZAINIYYAH,https://sekolah.data.kemdikbud.go.id/index.php/Chome/profil/DE2F614E-A693-48B7-B3A5-B7705658375E,JL. Pondok Halimun Nagrog Desa Perbawati Perbawati Kec. Sukabumi Kab. Sukabumi Prov. Jawa Barat,Kab. Sukabumi,,Jawa Barat
10605603,SMAS RAHMANIYAH SEKAYU,https://sekolah.data.kemdikbud.go.id/index.php/Chome/profil/C438307D-0A9F-4C1B-8635-B77128AD0C30,JL. KOL. H. AMIR HAMZAH Serasan Jaya Kec. Sekayu Kab. Musi Banyuasin Prov. Sumatera Selatan,Kab. Musi Banyuasin,,Sumatera Selatan
50302951,SMAS KATOLIK KEJORA RIUNG,https://sekolah.data.kemdikbud.go.id/index.php/Chome/profil/3EF426C8-2391-4EA3-B60C-B77143991A36,RIUNG Benteng Tengah Kec. Riung Kab. Ngada Prov. Nusa Tenggara Timur,Kab. Ngada,,Nusa Tenggara Timur
10504583,SMAN 7 KOTA JAMBI,https://sekolah.data.kemdikbud.go.id/index.php/Chome/profil/DDCE492F-F04E-4519-9044-B77247E703B0,JL. KH. M. ZUHDI Ulu Gedong Kec. Danau Teluk Kota Jambi Prov. Jambi,,Kota Jambi,Jambi
10211306,SMAS YPIS MAJU,https://sekolah.data.kemdikbud.go.id/index.php/Chome/profil/81607469-85B8-41F7-BB75-B776287041E7,JL. T. A.HAMZAH N0 638 BINJAI Jati Karya Kec. Binjai Utara Kota Binjai Prov. Sumatera Utara,,Kota Binjai,Sumatera Utara
20338230,SMAS KRISTEN PURWOKERTO,https://sekolah.data.kemdikbud.go.id/index.php/Chome/profil/825A43B3-DA3B-42D1-AE42-B78182903C8F,JL. JEND. GATOT SUBROTO NO. 89 PURWOKERT... Purwokerto Lor Kec. Purwokerto Timur Kab. Banyumas Prov. Jawa Tengah,Kab. Banyumas,,Jawa Tengah
20309681,SMA NEGERI 1 JOGONALAN,https://sekolah.data.kemdikbud.go.id/index.php/Chome/profil/078B0EE5-639E-4134-94F6-B78654399C36,"JL. KLATEN - YOGYA KM.7/23,PRAWATAN, JOG... Prawatan Kec. Jogonalan Kab. Klaten Prov. Jawa Tengah",Kab. Klaten,,Jawa Tengah
10208724,SMAN 1 DOLOK SANGGUL,https://sekolah.data.kemdikbud.go.id/index.php/Chome/profil/7DBE48D9-4B13-4B0B-96A4-B786757CA2CD,"JL. BONANDOLOK KM. 2,5 Purba Dolok Kec. Doloksanggul Kab. Humbang Hasundutan Prov. Sumatera Utara",Kab. Humbang Hasundutan,,Sumatera Utara
10104049,SMA NEGERI 1 SURO,https://sekolah.data.kemdikbud.go.id/index.php/Chome/profil/33FECD99-B9F5-41DF-80D3-B78ABCEF8AD6,JL. GURU PINTO SIOMPIN Siompin Kec. Suro Makmur Kab. Aceh Singkil Prov. Aceh,Kab. Aceh Singkil,,Aceh
69992885,SMAS IT YUHANA FOUR DALLE GOWA,https://sekolah.data.kemdikbud.go.id/index.php/Chome/profil/0D50C3D0-D818-4219-827E-B793A0B0237F,Desa TanaKaraeng Tana Karaeng Kec. Manuju Kab. Gowa Prov. Sulawesi Selatan,Kab. Gowa,,Sulawesi Selatan
70052461,SMA Swasta Pelangi Budi Mandiri,https://sekolah.data.kemdikbud.go.id/index.php/Chome/profil/60EC6357-4337-4155-8546-B793AF980677,Jl. Sampul No. 29 Sei Putih Barat Kec. Medan Petisah Kota Medan Prov. Sumatera Utara,,Kota Medan,Sumatera Utara
30103476,SMA NEGERI 1 SIMPANG HILIR,https://sekolah.data.kemdikbud.go.id/index.php/Chome/profil/C71BD1EC-5BF4-4F0D-BB4A-B7952062F499,JL. PRAMUKA Teluk Melano Kec. Simpang Hilir Kab. Kayong Utara Prov. Kalimantan Barat,Kab. Kayong Utara,,Kalimantan Barat
10303446,SMAS PGRI 6,https://sekolah.data.kemdikbud.go.id/index.php/Chome/profil/52F627C1-387D-40B5-B282-B79710621FFE,JL. SUMATERA NO. 23 WISMA INDAH I ULAK K... Ulak Karang Utara Kec. Padang Utara Kota Padang Prov. Sumatera Barat,,Kota Padang,Sumatera Barat
30108665,SMAN 1 BATANG LUPAR,https://sekolah.data.kemdikbud.go.id/index.php/Chome/profil/A79714B7-63AA-46E1-A484-B797DA377F98,JL. LINTAS NANGA BUNUT LANJAK Lanjak Deras Kec. Batang Lupar Kab. Kapuas Hulu Prov. Kalimantan Barat,Kab. Kapuas Hulu,,Kalimantan Barat
70011713,SMA NEGERI 27 OKI,https://sekolah.data.kemdikbud.go.id/index.php/Chome/profil/ED13E5F3-32B5-40E6-9739-B79A6CB70164,Jln Raya Desa Balam Jeruju Balam Jeruju Kec. Cengal Kab. Ogan Komering Ilir Prov. Sumatera Selatan,Kab. Ogan Komering Ilir,,Sumatera Selatan
69970539,SMA ISLAM AS SAKINAH,https://sekolah.data.kemdikbud.go.id/index.php/Chome/profil/3BD8C086-8D74-41DA-B568-B7A8A1978F5F,Jl. Sungon RT 21 RW 06 Suko Kec. Sidoarjo Kab. Sidoarjo Prov. Jawa Timur,Kab. Sidoarjo,,Jawa Timur
20203701,SMAS AL IANAH CIANJUR,https://sekolah.data.kemdikbud.go.id/index.php/Chome/profil/C9F0561E-A1CD-44EC-97DF-B7A8AA666A84,JL. NYI. RADEN SITI BODEDAR NO. 24 Pamoyanan Kec. Cianjur Kab. Cianjur Prov. Jawa Barat,Kab. Cianjur,,Jawa Barat
69774616,SMA SWASTA PLUS EFARINA,https://sekolah.data.kemdikbud.go.id/index.php/Chome/profil/B9BA8C7D-48E7-4E62-8209-B7AC8E2B11FF,JLN. NAWAR TARGER NO.01 SARIBUDOLOK Saribu Dolok Kec. Silimakuta Kab. Simalungun Prov. Sumatera Utara,Kab. Simalungun,,Sumatera Utara
50205618,SMAS PGRI WOHA,https://sekolah.data.kemdikbud.go.id/index.php/Chome/profil/C57CC97E-D177-4BA8-AC51-B7B70904AE43,JL. LINTAS TENTE BIMA Rabakodo Kec. Woha Kab. Bima Prov. Nusa Tenggara Barat,Kab. Bima,,Nusa Tenggara Barat
69934741,SMA PLUS KOMARULAHYAR,https://sekolah.data.kemdikbud.go.id/index.php/Chome/profil/963E8250-B7AA-4ADF-8EB4-B7BA0A81F2CB,Kp. Cicomre RT 01 RW 01 Bojongkapol Kec. Bojonggambir Kab. Tasikmalaya Prov. Jawa Barat,Kab. Tasikmalaya,,Jawa Barat
10303478,SMAS MUHAMMADIYAH 3,https://sekolah.data.kemdikbud.go.id/index.php/Chome/profil/18FE485A-8FE2-4304-9172-B7BE256B0126,JL. BEROK RAYA SITEBA Surau Gadang Kec. Nanggalo Kota Padang Prov. Sumatera Barat,,Kota Padang,Sumatera Barat
50219630,SMA NWDI  SUKARARA,https://sekolah.data.kemdikbud.go.id/index.php/Chome/profil/9DB3B863-BA14-4AE3-8721-B7C2C146D681,Jl. Gunung Awas No. 02 Sukarara Kec. Sak... Sukarara Kec. Sakra Barat Kab. Lombok Timur Prov. Nusa Tenggara Barat,Kab. Lombok Timur,,Nusa Tenggara Barat
20202266,SMAN 1 NAGRAK,https://sekolah.data.kemdikbud.go.id/index.php/Chome/profil/9FD1B939-F31A-4E5F-A67E-B7C5D85D28DA,JL.  Raya Nagrak No.16 Nagrak Utara Kec. Nagrak Kab. Sukabumi Prov. Jawa Barat,Kab. Sukabumi,,Jawa Barat
20532216,SMAS YPPI 2 SURABAYA,https://sekolah.data.kemdikbud.go.id/index.php/Chome/profil/446888C5-1CEE-424B-BB7D-B7C6203613D1,JL. KAPASARI 126 - 128 Kapasan Kec. Simokerto Kota Surabaya Prov. Jawa Timur,,Kota Surabaya,Jawa Timur
10107197,SMA NEGERI 9 BANDA ACEH,https://sekolah.data.kemdikbud.go.id/index.php/Chome/profil/8AB0D127-9A97-418A-864A-B7C8D8925F08,KOMPLEK STADION HARAPAN BANGSA Lhong Raya Kec. Banda Raya Kota Banda Aceh Prov. Aceh,,Kota Banda Aceh,Aceh
69989831,SMA NEGERI 2 WEWEWA TIMUR,https://sekolah.data.kemdikbud.go.id/index.php/Chome/profil/5A6BE897-9C4D-4D7B-B9B4-B7D5AD31FB12,Jalan Pelli Mata Pyawu Kec. Wewewa Timur Kab. Sumba Barat Daya Prov. Nusa Tenggara Timur,Kab. Sumba Barat Daya,,Nusa Tenggara Timur
20223046,SMAN 3 BEKASI,https://sekolah.data.kemdikbud.go.id/index.php/Chome/profil/2F255CCA-6802-4FCF-AF85-B7D704E876B1,"JL. Pulo Ribung Raya Taman Galaxi Indah,... Pekayon Jaya Kec. Bekasi Selatan Kota Bekasi Prov. Jawa Barat",,Kota Bekasi,Jawa Barat
20529930,SMAS AL IHSAN,https://sekolah.data.kemdikbud.go.id/index.php/Chome/profil/DC026E0F-E96A-4900-8658-B7DE0E691ACF,Jl. Simpang Kayuaru No. 01 Kangayan Kangayan Kec. Kangayan Kab. Sumenep Prov. Jawa Timur,Kab. Sumenep,,Jawa Timur
10210865,SMAN 14 MEDAN,https://sekolah.data.kemdikbud.go.id/index.php/Chome/profil/4F301F25-9686-4828-B836-B7DE9E5DF412,JL. PELAJAR TIMUR UJUNG B I N J A I Kec. Medan Denai Kota Medan Prov. Sumatera Utara,,Kota Medan,Sumatera Utara
10643841,SMA NEGERI 1 RAMBANG KUANG,https://sekolah.data.kemdikbud.go.id/index.php/Chome/profil/4ECA8D69-EF62-4DD6-A7AE-B7E049610160,JL. BERINGIN DESA TAMBANGAN RAMBANG Tambang Rambang Kec. Rambang Kuang Kab. Ogan Ilir Prov. Sumatera Selatan,Kab. Ogan Ilir,,Sumatera Selatan
69978370,SMA SWASTA NESI NEONMAT,https://sekolah.data.kemdikbud.go.id/index.php/Chome/profil/7BADA786-CA0E-4DE6-A3F8-B7E3ADAED3C6,JL. INA BOI Pasir Panjang Kec. Kota Lama Kota Kupang Prov. Nusa Tenggara Timur,,Kota Kupang,Nusa Tenggara Timur
10201984,SMA SWASTA ADVENT LAURAKIT,https://sekolah.data.kemdikbud.go.id/index.php/Chome/profil/63DC0DFA-B631-448A-A10F-B7E63285286D,JL. KUTABULUH SIMOLE Kuta Galuh Kec. Tiganderket Kab. Karo Prov. Sumatera Utara,Kab. Karo,,Sumatera Utara
69882370,SMA PELITA NUSANTARA,https://sekolah.data.kemdikbud.go.id/index.php/Chome/profil/FA7600EF-2F4A-4574-84D6-B7E80B4BE8A3,JL. PALEDANG NO 297 A RT 05/02 Campaka Kec. Andir Kota Bandung Prov. Jawa Barat,,Kota Bandung,Jawa Barat
10110295,SMA Negeri 3 DARUL MAKMUR,https://sekolah.data.kemdikbud.go.id/index.php/Chome/profil/F8F879BF-7AD1-4189-B6D5-B7EA93CDCF0E,JL. TRIPA BAWAH Lueng Keube Jagat Kec. Tripa Makmur Kab. Nagan Raya Prov. Aceh,Kab. Nagan Raya,,Aceh
10211680,SMA Swasta Kristen Kalam Kudus,https://sekolah.data.kemdikbud.go.id/index.php/Chome/profil/2D0EAAB8-D56A-4B5C-A332-B7F087AE5A79,JL. PANE NO. 14 Karo Kec. Siantar Selatan Kota Pematangsiantar Prov. Sumatera Utara,,Kota Pematangsiantar,Sumatera Utara
40203609,SMAN 6 PALU,https://sekolah.data.kemdikbud.go.id/index.php/Chome/profil/8ED108F0-DC87-435F-9CD7-B7F15865EE42,JL. PADANJAKAYA Kelurahan Duyu Kec. Tatanga Kota Palu Prov. Sulawesi Tengah,,Kota Palu,Sulawesi Tengah
69870673,SMAS RAUDLATUT THULLAB,https://sekolah.data.kemdikbud.go.id/index.php/Chome/profil/92798A5D-B5FF-45D8-A839-B7F26101D198,Jl. Desa Pandiyangan Pandiyangan Kec. Robatal Kab. Sampang Prov. Jawa Timur,Kab. Sampang,,Jawa Timur
70051149,SMA AISYIYAH BOARDING SCHOOL PINRANG,https://sekolah.data.kemdikbud.go.id/index.php/Chome/profil/F7B18742-CB0B-4F9A-878C-B7F2D1D34948,Jl. Gatot Subroto Kel. Maccorawalie Kab.... Macorawalie Kec. Watang Sawitto Kab. Pinrang Prov. Sulawesi Selatan,Kab. Pinrang,,Sulawesi Selatan
69842626,SMA NEGERI 3 KOMODO,https://sekolah.data.kemdikbud.go.id/index.php/Chome/profil/8F568306-1D28-4AF9-B80B-B7F9D08E5E67,MEROMBOK Golo Bilas Kec. Komodo Kab. Manggarai Barat Prov. Nusa Tenggara Timur,Kab. Manggarai Barat,,Nusa Tenggara Timur
69754599,SMAS ISLAM SUMBERASIH,https://sekolah.data.kemdikbud.go.id/index.php/Chome/profil/780851BA-E478-4265-8FC5-B7FA7D839E8C,"JL. PESANTREN, NO. 07 Muneng Kidul Kec. Sumberasih Kab. Probolinggo Prov. Jawa Timur",Kab. Probolinggo,,Jawa Timur
50205625,SMAS DARUL HUSNA AMBALAWI,https://sekolah.data.kemdikbud.go.id/index.php/Chome/profil/6EDA6A61-84D9-43D9-9269-B800543B790C,JL. LINTAS BIMA-WERA KM. 42 Mawu Kec. Ambalawi Kab. Bima Prov. Nusa Tenggara Barat,Kab. Bima,,Nusa Tenggara Barat
10800671,SMAS TRI SUKSES,https://sekolah.data.kemdikbud.go.id/index.php/Chome/profil/308DFEB6-D7E3-47DF-A208-B8022E17DC7C,KOMP. PONPES NURUL HUDA Pemanggilan Kec. Natar Kab. Lampung Selatan Prov. Lampung,Kab. Lampung Selatan,,Lampung
10606488,SMAS YIS MARTAPURA,https://sekolah.data.kemdikbud.go.id/index.php/Chome/profil/79F2D71D-3A84-4D44-8455-B80240FA8D4B,Jln. Merdeka No 398 Terukis Terukis Rahayu Kec. Martapura Kab. Ogan Komering Ulu Timur Prov. Sumatera Selatan,Kab. Ogan Komering Ulu Timur,,Sumatera Selatan
10220596,SMAN 1 SIEMPAT NEMPU HULU,https://sekolah.data.kemdikbud.go.id/index.php/Chome/profil/547AFD42-A445-4DD9-81E7-B8078C9FD451,JL. PENDIDIKAN KM. 11 - SILUMBOYAH Silumboyah Kec. Siempat Nempu Hulu Kab. Dairi Prov. Sumatera Utara,Kab. Dairi,,Sumatera Utara
69907701,SMA Zainal Abidin,https://sekolah.data.kemdikbud.go.id/index.php/Chome/profil/ABE2341C-790D-4572-9A33-B808AA683FAC,Brani Kulon Brani Kulon Kec. Maron Kab. Probolinggo Prov. Jawa Timur,Kab. Probolinggo,,Jawa Timur
70052083,SMA Muhammadiyah Kuala Simpang,https://sekolah.data.kemdikbud.go.id/index.php/Chome/profil/27970A06-5A84-41A7-8AE3-B80BE31199F7,Jl. Letjen S.Parman No. 21 Kota Kuala Simpang Kec. Kualasimpang Kab. Aceh Tamiang Prov. Aceh,Kab. Aceh Tamiang,,Aceh
60102246,SMAS MUHAMMADIYAH OLONG SAWAI,https://sekolah.data.kemdikbud.go.id/index.php/Chome/profil/DB4ECC18-4C94-49A8-9BC9-B8104B13E201,JL. AKAI HAUN TAUN OLONG Olong Kec. Seram Utara Kab. Maluku Tengah Prov. Maluku,Kab. Maluku Tengah,,Maluku
10810189,SMAN 1 PAKUAN RATU,https://sekolah.data.kemdikbud.go.id/index.php/Chome/profil/9DA92884-1F4C-40EA-AC5C-B810548240A6,JL. NEGARA PAKUAN RATU Pakuan Ratu Kec. Pakuan Ratu Kab. Way Kanan Prov. Lampung,Kab. Way Kanan,,Lampung
10260764,SMAN 1 NAGA JUANG,https://sekolah.data.kemdikbud.go.id/index.php/Chome/profil/8C58A8FD-9587-4F5C-9F55-B8109D2C28FA,Komplek Perkantoran Kec. Naga Juang Simanosor Kec. Naga Juang Kab. Mandailing Natal Prov. Sumatera Utara,Kab. Mandailing Natal,,Sumatera Utara
10497356,SMAN 1 RAKIT KULIM,https://sekolah.data.kemdikbud.go.id/index.php/Chome/profil/00436B25-5E5A-4446-9648-B810DC15B4CA,KOTA BARU Kota Baru Kec. Rakit Kulim Kab. Indragiri Hulu Prov. Riau,Kab. Indragiri Hulu,,Riau
30112510,SMAN 2 KUALA MANDOR B,https://sekolah.data.kemdikbud.go.id/index.php/Chome/profil/EB51360D-D75F-487C-B5EE-B818AEFFCB32,JL. PARIT SRIWIJAYA Sungai Enau Kec. Kuala Mandor B Kab. Kubu Raya Prov. Kalimantan Barat,Kab. Kubu Raya,,Kalimantan Barat
20246383,SMAS AT-TAQWA 03,https://sekolah.data.kemdikbud.go.id/index.php/Chome/profil/C9175382-3776-4D9F-B630-B8207C73F53A,JL.IBNU SABIL KP.PANGKALAN RT 02/08 SUKA... Sukamekar Kec. Sukawangi Kab. Bekasi Prov. Jawa Barat,Kab. Bekasi,,Jawa Barat
10307530,SMAS PSM,https://sekolah.data.kemdikbud.go.id/index.php/Chome/profil/64D06145-3448-457F-8F27-B824A7EBE8C4,JL. D. A RIVA I NO. 17 Kayu Kubu Kec. Guguk Panjang Kota Bukittinggi Prov. Sumatera Barat,,Kota Bukittinggi,Sumatera Barat
10210829,SMAS WR SUPRATMAN 1,https://sekolah.data.kemdikbud.go.id/index.php/Chome/profil/A806B5A1-5792-4479-AC52-B82C733F5F87,JL. ASIA NO. 143 MEDAN Sei Rengas I Kec. Medan Kota Kota Medan Prov. Sumatera Utara,,Kota Medan,Sumatera Utara
20311320,SMA NEGERI 1 SLOGOHIMO,https://sekolah.data.kemdikbud.go.id/index.php/Chome/profil/ED814DAE-FBF4-4A14-9802-B830DF2EC119,Jl. Raya Slogohimo-Purwantoro Km. 1 Waru Kec. Slogohimo Kab. Wonogiri Prov. Jawa Tengah,Kab. Wonogiri,,Jawa Tengah
69841142,SMA AL FATTAH,https://sekolah.data.kemdikbud.go.id/index.php/Chome/profil/0DD619D0-DD7A-47D3-9D0C-B83164C0ACC5,Jl Sidoagung No.109 Singosari Candirenggo Kec. Singosari Kab. Malang Prov. Jawa Timur,Kab. Malang,,Jawa Timur
10204224,SMAN 1 AIR JOMAN,https://sekolah.data.kemdikbud.go.id/index.php/Chome/profil/8812DED3-9C2E-4A18-A090-B833591429FD,JL.LUBUK PALAS Air Joman Kec. Air Joman Kab. Asahan Prov. Sumatera Utara,Kab. Asahan,,Sumatera Utara
70047880,SMA IT FAJAR ILAHI BENGKONG,https://sekolah.data.kemdikbud.go.id/index.php/Chome/profil/8D94A6CE-8194-463F-9EAF-B83526E71604,"BENGKONG NUSANTARA 1 BLOK G, H NO. 18 RT... Sadai Kec. Bengkong Kota Batam Prov. Kepulauan Riau",,Kota Batam,Kepulauan Riau
20500459,SMAS MUHAMMADIYAH 6,https://sekolah.data.kemdikbud.go.id/index.php/Chome/profil/713099BA-018E-43AC-A081-B83AF2190776,JL. RAYA KEDUNGPRING NO. 21 BALONGPANGGA... Kedungpring Kec. Balong Panggang Kab. Gresik Prov. Jawa Timur,Kab. Gresik,,Jawa Timur
40500897,SMA NEGERI 1 SUWAWA,https://sekolah.data.kemdikbud.go.id/index.php/Chome/profil/75DC9268-5868-40CC-AB77-B83B130E8D97,JL. PASAR MINGGU Tingkohubu Kec. Suwawa Kab. Bone Bolango Prov. Gorontalo,Kab. Bone Bolango,,Gorontalo
20325295,SMA MUHAMMADIYAH MARGASARI,https://sekolah.data.kemdikbud.go.id/index.php/Chome/profil/E9C514D2-E12F-406B-9DD3-B83D36E2688C,JL. KERANDAN NO. 1 Margasari Kec. Margasari Kab. Tegal Prov. Jawa Tengah,Kab. Tegal,,Jawa Tengah
10400870,SMAS CENDANA MANDAU,https://sekolah.data.kemdikbud.go.id/index.php/Chome/profil/DB75A544-EEAB-40BB-B872-B83F9A4B2837,KOMPLEK KRAKATAU PT PHR DURI Pematang Pudu Kec. Mandau Kab. Bengkalis Prov. Riau,Kab. Bengkalis,,Riau
20100187,SMA KRISTEN 3 PENABUR,https://sekolah.data.kemdikbud.go.id/index.php/Chome/profil/065713B9-8E8F-4A73-90C2-B8457D85B1E0,JL. GUNUNG SAHARI RAYA NO. 90 A Gunung Sahari Selatan Kec. Kemayoran Kota Adm. Jakarta Pusat Prov. D.K.I. Jakarta,,Kota Adm. Jakarta Pusat,D.K.I. Jakarta
70003798,SMAS 99 MALENGKERI MAKASSAR,https://sekolah.data.kemdikbud.go.id/index.php/Chome/profil/44DB1CAB-3C72-4EFE-8831-B84AC63C7AEE,Jl. Greder No. 09 Kompleks PU Malengkeri... Mangasa Kec. Tamalate Kota Makassar Prov. Sulawesi Selatan,,Kota Makassar,Sulawesi Selatan
20244764,SMAS IT AL LUTFAH,https://sekolah.data.kemdikbud.go.id/index.php/Chome/profil/B7554D4E-3AE2-433F-872A-B851919D6A67,JL. VILLA MUTIARA NO. 3 CIKARANG SELATAN... Ciantra Kec. Cikarang Selatan Kab. Bekasi Prov. Jawa Barat,Kab. Bekasi,,Jawa Barat
20103182,SMAS PGRI 4 JAKARTA,https://sekolah.data.kemdikbud.go.id/index.php/Chome/profil/C73486FC-DEBE-468A-A4EA-B85B8D3160F7,JL. RAYA CIPAYUNG Cipayung Kec. Cipayung Kota Adm. Jakarta Timur Prov. D.K.I. Jakarta,,Kota Adm. Jakarta Timur,D.K.I. Jakarta
20601875,SMAN 1 MALINGPING,https://sekolah.data.kemdikbud.go.id/index.php/Chome/profil/A5A7448C-B5DF-4B5F-8A00-B85CE746AE49,JL. RAYA BAYAH KM. 4 NO. 39 MALINGPING Cilangkahan Kec. Malingping Kab. Lebak Prov. Banten,Kab. Lebak,,Banten
70029476,SMA Quran Al Zamriyah Islamic Boarding School,https://sekolah.data.kemdikbud.go.id/index.php/Chome/profil/87C4D2E0-D394-4D0E-B21B-B85E1719D8D2,Jorong Balai Rupih Simalanggang Kec. Payakumbuh Kab. Lima Puluh Kota Prov. Sumatera Barat,Kab. Lima Puluh Kota,,Sumatera Barat
60304204,SMAN KURULU,https://sekolah.data.kemdikbud.go.id/index.php/Chome/profil/0056986A-4680-4F42-A8FE-B862BDFCF50B,Jln abusa Abusa Kec. Kurulu Kab. Jayawijaya Prov. Papua Pegunungan,Kab. Jayawijaya,,Papua Pegunungan
70041383,SMA IT MENARA FITRAH,https://sekolah.data.kemdikbud.go.id/index.php/Chome/profil/6CBC8B14-D6DD-4C4E-A86E-B873C6A8F837,Jalan Lintas Timur Km.34 Komp SIT Menara... Indralaya Indah Kec. Indralaya Kab. Ogan Ilir Prov. Sumatera Selatan,Kab. Ogan Ilir,,Sumatera Selatan
69896450,SMA NEGERI 2 TEWAH,https://sekolah.data.kemdikbud.go.id/index.php/Chome/profil/A75E70E0-5E76-4BE6-BD28-B87424D85F8D,"Jl.Trans Kalimantan, Desa Rangan Mihing,... Rangan Mihing Kec. Tewah Kab. Gunung Mas Prov. Kalimantan Tengah",Kab. Gunung Mas,,Kalimantan Tengah
10806772,SMAN 1 KASUI,https://sekolah.data.kemdikbud.go.id/index.php/Chome/profil/882FF945-A8D9-4944-BBB5-B875BD52020C,"JL. BUKIT SULING,KASUI KASUI PASAR Kec. Kasui Kab. Way Kanan Prov. Lampung",Kab. Way Kanan,,Lampung
69900119,SMA PLUS AL-MUQORROBIN CISOMPET,https://sekolah.data.kemdikbud.go.id/index.php/Chome/profil/FE1EDCF8-2605-46E0-A24D-B87FB6088773,Kp. Cihideung Desa. Cikondang Cikondang Kec. Cisompet Kab. Garut Prov. Jawa Barat,Kab. Garut,,Jawa Barat
10405124,SMAN 1 KUBU BABUSSALAM,https://sekolah.data.kemdikbud.go.id/index.php/Chome/profil/047F59B0-D342-4060-979D-B8855E7080B7,JL.HANG TUAH TELUK NILAP Teluknilap Kec. Kubu Babussalam Kab.  Rokan Hilir Prov. Riau,Kab.  Rokan Hilir,,Riau
69933068,SMA NEGERI 15 AMBON,https://sekolah.data.kemdikbud.go.id/index.php/Chome/profil/D1E61900-33DB-4658-8C65-B88775CC910A,Jl. Wara Kembang Buton Hative Kecil Kec. Sirimau Kota Ambon Prov. Maluku,,Kota Ambon,Maluku
70024302,SMA QURAN NURUL HUDA,https://sekolah.data.kemdikbud.go.id/index.php/Chome/profil/3FAC28A0-1670-44EF-9BFD-B88CFB13CCC0,JL. Teluk Ratai Dusun Sukabumi II Sukajaya Lempasing Kec. Teluk Pandan Kab. Pesawaran Prov. Lampung,Kab. Pesawaran,,Lampung
20613471,SMAN 27 KABUPATEN TANGERANG,https://sekolah.data.kemdikbud.go.id/index.php/Chome/profil/E3D80110-D7D6-453C-8754-B894A51F6531,Jl. Raya Cisoka - Tmn Adiyasa No. 16 Kp.... Cireundeu Kec. Solear Kab. Tangerang Prov. Banten,Kab. Tangerang,,Banten
69983821,SMA NEGERI 9 TAMBUN SELATAN,https://sekolah.data.kemdikbud.go.id/index.php/Chome/profil/E1F0277E-BB40-446B-A602-B8999C53089B,JL. KP. Bulak Blok A No. 63 RT/RW 02/03 ... Mekarsari Kec. Tambun Selatan Kab. Bekasi Prov. Jawa Barat,Kab. Bekasi,,Jawa Barat
10300300,SMA NEGERI 1 KAMANG MAGEK,https://sekolah.data.kemdikbud.go.id/index.php/Chome/profil/7410D689-D078-4D99-B60C-B89FBB7C1E8C,JL. H. RIJAL ABDULLAH KAMANG HILIA Kec. Kamang Magek Kab. Agam Prov. Sumatera Barat,Kab. Agam,,Sumatera Barat
30305418,SMA ISLAMI TERPADU QARDHAN HASANA,https://sekolah.data.kemdikbud.go.id/index.php/Chome/profil/39B81975-FBC6-4F00-966B-B89FDB983366,JL.RAHAYU KOMP QARDHAN HASANA Mentaos Kec. Banjarbaru Utara Kota Banjarbaru Prov. Kalimantan Selatan,,Kota Banjarbaru,Kalimantan Selatan
20107269,SMAS AL CHASANAH,https://sekolah.data.kemdikbud.go.id/index.php/Chome/profil/286F9238-9665-4DDB-B565-B8A13AC7E2BF,JL. TANJUNG DUREN BARAT 3/1 Tanjung Duren Utara Kec. Grogol Petamburan Kota Adm. Jakarta Barat Prov. D.K.I. Jakarta,,Kota Adm. Jakarta Barat,D.K.I. Jakarta
69972701,SMA Negeri 26 Seram Bagian Barat,https://sekolah.data.kemdikbud.go.id/index.php/Chome/profil/A17D5D0C-C165-4188-AF1B-B8A8B2463EB5,Jln. Hatahulun Desa Buano Selatan Buano Selatan Kec. Huamual Belakang Kab. Seram Bagian Barat Prov. Maluku,Kab. Seram Bagian Barat,,Maluku
20520817,SMAS MATARAM TEMPURSARI,https://sekolah.data.kemdikbud.go.id/index.php/Chome/profil/5A0CACFE-7AE5-4E93-B0FA-B8AB2D2E76E7,JL. MASJID NO. 5 TEMPURSARI Tempursari Kec. Tempursari Kab. Lumajang Prov. Jawa Timur,Kab. Lumajang,,Jawa Timur
20314907,SMA MUHAMMADIYAH 1 BLORA,https://sekolah.data.kemdikbud.go.id/index.php/Chome/profil/C860FA6A-357D-4666-835D-B8AE22BC3542,JL. AGIL KUSUMODIYO  NO. 41 Kunden Kec. Kota Blora Kab. Blora Prov. Jawa Tengah,Kab. Blora,,Jawa Tengah
10211703,SMAN 3 PEMATANG SIANTAR,https://sekolah.data.kemdikbud.go.id/index.php/Chome/profil/FB22374D-CF37-47E1-8493-B8B3EA7F07EA,JL. PANE Tomuan Kec. Siantar Timur Kota Pematangsiantar Prov. Sumatera Utara,,Kota Pematangsiantar,Sumatera Utara
10257745,SMAN 1 TEBING TINGGI,https://sekolah.data.kemdikbud.go.id/index.php/Chome/profil/0D8485BF-4BC0-4387-B131-B8BACB9B703F,JL. BESAR PAYA MABAR NO. 4 Paya Mabar Kec. Tebing Tinggi Kab. Serdang Bedagai Prov. Sumatera Utara,Kab. Serdang Bedagai,,Sumatera Utara
60201681,SMA MUHAMMADIYAH OBI,https://sekolah.data.kemdikbud.go.id/index.php/Chome/profil/7CA6156B-A5DF-4171-85EE-B8C332BFFFF7,JL. KETAPANG Madapolo Kec. Obi Utara Kab. Halmahera Selatan Prov. Maluku Utara,Kab. Halmahera Selatan,,Maluku Utara
60103505,SMA Negeri 23 Maluku Tengah,https://sekolah.data.kemdikbud.go.id/index.php/Chome/profil/5BE63AB4-EC5D-48F4-B908-B8C341604768,JLN.AIR KAWA AMAHAI Amahai Kec. Amahai Kab. Maluku Tengah Prov. Maluku,Kab. Maluku Tengah,,Maluku
40103831,SMAS KRISTEN KALI,https://sekolah.data.kemdikbud.go.id/index.php/Chome/profil/BEF0FB72-55AF-4B6A-B41B-B8C4F12F28EE,JL. KALI Kali Kec. Pineleng Kab. Minahasa Prov. Sulawesi Utara,Kab. Minahasa,,Sulawesi Utara
20324395,SMA AL FUDLOLA MOGA,https://sekolah.data.kemdikbud.go.id/index.php/Chome/profil/5155D819-DE7E-4B2D-83D3-B8C98592320E,JL. RAYA MOGA NO 99 - MOGA - PEMALANG Moga Kec. Moga Kab. Pemalang Prov. Jawa Tengah,Kab. Pemalang,,Jawa Tengah
69973317,SMAS HELLOMOTION,https://sekolah.data.kemdikbud.go.id/index.php/Chome/profil/541C2D65-4BD6-45DC-8926-B8CBA84B5D83,Jl. Merpati Raya No. 103A Sawah Kec. Ciputat Kota Tangerang Selatan Prov. Banten,,Kota Tangerang Selatan,Banten
20206170,SMA BANJAR ASRI CIMAUNG,https://sekolah.data.kemdikbud.go.id/index.php/Chome/profil/BA4FAEF8-53BB-41A6-8AF1-B8D2849C9C7F,JL. GUNUNG PUNTANG KM. 1 CIMAUNG Cimaung Kec. Cimaung Kab. Bandung Prov. Jawa Barat,Kab. Bandung,,Jawa Barat
60301039,SMAN 5 JAYAPURA,https://sekolah.data.kemdikbud.go.id/index.php/Chome/profil/7C43E434-FC5B-4E1D-A254-B8D2A3BE71BB,JL.ANGKASAPURA BASE G Angkasapura Kec. Jayapura Utara Kota Jayapura Prov. Papua,,Kota Jayapura,Papua
10814901,SMAN 1 JATI AGUNG,https://sekolah.data.kemdikbud.go.id/index.php/Chome/profil/C1A3BBA7-CB94-4AD7-89A4-B8D2F6D7F92A,JL. Niskala Wastukencana Margomulyo Kec. Jati Agung Kab. Lampung Selatan Prov. Lampung,Kab. Lampung Selatan,,Lampung
20227475,SMAN 6 GARUT,https://sekolah.data.kemdikbud.go.id/index.php/Chome/profil/192A8BC8-A04A-430C-B371-B8DCAD54A1AF,JL. GUNTUR MELATI NO. 12 GARUT Haurpanggung Kec. Tarogong Kidul Kab. Garut Prov. Jawa Barat,Kab. Garut,,Jawa Barat
10645829,SMA AL IHSAN,https://sekolah.data.kemdikbud.go.id/index.php/Chome/profil/8C00F02B-17C4-4447-933B-B8E15D70D106,JL.TANJUNG API-API KM.36 TELANG II Mulya Sari Kec. Tanjung Lago Kab. Banyuasin Prov. Sumatera Selatan,Kab. Banyuasin,,Sumatera Selatan
20227464,SMAN 8 GARUT,https://sekolah.data.kemdikbud.go.id/index.php/Chome/profil/9B40BA97-6C02-4F6D-A295-B8E53681E044,"JL. RAYA GARUT - TASIKMALAYA KM. 6,5 Pasanggrahan Kec. Cilawu Kab. Garut Prov. Jawa Barat",Kab. Garut,,Jawa Barat
70046663,SMA Islam Nurul Ihsan,https://sekolah.data.kemdikbud.go.id/index.php/Chome/profil/7028C4E8-F02E-4D13-92F6-B8E66479D4BF,Jl. Dr. Murjani No. 28 Pahandut Kec. Pahandut Kota Palangka Raya Prov. Kalimantan Tengah,,Kota Palangka Raya,Kalimantan Tengah
40403596,SMAN 1 POLI-POLIA,https://sekolah.data.kemdikbud.go.id/index.php/Chome/profil/65BE36AE-5BD9-4496-879F-B8E81DBC02C8,Jl. Poros Taosu Andowengga Taosu KEC. POLI-POLIA Kab. Kolaka Timur Prov. Sulawesi Tenggara,Kab. Kolaka Timur,,Sulawesi Tenggara
20306189,SMA NEGERI 11 PURWOREJO,https://sekolah.data.kemdikbud.go.id/index.php/Chome/profil/7E1001BD-7D4A-4634-941A-B8EA82F5D5D3,"DS. BUTUH, BUTUH, PURWOREJO Butuh Kec. Butuh Kab. Purworejo Prov. Jawa Tengah",Kab. Purworejo,,Jawa Tengah
50304949,SMAS BERINGIN,https://sekolah.data.kemdikbud.go.id/index.php/Chome/profil/CD1689CF-33F2-4B41-B9AD-B8F8059AC8AC,Jl. Delima No. 12 Oepura Oepura Kec. Maulafa Kota Kupang Prov. Nusa Tenggara Timur,,Kota Kupang,Nusa Tenggara Timur
20400871,SMA IKIP VETERAN NGEMPLAK,https://sekolah.data.kemdikbud.go.id/index.php/Chome/profil/D06F488C-1CB6-4BD1-9FC9-B8F8EDC1651C,"Jl. Cangkringan KM 8,2 Bimo Martani Kec. Ngemplak Kab. Sleman Prov. D.I. Yogyakarta",Kab. Sleman,,D.I. Yogyakarta
20103216,SMAS BUDHAYA 2 ST AGUSTINUS,https://sekolah.data.kemdikbud.go.id/index.php/Chome/profil/917D5695-048A-4D90-A9F3-B8FBA5B45996,"Jl. Radin Inten II, Buaran Duren Sawit Kec. Duren Sawit Kota Adm. Jakarta Timur Prov. D.K.I. Jakarta",,Kota Adm. Jakarta Timur,D.K.I. Jakarta
20525835,SMAS MUHAMMADIYAH 1 BANYUWANGI,https://sekolah.data.kemdikbud.go.id/index.php/Chome/profil/B067A28D-7EC3-413F-A592-B903E83C18E9,JL. BARONG (50 Meter Arah ke ST Banyuwan... Penganjuran Kec. Banyuwangi Kab. Banyuwangi Prov. Jawa Timur,Kab. Banyuwangi,,Jawa Timur
70040180,SMAN 3 NANGA PINOH,https://sekolah.data.kemdikbud.go.id/index.php/Chome/profil/9E8DE814-5EE0-4687-BA81-B905FFC7C654,Dusun Istana Kayan Nanga Kayan Kec. Nanga Pinoh Kab. Melawi Prov. Kalimantan Barat,Kab. Melawi,,Kalimantan Barat
69899332,SMA NEGERI 1 ULUGAWO,https://sekolah.data.kemdikbud.go.id/index.php/Chome/profil/5E1EF518-813F-4906-893A-B909C43FC267,Dusun I Desa Fatodano Fatodano Kec. Ulugawo Kab. Nias Prov. Sumatera Utara,Kab. Nias,,Sumatera Utara
69953289,SMAN 1 PULUBALA,https://sekolah.data.kemdikbud.go.id/index.php/Chome/profil/E326745F-AB10-4034-A85C-B90AC70C1C1E,DESA MULYONEGORO Mulyonegoro Kec. Pulubala Kab. Gorontalo Prov. Gorontalo,Kab. Gorontalo,,Gorontalo
70042516,SMA IT ANUGERAH INSANI,https://sekolah.data.kemdikbud.go.id/index.php/Chome/profil/660430F2-B31A-4A36-9265-B91295D2B012,Acropolis Blok LC No. 19 Jl. Raya Pemda ... Karadenan Kec. Cibinong Kab. Bogor Prov. Jawa Barat,Kab. Bogor,,Jawa Barat
20535454,SMAS KATOLIK MGR SOEGIJAPRANATA,https://sekolah.data.kemdikbud.go.id/index.php/Chome/profil/7DB18F27-5D56-4D3D-BD67-B91F59D3CDA8,JL. PANGLIMA SUDIRMAN 64 Purworejo Kec. Purworejo Kota Pasuruan Prov. Jawa Timur,,Kota Pasuruan,Jawa Timur
20605103,SMAN 2 KOTA SERANG,https://sekolah.data.kemdikbud.go.id/index.php/Chome/profil/630A8341-7103-4801-8E67-B920538BB13D,JL. RAYA PANDEGLANG KM 5 SERANG Karundang Kec. Cipocok Jaya Kota Serang Prov. Banten,,Kota Serang,Banten
20605096,SMAN 1 WARINGINKURUNG,https://sekolah.data.kemdikbud.go.id/index.php/Chome/profil/70AF9B1A-9845-49C0-B766-B92122924217,JL. KOMP. TAMAN KRAKATAU BLOK B 8 Waringinkurung Kec. Waringinkurung Kab. Serang Prov. Banten,Kab. Serang,,Banten
20223043,SMAN 6 BEKASI,https://sekolah.data.kemdikbud.go.id/index.php/Chome/profil/EE148C83-F022-40D8-912C-B923FE0B71B6,JL. ASRI LESTARI RAYA PERUM PONDOK MITRA... Jatirasa Kec. Jatiasih Kota Bekasi Prov. Jawa Barat,,Kota Bekasi,Jawa Barat
40307369,SMAS KATOLIK RAJAWALI,https://sekolah.data.kemdikbud.go.id/index.php/Chome/profil/E0AE27F5-4253-44A3-9F97-B925B9DC6C56,JL. LAMADUKELLENG NO. 07 Losari Kec. Ujung Pandang Kota Makassar Prov. Sulawesi Selatan,,Kota Makassar,Sulawesi Selatan
50202395,SMAS BIRRUL WALIDAIN NW RENSING,https://sekolah.data.kemdikbud.go.id/index.php/Chome/profil/C0F9D215-EC96-4DC0-9DB5-B932AF52E40A,"JL. HAMZANWADI BUNUT BAOK, RENSING Rensing Kec. Sakra Barat Kab. Lombok Timur Prov. Nusa Tenggara Barat",Kab. Lombok Timur,,Nusa Tenggara Barat
69816901,SMAN 1 KALANGANYAR,https://sekolah.data.kemdikbud.go.id/index.php/Chome/profil/3B86239B-D450-40FA-9433-B932E26A7AE3,JL KH. MOCH IDRUS KM 03 Pasir Kupa Kec. Kalanganyar Kab. Lebak Prov. Banten,Kab. Lebak,,Banten
60200296,SMAN 1 HALMAHERA UTARA,https://sekolah.data.kemdikbud.go.id/index.php/Chome/profil/9F6B88EA-4979-41C8-BCF3-B9333255F5F2,JL. SISWA DESA GAMSUNGI Gamsungi Kec. Tobelo Kab. halmahera Utara Prov. Maluku Utara,Kab. halmahera Utara,,Maluku Utara
20208421,SMAN 3 SUMEDANG,https://sekolah.data.kemdikbud.go.id/index.php/Chome/profil/E82F781F-14E1-49F5-AF36-B93692696160,JL. CIPADUNG NO. 54 Kotakaler Kec. Sumedang Utara Kab. Sumedang Prov. Jawa Barat,Kab. Sumedang,,Jawa Barat
50301007,SMAN 1 INSANA,https://sekolah.data.kemdikbud.go.id/index.php/Chome/profil/2A03C3AA-02F6-4024-AF7E-B93DAF03FE1C,OELOLOK Ainiut Kec. Insana Kab. Timor Tengah Utara Prov. Nusa Tenggara Timur,Kab. Timor Tengah Utara,,Nusa Tenggara Timur
60726122,SMAN 2 KASUI,https://sekolah.data.kemdikbud.go.id/index.php/Chome/profil/9FA994BE-19A3-4081-84FC-B93DD2608BCE,TANJUNG BULAN Tanjung Bulan Kec. Kasui Kab. Way Kanan Prov. Lampung,Kab. Way Kanan,,Lampung
20330284,SMAN 1 ROWOKELE,https://sekolah.data.kemdikbud.go.id/index.php/Chome/profil/26D7D97F-5E61-4D12-9840-B93F98A0242B,JL. Jatijajar Km. 04 Rowokele Kecamatan ... Rowokele Kec. Rowokele Kab. Kebumen Prov. Jawa Tengah,Kab. Kebumen,,Jawa Tengah
20101337,SMAS BHINEKA TUNGGAL IKA,https://sekolah.data.kemdikbud.go.id/index.php/Chome/profil/C7CFF469-FFA5-49E7-9BC8-B93FF7994A42,JL. K.H. M. MANSYUR NO. 222 A Tambora Kec. Tambora Kota Adm. Jakarta Barat Prov. D.K.I. Jakarta,,Kota Adm. Jakarta Barat,D.K.I. Jakarta
70041251,SMAN 2 KETUNGAU HULU,https://sekolah.data.kemdikbud.go.id/index.php/Chome/profil/1CF8901D-5F7F-4A53-847E-B9420C3348AF,Dusun Batih Raba Mungguk Entawak Kec. Ketungau Hulu Kab. Sintang Prov. Kalimantan Barat,Kab. Sintang,,Kalimantan Barat
69947905,SMA IT BAITUL HIKMAH AS-SHIDDIQ,https://sekolah.data.kemdikbud.go.id/index.php/Chome/profil/A5E9FC67-1637-452B-849C-B9468798B67A,Kp. Cikapunduhan RT 06 RW 02 Sirnajaya Kec. Pasirwangi Kab. Garut Prov. Jawa Barat,Kab. Garut,,Jawa Barat
20300728,SMA NEGERI 2 CILACAP,https://sekolah.data.kemdikbud.go.id/index.php/Chome/profil/E28FE337-00B0-4C18-A2EA-B94A1A3726BD,"JL. KETAPANG NO. 75, CILACAP Gumilir Kec. Cilacap Utara Kab. Cilacap Prov. Jawa Tengah",Kab. Cilacap,,Jawa Tengah
20324210,SMA NEGERI 1 BELIK,https://sekolah.data.kemdikbud.go.id/index.php/Chome/profil/EE147701-73A0-4FA9-A941-B94BCAB0F245,JL. RAYA DESA GUNUNGTIGA-BELIK Gunungtiga Kec. Belik Kab. Pemalang Prov. Jawa Tengah,Kab. Pemalang,,Jawa Tengah
40200737,SMAN 1 BALAESANG,https://sekolah.data.kemdikbud.go.id/index.php/Chome/profil/146024CE-1F69-40B3-BCDA-B94CF431C25B,JL. KH. MAHMUD NO.7B Tambu Kec. Balaesang Kab. Donggala Prov. Sulawesi Tengah,Kab. Donggala,,Sulawesi Tengah
10807034,SMAS MUHAMMADIYAH 1,https://sekolah.data.kemdikbud.go.id/index.php/Chome/profil/73E9829B-6320-4AEB-8E81-B94FE141F80B,JL. WOLTER MONGINSIDI Pengajaran Kec. Teluk Betung Utara Kota Bandar Lampung Prov. Lampung,,Kota Bandar Lampung,Lampung
69947368,SMA Negeri 59 Maluku Tengah,https://sekolah.data.kemdikbud.go.id/index.php/Chome/profil/53927C95-37E0-4654-B493-B9566F5554D5,Jl. Pendidikan. Lintas Seram Saju-Tehoru Tehoru Kec. Tehoru Kab. Maluku Tengah Prov. Maluku,Kab. Maluku Tengah,,Maluku
10210830,SMAS WIDIASANA UTAMA,https://sekolah.data.kemdikbud.go.id/index.php/Chome/profil/322880D1-DA78-47CE-B718-B959A8CCC860,JL. YOSERIZAL NO. 3 A MEDAN Sei Rengas I Kec. Medan Kota Kota Medan Prov. Sumatera Utara,,Kota Medan,Sumatera Utara
69952468,SMA Negeri 2 Belimbing,https://sekolah.data.kemdikbud.go.id/index.php/Chome/profil/D04903C4-00B1-4D8A-B37C-B95A2A10C4EF,Desa Belonsat Belonsat Kec. Belimbing Kab. Melawi Prov. Kalimantan Barat,Kab. Melawi,,Kalimantan Barat
10202760,SMA NEGERI 1 PURBA,https://sekolah.data.kemdikbud.go.id/index.php/Chome/profil/ADBE16C9-F23B-4F41-964C-B95C564B8786,JL. SIMARJARUNJUNG NO.309 Tiga Runggu Kec. Purba Kab. Simalungun Prov. Sumatera Utara,Kab. Simalungun,,Sumatera Utara
69754728,SMAN 1 SORKAM,https://sekolah.data.kemdikbud.go.id/index.php/Chome/profil/F0DAD634-B176-40AC-875C-B95DBB3E5539,JL. H.O.S. COKROAMINOTO NO. 18 Sorkam Kec. Sorkam Kab. Tapanuli Tengah Prov. Sumatera Utara,Kab. Tapanuli Tengah,,Sumatera Utara
69775312,SMAN 2 BUNGKU,https://sekolah.data.kemdikbud.go.id/index.php/Chome/profil/C7FA99F1-DB20-48E0-BB36-B96BE1898DFE,BENTE Bente Kec. Bungku Tengah Kab. Morowali Prov. Sulawesi Tengah,Kab. Morowali,,Sulawesi Tengah
10202001,SMA SWASTA KATOLIK 2 KABANJAHE,https://sekolah.data.kemdikbud.go.id/index.php/Chome/profil/EBB09977-84BE-4EA7-B142-B97055229BFD,JLN. KOTACANE / RAKOETTA S. BRAHMANA KAB... Lau Cimba Kec. Kabanjahe Kab. Karo Prov. Sumatera Utara,Kab. Karo,,Sumatera Utara
70035304,SMA IT COBIG MAKASSAR,https://sekolah.data.kemdikbud.go.id/index.php/Chome/profil/78A88119-D930-4EBF-9D50-B9707747E9D5,Jl. A. Mangerangi 8 No. 10 Bongaya Kec. Tamalate Kota Makassar Prov. Sulawesi Selatan,,Kota Makassar,Sulawesi Selatan
70037183,SMA NEGERI 1 LOLI,https://sekolah.data.kemdikbud.go.id/index.php/Chome/profil/94C2FF69-73B7-48C9-BF58-B9830883B9E0,Malawo Dana Desa Bali Ledo Kecamatan Lol... Bali Ledo Kec. Loli Kab. Sumba Barat Prov. Nusa Tenggara Timur,Kab. Sumba Barat,,Nusa Tenggara Timur
69900830,SMAN 19 BULUKUMBA,https://sekolah.data.kemdikbud.go.id/index.php/Chome/profil/79CC0377-CEBA-4729-BE3B-B987C8A2F23F,"LINGKUNGAN GUSUNG,E JL. SUKUN KELURAHAN ... Jalanjang Kec. Gantarang Kab. Bulukumba Prov. Sulawesi Selatan",Kab. Bulukumba,,Sulawesi Selatan
20506293,SMA MA`ARIF 2 BRONDONG,https://sekolah.data.kemdikbud.go.id/index.php/Chome/profil/25E3395C-9789-4988-9486-B9912E9F8F11,Jl. Pendidikan No.01 Dusun Cumpleng Desa... Brengkok Kec. Brondong Kab. Lamongan Prov. Jawa Timur,Kab. Lamongan,,Jawa Timur
69954843,UPTD SMA NEGERI MASEWE,https://sekolah.data.kemdikbud.go.id/index.php/Chome/profil/473BE1EB-67F7-41FC-93C9-B9936BD222F0,Jl. Matari Allo Masewe Kec. Nosu Kab. Mamasa Prov. Sulawesi Barat,Kab. Mamasa,,Sulawesi Barat
20313073,SMAS MUHAMMADIYAH 9 SAMBIREJO,https://sekolah.data.kemdikbud.go.id/index.php/Chome/profil/D4C2FA94-0094-4F8C-803C-B999D00F2E7B,JL. SRAGEN - BALONG KM. 12 Sambirejo Kec. Sambirejo Kab. Sragen Prov. Jawa Tengah,Kab. Sragen,,Jawa Tengah
40100869,SMAN 1 LEMBEAN TIMUR,https://sekolah.data.kemdikbud.go.id/index.php/Chome/profil/5C29E430-1CF1-46C0-9FB7-B99AA843E8D9,Jaga V Tulap Kec. Kombi Kab. Minahasa Prov. Sulawesi Utara,Kab. Minahasa,,Sulawesi Utara
20208422,SMAN JATINANGOR,https://sekolah.data.kemdikbud.go.id/index.php/Chome/profil/F44630ED-14D4-497F-9B5B-B9A949B7F81C,JL. IR. SOEKARNO KM. 22 SUMEDANG HEGARMANAH Kec. Jatinangor Kab. Sumedang Prov. Jawa Barat,Kab. Sumedang,,Jawa Barat
