kode,nama,link_profil,alamat,kabupaten,kota,provinsi
50307294,SMAN 1 SOE,https://sekolah.data.kemdikbud.go.id/index.php/Chome/profil/BDBC37E9-19AC-4860-B00B-B9AA741CE235,Jalan Prof Dr.W.Z Yohanes No 33 SoE Soe Kec. Kota Soe Kab. Timor Tengah Selatan Prov. Nusa Tenggara Timur,Kab. Timor Tengah Selatan,,Nusa Tenggara Timur
60102008,SMAN 1 AMBON,https://sekolah.data.kemdikbud.go.id/index.php/Chome/profil/4C8C345A-8D71-4E48-B706-B9BAB6FDB2AA,JL.RAYA PATTIMURA NO. 28 URITETU Kec. Sirimau Kota Ambon Prov. Maluku,,Kota Ambon,Maluku
69972404,SMAS RIIHATUL JANNAH,https://sekolah.data.kemdikbud.go.id/index.php/Chome/profil/32F5DA05-D22B-4438-9D0F-B9BB4B4145BA,Kav. 1 No. 01 Legenda Malaka. Baloi Permai Kec. Batam Kota Kota Batam Prov. Kepulauan Riau,,Kota Batam,Kepulauan Riau
20237997,SMAN 4 TAMBUN SELATAN,https://sekolah.data.kemdikbud.go.id/index.php/Chome/profil/962E8035-5B6D-494F-8A12-B9BBE3C7BA69,PERUM GRIYA ASRI 2 BLOK F TAMBUN SELATAN Sumberjaya Kec. Tambun Selatan Kab. Bekasi Prov. Jawa Barat,Kab. Bekasi,,Jawa Barat
60302689,SMA NEGERI 2 MANSOBEN,https://sekolah.data.kemdikbud.go.id/index.php/Chome/profil/FE1CB763-B35C-4DEB-A378-B9C5AC846248,JL. PENDIDIKAN MANSOBEN Waryesi Kec. Supiori Timur Kab. Supiori Prov. Papua,Kab. Supiori,,Papua
70011524,SMAS INTEGRAL HIDAYATULLAH KONAWE,https://sekolah.data.kemdikbud.go.id/index.php/Chome/profil/AD769756-2942-43C6-A7D9-B9C6FE308262,JALAN NUSA INDAH NO 200 Toriki Kec. Anggaberi Kab. Konawe Prov. Sulawesi Tenggara,Kab. Konawe,,Sulawesi Tenggara
60301705,SMAN 1 WARSA,https://sekolah.data.kemdikbud.go.id/index.php/Chome/profil/9711BE26-D12D-4EAE-9F50-B9D27EFF9313,JL. RAYA WARSA Aman Kec. Warsa Kab. Biak Numfor Prov. Papua,Kab. Biak Numfor,,Papua
50302305,SMAN 1 NITA,https://sekolah.data.kemdikbud.go.id/index.php/Chome/profil/3E87E00D-5799-4113-81E2-B9D471F85463,JL. NITA-KOTING Tebuk Kec. Nita Kab. Sikka Prov. Nusa Tenggara Timur,Kab. Sikka,,Nusa Tenggara Timur
70043992,SMA PLUS AL ANWARIYAH,https://sekolah.data.kemdikbud.go.id/index.php/Chome/profil/44690F27-87C8-46B3-890E-B9EE3E6CF99E,Jl. Suropati Tegalgubug Lor Kec. Arjawinangun Kab. Cirebon Prov. Jawa Barat,Kab. Cirebon,,Jawa Barat
70040505,SMA ISLAM TERPADU QORDOVA,https://sekolah.data.kemdikbud.go.id/index.php/Chome/profil/13BCD298-F37A-4482-A44F-B9F24759903E,Jl. Rancaekek-Majalaya No. 378 A Rancaekek Wetan Kec. Rancaekek Kab. Bandung Prov. Jawa Barat,Kab. Bandung,,Jawa Barat
40102590,SMAS KATOLIK ST LAURENTIUS,https://sekolah.data.kemdikbud.go.id/index.php/Chome/profil/3BFDC107-B292-416C-BF19-B9F79C409947,JL. MAESA NO.6 Tikala Baru Kec. Tikala Kota Manado Prov. Sulawesi Utara,,Kota Manado,Sulawesi Utara
20606298,SMAS AL KHAIRIYAH 1,https://sekolah.data.kemdikbud.go.id/index.php/Chome/profil/99D442CC-916A-4159-99C9-B9FC8AFD2E27,JL. SUNAN BONANG LINK. PENAUAN KUBANGSAR... Kubangsari Kec. Ciwandan Kota Cilegon Prov. Banten,,Kota Cilegon,Banten
69956708,SMA AL-JUNDIYAH,https://sekolah.data.kemdikbud.go.id/index.php/Chome/profil/AEBF42CC-D9EC-4C7F-9F74-BA0324321395,Kp.Cipayung RT. 04 RW. 006 Warudoyong Kec. Cikalong Kulon Kab. Cianjur Prov. Jawa Barat,Kab. Cianjur,,Jawa Barat
10703004,SMAS PGRI ARGA MAKMUR,https://sekolah.data.kemdikbud.go.id/index.php/Chome/profil/8A11B2FF-B2C1-4E60-A9CF-BA03C0805ED3,JALAN IR SOEKARNO NO. 69 PRAMUKA Gunung Agung Kec. Arga Makmur Kab. Bengkulu Utara Prov. Bengkulu,Kab. Bengkulu Utara,,Bengkulu
69881035,Sekolah Negeri Khusus Olahraga,https://sekolah.data.kemdikbud.go.id/index.php/Chome/profil/292E9232-93C1-4D17-B058-BA08590D6280,Jl. Merah Putih Buper Waena Kec. Heram Kota Jayapura Prov. Papua,,Kota Jayapura,Papua
20303235,SMA MUHAMMADIYAH 1 PURBALINGGA,https://sekolah.data.kemdikbud.go.id/index.php/Chome/profil/0D7D91AF-6F51-4377-992F-BA0B98C2BE26,JL. ALUN - ALUN SELATAN NO. 2 Purbalingga Kidul Kec. Purbalingga Kab. Purbalingga Prov. Jawa Tengah,Kab. Purbalingga,,Jawa Tengah
69981784,SMA BUDI UTOMO BOARDING SCHOOL TARAKAN,https://sekolah.data.kemdikbud.go.id/index.php/Chome/profil/5F80E7AD-08B5-446C-A8BC-BA0C5BE50320,"Jl. Rambutan, RT. II, No. 036, Kampung E... Kampung Empat Kec. Tarakan Timur Kota Tarakan Prov. Kalimantan Utara",,Kota Tarakan,Kalimantan Utara
40203516,SMAS KATOLIK,https://sekolah.data.kemdikbud.go.id/index.php/Chome/profil/282734BD-2BE3-48CD-B298-BA0E67BA1C44,JL. DANAU POSO NO. 23 Ujuna Kec. Palu Barat Kota Palu Prov. Sulawesi Tengah,,Kota Palu,Sulawesi Tengah
10214127,SMA SWASTA METHODIST INDONESIA LUBUK PAKAM,https://sekolah.data.kemdikbud.go.id/index.php/Chome/profil/FFD6BEE8-66A2-4354-8733-BA1258D1364D,JL.TEUKU CIK DITIRO NO.34 LUBUK PAKAM Lubuk Pakam Pekan Kec. Lubuk Pakam Kab. Deli Serdang Prov. Sumatera Utara,Kab. Deli Serdang,,Sumatera Utara
69757215,SMAN 1 WAY KHILAU,https://sekolah.data.kemdikbud.go.id/index.php/Chome/profil/7B82E42B-8DAB-47E7-9EE2-BA143F21EDF9,JL.RAYA SUKAJAYA Sukajaya Kec. Way Khilau Kab. Pesawaran Prov. Lampung,Kab. Pesawaran,,Lampung
20246451,SMAS MUHAMMADIYAH SLIYEG,https://sekolah.data.kemdikbud.go.id/index.php/Chome/profil/794ED174-FC59-417B-BDA6-BA2BA812245D,JL. SILIWANGI NO. 62 Sliyeglor Kec. Sliyeg Kab. Indramayu Prov. Jawa Barat,Kab. Indramayu,,Jawa Barat
69861087,SMA YPK TIMIKA,https://sekolah.data.kemdikbud.go.id/index.php/Chome/profil/E2AF4CAB-BB41-4296-ADB9-BA2BCBCD2BC6,JL.SHOP.  GORONG-GORONG Kebun Sirih Kec. Mimika Baru Kab. Mimika Prov. Papua Tengah,Kab. Mimika,,Papua Tengah
20233659,SMAS PGRI 2 SUBANG,https://sekolah.data.kemdikbud.go.id/index.php/Chome/profil/FF03725C-7759-4D3C-965F-BA2E846F6DCB,JL. ARIEF RAHMAN HAKIM SUBANG NO.2 Cigadung Kec. Subang Kab. Subang Prov. Jawa Barat,Kab. Subang,,Jawa Barat
10310619,SMAS AL HIRA,https://sekolah.data.kemdikbud.go.id/index.php/Chome/profil/EDD0B6A1-0FB0-443B-944C-BA33B40A3A7F,JL. RAYA PADANG PANJANG-BUKITTINGGI KM 8 AIE ANGEK Kec. X Koto Kab. Tanah Datar Prov. Sumatera Barat,Kab. Tanah Datar,,Sumatera Barat
40200246,SMAN 2 BANGGAI,https://sekolah.data.kemdikbud.go.id/index.php/Chome/profil/F4491453-82D6-4B1C-992E-BA34790D743A,JL. PADANG RAYA NO. 1 Lompio Kec. Banggai Kab. Banggai Laut Prov. Sulawesi Tengah,Kab. Banggai Laut,,Sulawesi Tengah
20321434,SMA ISLAM SUDIRMAN TEMBARAK,https://sekolah.data.kemdikbud.go.id/index.php/Chome/profil/227B7748-6F39-4C58-B4BD-BA36C63C3DF1,JL. KESEHATAN 0.2 Menggoro Kec. Tembarak Kab. Temanggung Prov. Jawa Tengah,Kab. Temanggung,,Jawa Tengah
69873971,SMA SABILUL MUTTAQIEN,https://sekolah.data.kemdikbud.go.id/index.php/Chome/profil/81A816AC-6E6D-4158-A9BC-BA3ACC38AB8E,Dusun Bajo sadulang Kec. Sapeken Kab. Sumenep Prov. Jawa Timur,Kab. Sumenep,,Jawa Timur
20403214,SMAS BHINNEKA TUNGGAL IKA,https://sekolah.data.kemdikbud.go.id/index.php/Chome/profil/CA351A0B-1851-4E98-839F-BA42FF0E5CA2,JL. PONCOWINATAN 16 YOGYA Cokrodiningratan Kec. Jetis Kota Yogyakarta Prov. D.I. Yogyakarta,,Kota Yogyakarta,D.I. Yogyakarta
10300301,SMA NEGERI 1 MATUR,https://sekolah.data.kemdikbud.go.id/index.php/Chome/profil/3E98BF3B-4E40-4048-B4A4-BA45D462D5BE,JL. MATUR-PALEMBAYAN LAWANG Kec. Matur Kab. Agam Prov. Sumatera Barat,Kab. Agam,,Sumatera Barat
70047727,SMA Negeri 1 Gunung Sitember,https://sekolah.data.kemdikbud.go.id/index.php/Chome/profil/B29727DF-D44F-440C-AEBA-BA463AC9AAC4,Desa Gunung Sitember Gunung Sitember Kec. Gunung Stember Kab. Dairi Prov. Sumatera Utara,Kab. Dairi,,Sumatera Utara
69947958,SMA Swasta Taman Siswa Kodi Bangedo,https://sekolah.data.kemdikbud.go.id/index.php/Chome/profil/888CE608-D40B-412F-A948-BA4A22AD0B72,Wewek Umbu Ngedo Kec. Kodi Bangedo Kab. Sumba Barat Daya Prov. Nusa Tenggara Timur,Kab. Sumba Barat Daya,,Nusa Tenggara Timur
60401876,SMA NEGERI 1 RAJA AMPAT,https://sekolah.data.kemdikbud.go.id/index.php/Chome/profil/5343772D-0538-410D-8443-BA5555240C2E,JL. FRANS KAISEPO Sapordanco Kec. Kota Waisai Kab. Raja Ampat Prov. Papua Barat Daya,Kab. Raja Ampat,,Papua Barat Daya
69948400,SMA NUSA BANGSA,https://sekolah.data.kemdikbud.go.id/index.php/Chome/profil/C61787DF-9F05-4DE5-A161-BA55C7E9AC62,Kp. Pasirpogor RT 02 RW 06 Banjarwangi Kec. Banjarwangi Kab. Garut Prov. Jawa Barat,Kab. Garut,,Jawa Barat
69899492,SMA NEGERI 1 FEF,https://sekolah.data.kemdikbud.go.id/index.php/Chome/profil/7983E216-A9BD-40D0-B9D0-BA5A4852C5FE,JL WAREF AYIA KAMPUNG WAYO Wayo Kec. Fef Kab. Tambrauw Prov. Papua Barat Daya,Kab. Tambrauw,,Papua Barat Daya
20324213,SMA NEGERI 1 ULUJAMI,https://sekolah.data.kemdikbud.go.id/index.php/Chome/profil/9F385F1C-DC7B-47C4-98BB-BA5C0574E793,JALAN AKASIA NO. 07 Pamutih Kec. Ulujami Kab. Pemalang Prov. Jawa Tengah,Kab. Pemalang,,Jawa Tengah
20600451,SMAN 1 PANDEGLANG,https://sekolah.data.kemdikbud.go.id/index.php/Chome/profil/BDABF2ED-5BCD-46D4-820F-BA657F9B4DF1,JL. RAYA SERANG KM. 3 Cigadung Kec. Karang Tanjung Kab. Pandeglang Prov. Banten,Kab. Pandeglang,,Banten
50302953,SMAS ST FRANSISKUS XAVERIUS BOAWAE,https://sekolah.data.kemdikbud.go.id/index.php/Chome/profil/122B550A-9BB5-49A9-B99C-BA6AA79AF080,JL. BOAWAE SOA Natanage Kec. Boawae Kab. Nagekeo Prov. Nusa Tenggara Timur,Kab. Nagekeo,,Nusa Tenggara Timur
20603344,SMAS ISLAM NURUL HUDA KEDUNG,https://sekolah.data.kemdikbud.go.id/index.php/Chome/profil/0DE278E9-9ECD-4AC0-A310-BA6E01F98296,JL. SYECH NAWAWI NO. 2 Kedung Kec. Gunung Kaler Kab. Tangerang Prov. Banten,Kab. Tangerang,,Banten
10202656,SMA SWASTA BUKIT CAHAYA,https://sekolah.data.kemdikbud.go.id/index.php/Chome/profil/2414B310-C12B-4E2A-AB87-BA70AE9F6979,BATU 3 NAGORI BOSAR Nagori Bosar Kec. Panombeian Panei Kab. Simalungun Prov. Sumatera Utara,Kab. Simalungun,,Sumatera Utara
10402731,SMAN 1 UKUI,https://sekolah.data.kemdikbud.go.id/index.php/Chome/profil/3E49287A-7D0F-447A-B8B0-BA71906F2D08,JL. LINTAS TIMUR UKUI DUA Ukui Dua Kec. Ukui Kab.  Pelalawan Prov. Riau,Kab.  Pelalawan,,Riau
20502673,SMAS MANBAUL ULUM,https://sekolah.data.kemdikbud.go.id/index.php/Chome/profil/F016BF28-093F-49F0-9B54-BA7315698F49,Jl. KH Mansyur No. 06 Japanan Kemlagi Japanan Kec. Kemlagi Kab. Mojokerto Prov. Jawa Timur,Kab. Mojokerto,,Jawa Timur
69939495,SMA PGRI KALABAHI,https://sekolah.data.kemdikbud.go.id/index.php/Chome/profil/7B097994-7615-4BC2-86C7-BA74F3531AB1,Jl. FLAMBOYAN NO.1 TINGKAT SATU KALABAHI Kalabahi Kota Kec. Teluk Mutiara Kab. Alor Prov. Nusa Tenggara Timur,Kab. Alor,,Nusa Tenggara Timur
70041514,SMA DARUL IBTIDA,https://sekolah.data.kemdikbud.go.id/index.php/Chome/profil/4113B97A-D171-44B4-B613-BA7B57E64305,JL. R.E Martadinata KM. 3 Kp. Tanjong NARIMBANG MULIA Kec. Rangkasbitung Kab. Lebak Prov. Banten,Kab. Lebak,,Banten
10502391,SMAN 5 KERINCI,https://sekolah.data.kemdikbud.go.id/index.php/Chome/profil/DA8F5995-3DC3-409F-898D-BA8265E479DF,Jl. Hamparan Besar Lempur Dusun Baru Lempur Kec. Gunung Raya Kab.  Kerinci Prov. Jambi,Kab.  Kerinci,,Jambi
20214975,SMAS SUNAN GUNUNG JATI TENGAHTANI,https://sekolah.data.kemdikbud.go.id/index.php/Chome/profil/93F50420-E078-4648-A5F7-BA88F7F812EC,JL. DESA BATEMBAT TENGAHTANI Batembat Kec. Tengah Tani Kab. Cirebon Prov. Jawa Barat,Kab. Cirebon,,Jawa Barat
20225278,SMAN 3 BANJAR,https://sekolah.data.kemdikbud.go.id/index.php/Chome/profil/C5C75DA2-6009-4C8B-AB24-BA95FA9220D4,JL. KH Mustofa No. 117 Banjar Kec. Banjar Kota Banjar Prov. Jawa Barat,,Kota Banjar,Jawa Barat
69896933,SMA UNGGUL CUT NYAK DHIEN,https://sekolah.data.kemdikbud.go.id/index.php/Chome/profil/4D5EB1D8-7600-4DAA-B1E2-BA9F3BFD84E1,JL. PERUMNAS NO. 45 Paya Bujok Seuleumak Kec. Langsa Baro Kota Langsa Prov. Aceh,,Kota Langsa,Aceh
70008990,SMA ISLAM AL AZHAR 22,https://sekolah.data.kemdikbud.go.id/index.php/Chome/profil/54CD4E9D-CC71-460F-ACEF-BAA1A502D006,"Jalan Dr. Cipto Mangunkusumo, Jababeka Simpangan Kec. Cikarang Utara Kab. Bekasi Prov. Jawa Barat",Kab. Bekasi,,Jawa Barat
50102781,SMAN 1 SELAT,https://sekolah.data.kemdikbud.go.id/index.php/Chome/profil/FBEE0E76-58F2-4B2B-872F-BAA97C0C3DA5,BANGBANG BIAUNG KEC. SELAT KAB. KARANGAS... Duda Kec. Selat Kab. Karangasem Prov. Bali,Kab. Karangasem,,Bali
70055247,SMA SUMBARRANG,https://sekolah.data.kemdikbud.go.id/index.php/Chome/profil/6E1A9E9F-D029-4CA5-A615-BAB4D15AFA96,Dusun Sumbarrang Desa Borong Palala Keca... Borong Palala Kec. Pattallassang Kab. Gowa Prov. Sulawesi Selatan,Kab. Gowa,,Sulawesi Selatan
70010191,SMA ISLAM SYARIF IMAMUZZAHIDIN,https://sekolah.data.kemdikbud.go.id/index.php/Chome/profil/7637B902-76EF-4D67-9BA9-BAC9BF56073B,Dusun Klanjuh Daye Mantang Kec. Batukliang Kab. Lombok Tengah Prov. Nusa Tenggara Barat,Kab. Lombok Tengah,,Nusa Tenggara Barat
10802975,SMAS BHAYANGKARI,https://sekolah.data.kemdikbud.go.id/index.php/Chome/profil/A4E1CA36-7193-4F6A-A9BD-BACAEE0D78AF,JL. PERWAKILAN KOTA BUMI Tanjung Aman Kec. Kotabumi Selatan Kab. Lampung Utara Prov. Lampung,Kab. Lampung Utara,,Lampung
10404984,SMAS BUDI DHARMA,https://sekolah.data.kemdikbud.go.id/index.php/Chome/profil/5E06C05F-C743-45B1-8EF2-BAD6A3F5CEDD,Jl. Bintan No.63B Sukajadi Kec. Dumai Kota Kota Dumai Prov. Riau,,Kota Dumai,Riau
50309191,SMAN BANAT,https://sekolah.data.kemdikbud.go.id/index.php/Chome/profil/46BEEDDD-542E-4490-9A78-BAD8D3B6D577,Jalan Ki Hadjar Dewantara No. 03 Ofu Kec. Kolbano Kab. Timor Tengah Selatan Prov. Nusa Tenggara Timur,Kab. Timor Tengah Selatan,,Nusa Tenggara Timur
70027223,SMA MEDINA UMAH CENDEKIA,https://sekolah.data.kemdikbud.go.id/index.php/Chome/profil/EBD38CBD-7585-4B86-99CA-BADB5ECDECAB,VILLA TELUK ANGIN JALAN PANTAI DANGAS RT... Tanjung Pinggir Kec. Sekupang Kota Batam Prov. Kepulauan Riau,,Kota Batam,Kepulauan Riau
69948500,SMA Budi Luhur,https://sekolah.data.kemdikbud.go.id/index.php/Chome/profil/699181A5-3B39-4F0E-8006-BAE05E9719E0,Jl. Bugis RT. 2 Kelurahan Mugirejo Kecam... Mugirejo Kec. Sungai Pinang Kota Samarinda Prov. Kalimantan Timur,,Kota Samarinda,Kalimantan Timur
30107421,SMAS PANCASILA SUNGAI KAKAP,https://sekolah.data.kemdikbud.go.id/index.php/Chome/profil/78492B44-D07E-4B4D-B464-BAE13099F4F5,JL. RAYA SUI KAKAP Pal.Ix Kec. Sungai Kakap Kab. Kubu Raya Prov. Kalimantan Barat,Kab. Kubu Raya,,Kalimantan Barat
70033728,SMA IT RAHMANIYAH,https://sekolah.data.kemdikbud.go.id/index.php/Chome/profil/1446F0CE-3C8F-4D78-B295-BAE514093C15,"Jalan Masjid Nurul Yaqin, RT. 06 RW. 05 Tirtajaya Kec. Sukmajaya Kota Depok Prov. Jawa Barat",,Kota Depok,Jawa Barat
70002202,SMAS BAITUL HIKMAH,https://sekolah.data.kemdikbud.go.id/index.php/Chome/profil/23CEEC84-0B75-427D-857F-BAE627D0C5B1,JL. KH. Ahmad Dahlan Tanjung Riau Kec. Sekupang Kota Batam Prov. Kepulauan Riau,,Kota Batam,Kepulauan Riau
69899648,SMA NEGERI 1 KAHAUNGU ETI,https://sekolah.data.kemdikbud.go.id/index.php/Chome/profil/28B9DBD7-3A6F-4103-8BF6-BAEB8790C594,Jl. Lintas Kamanggih - Mauramba Kamanggih Kec. Kahaungu Eti Kab. Sumba Timur Prov. Nusa Tenggara Timur,Kab. Sumba Timur,,Nusa Tenggara Timur
20213891,SMAN 1 TALAGA,https://sekolah.data.kemdikbud.go.id/index.php/Chome/profil/421C5B9B-41BE-4167-8441-BAEC12F5EE46,JL. GANEAS NO.05 TALAGA Ganeas Kec. Talaga Kab. Majalengka Prov. Jawa Barat,Kab. Majalengka,,Jawa Barat
10503253,SMAN 6 TEBO,https://sekolah.data.kemdikbud.go.id/index.php/Chome/profil/E231794A-8D5B-4EDD-AE08-BAEE29493AC8,JL. PADANG LAMA Teluk Kayu Putih Kec. VII Koto Kab. Tebo Prov. Jambi,Kab. Tebo,,Jambi
20500462,SMAS MUHAMMADIYAH 3,https://sekolah.data.kemdikbud.go.id/index.php/Chome/profil/232167F5-29A9-4C96-A087-BAF239D7D462,JL. RAYA BUNGAH KM.17 GRESIK Bungah Kec. Bungah Kab. Gresik Prov. Jawa Timur,Kab. Gresik,,Jawa Timur
69981153,SMA KATOLIK GABRIEL WANIBESAK,https://sekolah.data.kemdikbud.go.id/index.php/Chome/profil/92244422-0165-45FE-A11E-BAFB0FE57787,Jalan Lintas Selatan Timor Lorotolus Kec. Wewiku Kab. Malaka Prov. Nusa Tenggara Timur,Kab. Malaka,,Nusa Tenggara Timur
20210747,SMAS AL MUCHTAR SINGAPARNA,https://sekolah.data.kemdikbud.go.id/index.php/Chome/profil/2D399551-5076-4899-9230-BAFB923733A0,KP. SINGARANI DS. CIKADONGDONG KEC. SING... Cikadongdong Kec. Singaparna Kab. Tasikmalaya Prov. Jawa Barat,Kab. Tasikmalaya,,Jawa Barat
20523795,SMAS MIN QU GUMUKMAS,https://sekolah.data.kemdikbud.go.id/index.php/Chome/profil/DF95F4DD-5FB5-4269-94FF-BAFEA22A29FB,Jl. Mayangan 03 Jatiagung Gumukmas Jembe... Gumukmas Kec. Gumuk Mas Kab. Jember Prov. Jawa Timur,Kab. Jember,,Jawa Timur
60103191,SMA NEGERI 7 MALUKU BARAT DAYA,https://sekolah.data.kemdikbud.go.id/index.php/Chome/profil/A127C9C9-7854-4559-B5A3-BB01F7763557,JL.MAROUW Abusur Kec. Pulau-pulau Terselatan Kab. Maluku Barat Daya Prov. Maluku,Kab. Maluku Barat Daya,,Maluku
70052305,SMA MANDIRI AL QURBAH,https://sekolah.data.kemdikbud.go.id/index.php/Chome/profil/4D9CC533-7D2C-415C-90A9-BB04496F4705,Jl. Anggrek Tanrutedong Kec. Dua Pitue Kab. Sidenreng Rappang Prov. Sulawesi Selatan,Kab. Sidenreng Rappang,,Sulawesi Selatan
69915353,SMA  NEGERI  1  SINAK,https://sekolah.data.kemdikbud.go.id/index.php/Chome/profil/95096BF2-67E6-4A74-8B8C-BB19A2CE875F,"Jalan Raya Bandara  Sinak, Gingga Baru, ... GIGOBAK / GOGOBAK Kec. Sinak Kab. Puncak Prov. Papua Tengah",Kab. Puncak,,Papua Tengah
40403379,SMAN 5 KONAWE SELATAN,https://sekolah.data.kemdikbud.go.id/index.php/Chome/profil/E5C9B5A6-F56D-46CE-9773-BB1A3F5C9DD7,"Jln. Poros Kendari - Lapuko, Desa Landip... Landipo Kec. Moramo Kab. Konawe Selatan Prov. Sulawesi Tenggara",Kab. Konawe Selatan,,Sulawesi Tenggara
70037271,SMA SIROJURROKHIM PRINGSURAT,https://sekolah.data.kemdikbud.go.id/index.php/Chome/profil/DA38F970-43B2-4B2E-9054-BB1AE702F5F9,Dusun Ngepoh RT 1 RW 5 Klepu Kec. Pringsurat Kab. Temanggung Prov. Jawa Tengah,Kab. Temanggung,,Jawa Tengah
69874008,SMA NEGERI 1 KOTA BAHAGIA,https://sekolah.data.kemdikbud.go.id/index.php/Chome/profil/0FBFBEAC-EC3C-4BA6-BE17-BB1B07A2E43B,Jl. Panglima Gadeng Bukit Gadeng Kec. Kota Bahagia Kab. Aceh Selatan Prov. Aceh,Kab. Aceh Selatan,,Aceh
20523848,SMAN 2 TANGGUL,https://sekolah.data.kemdikbud.go.id/index.php/Chome/profil/89AE9C70-B749-4D0D-BDE6-BB1E22877A04,JL. SALAK 126 Tanggul Wetan Kec. Tanggul Kab. Jember Prov. Jawa Timur,Kab. Jember,,Jawa Timur
10201987,SMA NEGERI 1 MUNTE,https://sekolah.data.kemdikbud.go.id/index.php/Chome/profil/C79F9B3A-B7D3-4E50-8AB1-BB1E8531A52D,JL. TIGABINANGA Singgamanik Kec. Munte Kab. Karo Prov. Sumatera Utara,Kab. Karo,,Sumatera Utara
40103069,SMAS MUHAMMADIYAH BITUNG,https://sekolah.data.kemdikbud.go.id/index.php/Chome/profil/D74A3081-8ABE-483E-8A16-BB1F85E45581,JL. R.E. MARTHADINATA  NO.14 Bitung Barat Satu Kec. Maesa Kota Bitung Prov. Sulawesi Utara,,Kota Bitung,Sulawesi Utara
10110348,SMAN 2 BADAR,https://sekolah.data.kemdikbud.go.id/index.php/Chome/profil/AD4B9330-8108-4040-BB3C-BB27272884AC,JL. KUTACANE-JONGAR Jongar Kec. Ketambe Kab. Aceh Tenggara Prov. Aceh,Kab. Aceh Tenggara,,Aceh
70031127,SMA PRAJA NUSANTARA SUMBAR,https://sekolah.data.kemdikbud.go.id/index.php/Chome/profil/EF1FFFE0-6FF7-4DD7-9E70-BB2931CFF0F9,Jl. M. Rashid Bandara Internasional Mina... KATAPIANG Kec. Batang Anai Kab. Padang Pariaman Prov. Sumatera Barat,Kab. Padang Pariaman,,Sumatera Barat
70050806,SMA NEGERI 1 LABOYA BARAT,https://sekolah.data.kemdikbud.go.id/index.php/Chome/profil/A9465832-30DA-4B1E-B0E7-BB2E69A92F40,JL. KABUKARUDI Kabu Karudi Kec. Lamboya Kab. Sumba Barat Prov. Nusa Tenggara Timur,Kab. Sumba Barat,,Nusa Tenggara Timur
30401491,SMAN 1 BALIKPAPAN,https://sekolah.data.kemdikbud.go.id/index.php/Chome/profil/9C8EB7E7-20CC-4820-A149-BB2EF8D21C93,JL. KAPTEN PIERE TENDEAN RT 30 NO.63 Telaga Sari Kec. Balikpapan Kota Kota Balikpapan Prov. Kalimantan Timur,,Kota Balikpapan,Kalimantan Timur
50300020,SMA NEGERI 2 TAKARI,https://sekolah.data.kemdikbud.go.id/index.php/Chome/profil/BA6FEB32-6AEA-4BB5-BAC6-BB3126A4AA02,"Jl. Poros Tengah Kupang, Km. 40,5 Tanini Kec. Takari Kab. Kupang Prov. Nusa Tenggara Timur",Kab. Kupang,,Nusa Tenggara Timur
20404175,SMAS PANGUDI LUHUR,https://sekolah.data.kemdikbud.go.id/index.php/Chome/profil/B89AEC94-B8FE-4E95-847E-BB33B9B6EBC4,JL. P. SENOPATI 18 Prawirodirjan Kec. Gondomanan Kota Yogyakarta Prov. D.I. Yogyakarta,,Kota Yogyakarta,D.I. Yogyakarta
60403403,SMA NEGERI 3 KABUPATEN SORONG,https://sekolah.data.kemdikbud.go.id/index.php/Chome/profil/3DB458BA-7CD6-4E77-90E6-BB3E3EC799FC,Jl. KH. Dewantara Klamede Kec. Saengkeduk Kab. Sorong Prov. Papua Barat Daya,Kab. Sorong,,Papua Barat Daya
40316728,SMAN 12 TANA TORAJA,https://sekolah.data.kemdikbud.go.id/index.php/Chome/profil/8CBE25B8-7B2A-4933-902E-BB46249E36A7,"KONDODEWATA, KEC. MAPPAK KELURAHAN KONDODEWATA Kec. Mappak Kab. Tana Toraja Prov. Sulawesi Selatan",Kab. Tana Toraja,,Sulawesi Selatan
20551643,SMA BUDI UTOMO PERAK,https://sekolah.data.kemdikbud.go.id/index.php/Chome/profil/5CE2D063-A4EF-4307-86A2-BB4BCB18A69E,GADINGMANGU PERAK Gadingmangu Kec. Perak Kab. Jombang Prov. Jawa Timur,Kab. Jombang,,Jawa Timur
50300276,SMAN 1 SABU TIMUR,https://sekolah.data.kemdikbud.go.id/index.php/Chome/profil/19CA0B37-C187-468D-A9B0-BB4E71F65B28,JLN. MAYJEND. EL TARI Bodae Kec. Sabu Timur Kab. Sabu Raijua Prov. Nusa Tenggara Timur,Kab. Sabu Raijua,,Nusa Tenggara Timur
10211535,SMA SWASTA KATOLIK CINTA KASIH,https://sekolah.data.kemdikbud.go.id/index.php/Chome/profil/BE3A247F-F886-40EA-8C8B-BB51770B0500,JL. PUSARA PEJUANG NO. 5 Rambung Kec. Tebing Tinggi Kota Kota Tebing Tinggi Prov. Sumatera Utara,,Kota Tebing Tinggi,Sumatera Utara
20223027,SMAS TOGA TERANG,https://sekolah.data.kemdikbud.go.id/index.php/Chome/profil/B375A083-EA89-4D15-82D3-BB52E6AD1E17,JL. BINTARA JAYA Bintara Jaya Kec. Bekasi Barat Kota Bekasi Prov. Jawa Barat,,Kota Bekasi,Jawa Barat
20107304,SMAS ISLAM AL-AZHAR 1 JAKARTA,https://sekolah.data.kemdikbud.go.id/index.php/Chome/profil/0E666B54-CD6F-4BD3-B335-BB5330AD8601,JL. SISINGAMANGARAJA Selong Kec. Kebayoran Baru Kota Adm. Jakarta Selatan Prov. D.K.I. Jakarta,,Kota Adm. Jakarta Selatan,D.K.I. Jakarta
70044718,SMA NEGERI 1 GHONDUMI SISARE,https://sekolah.data.kemdikbud.go.id/index.php/Chome/profil/A8D74271-1BBC-44C9-B627-BB550082EA8C,Jl.Trans Waropen Tetui Kec. Demba Kab. Waropen Prov. Papua,Kab. Waropen,,Papua
50100285,SMA Negeri 2 Singaraja,https://sekolah.data.kemdikbud.go.id/index.php/Chome/profil/2BAC5276-EFB0-4EC3-88D7-BB5C037A90B7,JL. SRIKANDI SGR Baktiseraga Kec. Buleleng Kab. Buleleng Prov. Bali,Kab. Buleleng,,Bali
69888670,SMAN 4 TELUK KERAMAT,https://sekolah.data.kemdikbud.go.id/index.php/Chome/profil/C5416279-93A6-49BD-841B-BB5F3D05148D,Jalan Raya Semantir Mekar Sekuntum Kec. Teluk Keramat Kab. Sambas Prov. Kalimantan Barat,Kab. Sambas,,Kalimantan Barat
69888787,SMA PGRI CIDAHU,https://sekolah.data.kemdikbud.go.id/index.php/Chome/profil/CEA75E40-99B5-4013-A02B-BB6C2870051E,JALAN CIDAHU KM 4 Pondok Kaso Tengah Kec. Cidahu Kab. Sukabumi Prov. Jawa Barat,Kab. Sukabumi,,Jawa Barat
40102006,SMA NEGERI 1 BELANG,https://sekolah.data.kemdikbud.go.id/index.php/Chome/profil/99383D48-0280-4448-B749-BB6C564C0C3E,Jl. Siswa BUKU TENGAH Kec. Belang Kab. Minahasa Tenggara Prov. Sulawesi Utara,Kab. Minahasa Tenggara,,Sulawesi Utara
20583918,SMAS PUTERA BANGSA,https://sekolah.data.kemdikbud.go.id/index.php/Chome/profil/31DD2AB7-3CCF-42C2-82E3-BB76D99DF7E3,Jl. Raya Cellong Pajanangger Kec. Arjasa Kab. Sumenep Prov. Jawa Timur,Kab. Sumenep,,Jawa Timur
40200254,SMAN 1 TINANGKUNG UTARA,https://sekolah.data.kemdikbud.go.id/index.php/Chome/profil/1A842500-4769-4CCB-A36D-BB789F8FD95B,JL. TAMAN SISWA NO 1 Ponding-Ponding Kec. Tinangkung Utara Kab. Banggai Kepulauan Prov. Sulawesi Tengah,Kab. Banggai Kepulauan,,Sulawesi Tengah
20238516,SMAN 2 BOGOR,https://sekolah.data.kemdikbud.go.id/index.php/Chome/profil/E9DFB1E5-4313-4656-A420-BB849874D385,JL. KERANJI UJUNG NO.1 BUDI AGUNG Sukaresmi Kec. Tanah Sareal Kota Bogor Prov. Jawa Barat,,Kota Bogor,Jawa Barat
10103092,SMAN 1 LAWE SIGALA-GALA,https://sekolah.data.kemdikbud.go.id/index.php/Chome/profil/571E6323-6C47-4931-A96F-BB86223FB0E3,JL. KUTACANE - MEDAN Lawe Pekhidinan Kec. Lawe Sigala-Gala Kab. Aceh Tenggara Prov. Aceh,Kab. Aceh Tenggara,,Aceh
69822783,SMA RATU ROSARI MOTAULUN,https://sekolah.data.kemdikbud.go.id/index.php/Chome/profil/6C429C1F-0B50-4071-BBE8-BB88A548E5D2,DESA MOTAULUN Motaulun Kec. Malaka Barat Kab. Malaka Prov. Nusa Tenggara Timur,Kab. Malaka,,Nusa Tenggara Timur
40403870,SMAN 1 Kambowa,https://sekolah.data.kemdikbud.go.id/index.php/Chome/profil/1EBDD64E-0B27-4BFB-A6BA-BB8D45962841,JL. PENDIDIKAN NO 5 Bubu Kec. Kambowa Kab. Buton Utara Prov. Sulawesi Tenggara,Kab. Buton Utara,,Sulawesi Tenggara
20501847,SMAS HANG TUAH 2 GEDANGAN,https://sekolah.data.kemdikbud.go.id/index.php/Chome/profil/FE5380F5-B937-4BFB-A57D-BB952F1CC7C8,JL. KRI RATULANGI NO. 1 Sawotratap Kec. Gedangan Kab. Sidoarjo Prov. Jawa Timur,Kab. Sidoarjo,,Jawa Timur
11003246,SMAN 1 LINGGA TIMUR,https://sekolah.data.kemdikbud.go.id/index.php/Chome/profil/64667959-38C9-4EB0-B02A-BB9F494B4C12,JL. BATIN ENCIK MUHAMMAD SALEH 8 Sungai Pinang Kec. Lingga Timur Kab. Lingga Prov. Kepulauan Riau,Kab. Lingga,,Kepulauan Riau
10261760,SMAS AL FITYAN,https://sekolah.data.kemdikbud.go.id/index.php/Chome/profil/9E11BC42-2408-459D-A3F8-BBA1EA2FE00F,JL. KELUARGA LINGKUNGAN IX NO. 77 Asam Kumbang Kec. Medan Selayang Kota Medan Prov. Sumatera Utara,,Kota Medan,Sumatera Utara
50219588,SMAS MUHAMMADIYAH POHGADING,https://sekolah.data.kemdikbud.go.id/index.php/Chome/profil/CC4DE966-9618-430A-832F-BBA3A4109A91,JLN. MUARA HARAPAN Pohgading Kec. Pringgabaya Kab. Lombok Timur Prov. Nusa Tenggara Barat,Kab. Lombok Timur,,Nusa Tenggara Barat
69883441,SMA ISLAM,https://sekolah.data.kemdikbud.go.id/index.php/Chome/profil/5336FC9A-2E05-4395-AB53-BBA90D692CB5,Jl. Raya Karang Anyar Karang Panasan Kec. Blega Kab. Bangkalan Prov. Jawa Timur,Kab. Bangkalan,,Jawa Timur
30311682,SMAS PGRI BARABAI,https://sekolah.data.kemdikbud.go.id/index.php/Chome/profil/FC3F12E9-A96B-42E6-821A-BBC0787EBC09,JL. MUNTI RAYA KOMPLEK PELAJAR Barabai Darat Kec. Barabai Kab. Hulu Sungai Tengah Prov. Kalimantan Selatan,Kab. Hulu Sungai Tengah,,Kalimantan Selatan
69900300,SMA NEGERI 1 BORONADU,https://sekolah.data.kemdikbud.go.id/index.php/Chome/profil/AE46A3D3-6ACF-40C3-894A-BBC13D3521B2,DESA BALOHILI GOMO Balohili Gomo Kec. Boronadu Kab. Nias Selatan Prov. Sumatera Utara,Kab. Nias Selatan,,Sumatera Utara
70006239,SMAS ISLAM TERPADU AL ISHLAH,https://sekolah.data.kemdikbud.go.id/index.php/Chome/profil/357D392B-0C25-48ED-8102-BBC1C861CF50,"Jalan saranani, No.277 Unaaha Kec. Unaaha Kab. Konawe Prov. Sulawesi Tenggara",Kab. Konawe,,Sulawesi Tenggara
10609326,SMAS YAPEMNU KAYUAGUNG,https://sekolah.data.kemdikbud.go.id/index.php/Chome/profil/247E7253-2BFF-4F21-80BF-BBC25B06DA3D,JL. VETERAN NO. 84 Cinta Raya Kec. Kota Kayu Agung Kab. Ogan Komering Ilir Prov. Sumatera Selatan,Kab. Ogan Komering Ilir,,Sumatera Selatan
20252015,SMAS PASUNDAN 2 CIANJUR,https://sekolah.data.kemdikbud.go.id/index.php/Chome/profil/32420135-921A-42E4-9C3F-BBC2C17442FF,JL. MOH. ALI NO.66 Solokpandan Kec. Cianjur Kab. Cianjur Prov. Jawa Barat,Kab. Cianjur,,Jawa Barat
70053377,SMA Bunga Matahari Intercultural School,https://sekolah.data.kemdikbud.go.id/index.php/Chome/profil/F6FEA40B-6CCD-4757-9B89-BBC2CDFFD241,Jl. Soekarno Hatta Dusun Lhok Lanta No 7... Geuceu Meunara Kec. Jaya Baru Kota Banda Aceh Prov. Aceh,,Kota Banda Aceh,Aceh
70055471,Sekolah Rakyat Menengah Atas Terintegrasi 5 Ponorogo,https://sekolah.data.kemdikbud.go.id/index.php/Chome/profil/BABADB2E-71CD-4808-8177-BBC8AD3A144F,"Jl. Trunojoyo, Bangunsari, Kec. Ponorogo... Bangunsari Kec. Ponorogo Kab. Ponorogo Prov. Jawa Timur",Kab. Ponorogo,,Jawa Timur
69929417,SMA NEGERI MARIKAI,https://sekolah.data.kemdikbud.go.id/index.php/Chome/profil/7617DF88-B6FD-4B72-9A69-BBCA70C23982,Jln. Marikai Marikai Kec. Waropen Atas Kab. Mamberamo Raya Prov. Papua,Kab. Mamberamo Raya,,Papua
20511007,SMAN 1 NAWANGAN,https://sekolah.data.kemdikbud.go.id/index.php/Chome/profil/7138615E-4BB2-4BB7-B59E-BBCD8BF24248,JL. PAKIS BARU NO.47 Ngromo Kec. Nawangan Kab. Pacitan Prov. Jawa Timur,Kab. Pacitan,,Jawa Timur
69820645,SMAS ULUL MAQAM,https://sekolah.data.kemdikbud.go.id/index.php/Chome/profil/2915001B-9030-4B72-941B-BBD95E3858AD,Jl. Desa Gunung Kesan Gunung Kesan Kec. Karangpenang Kab. Sampang Prov. Jawa Timur,Kab. Sampang,,Jawa Timur
20244680,SMAN 1 SUSUKAN,https://sekolah.data.kemdikbud.go.id/index.php/Chome/profil/60E8E093-81EF-4E55-BB72-BBD9FE962827,"JL. PROF. DR. MOH. YAMIN, SH Susukan Kec. Susukan Kab. Cirebon Prov. Jawa Barat",Kab. Cirebon,,Jawa Barat
69935847,SMA ISLAM AL-HIDAYAH,https://sekolah.data.kemdikbud.go.id/index.php/Chome/profil/34B760D0-1693-4C65-9A23-BBE4CF29FEC4,Jln. Alabio - Danau Panggang Sungai Tabukan Kec. Sungai Tabukan Kab. Hulu Sungai Utara Prov. Kalimantan Selatan,Kab. Hulu Sungai Utara,,Kalimantan Selatan
60102519,SMA Negeri 5 Seram Bagian Timur,https://sekolah.data.kemdikbud.go.id/index.php/Chome/profil/9696D072-2BA5-4438-8175-BBE7A7E1B93F,Jln. Batu Hitam - Waematakabo Waematakabo Kec. Bula Barat Kab. Seram Bagian Timur Prov. Maluku,Kab. Seram Bagian Timur,,Maluku
20328396,SMA KRISTEN SATYA WACANA,https://sekolah.data.kemdikbud.go.id/index.php/Chome/profil/1C903ED2-D1E9-471B-A516-BBF02A2D99A7,JL. DIPONEGORO NO. 52-60 Salatiga Kec. Sidorejo Kota Salatiga Prov. Jawa Tengah,,Kota Salatiga,Jawa Tengah
60726630,SMAN 1 UMBU RATU NGGAY BARAT,https://sekolah.data.kemdikbud.go.id/index.php/Chome/profil/1161FB0D-C219-48A9-AA3E-BBF1E259165E,Jln. Lintas Waibakul - Mamboro Maderi Kec. Umbu Ratu Nggay Barat Kab. Sumba Tengah Prov. Nusa Tenggara Timur,Kab. Sumba Tengah,,Nusa Tenggara Timur
40201612,SMAN 1 LUWUK,https://sekolah.data.kemdikbud.go.id/index.php/Chome/profil/4580539A-9490-4B10-85F0-BC027C882D33,JL. DEWI SARTIKA NO.02 A LUWUK KARATON Kec. Luwuk Kab. Banggai Prov. Sulawesi Tengah,Kab. Banggai,,Sulawesi Tengah
20506298,SMA MUHAMMADIYAH 1 BABAT,https://sekolah.data.kemdikbud.go.id/index.php/Chome/profil/54CFB907-80A9-4ED5-9272-BC0283A4A12A,JL. RAYA 180 Babat Kec. Babat Kab. Lamongan Prov. Jawa Timur,Kab. Lamongan,,Jawa Timur
10211389,SMAN 5 BINJAI,https://sekolah.data.kemdikbud.go.id/index.php/Chome/profil/2C96A002-32CE-4854-AA52-BC0B30F23ED7,JL. JAMBI NO. 2 BINJAI Rambung Barat Kec. Binjai Selatan Kota Binjai Prov. Sumatera Utara,,Kota Binjai,Sumatera Utara
69925738,SMA ISLAM PAGERUNGAN BESAR,https://sekolah.data.kemdikbud.go.id/index.php/Chome/profil/03730C41-54CD-4B94-AFBC-BC0F5BED2E24,DESA PAGERUNGAN BESAR Pagerungan Besar Kec. Sapeken Kab. Sumenep Prov. Jawa Timur,Kab. Sumenep,,Jawa Timur
20227821,SMA AL-HIDAYAH CIPARAY,https://sekolah.data.kemdikbud.go.id/index.php/Chome/profil/AF79DF73-EBE1-4F19-BBA5-BC10621A9917,JL. SUMBERSARI SUTAM CIPARAY Sumbersari Kec. Ciparay Kab. Bandung Prov. Jawa Barat,Kab. Bandung,,Jawa Barat
10100554,SMAN 1 KEUMALA,https://sekolah.data.kemdikbud.go.id/index.php/Chome/profil/D28573C1-9B29-4EB1-9A02-BC106D4E604D,JL. KEUMALA-TANGSE KM. 12 Cot Nuran Kec. Keumala Kab. Pidie Prov. Aceh,Kab. Pidie,,Aceh
60101485,SMAS KRISTEN SAUMLAKI,https://sekolah.data.kemdikbud.go.id/index.php/Chome/profil/80C591A8-5EF6-45D9-B45B-BC17B97798FB,JL. BHAYANGKARA NOMOR 2 SAUMLAKI Saumlaki Kec. Tanimbar Selatan Kab. Kepulauan Tanimbar Prov. Maluku,Kab. Kepulauan Tanimbar,,Maluku
69896980,SMAN 3 MUARA ENIM,https://sekolah.data.kemdikbud.go.id/index.php/Chome/profil/435D1905-3D72-43AE-BFA1-BC19943FA0EE,JL. H. Pangeran Danal RW. 07 RT. 02 Kel.... Muara Enim Kec. Muara Enim Kab. Muara Enim Prov. Sumatera Selatan,Kab. Muara Enim,,Sumatera Selatan
69762757,SMAS YAPIM TARUNA PANDAN,https://sekolah.data.kemdikbud.go.id/index.php/Chome/profil/737E51F0-4930-4F22-90DA-BC1E61B95C28,JL. AHMAD YANI PANDAN Pandan Kec. Pandan Kab. Tapanuli Tengah Prov. Sumatera Utara,Kab. Tapanuli Tengah,,Sumatera Utara
70050884,SMA BINA INSAN MULIA,https://sekolah.data.kemdikbud.go.id/index.php/Chome/profil/99904D54-74BC-4F51-8A95-BC265138E399,JL. Palapa II No. 08 RT/RW. 033/015 Iringmulyo Kec. Metro Timur Kota Metro Prov. Lampung,,Kota Metro,Lampung
20404171,SMAS IT ABU BAKAR,https://sekolah.data.kemdikbud.go.id/index.php/Chome/profil/3D7B0A26-2A8E-4A1C-9621-BC2721FACE23,REJOWINANGUN NO 28 E KOTAGEDE Rejowinangun Kec. Kotagede Kota Yogyakarta Prov. D.I. Yogyakarta,,Kota Yogyakarta,D.I. Yogyakarta
10803029,SMAN 1 SUNGKAI UTARA,https://sekolah.data.kemdikbud.go.id/index.php/Chome/profil/D920C0F7-B071-4FD6-8CD2-BC29D7540306,JL. PRAMUKA II Negara Ratu Kec. Sungkai Utara Kab. Lampung Utara Prov. Lampung,Kab. Lampung Utara,,Lampung
30402385,SMA NEGERI 1 LONG APARI,https://sekolah.data.kemdikbud.go.id/index.php/Chome/profil/4B3BEF13-208C-4EAD-A8DD-BC3680A0C633,"Jalan Tingang Liah, RT. 03 Long Apari KEC. LONG APARI Kab. Mahakam Ulu Prov. Kalimantan Timur",Kab. Mahakam Ulu,,Kalimantan Timur
70049114,SMA NEGERI 5 SUNGAI KAKAP,https://sekolah.data.kemdikbud.go.id/index.php/Chome/profil/5EF14CFB-12E2-4F68-8448-BC36F476AEBD,Jl. Sungai Rengas Sungai Rengas Kec. Sungai Kakap Kab. Kubu Raya Prov. Kalimantan Barat,Kab. Kubu Raya,,Kalimantan Barat
10305566,SMAN 1 V KOTO KAMPUNG DALAM,https://sekolah.data.kemdikbud.go.id/index.php/Chome/profil/ECC46A5E-CCDF-4B67-973B-BC3F3B33A34C,JL. KP. PAUH KAMPUNG DALAM CAMPAGO Kec. V Koto Kampung Dalam Kab. Padang Pariaman Prov. Sumatera Barat,Kab. Padang Pariaman,,Sumatera Barat
70047274,SMA OMNISCHOOL,https://sekolah.data.kemdikbud.go.id/index.php/Chome/profil/1BA4320E-9E30-4D5E-8A06-BC451FC08D11,Jl. Kiangsana No. 50 Perumahan Taman Rej... Ciriung Kec. Cibinong Kab. Bogor Prov. Jawa Barat,Kab. Bogor,,Jawa Barat
70043272,SMA YPPGI PYRAMID,https://sekolah.data.kemdikbud.go.id/index.php/Chome/profil/0CC93456-FD4A-407F-B325-BC4A92C04829,Jln. Raya Pyramid-Tiom Piramid Kec. Piramid Kab. Jayawijaya Prov. Papua Pegunungan,Kab. Jayawijaya,,Papua Pegunungan
10219061,SMA Swasta Perkumpulan Amal Bakti (PAB) 5 Klumpang,https://sekolah.data.kemdikbud.go.id/index.php/Chome/profil/CF4AD471-A758-4ED8-B67B-BC4CBAD40724,JL. BESAR KLUMPANG Klumpang Kebon Kec. Hamparan Perak Kab. Deli Serdang Prov. Sumatera Utara,Kab. Deli Serdang,,Sumatera Utara
30200959,SMAN 1 TEWEH TIMUR,https://sekolah.data.kemdikbud.go.id/index.php/Chome/profil/8B9FDE73-F6E6-4C3A-B038-BC51AF0D45A4,Jl. Benangin - Muara Teweh KM 2 Benangin I Kec. Teweh Timur Kab. Barito Utara Prov. Kalimantan Tengah,Kab. Barito Utara,,Kalimantan Tengah
20302174,SMAN 1 RAWALO,https://sekolah.data.kemdikbud.go.id/index.php/Chome/profil/78436D8C-8FD7-4C48-92C0-BC5386FABD54,Jl. Pawiyatan No. 1 Pesawahan Kec. Rawalo Kab. Banyumas Prov. Jawa Tengah,Kab. Banyumas,,Jawa Tengah
69796870,SMAN 9 PALANGKA RAYA,https://sekolah.data.kemdikbud.go.id/index.php/Chome/profil/A0C8881C-AF05-4CD0-9712-BC5F7014BC35,JL. RAKUMPIT RAYA MUNGKU BARU Kec. Rakumpit Kota Palangka Raya Prov. Kalimantan Tengah,,Kota Palangka Raya,Kalimantan Tengah
20532218,SMAN 18 SURABAYA,https://sekolah.data.kemdikbud.go.id/index.php/Chome/profil/DDE7C162-484E-46D5-8683-BC61920AECA4,JL. BIBIS KARAH SAWAH NO. 9 BIBIS KARAH Kec. Jambangan Kota Surabaya Prov. Jawa Timur,,Kota Surabaya,Jawa Timur
69881051,SMAS AL - MUHAJIRIN,https://sekolah.data.kemdikbud.go.id/index.php/Chome/profil/1A4B8F71-8989-4CB0-95A3-BC6A5D5818E3,Dusun Arnih Timur Gunung Rancak Gunung Rancak Kec. Robatal Kab. Sampang Prov. Jawa Timur,Kab. Sampang,,Jawa Timur
60403596,SMA NEGERI KARAS,https://sekolah.data.kemdikbud.go.id/index.php/Chome/profil/BB74360C-C68C-48AB-95B7-BC6D42AA0947,KAMP. TANJUNG PURKADI Malakuli Kec. Karas Kab. Fak Fak Prov. Papua Barat,Kab. Fak Fak,,Papua Barat
20517838,SMAS ISLAM NU PUJON,https://sekolah.data.kemdikbud.go.id/index.php/Chome/profil/9838B612-5717-452F-8086-BC719E817EAE,Jl. Brigjend Abdul Manan Wijaya 13 Ngroto Kec. Pujon Kab. Malang Prov. Jawa Timur,Kab. Malang,,Jawa Timur
69762781,SMA NEGERI 5 TAPUNG,https://sekolah.data.kemdikbud.go.id/index.php/Chome/profil/EB6B1458-C586-423A-82A2-BC75B6C8F377,Jln. karosin km 5 Garuda Sakti Karya Indah Kec. Tapung Kab. Kampar Prov. Riau,Kab. Kampar,,Riau
20213883,SMAN 1 KASOKANDEL,https://sekolah.data.kemdikbud.go.id/index.php/Chome/profil/21F330A4-0681-409B-8589-BC769363CC77,JL. DESA KASOKANDEL TIMUR NO.65 Kasokandel Kec. Kasokandel Kab. Majalengka Prov. Jawa Barat,Kab. Majalengka,,Jawa Barat
20537014,SMAS RADEN FATAH,https://sekolah.data.kemdikbud.go.id/index.php/Chome/profil/CF55ABC6-9898-4171-AF3C-BC79EDD2A083,JL. KESAMBEN WETAN DRIYOREJO Kesambenwetan Kec. Driyorejo Kab. Gresik Prov. Jawa Timur,Kab. Gresik,,Jawa Timur
40604655,UPTD SMAN 3 MAMUJU,https://sekolah.data.kemdikbud.go.id/index.php/Chome/profil/BE811483-5344-460E-BF45-BC80DF748DD6,JL. SOEKARNO HATTA NO. 165 Karema Kec. Mamuju Kab. Mamuju Prov. Sulawesi Barat,Kab. Mamuju,,Sulawesi Barat
40202636,SMAN 1 MENUI KEPULAUAN,https://sekolah.data.kemdikbud.go.id/index.php/Chome/profil/CA036C32-1752-4BD8-BB17-BC83E03827A5,JL. LAPANGAN SEPAKBOLA TEMBE Ulunambo Kec. Menui Kepulauan Kab. Morowali Prov. Sulawesi Tengah,Kab. Morowali,,Sulawesi Tengah
69901616,SMA ISLAM TERPADU SMART INSANI,https://sekolah.data.kemdikbud.go.id/index.php/Chome/profil/7616AAE6-4A40-4879-85D6-BC84144493EB,Jln. Negara No. 102 Yukum Jaya Kec. Terbanggi Besar Kab. Lampung Tengah Prov. Lampung,Kab. Lampung Tengah,,Lampung
69874019,SMA ISLAM TERPADU YALHAS,https://sekolah.data.kemdikbud.go.id/index.php/Chome/profil/200294C1-9482-470B-AFBB-BC892830BB0B,Kp. Pasir Haur Rt 23 Rw 06 Bojonggaling Kec. Bojong Genteng Kab. Sukabumi Prov. Jawa Barat,Kab. Sukabumi,,Jawa Barat
50203315,SMAS SAMAWA UTAN,https://sekolah.data.kemdikbud.go.id/index.php/Chome/profil/62A92E73-2DB6-44F1-B0E5-BC8E235C0B60,JL. LINTAS SUMBAWA BESAR-UTAN Jorok Kec. Utan Kab. Sumbawa Prov. Nusa Tenggara Barat,Kab. Sumbawa,,Nusa Tenggara Barat
20107385,SMAS LAPHAT PLUS,https://sekolah.data.kemdikbud.go.id/index.php/Chome/profil/7CA79DFD-DAF2-4303-A813-BC90AFD319C1,JL. MAHONI LONTAR 2 NO. 54 Tugu Utara Kec. Koja Kota Adm. Jakarta Utara Prov. D.K.I. Jakarta,,Kota Adm. Jakarta Utara,D.K.I. Jakarta
20520029,SMAS TAMAN MADYA,https://sekolah.data.kemdikbud.go.id/index.php/Chome/profil/D56D4DFC-F30E-4A4C-A5CB-BC915A6DE192,JL. P. SUDIRMAN 177 Sidomukti Kec. Kraksaan Kab. Probolinggo Prov. Jawa Timur,Kab. Probolinggo,,Jawa Timur
20531156,SMAS AL KHATIBIYAH,https://sekolah.data.kemdikbud.go.id/index.php/Chome/profil/D276E60F-31E9-4333-976A-BC92069B2348,JL. KH. ACHMAD DAHLAN Patereman Kec. Modung Kab. Bangkalan Prov. Jawa Timur,Kab. Bangkalan,,Jawa Timur
20247170,SMAS ULUL AL-BAAB,https://sekolah.data.kemdikbud.go.id/index.php/Chome/profil/5BEE2B8B-6540-4B75-9CF8-BC9D1480A533,JL. MAMA KH. OYON NO. 11 KP. CIHAUR RT 0... Cicantayan Kec. Cicantayan Kab. Sukabumi Prov. Jawa Barat,Kab. Sukabumi,,Jawa Barat
20338401,SMAS MUHAMMADIYAH TONJONG,https://sekolah.data.kemdikbud.go.id/index.php/Chome/profil/C8078CDC-35E3-433C-88A4-BC9E8A84C401,JL. RAYA TONJONG NO.2 Tonjong Kec. Tonjong Kab. Brebes Prov. Jawa Tengah,Kab. Brebes,,Jawa Tengah
60102020,SMAS MARIA MEDIATRIX,https://sekolah.data.kemdikbud.go.id/index.php/Chome/profil/18BD6921-52D6-453E-9226-BCA1C01A21C8,JL. DR. MALAIHOLLO Kel Benteng Kec. Nusaniwe Kota Ambon Prov. Maluku,,Kota Ambon,Maluku
10307955,SMAS PEMBANGUNAN,https://sekolah.data.kemdikbud.go.id/index.php/Chome/profil/26639E9B-6197-4035-95DD-BCA24EA3C4F8,JL. JEND. SUDIRMAN ASRAMA KODIM 0304 Sapiran Kec. Aur Birugo Tigo Baleh Kota Bukittinggi Prov. Sumatera Barat,,Kota Bukittinggi,Sumatera Barat
60102967,SMAS PGRI 1 AMBON,https://sekolah.data.kemdikbud.go.id/index.php/Chome/profil/132E0122-69E6-4925-9AD9-BCAA57EE4DC8,JL. YAN PAAYS Kel Ahusen Kec. Sirimau Kota Ambon Prov. Maluku,,Kota Ambon,Maluku
20330217,SMA NEGERI 1 NALUMSARI,https://sekolah.data.kemdikbud.go.id/index.php/Chome/profil/3877BF15-A832-44C4-B068-BCAC993B8754,Desa Gemiring Lor RT. 03 RW 04 Gemiring Lor Kec. Nalumsari Kab. Jepara Prov. Jawa Tengah,Kab. Jepara,,Jawa Tengah
10306091,SMA S PLUS PEMBANGUNAN KINALI,https://sekolah.data.kemdikbud.go.id/index.php/Chome/profil/2984120D-8DF1-406D-BE8E-BCAE8F1BE056,JALAN BASUNG INDAH KINALI Kec. Kinali Kab. Pasaman Barat Prov. Sumatera Barat,Kab. Pasaman Barat,,Sumatera Barat
40402769,SMA Negeri 3 Baubau,https://sekolah.data.kemdikbud.go.id/index.php/Chome/profil/64ED4BBD-9DCD-49F7-B40E-BCB03EFEABF2,JL. DAYANU IKHSANUDDIN Lipu Kec. Betoambari Kota Bau Bau Prov. Sulawesi Tenggara,,Kota Bau Bau,Sulawesi Tenggara
10214144,SMA SWASTA NUSANTARA LUBUK PAKAM,https://sekolah.data.kemdikbud.go.id/index.php/Chome/profil/0FB4FE6B-89E8-43DD-9954-BCB88525E6B2,JL. TENGKU RAJA MUDA NO. 1 Lubuk Pakam I/Ii Kec. Lubuk Pakam Kab. Deli Serdang Prov. Sumatera Utara,Kab. Deli Serdang,,Sumatera Utara
69774643,SMAN 1 RAO UTARA,https://sekolah.data.kemdikbud.go.id/index.php/Chome/profil/DEC5C23A-1D9F-4BFB-8861-BCBE74173834,JL RAO-GUNUNG MANAHAN KM 13  RAO UTARA Nagari Koto Rajo Kec. Rao Utara Kab. Pasaman Prov. Sumatera Barat,Kab. Pasaman,,Sumatera Barat
20229157,SMAS ISLAM TERPADU NURUL FIKRI,https://sekolah.data.kemdikbud.go.id/index.php/Chome/profil/0016AFF5-6F9B-4CB1-801F-BCC12439785C,Jl. H. Sairi No. 145 RTM Kelapa Dua Tugu Kec. Cimanggis Kota Depok Prov. Jawa Barat,,Kota Depok,Jawa Barat
10494911,SMA NEGERI 2 SIAK HULU,https://sekolah.data.kemdikbud.go.id/index.php/Chome/profil/54FD8C0A-082A-45A3-AC89-BCC897DAF1BD,JL. KUBANG RAYA NO. 62 Kubang Jaya Kec. Siak Hulu Kab. Kampar Prov. Riau,Kab. Kampar,,Riau
70032177,SMA AN NAMIROH 1 PEKANBARU,https://sekolah.data.kemdikbud.go.id/index.php/Chome/profil/F7232089-5C2F-4010-A5F5-BCC920D1B97B,Jalan Delima Delima Kec. Binawidya Kota Pekanbaru Prov. Riau,,Kota Pekanbaru,Riau
20538321,SMA NEGERI 1 NGANJUK,https://sekolah.data.kemdikbud.go.id/index.php/Chome/profil/0E0BFE48-291B-4C1A-8232-BCCD719556A5,JL. KAPT. KASIHIN HS NO.4 NGANJUK Cangkringan Kec. Nganjuk Kab. Nganjuk Prov. Jawa Timur,Kab. Nganjuk,,Jawa Timur
20525601,SMAN DARUSSHOLAH SINGOJURUH,https://sekolah.data.kemdikbud.go.id/index.php/Chome/profil/EA65B5B4-8991-4381-BF51-BCDA2A6FAED3,Jl. Aruji Karta Winata No. 39 Gumirih Kec. Singojuruh Kab. Banyuwangi Prov. Jawa Timur,Kab. Banyuwangi,,Jawa Timur
69733966,SMAS TUNAS HARAPAN,https://sekolah.data.kemdikbud.go.id/index.php/Chome/profil/FDA718D8-76D7-40D7-9EA0-BCDAA6F62F49,DESA SIMANGALAM Simangalam Kec. Kualuh Selatan Kab. Labuhanbatu Utara Prov. Sumatera Utara,Kab. Labuhanbatu Utara,,Sumatera Utara
11002506,SMAN 1 SIANTAN TIMUR,https://sekolah.data.kemdikbud.go.id/index.php/Chome/profil/5FF745CC-A4C6-41C0-AA26-BCDBD2EA5B8F,JL. TANJUNG KARANG NO. 1 DESA NYAMUK Nyamuk Kec. Siantan Timur Kab. Kepulauan Anambas Prov. Kepulauan Riau,Kab. Kepulauan Anambas,,Kepulauan Riau
40203514,SMAS GKST IMANUEL,https://sekolah.data.kemdikbud.go.id/index.php/Chome/profil/EF24586A-7346-45B3-8AAC-BCDECB66F73D,JL. PROF. MOH. YAMIN NO. 25 Kelurahan Tanamodindi Kec. Mantikulore Kota Palu Prov. Sulawesi Tengah,,Kota Palu,Sulawesi Tengah
30207366,SMA NEGERI 1 SERIBU RIAM,https://sekolah.data.kemdikbud.go.id/index.php/Chome/profil/5015E916-C641-4E05-89D0-BCE1423DE51E,DESA MUARA JOLOI Muara Joloi I Kec. Seribu Riam Kab. Murung Raya Prov. Kalimantan Tengah,Kab. Murung Raya,,Kalimantan Tengah
20548655,SMAN 1 TIRIS,https://sekolah.data.kemdikbud.go.id/index.php/Chome/profil/C1D73A1E-873F-42BC-9F78-BCE4E4ED4DD6,Desa Ranuagung Ranuagung Kec. Tiris Kab. Probolinggo Prov. Jawa Timur,Kab. Probolinggo,,Jawa Timur
10220223,SMAS RIZKI ANANDA PATUMBAK,https://sekolah.data.kemdikbud.go.id/index.php/Chome/profil/6C6D40DD-6110-4F8B-BA0C-BCE6D086B7F1,JL. MEKATANI NO 56 MARENDAL Marindal Satu Kec. Patumbak Kab. Deli Serdang Prov. Sumatera Utara,Kab. Deli Serdang,,Sumatera Utara
10210707,SMAS EKA PRASETYA,https://sekolah.data.kemdikbud.go.id/index.php/Chome/profil/33F85CD4-2BCC-4242-AD30-BCE9326CDEAC,JL. ASRAMA/EKA PRASETYA NO.1 Tanjung Gusta Kec. Medan Helvetia Kota Medan Prov. Sumatera Utara,,Kota Medan,Sumatera Utara
10643844,SMA YAA SRIBANDUNG,https://sekolah.data.kemdikbud.go.id/index.php/Chome/profil/C5B62D12-431F-42B6-81CD-BCEA4F9261DC,JL. PESANTREN DS. 11 SERI BANDUNG Seri Bandung Kec. Tanjung Batu Kab. Ogan Ilir Prov. Sumatera Selatan,Kab. Ogan Ilir,,Sumatera Selatan
69899267,SMA NEGERI 1 KARUSEN JANANG,https://sekolah.data.kemdikbud.go.id/index.php/Chome/profil/96A162BD-0271-4E1B-A573-BCEB3C48EE37,Jl. Negara Tamiang Layang - Ampah KM. 24 Simpang Naneng Kec. Karusen Janang Kab. Barito Timur Prov. Kalimantan Tengah,Kab. Barito Timur,,Kalimantan Tengah
40303664,SMAN 4 SOPPENG,https://sekolah.data.kemdikbud.go.id/index.php/Chome/profil/F374CB0D-3115-4AFC-B5BA-BCF57CC80F5B,JL. NENEURANG NO.178 Bila Kec. Lalabata Kab. Soppeng Prov. Sulawesi Selatan,Kab. Soppeng,,Sulawesi Selatan
10210838,SMAS SRIWIJAYA MEDAN,https://sekolah.data.kemdikbud.go.id/index.php/Chome/profil/A1010B38-C77A-4331-A031-BCF5FA53C088,JL. BRIGJEN ZEIN HAMID GG. PEMBANGUNAN N... Titi Kuning Kec. Medan Johor Kota Medan Prov. Sumatera Utara,,Kota Medan,Sumatera Utara
69768163,SMAN 8 BORONG,https://sekolah.data.kemdikbud.go.id/index.php/Chome/profil/2F93A12E-5DD5-4B29-85F5-BCFBD3364AB1,WALING WALING Kec. Borong Kab. Manggarai Timur Prov. Nusa Tenggara Timur,Kab. Manggarai Timur,,Nusa Tenggara Timur
70033862,SMA NEGERI RESTORASI MAINANG,https://sekolah.data.kemdikbud.go.id/index.php/Chome/profil/9CEEF570-DA1B-444C-B894-BD06C6BE87DD,Jln. Kanaipea-Tominuku-Alor Tominuku Kec. Alor Tengah Utara Kab. Alor Prov. Nusa Tenggara Timur,Kab. Alor,,Nusa Tenggara Timur
69897044,SMA ISLAM AL HAMIDIYAH,https://sekolah.data.kemdikbud.go.id/index.php/Chome/profil/ADDD9310-B0D7-408F-884D-BD0D602D8643,PARIT SERIBUT Jawa Tengah Kec. Sungai Ambawang Kab. Kubu Raya Prov. Kalimantan Barat,Kab. Kubu Raya,,Kalimantan Barat
69847240,SMA NEGERI 1 UUT MURUNG,https://sekolah.data.kemdikbud.go.id/index.php/Chome/profil/C66E9E22-8DA2-447E-A19B-BD0DDF483D2E,Jl. Pelajar Rt. 03 Desa Tumbang Olong II... Tumbang Olong Ii Kec. Uut Murung Kab. Murung Raya Prov. Kalimantan Tengah,Kab. Murung Raya,,Kalimantan Tengah
20268437,SMAS PURWA BHAKTI,https://sekolah.data.kemdikbud.go.id/index.php/Chome/profil/0848908F-503B-4461-BD69-BD11D4010A6B,JL. VETERAN 3 TAPOS Cileungsi Kec. Ciawi Kab. Bogor Prov. Jawa Barat,Kab. Bogor,,Jawa Barat
30304284,SMAN 13 BANJARMASIN,https://sekolah.data.kemdikbud.go.id/index.php/Chome/profil/C1BB31E7-353E-448A-9AB9-BD11F7AA73AD,JL. SETIA RT 37 NO. 24 B Pemurus Dalam Kec. Banjarmasin Selatan Kota Banjarmasin Prov. Kalimantan Selatan,,Kota Banjarmasin,Kalimantan Selatan
10400815,SMAN 2 PINGGIR,https://sekolah.data.kemdikbud.go.id/index.php/Chome/profil/FF8C0D3D-0E4D-45AF-9C0B-BD1212C1064C,JL. MUAJOLELO PINGGIR Kec. Pinggir Kab. Bengkalis Prov. Riau,Kab. Bengkalis,,Riau
20575418,SMA NEGERI 1 SUMBERASIH,https://sekolah.data.kemdikbud.go.id/index.php/Chome/profil/0318F206-B183-44D0-9C2A-BD13BE618C6E,JL.RAYA PROBOLINGGO-SURABAYA KM 08 Banjarsari Kec. Sumberasih Kab. Probolinggo Prov. Jawa Timur,Kab. Probolinggo,,Jawa Timur
20339002,SMA BOPKRI 3 PATI,https://sekolah.data.kemdikbud.go.id/index.php/Chome/profil/72F32284-16F6-4C25-9C07-BD1696455C79,JL. TAYU - PUNCEL KM. 15 Tegalombo Kec. Dukuhseti Kab. Pati Prov. Jawa Tengah,Kab. Pati,,Jawa Tengah
60728995,SMA SWASTA BRIGJEND KATAMSO II,https://sekolah.data.kemdikbud.go.id/index.php/Chome/profil/9E6C2A69-9101-48BE-ACAE-BD177A16CA77,JL MARELAN RAYA PSR III Rengas Pulau Kec. Medan Marelan Kota Medan Prov. Sumatera Utara,,Kota Medan,Sumatera Utara
70040006,SMA ALFA ALI MASYKUR,https://sekolah.data.kemdikbud.go.id/index.php/Chome/profil/C74F4B84-5D7C-489F-B8E5-BD17F5C03596,Jl. Dieng KM. 05 Dusun Bumen Bumirejo Kec. Mojotengah Kab. Wonosobo Prov. Jawa Tengah,Kab. Wonosobo,,Jawa Tengah
69961502,SMA ISLAM TERPADU AL-FATH,https://sekolah.data.kemdikbud.go.id/index.php/Chome/profil/7F1AB4CD-982E-4F1D-8663-BD1BDCFD5330,Jl.Pemda Benteng Hulu Benteng Hulu Kec. Mempura Kab. Siak Prov. Riau,Kab. Siak,,Riau
20103295,SMAS YP IPPI JAKARTA,https://sekolah.data.kemdikbud.go.id/index.php/Chome/profil/B55BE0B3-3EE6-4EED-AA13-BD1DBED56A96,JL. UJUNG KRAWANG/ JL. KOBER UJUNG RT. 0... Pulo Gebang Kec. Cakung Kota Adm. Jakarta Timur Prov. D.K.I. Jakarta,,Kota Adm. Jakarta Timur,D.K.I. Jakarta
30109941,SMA JOSEPH KHATULISTIWA,https://sekolah.data.kemdikbud.go.id/index.php/Chome/profil/2F7E5AC6-6439-4B69-86AB-BD1F83DA220F,JL. SINTANG-PONTIANAK KM 16 Sungai Ukoi Kec. Sungai Tebelian Kab. Sintang Prov. Kalimantan Barat,Kab. Sintang,,Kalimantan Barat
70037304,SMA AL FURQON BOARDING SCHOOL,https://sekolah.data.kemdikbud.go.id/index.php/Chome/profil/EE10F1F0-5AB1-4200-A596-BD21671E9416,Jl. Untung Suropati 1 No.8 RT.003 Rw.003 Cimone Jaya Kec. Karawaci Kota Tangerang Prov. Banten,,Kota Tangerang,Banten
70023852,SMA NEGERI PULAU LEGUNDI,https://sekolah.data.kemdikbud.go.id/index.php/Chome/profil/A62F6378-9963-4853-876D-BD253AC85301,JL. Abdurrohman No. 1 Pulau Legundi Kec. Punduh Pedada Kab. Pesawaran Prov. Lampung,Kab. Pesawaran,,Lampung
60302717,SMA NEGERI 1 KURIK,https://sekolah.data.kemdikbud.go.id/index.php/Chome/profil/745C0797-A11F-44DF-81FB-BD2E5D0E835B,Jl. Ahmad Yani Harapan Makmur Kec. Kurik Kab. Merauke Prov. Papua Selatan,Kab. Merauke,,Papua Selatan
70035152,SMA 07 NU SYAMSUL ARIFIN BANGSALSARI,https://sekolah.data.kemdikbud.go.id/index.php/Chome/profil/3E14BBEA-8530-47AB-98AE-BD2F9FE2D16D,Jl. KH. Syamsul Arifin Curah Kalong Kec. Bangsalsari Kab. Jember Prov. Jawa Timur,Kab. Jember,,Jawa Timur
69948448,SMA NEGERI 1 SUKRA,https://sekolah.data.kemdikbud.go.id/index.php/Chome/profil/7C9156D9-2C08-438A-8AF2-BD3329702680,"Jln. Raya Sukra-Ujunggebang Km. 0,5 Sukra Kec. Sukra Kab. Indramayu Prov. Jawa Barat",Kab. Indramayu,,Jawa Barat
10214145,SMAS PAB 4 SAMPALI PERCUT,https://sekolah.data.kemdikbud.go.id/index.php/Chome/profil/46FFF747-3CF1-40E8-8F05-BD38DA8B5067,JL. PASAR HITAM NO. 119 Sampali Kec. Percut Sei Tuan Kab. Deli Serdang Prov. Sumatera Utara,Kab. Deli Serdang,,Sumatera Utara
40307361,SMA NUR KARYA TIDUNG,https://sekolah.data.kemdikbud.go.id/index.php/Chome/profil/8855ABC8-31D3-4DCC-BC4C-BD39EBEDDD79,JL. LETJEN HERTASNING NO. 106 Bonto Makkio Kec. Rappocini Kota Makassar Prov. Sulawesi Selatan,,Kota Makassar,Sulawesi Selatan
50100393,SMAS MUHAMMADIYAH 2,https://sekolah.data.kemdikbud.go.id/index.php/Chome/profil/24441EE9-DC24-42A6-970E-BD43CA62A101,JL. CAMAR NO.8 Kaliuntu Kec. Buleleng Kab. Buleleng Prov. Bali,Kab. Buleleng,,Bali
10700685,SMA NEGERI 3 REJANG LEBONG,https://sekolah.data.kemdikbud.go.id/index.php/Chome/profil/A0A4ADD3-C5DF-430B-84E5-BD50647C708C,JL. DR.A.K GANI Desa Pahlawan Kec. Curup Utara Kab. Rejang Lebong Prov. Bengkulu,Kab. Rejang Lebong,,Bengkulu
20532094,SMAS SEJAHTERA 1 SURABAYA,https://sekolah.data.kemdikbud.go.id/index.php/Chome/profil/83E01DAC-6DD8-43E9-8141-BD506D7A1B79,JL. SIMO MULYO 1 / 3 Simomulyo Kec. Sukomanunggal Kota Surabaya Prov. Jawa Timur,,Kota Surabaya,Jawa Timur
20227906,SMAN 1 KERTASARI,https://sekolah.data.kemdikbud.go.id/index.php/Chome/profil/59CE13B2-2917-44A2-B33C-BD50E9F3EFC3,"JL. TERUSAN PACET KM. 15,5 RESMI TINGGAL Kec. Kertasari Kab. Bandung Prov. Jawa Barat",Kab. Bandung,,Jawa Barat
70001103,SMA BINA KARYA BUKO SELATAN,https://sekolah.data.kemdikbud.go.id/index.php/Chome/profil/0B8D5BF5-679B-4494-9504-BD526AD4E532,Desa Seano Seano Kec. Buko Selatan Kab. Banggai Kepulauan Prov. Sulawesi Tengah,Kab. Banggai Kepulauan,,Sulawesi Tengah
69946379,SMA NEGERI 1 BERINGIN,https://sekolah.data.kemdikbud.go.id/index.php/Chome/profil/07C66397-BEDD-4C8B-8A6A-BD529E875FF3,JL. BESAR PANTAI LABU Beringin Kec. Beringin Kab. Deli Serdang Prov. Sumatera Utara,Kab. Deli Serdang,,Sumatera Utara
10101176,SMA NEGERI 1 COT GIREK,https://sekolah.data.kemdikbud.go.id/index.php/Chome/profil/B1283CCF-5076-4B30-AD26-BD52FC2A6E1F,JL. KOMPLEK PENDIDIKAN NO. 1 Cot Girek Kec. Cot Girek Kab. Aceh Utara Prov. Aceh,Kab. Aceh Utara,,Aceh
20272023,SMAS DARUL QUR AN,https://sekolah.data.kemdikbud.go.id/index.php/Chome/profil/382D9B00-ED98-4FA4-BB44-BD57FFA5F75D,Jalan Nagrog No. 85 Pasanggrahan Kec. Ujungberung Kota Bandung Prov. Jawa Barat,,Kota Bandung,Jawa Barat
30300698,SMAN 1 KURAU,https://sekolah.data.kemdikbud.go.id/index.php/Chome/profil/D769EF71-438F-4DF3-A2ED-BD5A4177420F,JL. SWADAYA PADANG LUAS Kec. Kurau Kab. Tanah Laut Prov. Kalimantan Selatan,Kab. Tanah Laut,,Kalimantan Selatan
70014086,SMA ISLAM PLUS MUSTHOFA KAMAL,https://sekolah.data.kemdikbud.go.id/index.php/Chome/profil/9C610C60-F1F7-4D3F-B83E-BD658B13C54D,JL. MONTONG GADING PERIAN DESA MONTONG B... Montong Betok Kec. Montong Gading Kab. Lombok Timur Prov. Nusa Tenggara Barat,Kab. Lombok Timur,,Nusa Tenggara Barat
20402119,SMAN 1 PLAYEN,https://sekolah.data.kemdikbud.go.id/index.php/Chome/profil/587B30A3-D471-4027-9380-BD66C679FA77,"Jl. Playen- Paliyan, Plembutan, Playen, ... Plembutan Kec. Playen Kab. Gunungkidul Prov. D.I. Yogyakarta",Kab. Gunungkidul,,D.I. Yogyakarta
20568411,SMAS DZANNURAIN,https://sekolah.data.kemdikbud.go.id/index.php/Chome/profil/84E90F2C-48D8-411F-96FB-BD69C57AED83,JL. KH. ABDURRAHMAN WAHID Asemjaran Kec. Banyuates Kab. Sampang Prov. Jawa Timur,Kab. Sampang,,Jawa Timur
10901410,SMAN 1 LEPAR PONGOK,https://sekolah.data.kemdikbud.go.id/index.php/Chome/profil/F349FEA1-F900-4FED-9F87-BD6AF844C988,JL. MERDEKA NO. 1 Tanjunglabu Lepar Kab. Bangka Selatan Prov. Kepulauan Bangka Belitung,Kab. Bangka Selatan,,Kepulauan Bangka Belitung
60102707,SMAS AL - FIQRI TALAGA PIRU,https://sekolah.data.kemdikbud.go.id/index.php/Chome/profil/A1C397BE-7634-4AD6-9702-BD72631AA90F,DANAU MANDARANI Piru Kec. Seram Barat Kab. Seram Bagian Barat Prov. Maluku,Kab. Seram Bagian Barat,,Maluku
70040230,SMA ISLAM TERPADU AL-GHOFAR,https://sekolah.data.kemdikbud.go.id/index.php/Chome/profil/342CC7A9-BD08-4928-81C8-BD74438AADF2,"Jl. Terusan Pasir Impun, Kp. Cisanggarun... Cikadut Kec. Cimenyan Kab. Bandung Prov. Jawa Barat",Kab. Bandung,,Jawa Barat
10404969,SMAN 1 KANDIS,https://sekolah.data.kemdikbud.go.id/index.php/Chome/profil/D5F00DB3-A6C8-4784-9330-BD8AB18770FD,JL. CUT NYAK DIEN Telaga Sam Sam Kec. Kandis Kab. Siak Prov. Riau,Kab. Siak,,Riau
10220916,SMAS NASIONAL,https://sekolah.data.kemdikbud.go.id/index.php/Chome/profil/DC0A05E4-F008-4D26-B66C-BD9470214F94,JL. LINGGA 4 NAMUTERASI Emplasmen Pasar Iv Namo Trasi Kec. Sei Bingai Kab. Langkat Prov. Sumatera Utara,Kab. Langkat,,Sumatera Utara
20528659,SMAN 3 SAMPANG,https://sekolah.data.kemdikbud.go.id/index.php/Chome/profil/A3BA7A7C-AA88-4DB0-82C8-BD9B21B6C379,JL. DIPONEGORO 50 Banyuanyar Kec. Sampang Kab. Sampang Prov. Jawa Timur,Kab. Sampang,,Jawa Timur
50308363,SMAN 1 WELAK,https://sekolah.data.kemdikbud.go.id/index.php/Chome/profil/2472E952-3927-4D03-81CC-BD9E09675B46,BOLA RACANG WELAK Kec. Welak Kab. Manggarai Barat Prov. Nusa Tenggara Timur,Kab. Manggarai Barat,,Nusa Tenggara Timur
69966915,SMA INKLUSI SCHOOL OF HUMAN,https://sekolah.data.kemdikbud.go.id/index.php/Chome/profil/22C363B3-ABD6-4674-AF26-BDA6382DE569,JL MENDUT NO 126 RT 04/01 Jatisampurna Kec. Jati Sampurna Kota Bekasi Prov. Jawa Barat,,Kota Bekasi,Jawa Barat
10803531,SMA NEGERI 1 BELALAU,https://sekolah.data.kemdikbud.go.id/index.php/Chome/profil/AD7596D4-2238-47F8-B831-BDAA866DF67C,JL. P. DIPONEGORO NO. 001 Kejadian Kec. Belalau Kab. Lampung Barat Prov. Lampung,Kab. Lampung Barat,,Lampung
20223074,SMAS MARTIA BHAKTI,https://sekolah.data.kemdikbud.go.id/index.php/Chome/profil/187C0291-BBAE-463B-AE03-BDBBC8EC63F5,JL. JEND. SUDIRMAN KM. 32 Kayuringin Jaya Kec. Bekasi Selatan Kota Bekasi Prov. Jawa Barat,,Kota Bekasi,Jawa Barat
20534120,SMAN 5 MADIUN,https://sekolah.data.kemdikbud.go.id/index.php/Chome/profil/917A9690-8612-4BEA-8C7F-BDBE0680B913,JL. MASTRIP 29 MADIUN MOJOREJO Kec. Taman Kota Madiun Prov. Jawa Timur,,Kota Madiun,Jawa Timur
10102509,SMA NEGERI 1 WOYLA,https://sekolah.data.kemdikbud.go.id/index.php/Chome/profil/FE787763-FB19-4205-9571-BDBE143368F2,JL. MEULABOH - KUALA BHE LR. TGK. DISARA... Tingkeum Panyang Kec. Woyla Kab. Aceh Barat Prov. Aceh,Kab. Aceh Barat,,Aceh
69972832,SMA NEGERI 2 AESESA,https://sekolah.data.kemdikbud.go.id/index.php/Chome/profil/2AC304ED-5723-4FC0-B09F-BDBFB8886C33,Jln. Trans Aegela - Danga Olaia Kec. Aesesa Kab. Nagekeo Prov. Nusa Tenggara Timur,Kab. Nagekeo,,Nusa Tenggara Timur
20605355,SMAS PLUS DAAR EL SYIFA,https://sekolah.data.kemdikbud.go.id/index.php/Chome/profil/E0E172E6-4D63-41D1-A51B-BDC08FF93A80,JL. PADAHARAN KOPO Garut Kec. Kopo Kab. Serang Prov. Banten,Kab. Serang,,Banten
30110052,SMA NEGERI 1 PINOH SELATAN,https://sekolah.data.kemdikbud.go.id/index.php/Chome/profil/ED263083-C630-4FB0-AE0C-BDCD369756FF,JL. Andalehat Manggala Kec. Pinoh Selatan Kab. Melawi Prov. Kalimantan Barat,Kab. Melawi,,Kalimantan Barat
60301706,SMAN 3 BIAK,https://sekolah.data.kemdikbud.go.id/index.php/Chome/profil/059718D7-DCAE-4DA6-A1E8-BDD681F83F4A,DESA INSROM Insrom Kec. Biak Kota Kab. Biak Numfor Prov. Papua,Kab. Biak Numfor,,Papua
10203523,SMA SWASTA SANTO PETRUS SIDIKALANG,https://sekolah.data.kemdikbud.go.id/index.php/Chome/profil/A5416F1F-8524-4103-9AA8-BDDF241EEBC3,JL. PARONGIL NO. 97 SIDIKALANG Huta Rakyat Kec. Sidikalang Kab. Dairi Prov. Sumatera Utara,Kab. Dairi,,Sumatera Utara
50202422,SMAS MUHAMMADIYAH TERARA,https://sekolah.data.kemdikbud.go.id/index.php/Chome/profil/EFAC5BAA-5D55-4541-B5D4-BDDFCE4C6104,JL. LAPANGAN UMUM TERARA NO. 8 Terara Kec. Terara Kab. Lombok Timur Prov. Nusa Tenggara Barat,Kab. Lombok Timur,,Nusa Tenggara Barat
70023529,SMA INSAN CITA,https://sekolah.data.kemdikbud.go.id/index.php/Chome/profil/A5121150-5C0F-4F5E-9679-BDE6DF74F37F,TANJUNG PASIR DUSUN KARYA BERSAMA Kuala Mandor A Kec. Kuala Mandor B Kab. Kubu Raya Prov. Kalimantan Barat,Kab. Kubu Raya,,Kalimantan Barat
20252375,SMAS PONDOK DAUN,https://sekolah.data.kemdikbud.go.id/index.php/Chome/profil/20F47013-AA11-435B-9DEA-BDE79A3BD76E,JL. PEKAPURAN NO. 78 A Curug Kec. Cimanggis Kota Depok Prov. Jawa Barat,,Kota Depok,Jawa Barat
70030616,SMAIT IMAM BUKHARI DOMPU,https://sekolah.data.kemdikbud.go.id/index.php/Chome/profil/2CD37A32-3DBC-4C3B-BECF-BDEFFFAAC5DB,JL. SYECH MUHAMMAD NO.98 KARIJAWA DOMPU Karijawa Kec. Dompu Kab. Dompu Prov. Nusa Tenggara Barat,Kab. Dompu,,Nusa Tenggara Barat
20554263,SMAS MAARIF NU NURIS JATIREJO KUNIR,https://sekolah.data.kemdikbud.go.id/index.php/Chome/profil/5A2463F9-3B99-41B7-84C2-BDF2BB03FC8A,JL. PESANTREN JATIREJO KUNIR NO. 21 Jatirejo Kec. Kunir Kab. Lumajang Prov. Jawa Timur,Kab. Lumajang,,Jawa Timur
69893966,SMA GLOBAL ISLAMIC SCHOOL 2,https://sekolah.data.kemdikbud.go.id/index.php/Chome/profil/D5AD3454-BA4A-4CA8-9549-BDF3ED77272B,"Jl. Raya Puspiptek, Buaran - Serpong Buaran Kec. Serpong Kota Tangerang Selatan Prov. Banten",,Kota Tangerang Selatan,Banten
20525856,SMAN 1 GLAGAH,https://sekolah.data.kemdikbud.go.id/index.php/Chome/profil/B77A3BE2-047A-484C-948B-BDF545F3EA5C,JL. MELATI NO. 1 BANYUWANGI Banjarsari Kec. Glagah Kab. Banyuwangi Prov. Jawa Timur,Kab. Banyuwangi,,Jawa Timur
30300240,SMAN 1 MATARAMAN,https://sekolah.data.kemdikbud.go.id/index.php/Chome/profil/45D6F42F-75FB-4E78-97B4-BDF7C81EDEE2,"JL. JEND. A. YANI KM. 58,5 Mataraman Kec. Mataraman Kab. Banjar Prov. Kalimantan Selatan",Kab. Banjar,,Kalimantan Selatan
69991171,SMA IT AS SYAHRA,https://sekolah.data.kemdikbud.go.id/index.php/Chome/profil/11FD6615-815B-496E-89ED-BDFAFBB3F4B5,Dusun IV Talang Kiara Muara Aman Kec. Bukit Kemuning Kab. Lampung Utara Prov. Lampung,Kab. Lampung Utara,,Lampung
10801954,SMAS MA ARIF 2 BANGUNREJO,https://sekolah.data.kemdikbud.go.id/index.php/Chome/profil/15337C10-7C6A-4AFE-8286-BE01F38A32BA,JL. KH. WAHID HASYIM NO. 1 Sidomulyo Kec. Bangunrejo Kab. Lampung Tengah Prov. Lampung,Kab. Lampung Tengah,,Lampung
20210743,SMAS KHZ MUSTHAFA SUKAMANAH,https://sekolah.data.kemdikbud.go.id/index.php/Chome/profil/94E8DF08-F3D6-4533-8EC0-BE026C526BCB,JL PAHLAWAN NASIONAL KHZ. MUSTHAFA NO.47 Sukarapih Kec. Sukarame Kab. Tasikmalaya Prov. Jawa Barat,Kab. Tasikmalaya,,Jawa Barat
70006157,SMA Pengharapan,https://sekolah.data.kemdikbud.go.id/index.php/Chome/profil/AE431633-8B91-40CF-B09F-BE0E738F0AF6,Jl. Poros Nabire-Samabusa Lani Kec. Teluk Kimi Kab. Nabire Prov. Papua Tengah,Kab. Nabire,,Papua Tengah
69816325,SMAN 2 MESUJI MAKMUR,https://sekolah.data.kemdikbud.go.id/index.php/Chome/profil/A362E7EB-ED97-4296-A3B8-BE1FD42D501C,DESA SURYAKARTA Surya Karta Kec. Mesuji Makmur Kab. Ogan Komering Ilir Prov. Sumatera Selatan,Kab. Ogan Komering Ilir,,Sumatera Selatan
60301597,SMAS YPPK SANTO THOMAS WAMENA,https://sekolah.data.kemdikbud.go.id/index.php/Chome/profil/D7FB7E11-5D0B-4F84-AEA6-BE27DD2D37DA,JL. GATOT SUBROTO WAMENA Wamena Kota Kec. Wamena Kab. Jayawijaya Prov. Papua Pegunungan,Kab. Jayawijaya,,Papua Pegunungan
20321982,SMAS NU 2 SUNAN ABINOWO PEGANDON,https://sekolah.data.kemdikbud.go.id/index.php/Chome/profil/3E1DCA10-A1CC-48EF-B25D-BE2A73BDE73B,Jl. Raya Abinawa NO. 75 Pegandon Penanggulan Kec. Pegandon Kab. Kendal Prov. Jawa Tengah,Kab. Kendal,,Jawa Tengah
11002458,SMAN 15 BATAM,https://sekolah.data.kemdikbud.go.id/index.php/Chome/profil/1C4DFD01-6CDA-4F2C-B171-BE2C8226825D,JL.HANG KESTURI Batu Besar Kec. Nongsa Kota Batam Prov. Kepulauan Riau,,Kota Batam,Kepulauan Riau
69774696,SMA NEGERI 1 WULLA WAIJELU,https://sekolah.data.kemdikbud.go.id/index.php/Chome/profil/78EAB5E2-4809-4916-8412-BE334F76434E,Jalan Dermaga Baing Hadakamali Kec. Wulla Waijelu Kab. Sumba Timur Prov. Nusa Tenggara Timur,Kab. Sumba Timur,,Nusa Tenggara Timur
10305565,SMAN 1 SUNGAI LIMAU,https://sekolah.data.kemdikbud.go.id/index.php/Chome/profil/D1B61D3D-962D-4A1E-9EDC-BE340C4BAE93,Jl. Raya Pariaman - Tiku KM 18 KOTO TINGGI KURANJI HILIR Kec. Sungai Limau Kab. Padang Pariaman Prov. Sumatera Barat,Kab. Padang Pariaman,,Sumatera Barat
20549721,SMAS AL HIKMAH SURABAYA,https://sekolah.data.kemdikbud.go.id/index.php/Chome/profil/477C23CD-AACC-4C9A-93C5-BE362FBE014F,JL. KEBON SARI ELVEKA V Kebonsari Kec. Jambangan Kota Surabaya Prov. Jawa Timur,,Kota Surabaya,Jawa Timur
10601973,SMAN MUARA KELINGI,https://sekolah.data.kemdikbud.go.id/index.php/Chome/profil/C52557B3-EC7B-4CBE-9A22-BE39F99ED7F8,JL. MERDEKA  RT IX.KP.IV Muara Kelingi Kec. Muara Kelingi Kab. Musi Rawas Prov. Sumatera Selatan,Kab. Musi Rawas,,Sumatera Selatan
70041472,SMA Bunda Mulia,https://sekolah.data.kemdikbud.go.id/index.php/Chome/profil/7020F740-6308-4A51-8962-BE460D4FAA1D,"Jl. Utan Jati, No. 1 Rt. 09 Rw. 14 Kalideres Kec. Kali Deres Kota Adm. Jakarta Barat Prov. D.K.I. Jakarta",,Kota Adm. Jakarta Barat,D.K.I. Jakarta
10207080,SMAN 1 SOSA,https://sekolah.data.kemdikbud.go.id/index.php/Chome/profil/9B321FA8-6894-4441-B0F3-BE48F53AB1C2,JL. SISINGAMANGARAJA  NO. 62 PASAR UJUNG... Pasar Ujung Batu Kec. Sosa Kab. Padang Lawas Prov. Sumatera Utara,Kab. Padang Lawas,,Sumatera Utara
10110894,SMA NEGERI 1 ALAFAN,https://sekolah.data.kemdikbud.go.id/index.php/Chome/profil/14A60BD4-DB02-466B-BB96-BE4AD36E84D6,Jln. Tgk. H. Awaluddin Makrifatullah Langi Kec. Alafan Kab. Simeulue Prov. Aceh,Kab. Simeulue,,Aceh
70055491,Sekolah Rakyat Menengah Atas Terintegrasi 15 Empat Lawang,https://sekolah.data.kemdikbud.go.id/index.php/Chome/profil/10C08807-AF88-4622-BB7B-BE4B86FD51DE,"Jl. Noerdin Panji Tebing Tinggi, Kemang ... Kemang Manis Kec. Tebing Tinggi Kab. Empat Lawang Prov. Sumatera Selatan",Kab. Empat Lawang,,Sumatera Selatan
10208461,SMAN 1 HABINSARAN,https://sekolah.data.kemdikbud.go.id/index.php/Chome/profil/67E6693A-FC46-4075-B2E0-BE4B8BA62217,Jl. PARSOBURAN Parsoburan Tengah Kec. Habinsaran Kab. Toba Prov. Sumatera Utara,Kab. Toba,,Sumatera Utara
60103513,SMA Negeri 27 Maluku Tengah,https://sekolah.data.kemdikbud.go.id/index.php/Chome/profil/2A806928-0233-4D1E-9992-BE4C71618F0A,Jln. KAPITAN ULUPAHA Seith Kec. Leihitu Kab. Maluku Tengah Prov. Maluku,Kab. Maluku Tengah,,Maluku
70055222,SMA AL FATIH,https://sekolah.data.kemdikbud.go.id/index.php/Chome/profil/0DA9D276-603C-4442-8621-BE4E42189531,Jl. KH. Agus Salim RT.004 RW.006 Permis Simpang Rimba Kab. Bangka Selatan Prov. Kepulauan Bangka Belitung,Kab. Bangka Selatan,,Kepulauan Bangka Belitung
10814589,SMAS DWI MULYA,https://sekolah.data.kemdikbud.go.id/index.php/Chome/profil/CDFACF17-6920-4718-BAFA-BE4EFC4DC8F6,JL. LINTAS SUMATERA Kota Agung Kec. Tegineneng Kab. Pesawaran Prov. Lampung,Kab. Pesawaran,,Lampung
20540055,SMAS DHARMA WANITA 6,https://sekolah.data.kemdikbud.go.id/index.php/Chome/profil/518A2539-EFA2-4CA7-8FB2-BE535E155975,JL. H.SYUKUR VI RT 25 RW 11 DSN.BONO Sedati Gede Kec. Sedati Kab. Sidoarjo Prov. Jawa Timur,Kab. Sidoarjo,,Jawa Timur
20554399,SMA NEGERI 1 MONTONG TUBAN,https://sekolah.data.kemdikbud.go.id/index.php/Chome/profil/E343A224-9682-4477-9B87-BE6313646695,JL. RAYA TANGGULANGIN Km 1 MONTONG Pakel Kec. Montong Kab. Tuban Prov. Jawa Timur,Kab. Tuban,,Jawa Timur
10801949,SMAS MUHAMMADIYAH 1 SEPUTIH BANYAK,https://sekolah.data.kemdikbud.go.id/index.php/Chome/profil/74C17ABA-4F14-4923-BD9D-BE67D8274F44,JL. KH. AHMAD DAHLAN Tanjung Harapan Kec. Seputih Banyak Kab. Lampung Tengah Prov. Lampung,Kab. Lampung Tengah,,Lampung
20209194,SMAN 21 GARUT,https://sekolah.data.kemdikbud.go.id/index.php/Chome/profil/19998C31-5522-4A84-8229-BE68084005E2,JL. PANORAMA CIBUNGUR Sukamulya Kec. Talegong Kab. Garut Prov. Jawa Barat,Kab. Garut,,Jawa Barat
69954718,SMA HAYATUL ISLAM,https://sekolah.data.kemdikbud.go.id/index.php/Chome/profil/7D0C82A4-0684-4E32-AF8E-BE6AC23D9660,Dusun Karang Tengah utara Roto Kec. Krucil Kab. Probolinggo Prov. Jawa Timur,Kab. Probolinggo,,Jawa Timur
10106291,SMA NEGERI 13 BANDA ACEH,https://sekolah.data.kemdikbud.go.id/index.php/Chome/profil/E917C8A5-5B4B-48D5-8027-BE70081B1086,JL. LAMPOH KUTA NO. 2E GAMPONG JAWA Gampong Jawa Kec. Kuta Raja Kota Banda Aceh Prov. Aceh,,Kota Banda Aceh,Aceh
70040005,SMA ISLAM TERPADU ITTIHADUL MUWAHIDIN,https://sekolah.data.kemdikbud.go.id/index.php/Chome/profil/9D115123-B5C4-4128-82ED-BE7462703284,Jl. Raya Pati - Kudus KM. 6 Sokokulon Kec. Margorejo Kab. Pati Prov. Jawa Tengah,Kab. Pati,,Jawa Tengah
20307636,SMAS ISLAM SUDIRMAN GRABAG,https://sekolah.data.kemdikbud.go.id/index.php/Chome/profil/041AA676-B9C8-4701-BA2D-BE74AC28AE03,JL. TELAGA BLEDER KM. 1 Grabag Kec. Grabag Kab. Magelang Prov. Jawa Tengah,Kab. Magelang,,Jawa Tengah
20231704,SMAS ANANDA,https://sekolah.data.kemdikbud.go.id/index.php/Chome/profil/4745DEA6-2A05-4E38-B13B-BE7B89A75DF4,JL. PROF. MUH. YAMIN NO. 21 DUREN JAYA Duren Jaya Kec. Bekasi Timur Kota Bekasi Prov. Jawa Barat,,Kota Bekasi,Jawa Barat
70002836,SMA PGRI DWAI,https://sekolah.data.kemdikbud.go.id/index.php/Chome/profil/CA171912-CAE7-407B-942C-BE7E2E3C4D19,Kampung Sere - Sere Sere Sere Kec. Yapen Timur Kab. Kepulauan Yapen Prov. Papua,Kab. Kepulauan Yapen,,Papua
40401534,SMAN 1 MOWEWE,https://sekolah.data.kemdikbud.go.id/index.php/Chome/profil/5DB6DEC0-4B71-460E-A547-BE7FD450D2E2,JL. PENDIDIKAN NO.1 Lapangisi KEC. MOWEWE Kab. Kolaka Timur Prov. Sulawesi Tenggara,Kab. Kolaka Timur,,Sulawesi Tenggara
10609899,SMAN 3 PAGAR ALAM,https://sekolah.data.kemdikbud.go.id/index.php/Chome/profil/E0A87CDC-272F-4DB2-804D-BE806659D241,JL. MERDEKA BUMI AGUNG Bumi Agung Kec. Dempo Utara Kota Pagar Alam Prov. Sumatera Selatan,,Kota Pagar Alam,Sumatera Selatan
20223045,SMAN 4 BEKASI,https://sekolah.data.kemdikbud.go.id/index.php/Chome/profil/6CB6AFB6-06E0-488F-B1C3-BE8EE702D9F1,JL. CEMARA PERMAI PERUM HARAPAN JAYA Harapan Jaya Kec. Bekasi Utara Kota Bekasi Prov. Jawa Barat,,Kota Bekasi,Jawa Barat
20523810,SMAS 10 NOPEMBER,https://sekolah.data.kemdikbud.go.id/index.php/Chome/profil/63AA0BE2-8EC9-4863-9CA0-BE90291A3F2F,JL. KH. DEWANTARA 29 KALISAT- JEMBER Kalisat Kec. Kalisat Kab. Jember Prov. Jawa Timur,Kab. Jember,,Jawa Timur
50101704,SMA Negeri 1 Abiansemal,https://sekolah.data.kemdikbud.go.id/index.php/Chome/profil/1CCCF412-F55D-47FB-BAC8-BE96F2005C65,JL. MAJAPAHIT Blahkiuh Kec. Abiansemal Kab. Badung Prov. Bali,Kab. Badung,,Bali
10404003,SMAS AN NUR,https://sekolah.data.kemdikbud.go.id/index.php/Chome/profil/50AB7C1D-F910-495E-883E-BE97D4ABFE8D,Jalan Sisingamangaraja No.8 Sumahilang Kec. Pekanbaru Kota Kota Pekanbaru Prov. Riau,,Kota Pekanbaru,Riau
69985140,SMA ISLAM MARAQITTALIMAT PRINGGABAYA,https://sekolah.data.kemdikbud.go.id/index.php/Chome/profil/D019F50B-238A-4B96-9898-BE98F48FB01B,JL. PANTAI KERANJI DUSUN EMBANG-EMBANGAN... PRINGGABAYA UTARA Kec. Pringgabaya Kab. Lombok Timur Prov. Nusa Tenggara Barat,Kab. Lombok Timur,,Nusa Tenggara Barat
60203597,SMAS MUHAMMADIYAH 4 TIDORE KEPULAUAN,https://sekolah.data.kemdikbud.go.id/index.php/Chome/profil/8B6BC5E7-0880-466A-B2DC-BE9B71E1F3D1,LOLA Lola Kec. Oba Tengah Kota Tidore Kepulauan Prov. Maluku Utara,,Kota Tidore Kepulauan,Maluku Utara
69950911,SMA NEGERI 1 MANGANITU SELATAN,https://sekolah.data.kemdikbud.go.id/index.php/Chome/profil/2312D8EC-247D-4336-BD71-BEA45B0DDB3C,Lapango Lapango Kec. Manganitu Selatan Kab. Kepulauan Sangihe Prov. Sulawesi Utara,Kab. Kepulauan Sangihe,,Sulawesi Utara
20542499,SMAN 1 PULE,https://sekolah.data.kemdikbud.go.id/index.php/Chome/profil/AAAE7943-D1CB-450B-94CE-BEA7F0CE1A63,JL. Raya Jombok gang Sidem No. 03 Jombok Kec. Pule Kab. Trenggalek Prov. Jawa Timur,Kab. Trenggalek,,Jawa Timur
60203632,SMA NEGERI 33 HALMAHERA SELATAN,https://sekolah.data.kemdikbud.go.id/index.php/Chome/profil/1E193453-0C2C-4239-A1A4-BEA9509BACBF,Jln. Nitamalili Pasi Palele Kec. Gane Barat Selatan Kab. Halmahera Selatan Prov. Maluku Utara,Kab. Halmahera Selatan,,Maluku Utara
70043394,SMA Islam Terpadu Ittihadul Ummah Al Akbar Lenek,https://sekolah.data.kemdikbud.go.id/index.php/Chome/profil/A1FC54B3-9F21-4EBC-BAF9-BEAC7C223B76,Dusun Karang Ranjong Barat Lenek Kec. Lenek Kab. Lombok Timur Prov. Nusa Tenggara Barat,Kab. Lombok Timur,,Nusa Tenggara Barat
69824440,SMA NEGERI 1 TANAH MIRING,https://sekolah.data.kemdikbud.go.id/index.php/Chome/profil/A3A478AA-0EAB-4648-80BB-BEAE3D8FE1F8,JALAN WIJAYA KUSUMA Waninggap Miraf Kec. Tanah Miring Kab. Merauke Prov. Papua Selatan,Kab. Merauke,,Papua Selatan
40600224,SMAS PGRI PAPALANG,https://sekolah.data.kemdikbud.go.id/index.php/Chome/profil/078E1D5C-001E-41E1-8119-BEB175CDCE89,"JL. Poros Kapaasang Kab. Mamuju Kec, Pap... Papalang Kec. Papalang Kab. Mamuju Prov. Sulawesi Barat",Kab. Mamuju,,Sulawesi Barat
20551896,SMA NURUL JADID,https://sekolah.data.kemdikbud.go.id/index.php/Chome/profil/3B865355-20A8-4C4F-9EC9-BEB68B1E7A7E,JL. Raya Cemara Udang No. 35 Batang Bata... Batangbatang Daya Kec. Batang-Batang Kab. Sumenep Prov. Jawa Timur,Kab. Sumenep,,Jawa Timur
69831557,SMAN 1 MONTERADO,https://sekolah.data.kemdikbud.go.id/index.php/Chome/profil/20F0B3B5-F18E-44DD-889B-BEB7513C3CB7,Monterado Gerantung Kec. Monterado Kab. Bengkayang Prov. Kalimantan Barat,Kab. Bengkayang,,Kalimantan Barat
11002026,SMAN 1 DURAI,https://sekolah.data.kemdikbud.go.id/index.php/Chome/profil/6F4A04A3-8209-4231-8EE7-BEBA6826E416,JL. SERSAN H. IBRAHIM YAKOP DURAI Tanjung Kilang Kec. Durai Kab. Karimun Prov. Kepulauan Riau,Kab. Karimun,,Kepulauan Riau
10101909,SMA NEGERI 1 PANTEE BIDARI,https://sekolah.data.kemdikbud.go.id/index.php/Chome/profil/74610C25-6AE4-45CE-8FB2-BEC4005F7AC1,JL.  TEUPIN BATEE MNS.  TUNONG Meunasah Tunong Kec. Pante Beudari Kab. Aceh Timur Prov. Aceh,Kab. Aceh Timur,,Aceh
20564429,SMAS TOHA PRAKTIKA,https://sekolah.data.kemdikbud.go.id/index.php/Chome/profil/EB178081-1913-4AD2-82DF-BEC85305EC9F,GILIGENTING Aenganyar Kec. Giligenteng Kab. Sumenep Prov. Jawa Timur,Kab. Sumenep,,Jawa Timur
69895489,SMAS PELITA NUSANTARA,https://sekolah.data.kemdikbud.go.id/index.php/Chome/profil/B55A747E-A08F-40E2-BC2E-BECC4C66EE1B,JALAN RAYA SERANG KM 31 RT 002/ RW 004 Gembong Kec. Balaraja Kab. Tangerang Prov. Banten,Kab. Tangerang,,Banten
69773548,SMAN 1 LUMBANG,https://sekolah.data.kemdikbud.go.id/index.php/Chome/profil/D0F90324-7F57-49D9-B2EC-BECED420DDA6,DESA PANDITAN KEC.LUMBANG KAB.PASURUAN Panditan Kec. Lumbang Kab. Pasuruan Prov. Jawa Timur,Kab. Pasuruan,,Jawa Timur
10310797,SMAS XAVERIUS,https://sekolah.data.kemdikbud.go.id/index.php/Chome/profil/9AEC89A2-8191-41DC-A742-BED01F5CABC4,JLN BAGINDO AZIZCHAN NO 11 Bukit Cangang Kayu Ramang Kec. Guguk Panjang Kota Bukittinggi Prov. Sumatera Barat,,Kota Bukittinggi,Sumatera Barat
20232371,SMAN 1 TAJURHALANG,https://sekolah.data.kemdikbud.go.id/index.php/Chome/profil/C5A7DB58-1A97-4FA8-B48C-BED3B9D13CAE,JL. RAYA TAJURHALANG  NO.6 Tajur Halang Kec. Tajurhalang Kab. Bogor Prov. Jawa Barat,Kab. Bogor,,Jawa Barat
60403705,SMAS YPPKK MORIA,https://sekolah.data.kemdikbud.go.id/index.php/Chome/profil/4966ADDC-CC92-470D-BECB-BEE1E59CBC5F,"JL. BASUKI RAHMAT KM 11, SORONG TIMUR, K... KLAWUYUK Kec. Sorong Timur Kota Sorong Prov. Papua Barat Daya",,Kota Sorong,Papua Barat Daya
20323604,SMA MUHAMMADIYAH 2 PEKALONGAN,https://sekolah.data.kemdikbud.go.id/index.php/Chome/profil/53E62058-83D4-4116-B94E-BEE39B082563,Jl Raya Ambokembang Gg 9 No 3 Ambokembang Kec. Kedungwuni Kab. Pekalongan Prov. Jawa Tengah,Kab. Pekalongan,,Jawa Tengah
20338221,SMAS MA ARIF NU SOKARAJA,https://sekolah.data.kemdikbud.go.id/index.php/Chome/profil/5094FCC3-BAD7-4A5F-87C6-BEE95ADA213D,JL. KY. ACH. MURSYID SOKARAJA Sokaraja Lor Kec. Sokaraja Kab. Banyumas Prov. Jawa Tengah,Kab. Banyumas,,Jawa Tengah
20227856,SMA MAJALAYA PUTRA,https://sekolah.data.kemdikbud.go.id/index.php/Chome/profil/22CBCF62-0361-4046-9EAC-BEEA25D0BD96,Jl. PASAR BARU NO. 75 Majakerta Kec. Majalaya Kab. Bandung Prov. Jawa Barat,Kab. Bandung,,Jawa Barat
60725467,SMAN 1 TEMIANG PESISIR,https://sekolah.data.kemdikbud.go.id/index.php/Chome/profil/C91BC949-476C-43A2-8C59-BEEBC2347E45,JL. PENARAH DESA TAJUR BIRU TAJUR BIRU Kec. Temiang Pesisir Kab. Lingga Prov. Kepulauan Riau,Kab. Lingga,,Kepulauan Riau
60401122,SMA Negeri 1 Fakfak,https://sekolah.data.kemdikbud.go.id/index.php/Chome/profil/79EAFE78-4E31-4967-9F2C-BEED6371F8B2,Jl. Ki Hajar Dewantara Fakfak Fak Fak Selatan Kec. Fak-fak Kab. Fak Fak Prov. Papua Barat,Kab. Fak Fak,,Papua Barat
20534116,SMAS SANTO BONAVENTURA,https://sekolah.data.kemdikbud.go.id/index.php/Chome/profil/99C92C59-9842-443C-B39A-BEF0EA5A44EA,JL. DIPONEGORO 45 MADIUN Manguharjo Kec. Manguharjo Kota Madiun Prov. Jawa Timur,,Kota Madiun,Jawa Timur
10214152,SMA SWASTA PANGERAN ANTASARI,https://sekolah.data.kemdikbud.go.id/index.php/Chome/profil/00BBCEC2-5304-46DA-97BD-BEF8D2376308,JL. VETERAN NO. 1060/19 Helvetia Kec. Labuhan Deli Kab. Deli Serdang Prov. Sumatera Utara,Kab. Deli Serdang,,Sumatera Utara
20501699,SMAN OLAH RAGA SIDOARJO,https://sekolah.data.kemdikbud.go.id/index.php/Chome/profil/E67244D5-B71B-4C3A-964E-BEFA33159318,JL. DESA PAGER WOJO SIDOARJO Pagerwojo Kec. Buduran Kab. Sidoarjo Prov. Jawa Timur,Kab. Sidoarjo,,Jawa Timur
69728423,SMAN INSANA BARAT,https://sekolah.data.kemdikbud.go.id/index.php/Chome/profil/F1BA437A-89F1-4B98-95D0-BEFC6DA2FBD2,JL. Jalan Raya Mamsena Letneo Selatan Kec. Insana Barat Kab. Timor Tengah Utara Prov. Nusa Tenggara Timur,Kab. Timor Tengah Utara,,Nusa Tenggara Timur
69956371,SMA ISLAM ANNABA,https://sekolah.data.kemdikbud.go.id/index.php/Chome/profil/CDFAEA8F-7EAB-4C81-A7C1-BEFCADDE2834,Jl. Raya Sukabumi Km. 5 Rt/Rw 04/01 Rancagoong Kec. Cilaku Kab. Cianjur Prov. Jawa Barat,Kab. Cianjur,,Jawa Barat
20312171,SMA NEGERI 1 KERJO,https://sekolah.data.kemdikbud.go.id/index.php/Chome/profil/6319D58C-FC04-49DA-B757-BF001783EA0F,Kerjo RT.001/ RW.002 Sumberejo Kec. Kerjo Kab. Karanganyar Prov. Jawa Tengah,Kab. Karanganyar,,Jawa Tengah
10211702,SMAN 4 PEMATANG SIANTAR,https://sekolah.data.kemdikbud.go.id/index.php/Chome/profil/E117BF28-B3B5-4EB0-822B-BF0AF5163C83,JL. PATTIMURA NO 1 Pahlawan Kec. Siantar Timur Kota Pematangsiantar Prov. Sumatera Utara,,Kota Pematangsiantar,Sumatera Utara
20603367,SMAN 2 KABUPATEN TANGERANG,https://sekolah.data.kemdikbud.go.id/index.php/Chome/profil/AAFD8F3C-BE25-4874-9956-BF0ED6C989B4,JL. PENDIDIKAN NO. 5 Mauk Timur Kec. Mauk Kab. Tangerang Prov. Banten,Kab. Tangerang,,Banten
69867929,SMA NEGERI 2 MINAS,https://sekolah.data.kemdikbud.go.id/index.php/Chome/profil/335D347A-EA9B-4593-A0B6-BF103421F13B,JL. DESA MINAS BARAT KM. 38 Minas Barat Kec. Minas Kab. Siak Prov. Riau,Kab. Siak,,Riau
20533617,SMAS TAMAN HARAPAN,https://sekolah.data.kemdikbud.go.id/index.php/Chome/profil/DED819DD-51E6-4CED-8175-BF10CD8C9E37,Jl. Aries Munandar No. 2 - 4 Kidul Dalem Kec. Klojen Kota Malang Prov. Jawa Timur,,Kota Malang,Jawa Timur
20331092,SMAS MUHAMMADIYAH 1 WELERI,https://sekolah.data.kemdikbud.go.id/index.php/Chome/profil/93C33761-F7F7-470A-B9F2-BF19D757C65A,JL. RAYA 238 WELERI Penyangkringan Kec. Weleri Kab. Kendal Prov. Jawa Tengah,Kab. Kendal,,Jawa Tengah
70047774,SMA TELADAN YOGYAKARTA,https://sekolah.data.kemdikbud.go.id/index.php/Chome/profil/FD97DE03-7EC2-44D4-8F4E-BF1BB92BC3FF,"Jalan Kabupaten Km. 0,5 No. 99 Karang Te... Nogotirto Kec. Gamping Kab. Sleman Prov. D.I. Yogyakarta",Kab. Sleman,,D.I. Yogyakarta
69956646,SMA IT NURUDZ DZIKRI,https://sekolah.data.kemdikbud.go.id/index.php/Chome/profil/032FF51A-39D2-42D6-9693-BF3885762498,Jalan Ciruas Petir KM.6 Kp.Lebak. Lebakwangi Kec. Walantaka Kota Serang Prov. Banten,,Kota Serang,Banten
70055601,SMA NEGERI 3 GUNUNG TALANG,https://sekolah.data.kemdikbud.go.id/index.php/Chome/profil/3C1F2A29-5A77-4FF7-96D3-BF39DDE8BC2D,Jalan Lintas Sumatera Aro Talang TALANG Kec. Gunung Talang Kab. Solok Prov. Sumatera Barat,Kab. Solok,,Sumatera Barat
11002048,SMAN 1 SUBI,https://sekolah.data.kemdikbud.go.id/index.php/Chome/profil/CC32A539-1E9A-4E4C-B9AA-BF3A6006BDA3,JL. PENDIDIKAN Subi Besar Kec. Subi Kab. Natuna Prov. Kepulauan Riau,Kab. Natuna,,Kepulauan Riau
20216201,SMAS NU JUNTINYUAT,https://sekolah.data.kemdikbud.go.id/index.php/Chome/profil/1324D19A-FC5F-4E8B-9D73-BF3C5A1EBF66,JL. KH. HASYIM ASYHARI NO 1/1 Segeran Kidul Kec. Juntinyuat Kab. Indramayu Prov. Jawa Barat,Kab. Indramayu,,Jawa Barat
20219770,SMAS PAHLAWAN TOHA,https://sekolah.data.kemdikbud.go.id/index.php/Chome/profil/964F5D15-F97D-421E-BD35-BF3D4C8A296C,Jl. Peta (Sukamulya I) Suka Asih Kec. Bojong Loa Kaler Kota Bandung Prov. Jawa Barat,,Kota Bandung,Jawa Barat
70036718,SMA MUHAMMADIYAH AT-TANWIR METRO,https://sekolah.data.kemdikbud.go.id/index.php/Chome/profil/FE13F774-79F6-472C-9812-BF4893B078A3,JL. Proklamasi No. 01 Mulyosari Kec. Metro Barat Kota Metro Prov. Lampung,,Kota Metro,Lampung
30202291,SMAN 1 TEWAH,https://sekolah.data.kemdikbud.go.id/index.php/Chome/profil/2179058F-D03E-458E-A2A2-BF4EE9734B63,JL. GUNUNG MAS NO. 75 TEWAH Tewah Kec. Tewah Kab. Gunung Mas Prov. Kalimantan Tengah,Kab. Gunung Mas,,Kalimantan Tengah
40200255,SMAN 1 PELING TENGAH,https://sekolah.data.kemdikbud.go.id/index.php/Chome/profil/84C282DC-EDF3-4AA4-B520-BF52E85BFC84,Jl. Nusa Peling No.16 Patukuki Kec. Peling Tengah Kab. Banggai Kepulauan Prov. Sulawesi Tengah,Kab. Banggai Kepulauan,,Sulawesi Tengah
70006546,SMA ISLAM DARUL HIKMAH,https://sekolah.data.kemdikbud.go.id/index.php/Chome/profil/DB285497-C1A4-4D27-99B1-BF56BC415E6D,JL. Pramuka No.1 RT 03 RK 6 Taman Asri Taman Asri Kec. Baradatu Kab. Way Kanan Prov. Lampung,Kab. Way Kanan,,Lampung
10403015,SMA NEGERI 1 BANGUN PURBA,https://sekolah.data.kemdikbud.go.id/index.php/Chome/profil/BFA669CD-DEAA-4C21-99C9-BF6B4C08BFB5,JL.JENDRAL SUDIRMAN TANGUN Tangun Kec. Bangun Purba Kab.  Rokan Hulu Prov. Riau,Kab.  Rokan Hulu,,Riau
69822679,SMAS Firdaus,https://sekolah.data.kemdikbud.go.id/index.php/Chome/profil/0B21B7CF-2064-47D2-927D-BF6C1A5F6C9E,Jalan Raden Hestuhadi RT 01 Pebuahan Ban... Banyubiru Kec. Negara Kab. Jembrana Prov. Bali,Kab. Jembrana,,Bali
60304496,SMA NEGERI 6 SOWEK,https://sekolah.data.kemdikbud.go.id/index.php/Chome/profil/2F1EFD68-7322-4F64-BD9B-BF6F7361A445,Dsitrik Kepulauan Aruri Kabupaten Supior... Rayori Kec. Kepulauan Aruri Kab. Supiori Prov. Papua,Kab. Supiori,,Papua
70006118,SMA STRADA BHAKTI WIYATA,https://sekolah.data.kemdikbud.go.id/index.php/Chome/profil/99AABA12-B6B0-46D0-B400-BF73D5993168,JALAN BINTARA RAYA NO. 38 Kranji Kec. Bekasi Barat Kota Bekasi Prov. Jawa Barat,,Kota Bekasi,Jawa Barat
69947184,SMAN 2 BAJAWA,https://sekolah.data.kemdikbud.go.id/index.php/Chome/profil/9B236A26-76E3-4D12-9F5E-BF73DC7A1B1F,Jl. W.J Lalamentik. Kel. Faobata Faobata Kec. Bajawa Kab. Ngada Prov. Nusa Tenggara Timur,Kab. Ngada,,Nusa Tenggara Timur
70043768,SMA 3 AL-MUHAJIRIN,https://sekolah.data.kemdikbud.go.id/index.php/Chome/profil/38B8A7B5-B10C-48E0-8D28-BF790405F462,Jl. Raya Purwakarta-Bandung Km.6 Kp. Cit... Sukajaya Kec. Sukatani Kab. Purwakarta Prov. Jawa Barat,Kab. Purwakarta,,Jawa Barat
69988292,SMA STO. ARNOLDUS JANSSEN KUPANG,https://sekolah.data.kemdikbud.go.id/index.php/Chome/profil/EDDF7C9C-E880-40AD-8FAF-BF7A31E5724E,"Jalan Frans Lebu Raya, Gang TDM 4, Oebob... Tuak Daun Merah Kec. Oebobo Kota Kupang Prov. Nusa Tenggara Timur",,Kota Kupang,Nusa Tenggara Timur
40100870,SMAN 1 REMBOKEN,https://sekolah.data.kemdikbud.go.id/index.php/Chome/profil/866FEF1E-1190-4907-8418-BF7DA3A96224,JL. TIMU TALIKURAN Timu Kec. Remboken Kab. Minahasa Prov. Sulawesi Utara,Kab. Minahasa,,Sulawesi Utara
40314364,SMAN 10 TAKALAR,https://sekolah.data.kemdikbud.go.id/index.php/Chome/profil/4E391DF4-A17B-40E2-9D68-BF7EA08FAC63,Dandedandere Maccini Baji Kepulauan Tanakeke Kab. Takalar Prov. Sulawesi Selatan,Kab. Takalar,,Sulawesi Selatan
20219780,SMAS PGRI 1 BANDUNG,https://sekolah.data.kemdikbud.go.id/index.php/Chome/profil/EDF64DA8-B68B-495E-86BC-BF84B7ABC7AC,JL. SUKAGALIH NO. 80 Sukagalih Kec. Sukajadi Kota Bandung Prov. Jawa Barat,,Kota Bandung,Jawa Barat
20222366,SMAN 3 CIREBON,https://sekolah.data.kemdikbud.go.id/index.php/Chome/profil/1A98B557-D390-4E2C-B405-BF89A46ADD56,JL. CIREMAI RAYA NO. 63 Larangan Kec. Harjamukti Kota Cirebon Prov. Jawa Barat,,Kota Cirebon,Jawa Barat
20254098,SMAN 1 CARINGIN,https://sekolah.data.kemdikbud.go.id/index.php/Chome/profil/5A973960-91BB-44E2-9A69-BF89C19F0691,JL. RAYA MAYJEN HE. SUKMA KM 16 CARINGIN... Cimande Hilir Kec. Caringin Kab. Bogor Prov. Jawa Barat,Kab. Bogor,,Jawa Barat
10113242,SMA NEGERI 5 DARUL MAKMUR,https://sekolah.data.kemdikbud.go.id/index.php/Chome/profil/01774EA5-1457-42CD-9B05-BF8D593F4A36,ALUE RAMBOT Alue Rambot Kec. Darul Makmur Kab. Nagan Raya Prov. Aceh,Kab. Nagan Raya,,Aceh
69733991,SMAN 1 HAWU MEHARA,https://sekolah.data.kemdikbud.go.id/index.php/Chome/profil/7C385388-2F64-4B3D-BF66-BF95C9FF94D6,TANAJAWA Tanajawa Kec. Hawu Mehara Kab. Sabu Raijua Prov. Nusa Tenggara Timur,Kab. Sabu Raijua,,Nusa Tenggara Timur
10303090,SMA N 1 PASAMAN,https://sekolah.data.kemdikbud.go.id/index.php/Chome/profil/8B583B39-3863-44A2-8C3F-BFA14580AB6C,JL. KIHAJAR DEWANTARA LINGKUANG AUA Kec. Pasaman Kab. Pasaman Barat Prov. Sumatera Barat,Kab. Pasaman Barat,,Sumatera Barat
10401516,SMAN 1 PASIR PENYU,https://sekolah.data.kemdikbud.go.id/index.php/Chome/profil/CF7375B4-22F4-4205-829A-BFA1AD9BF127,JL. SIMP. TIGA LIRIK AIR MOLEK Tanah Merah Kec. Pasir Penyu Kab. Indragiri Hulu Prov. Riau,Kab. Indragiri Hulu,,Riau
10259212,SMAN 1 GIDO,https://sekolah.data.kemdikbud.go.id/index.php/Chome/profil/84BAF793-1BDD-4C83-B2EB-BFA1E0F362FE,JL. KARYA NO. 3 HILIWETO Hiliweto Gido Kec. Gido Kab. Nias Prov. Sumatera Utara,Kab. Nias,,Sumatera Utara
20252842,SMA IGNATIUS SLAMET RIYADI,https://sekolah.data.kemdikbud.go.id/index.php/Chome/profil/6E736C0D-8E32-49D6-8569-BFA3B065CB8D,Jl. Raya Resinda Perumahan Resinda Purwadana Kec. Teluk Jambe Timur Kab. Karawang Prov. Jawa Barat,Kab. Karawang,,Jawa Barat
69727097,SMAS NURUL YAQIN,https://sekolah.data.kemdikbud.go.id/index.php/Chome/profil/DC5C2908-634C-4A16-9C54-BFA4DC96611F,JL. MATAHARI RT 04 RW 01 DESA RAWA MEDAN... Rawa Medang Kec. Batang Asam Kab. Tanjung Jabung Barat Prov. Jambi,Kab. Tanjung Jabung Barat,,Jambi
10107087,SMA NEGERI 1 KUTABLANG,https://sekolah.data.kemdikbud.go.id/index.php/Chome/profil/DFCC4C39-B9E2-424A-AF65-BFA796232D98,JL. PAYA NIE KUTABLANG KM.235 Kulu Kuta Kec. Kuta Blang Kab. Bireuen Prov. Aceh,Kab. Bireuen,,Aceh
69856209,SMA GALAJUARA,https://sekolah.data.kemdikbud.go.id/index.php/Chome/profil/4BC50660-13BF-4015-960F-BFA7FE5EDB9D,Jl. Kaliabang Tengah No. 22 Rt. 03/06 Kaliabang Tengah Kec. Bekasi Utara Kota Bekasi Prov. Jawa Barat,,Kota Bekasi,Jawa Barat
70029744,SMA NEGERI TAWANGMANGU,https://sekolah.data.kemdikbud.go.id/index.php/Chome/profil/6121C107-3763-4F6A-9EFD-BFA8941EBAAF,Jl. Grojogan Sewu Dusun Beji Tawangmangu Kec. Tawangmangu Kab. Karanganyar Prov. Jawa Tengah,Kab. Karanganyar,,Jawa Tengah
69816348,SMA KATOLIK LIA STEPHANIE,https://sekolah.data.kemdikbud.go.id/index.php/Chome/profil/2372A090-393D-463F-8245-BFAB1A2B5A2C,Taman Surya V Blok EE2 No. 20-27 Pegadungan Kec. Kali Deres Kota Adm. Jakarta Barat Prov. D.K.I. Jakarta,,Kota Adm. Jakarta Barat,D.K.I. Jakarta
70055463,Sekolah Rakyat Menengah Atas Terintegrasi 2 Banyuwangi,https://sekolah.data.kemdikbud.go.id/index.php/Chome/profil/71CDD48A-2ABD-46B8-9607-BFB1BCAF96DC,Dusun Krajan Desa Tamansari Kecamatan Li... Tamansari Kec. Licin Kab. Banyuwangi Prov. Jawa Timur,Kab. Banyuwangi,,Jawa Timur
20276398,SMAS PGRI NARINGGUL,https://sekolah.data.kemdikbud.go.id/index.php/Chome/profil/75632C45-DB7C-49CC-BEA3-BFB28F7BFE2F,JL. RAYA NARINGGUL NO. 1 Naringgul Kec. Naringgul Kab. Cianjur Prov. Jawa Barat,Kab. Cianjur,,Jawa Barat
20500653,SMAS ISLAM DUDUK SAMPEYAN,https://sekolah.data.kemdikbud.go.id/index.php/Chome/profil/C324C66C-7893-4958-AA2E-BFBA7C58D565,JL. MASJID JAMI 242 Duduksampeyan Kec. Duduk Sampeyan Kab. Gresik Prov. Jawa Timur,Kab. Gresik,,Jawa Timur
69974232,SMA Katolik St. Maria Homba Karipit,https://sekolah.data.kemdikbud.go.id/index.php/Chome/profil/74FCABCF-B65E-49F3-883D-BFBDDF5C5F92,Jl. Kodi- Desa Homba Karipit. Kec Kodi U... Homba Karipit Kec. Kodi Utara Kab. Sumba Barat Daya Prov. Nusa Tenggara Timur,Kab. Sumba Barat Daya,,Nusa Tenggara Timur
70042237,SMA TAHFIZ AL-BATTHAWI NWDI KERONGKONG,https://sekolah.data.kemdikbud.go.id/index.php/Chome/profil/29AC9D02-49A6-4092-AAAC-BFCB224ED1A1,"Gang Ganang RT 01, Bangkemalik Kerongkong Kec. Suralaga Kab. Lombok Timur Prov. Nusa Tenggara Barat",Kab. Lombok Timur,,Nusa Tenggara Barat
30404450,SMAN 1 KAUBUN,https://sekolah.data.kemdikbud.go.id/index.php/Chome/profil/DBF7EF8C-DBCA-4EF5-A601-BFCD0BC6D06A,JL. PENDIDIKAN Bumi Rapak Kec. Kaubun Kab. Kutai Timur Prov. Kalimantan Timur,Kab. Kutai Timur,,Kalimantan Timur
40402475,SMA NEGERI 05 BOMBANA,https://sekolah.data.kemdikbud.go.id/index.php/Chome/profil/3F0F7F29-F816-442E-82A6-BFCF1B029B99,JL.Pendidikan No.3 Dongkala Dongkala Kec. Kabaena Timur Kab. Bombana Prov. Sulawesi Tenggara,Kab. Bombana,,Sulawesi Tenggara
50204503,SMA NEGERI 1 MATARAM,https://sekolah.data.kemdikbud.go.id/index.php/Chome/profil/56DE084F-A829-4A3C-A2DB-BFD196804553,JL. PENDIDIKAN NO.21 Dasan Agung Baru Kec. Selaparang Kota Mataram Prov. Nusa Tenggara Barat,,Kota Mataram,Nusa Tenggara Barat
69896231,SMA AL KAROMAH AIDARUSY,https://sekolah.data.kemdikbud.go.id/index.php/Chome/profil/A8F87A18-4556-4F77-8ECF-BFD5ADE34463,JL RAYA SIBIRUANG Sibiruang Kec. Koto Kampar Hulu Kab. Kampar Prov. Riau,Kab. Kampar,,Riau
69959958,SMAN 25 PANGKEP,https://sekolah.data.kemdikbud.go.id/index.php/Chome/profil/26771CEB-09AF-4583-A2A0-BFD6ED467674,PULAU KULAMBING Desa Mattiro Uleng Kec. Liukang Tupabbiring Utara Kab. Pangkajene Dan Kepulauan Prov. Sulawesi Selatan,Kab. Pangkajene Dan Kepulauan,,Sulawesi Selatan
20103187,SMAS VILLA MAS JAKARTA,https://sekolah.data.kemdikbud.go.id/index.php/Chome/profil/38A094B9-20EA-451E-9532-BFD9386003DF,JL. KAYU PUTIH UTARA 3C Pulo Gadung Kec. Pulo Gadung Kota Adm. Jakarta Timur Prov. D.K.I. Jakarta,,Kota Adm. Jakarta Timur,D.K.I. Jakarta
20223069,SMAS PANGERAN JAYAKARTA,https://sekolah.data.kemdikbud.go.id/index.php/Chome/profil/78C2A7E1-40E7-40E7-9ECF-BFDA1E2B94D7,JL. Pangeran Jayakarta Kav. Mekar Jaya R... Harapan Mulya Kec. Medan Satria Kota Bekasi Prov. Jawa Barat,,Kota Bekasi,Jawa Barat
10702407,SMA NEGERI 7 KOTA BENGKULU,https://sekolah.data.kemdikbud.go.id/index.php/Chome/profil/D84384C7-8C93-4A1F-BF8A-BFDC3CBF5E39,JL. JENGGALU Lingkar Barat Kec. Gading Cempaka Kota Bengkulu Prov. Bengkulu,,Kota Bengkulu,Bengkulu
20511003,SMAN TULAKAN,https://sekolah.data.kemdikbud.go.id/index.php/Chome/profil/574AD0ED-CC7E-4399-8CC5-BFDD4633CC80,"DESA BUNGUR, KECAMATAN TULAKAN, KABUPATE... Bungur Kec. Tulakan Kab. Pacitan Prov. Jawa Timur",Kab. Pacitan,,Jawa Timur
69786290,SMAS LGBP SINDANGKERTA,https://sekolah.data.kemdikbud.go.id/index.php/Chome/profil/88B1320F-0AB4-416B-8586-BFDDA1F6090E,JL. PONPES PALAHAN KM.1 RT.03 RW.08 Pasirpogor Kec. Sindangkerta Kab. Bandung Barat Prov. Jawa Barat,Kab. Bandung Barat,,Jawa Barat
20209186,SMAS YPI PULOSARI LIMBANGAN,https://sekolah.data.kemdikbud.go.id/index.php/Chome/profil/EAB26225-6888-45BD-BEAA-BFE2C09900D6,JL. BANDUNG TASIKMALAYA Cijolang Kec. Blubur Limbangan Kab. Garut Prov. Jawa Barat,Kab. Garut,,Jawa Barat
20523796,SMAS MUHAMMADIYAH 2 WULUHAN,https://sekolah.data.kemdikbud.go.id/index.php/Chome/profil/6B6B9879-95D1-4A4A-8489-BFE65AA6F1C8,JL. AMBULU 4 Tanjung Rejo Kec. Wuluhan Kab. Jember Prov. Jawa Timur,Kab. Jember,,Jawa Timur
69892332,SMA IT NURUL BAROKAH,https://sekolah.data.kemdikbud.go.id/index.php/Chome/profil/08AE31D9-8971-48DF-A0B4-BFF8388D1C28,BLOK DESA RT.05 RW.02 DESA KANCANA Kancana Kec. Cikijing Kab. Majalengka Prov. Jawa Barat,Kab. Majalengka,,Jawa Barat
10107094,SMA NEGERI 1 PEUSANGAN SIBLAH KRUENG,https://sekolah.data.kemdikbud.go.id/index.php/Chome/profil/33FAC07C-799F-4E14-894B-BFF8DF97990D,JL. TGK. CHIEK AWE GEUTAH KM.6 LUENG DAN... Lueng Daneun Kec. Peusangan Siblah Krueng Kab. Bireuen Prov. Aceh,Kab. Bireuen,,Aceh
30405308,SMA ISLAM SANIPAH SAMBOJA,https://sekolah.data.kemdikbud.go.id/index.php/Chome/profil/0DC9C16C-7221-4502-A87D-BFF997EB7A49,JL. RAYA BALIKPAPAN Sanipah Kec. Samboja Kab. Kutai Kartanegara Prov. Kalimantan Timur,Kab. Kutai Kartanegara,,Kalimantan Timur
20220330,SMAS YPHB,https://sekolah.data.kemdikbud.go.id/index.php/Chome/profil/15D81DF8-D62A-4968-944E-C00A573E91DB,JL.PAJAJARAN NO.234 Bantarjati Kec. Kota Bogor Utara Kota Bogor Prov. Jawa Barat,,Kota Bogor,Jawa Barat
20227920,SMA TAMAN SISWA RANCAEKEK,https://sekolah.data.kemdikbud.go.id/index.php/Chome/profil/FCC37409-183D-402F-A349-C00F2F99D68B,Jl. Rancanilem (Terusan Jl. Cempaka Raya... Bojongloa Kec. Rancaekek Kab. Bandung Prov. Jawa Barat,Kab. Bandung,,Jawa Barat
70027690,SMA TAHFIDZUL QURAN NURIDIN IDRIS BREBES,https://sekolah.data.kemdikbud.go.id/index.php/Chome/profil/581642BD-E33D-47D5-B8F8-C012764CE588,Jl. Jatibarang - Sitanggal KM 7 Dukuh Ke... Rengaspendawa Kec. Larangan Kab. Brebes Prov. Jawa Tengah,Kab. Brebes,,Jawa Tengah
40314020,SMAN 8 MAKASSAR,https://sekolah.data.kemdikbud.go.id/index.php/Chome/profil/0A99E603-AD62-408A-B8BB-C013C563E37E,JL.ANDI MANGERANGI II NO.24 Bongaya Kec. Tamalate Kota Makassar Prov. Sulawesi Selatan,,Kota Makassar,Sulawesi Selatan
40309320,SMAN 7 LUWU,https://sekolah.data.kemdikbud.go.id/index.php/Chome/profil/26D6E028-629A-4AC1-9532-C017B894E1CF,JL. SUNGAI PAREMANG Pammanu Kec. Belopa Utara Kab. Luwu Prov. Sulawesi Selatan,Kab. Luwu,,Sulawesi Selatan
20341363,SMA NEGERI 1 AYAH,https://sekolah.data.kemdikbud.go.id/index.php/Chome/profil/C63063AC-8C0E-4262-BC30-C017EB98DE9A,JL. LOGENDING KM 03 Ayah Kec. Ayah Kab. Kebumen Prov. Jawa Tengah,Kab. Kebumen,,Jawa Tengah
69919096,SMAS ISLAM DARUT TAUHID,https://sekolah.data.kemdikbud.go.id/index.php/Chome/profil/E647C794-861A-4102-9A19-C01A4D845502,Dusun Rungnunggal Lepelle Kec. Robatal Kab. Sampang Prov. Jawa Timur,Kab. Sampang,,Jawa Timur
60103318,SMA Negeri 3 Tual,https://sekolah.data.kemdikbud.go.id/index.php/Chome/profil/3B8B3C84-759A-49F7-92F2-C01B347DCA55,JL. PENDIDIKAN Tayando Yamtel Kec. Tayando Tam Kota Tual Prov. Maluku,,Kota Tual,Maluku
10800674,SMAS PIRI,https://sekolah.data.kemdikbud.go.id/index.php/Chome/profil/225D757F-49E7-4FBE-9383-C01C3A7D403A,JL. Raya Margodadi Margodadi Kec. Jati Agung Kab. Lampung Selatan Prov. Lampung,Kab. Lampung Selatan,,Lampung
40309859,SMAN 7 TANA TORAJA,https://sekolah.data.kemdikbud.go.id/index.php/Chome/profil/57B2162C-2F64-4AF3-8548-C01C66C835BD,JL. POROS BUAKAYU- MAKALE Lembang Bua Kayu Kec. Bonggakaradeng Kab. Tana Toraja Prov. Sulawesi Selatan,Kab. Tana Toraja,,Sulawesi Selatan
70012548,SMAN 23 MAKASSAR,https://sekolah.data.kemdikbud.go.id/index.php/Chome/profil/95DC3EB1-BF71-4A7B-AB3C-C01D96CA1BB6,Jl. Perintis Kemerdekaan 1 No. 13 Tamalanrea Indah Kec. Tamalanrea Kota Makassar Prov. Sulawesi Selatan,,Kota Makassar,Sulawesi Selatan
70014363,SMA MASA DEPAN,https://sekolah.data.kemdikbud.go.id/index.php/Chome/profil/7759FAAF-76B8-40E5-92CB-C0237D242C34,"Jl. Sambisari Kadirojo I Purwomartani, K... Purwo Martani Kec. Kalasan Kab. Sleman Prov. D.I. Yogyakarta",Kab. Sleman,,D.I. Yogyakarta
70038021,SMAN 10 TORAJA UTARA,https://sekolah.data.kemdikbud.go.id/index.php/Chome/profil/9D18508B-50C4-492F-9612-C02697DE3F8D,Jln. Poros Ke Pe Rantetayo Lembang Polo Padang Kec. Kapala Pitu Kab. Toraja Utara Prov. Sulawesi Selatan,Kab. Toraja Utara,,Sulawesi Selatan
20331977,SMAS MUHAMMADIYAH 2 MAGELANG,https://sekolah.data.kemdikbud.go.id/index.php/Chome/profil/203A70A2-1F38-4E46-8DD4-C028C4CB71BC,JL. PANEMBAHAN SENOPATI BAYANAN Jurangombo Selatan Kec. Magelang Selatan Kota Magelang Prov. Jawa Tengah,,Kota Magelang,Jawa Tengah
70039755,SMA ZAD IQBS,https://sekolah.data.kemdikbud.go.id/index.php/Chome/profil/68AD9423-CC20-40B4-A853-C039D4129857,Jl. Nasional 11 RT.01 RW.01 Cibeureum Kec. Cugenang Kab. Cianjur Prov. Jawa Barat,Kab. Cianjur,,Jawa Barat
10113403,SMA NEGERI 3 TEUPAH SELATAN,https://sekolah.data.kemdikbud.go.id/index.php/Chome/profil/DFCB9CB1-AD76-404A-821D-C03C0978F3D0,JALAN BATU BERLAYAR KM. 22 Suak Lamatan Kec. Teupah Selatan Kab. Simeulue Prov. Aceh,Kab. Simeulue,,Aceh
40307392,SMAN 5 MAKASSAR,https://sekolah.data.kemdikbud.go.id/index.php/Chome/profil/A737A126-6E07-4CA0-992E-C03CF0FAC41D,JL.TAMAN MAKAM PAHLAWAN Tello Baru Kec. Panakukkang Kota Makassar Prov. Sulawesi Selatan,,Kota Makassar,Sulawesi Selatan
50205206,SMAS AL MA ARIF NU AL MANSHURIYAH,https://sekolah.data.kemdikbud.go.id/index.php/Chome/profil/487A484E-122A-457A-9CEE-C03D957D9550,Jln. TGH. MOH. Sholeh Hambali Sangkong D... Bondir Kec. Praya Barat Kab. Lombok Tengah Prov. Nusa Tenggara Barat,Kab. Lombok Tengah,,Nusa Tenggara Barat
69920505,SMA NEGERI 4 ATAMBUA,https://sekolah.data.kemdikbud.go.id/index.php/Chome/profil/2C7EEA1A-7287-46AD-81B6-C03EE0D23670,Jln. Meu Otu Hale - Obenani Umanen Kec. Atambua Barat Kab. Belu Prov. Nusa Tenggara Timur,Kab. Belu,,Nusa Tenggara Timur
20552088,SMA ISLAM MIFTAHUL ULUM,https://sekolah.data.kemdikbud.go.id/index.php/Chome/profil/24EE31D2-5262-4195-998A-C045C272800C,DS. KERTAGENA TENGAH Kertagena Tengah Kec. Kadur Kab. Pamekasan Prov. Jawa Timur,Kab. Pamekasan,,Jawa Timur
10405621,SMAS KARTINI PANIPAHAN,https://sekolah.data.kemdikbud.go.id/index.php/Chome/profil/305F7C66-4DCC-4858-9134-C048B4A1DB14,JLN.BIJAKSANA NO 1 PANIPAHAN Panipahan Kec. Pasir Limau Kapas Kab.  Rokan Hilir Prov. Riau,Kab.  Rokan Hilir,,Riau
10303447,SMAS SEMEN PADANG,https://sekolah.data.kemdikbud.go.id/index.php/Chome/profil/B0582F35-86AF-4721-93FD-C04DE0286398,KOMPLEK PT SEMEN PADANG Indarung Kec. Lubuk Kilangan Kota Padang Prov. Sumatera Barat,,Kota Padang,Sumatera Barat
40403527,SMA NEGERI 1 LOGHIA,https://sekolah.data.kemdikbud.go.id/index.php/Chome/profil/AA73B84F-7426-429E-AD1C-C04E5849E4DC,JL. POROS NAPABALE WAARA Kec. Lohia Kab. Muna Prov. Sulawesi Tenggara,Kab. Muna,,Sulawesi Tenggara
30108272,SMAN 1 SUNGAI BETUNG,https://sekolah.data.kemdikbud.go.id/index.php/Chome/profil/A34E73DB-BF2D-4639-BD27-C04FA6AC44EA,JL. RAYA SUNGAI BETUNG Suka Maju Kec. Sungai Betung Kab. Bengkayang Prov. Kalimantan Barat,Kab. Bengkayang,,Kalimantan Barat
20219265,SMAS ST MARIA 1 BANDUNG,https://sekolah.data.kemdikbud.go.id/index.php/Chome/profil/F28DD944-A9A2-42B9-8D16-C050775F61A1,JL. BENGAWAN NO. 6 Cihapit Kec. Bandung Wetan Kota Bandung Prov. Jawa Barat,,Kota Bandung,Jawa Barat
20507729,SMAN 1 WUNGU,https://sekolah.data.kemdikbud.go.id/index.php/Chome/profil/23B5680C-FA4B-4831-9237-C05D675ED7FF,JL. Raya Kare 156 Kecamatan Wungu Kabupa... Wungu Kec. Wungu Kab. Madiun Prov. Jawa Timur,Kab. Madiun,,Jawa Timur
10303440,SMAS PGRI 3,https://sekolah.data.kemdikbud.go.id/index.php/Chome/profil/533247C6-374A-4ECE-9BBE-C05F77718AEC,JL. SEB.PADANG UTARA I /10 Seberang Padang Kec. Padang Selatan Kota Padang Prov. Sumatera Barat,,Kota Padang,Sumatera Barat
10400848,SMAN 3 BENGKALIS,https://sekolah.data.kemdikbud.go.id/index.php/Chome/profil/2441C4B3-48E2-4945-B5E7-C069348E0F55,JL. PATIMURA BENGKALIS Bengkalis Kota Kec. Bengkalis Kab. Bengkalis Prov. Riau,Kab. Bengkalis,,Riau
10494618,SMAS ISLAM AS SHOFA,https://sekolah.data.kemdikbud.go.id/index.php/Chome/profil/BAAE499D-5DED-4D96-9677-C07B524C267C,JL. TUANKU TAMBUSAI UJUNG Labuh Baru Barat Kec. Payung Sekaki Kota Pekanbaru Prov. Riau,,Kota Pekanbaru,Riau
40604353,UPTD SMAN 1 SAMPAGA,https://sekolah.data.kemdikbud.go.id/index.php/Chome/profil/58235B92-9C89-4C8F-B426-C0810C724325,JL. Poros Bunde-Toabo Bunde Kec. Sampaga Kab. Mamuju Prov. Sulawesi Barat,Kab. Mamuju,,Sulawesi Barat
69971849,SMA NEGERI 1 SAJINGAN,https://sekolah.data.kemdikbud.go.id/index.php/Chome/profil/51F4E2F8-7BE7-4C9C-9237-C088586DBFF7,Dusun Tanjung Sanatab Kec. Sajingan Besar Kab. Sambas Prov. Kalimantan Barat,Kab. Sambas,,Kalimantan Barat
70003665,SMA LABSCHOOL CIRENDEU,https://sekolah.data.kemdikbud.go.id/index.php/Chome/profil/F216F824-229D-47B7-94C0-C088ABC29331,Jl. Cirendeu Raya No. 40 RT 01 RW 10 Pisangan Kec. Ciputat Timur Kota Tangerang Selatan Prov. Banten,,Kota Tangerang Selatan,Banten
20401131,SMAN 1 MINGGIR SLEMAN,https://sekolah.data.kemdikbud.go.id/index.php/Chome/profil/A2B3E065-B1A2-45FE-BE9E-C08DF3314EB4,"JL. PAKERAN, SENDANGMULYO Sendang Mulyo Kec. Minggir Kab. Sleman Prov. D.I. Yogyakarta",Kab. Sleman,,D.I. Yogyakarta
20521730,SMAN 1 BONDOWOSO,https://sekolah.data.kemdikbud.go.id/index.php/Chome/profil/B32D41CE-CE10-4760-83DF-C08F258DEAE7,JL. CURAHDAMI 1294 Badean Kec. Bondowoso Kab. Bondowoso Prov. Jawa Timur,Kab. Bondowoso,,Jawa Timur
70001762,SMA NEGERI NAPAL LICIN,https://sekolah.data.kemdikbud.go.id/index.php/Chome/profil/43C43A5D-E8AE-4F4D-AADD-C090C246DEB8,Jl. Gua Karang Nato Kecamatan Ulu Rawas ... Napalicin Kec. Ulu Rawas Kab. Musi Rawas Utara Prov. Sumatera Selatan,Kab. Musi Rawas Utara,,Sumatera Selatan
20107326,SMAS PGRI 3 JAKARTA,https://sekolah.data.kemdikbud.go.id/index.php/Chome/profil/14407CAB-47E8-4811-80F8-C09B1BBE84B2,JL. PONDOK LABU IB NO. 29A Pondok Labu Kec. Cilandak Kota Adm. Jakarta Selatan Prov. D.K.I. Jakarta,,Kota Adm. Jakarta Selatan,D.K.I. Jakarta
20534409,SMAS KRISTEN PETRA KEDIRI,https://sekolah.data.kemdikbud.go.id/index.php/Chome/profil/180EA698-C64F-4C3E-9D42-C09F28288306,JL. MEDANG KAMULAN 48 Balowerti Kec. Kota Kediri Kota Kediri Prov. Jawa Timur,,Kota Kediri,Jawa Timur
40101434,SMA NEGERI 1 MANGANITU,https://sekolah.data.kemdikbud.go.id/index.php/Chome/profil/68326EE2-986E-4D4B-A47A-C0AA54EB9BEB,KAMPUNG MALA Mala Kec. Manganitu Kab. Kepulauan Sangihe Prov. Sulawesi Utara,Kab. Kepulauan Sangihe,,Sulawesi Utara
