kode,nama,link_profil,alamat,kabupaten,kota,provinsi
69862587,SMAN BOLAN,https://sekolah.data.kemdikbud.go.id/index.php/Chome/profil/DAC35F8E-C3A7-48A7-862C-C0B104E96AE5,DEBURAIMUTIK Fahiluka Kec. Malaka Tengah Kab. Malaka Prov. Nusa Tenggara Timur,Kab. Malaka,,Nusa Tenggara Timur
50219629,SMA PERIGI,https://sekolah.data.kemdikbud.go.id/index.php/Chome/profil/AD479460-EB74-4813-BD49-C0B1F0876C04,Jln.Budaya Limbungan Desa Perigi Perigi Kec. Suela Kab. Lombok Timur Prov. Nusa Tenggara Barat,Kab. Lombok Timur,,Nusa Tenggara Barat
69946815,SMA ISLAM NURUL ILMI,https://sekolah.data.kemdikbud.go.id/index.php/Chome/profil/FA0E858F-A51E-4379-BDDB-C0B68EAE5FA1,ULU ALLA Rappolemba Kec. Tompobulu Kab. Gowa Prov. Sulawesi Selatan,Kab. Gowa,,Sulawesi Selatan
30400221,SMA NEGERI 2 MARANG KAYU,https://sekolah.data.kemdikbud.go.id/index.php/Chome/profil/C2487509-91B5-406B-AA46-C0B7F7B1EB57,"JL. KH. Abdullah Noor, RT. 03 Dusun Hand... Santan Ilir Kec. Marang Kayu Kab. Kutai Kartanegara Prov. Kalimantan Timur",Kab. Kutai Kartanegara,,Kalimantan Timur
20331895,SMA AL ISLAM,https://sekolah.data.kemdikbud.go.id/index.php/Chome/profil/160363A8-B744-412A-B7F5-C0BA5ABDF51F,Bangetayu Wetan Bangetayu Wetan Kec. Genuk Kota Semarang Prov. Jawa Tengah,,Kota Semarang,Jawa Tengah
20532142,SMAS KERTAJAYA,https://sekolah.data.kemdikbud.go.id/index.php/Chome/profil/810F7305-AC67-4176-B390-C0C2B2914749,JL. JUWINGAN NO. 1 B Kertajaya Kec. Gubeng Kota Surabaya Prov. Jawa Timur,,Kota Surabaya,Jawa Timur
70011541,SMA NURUSSIBYAN,https://sekolah.data.kemdikbud.go.id/index.php/Chome/profil/CC8A1A52-AC1B-421A-AA19-C0C4E9CF259E,Dasan Sebelek Desa Labulia Kec. Jonggat ... Labulia Kec. Jonggat Kab. Lombok Tengah Prov. Nusa Tenggara Barat,Kab. Lombok Tengah,,Nusa Tenggara Barat
20517837,SMAS ISLAM KEPANJEN,https://sekolah.data.kemdikbud.go.id/index.php/Chome/profil/DB845267-8DE6-4E6F-83C4-C0C851578DDE,JL. DIPONEGORO NO.152 ARDIREJO Ardirejo Kec. Kepanjen Kab. Malang Prov. Jawa Timur,Kab. Malang,,Jawa Timur
40313258,SMAS MUHAMMADIYAH 9 MAKASSAR,https://sekolah.data.kemdikbud.go.id/index.php/Chome/profil/305DC0D5-7F08-48BB-8CE2-C0D269E26308,JL. BORA DG. NGIRATE NO 22 Bonto Makkio Kec. Rappocini Kota Makassar Prov. Sulawesi Selatan,,Kota Makassar,Sulawesi Selatan
60105446,SMAS MUHAMMADIYAH TUAL,https://sekolah.data.kemdikbud.go.id/index.php/Chome/profil/738F943A-D6C7-4104-9F77-C0D4E4BB9941,JL. KH. AHMAD DAHLAN FIDITAN TUAL Fiditan Kec. Pulau Dullah Utara Kota Tual Prov. Maluku,,Kota Tual,Maluku
20313856,SMAS PGRI WIROSARI,https://sekolah.data.kemdikbud.go.id/index.php/Chome/profil/DF22529B-6774-4E02-AFE3-C0D842F4AD15,JL. KUWU-WIROSARI Kalirejo Kec. Wirosari Kab. Grobogan Prov. Jawa Tengah,Kab. Grobogan,,Jawa Tengah
20227439,SMAS ISLAM PESANTREN GALMASI,https://sekolah.data.kemdikbud.go.id/index.php/Chome/profil/20BF8F2F-889E-45B3-AA6E-C0D8FBE8C63C,JL. NANJUNGJAYA Nanjungjaya Kec. Kersamanah Kab. Garut Prov. Jawa Barat,Kab. Garut,,Jawa Barat
20535453,SMAS MUHAMMADIYAH 1,https://sekolah.data.kemdikbud.go.id/index.php/Chome/profil/EBB917BB-82FC-4E73-9565-C0E04BFD9FEB,JL. IR. H. JUANDA NO. 54 Tapaan Kec. Bugul Kidul Kota Pasuruan Prov. Jawa Timur,,Kota Pasuruan,Jawa Timur
20326430,SMA NEGERI 1 LARANGAN,https://sekolah.data.kemdikbud.go.id/index.php/Chome/profil/41A985DF-D367-4971-A696-C0E4069A7A81,Jalan RAYA BARAT SITANGGAL LARANGAN BREB... Sitanggal Kec. Larangan Kab. Brebes Prov. Jawa Tengah,Kab. Brebes,,Jawa Tengah
20506336,SMA PANCA MARGA 1 LAMONGAN,https://sekolah.data.kemdikbud.go.id/index.php/Chome/profil/B5B42C38-CFC8-41B1-B4A3-C0E6C162A776,JL. SUNAN GIRI 41 KELURAHAN TUMENGGUNGAN... Tumenggungan Kec. Lamongan Kab. Lamongan Prov. Jawa Timur,Kab. Lamongan,,Jawa Timur
20517730,SMAN 1 KEPANJEN,https://sekolah.data.kemdikbud.go.id/index.php/Chome/profil/AEDE243C-F95D-4150-BB18-C0E7D460F8FF,JL. A. YANI NO. 48 KEPANJEN Ardirejo Kec. Kepanjen Kab. Malang Prov. Jawa Timur,Kab. Malang,,Jawa Timur
60202071,SMAN 7 TIDORE KEPULAUAN,https://sekolah.data.kemdikbud.go.id/index.php/Chome/profil/9BC9703F-C2F4-4EB3-9151-C0E933749B76,JL. PENDIDIKAN LIFOFA Lifofa Kec. Oba Selatan Kota Tidore Kepulauan Prov. Maluku Utara,,Kota Tidore Kepulauan,Maluku Utara
20252202,SMA NEGERI 1 MANDE,https://sekolah.data.kemdikbud.go.id/index.php/Chome/profil/33040AC6-8A01-4271-877D-C0F288493DD7,Jln. R. Aria Natamanggala km.14 Bobojong Kec. Mande Kab. Cianjur Prov. Jawa Barat,Kab. Cianjur,,Jawa Barat
69866096,SMA AL MINHAJ,https://sekolah.data.kemdikbud.go.id/index.php/Chome/profil/CA13558B-39A5-461F-98FD-C0FBB04EAD14,JL. CIBURIAL SUKAMAJU RT 001 RW 011 Sukamantri Kec. Tamansari Kab. Bogor Prov. Jawa Barat,Kab. Bogor,,Jawa Barat
10113124,SMA PLUS MARYAM BINTI IBRAHIM,https://sekolah.data.kemdikbud.go.id/index.php/Chome/profil/46EA6C6C-1617-45FB-ABF5-C0FDEA45FE50,JL. B. ACEH - MEDAN KM. 20 Tumbo Baro Kec. Kuta Malaka Kab. Aceh Besar Prov. Aceh,Kab. Aceh Besar,,Aceh
10207083,SMAN 1 SAIPAR DOLOK HOLE,https://sekolah.data.kemdikbud.go.id/index.php/Chome/profil/C46CBB03-C495-416F-9BC9-C100EB12E85C,JL. PARSULUMAN SIPAGIMBAR Kec. Saipar Dolok Hole Kab. Tapanuli Selatan Prov. Sumatera Utara,Kab. Tapanuli Selatan,,Sumatera Utara
10700975,SMAS PGRI BENGKULU SELATAN,https://sekolah.data.kemdikbud.go.id/index.php/Chome/profil/8252BDC2-1E0C-48B1-AD20-C105ADC169AC,JL. ZAINAB BAHMADA RUSTAM Pasar Mulia Kec. Pasar Manna Kab. Bengkulu Selatan Prov. Bengkulu,Kab. Bengkulu Selatan,,Bengkulu
69987102,SMAN 2 BASA AMPEK BALAI,https://sekolah.data.kemdikbud.go.id/index.php/Chome/profil/E3102798-E6D0-49FA-9F8F-C10A4CA01EDB,JL. LINTAS TAPAN PADANG KM. 6 AMPANG TULAK TAPAN Kec. Basa Ampek Balai Tapan Kab. Pesisir Selatan Prov. Sumatera Barat,Kab. Pesisir Selatan,,Sumatera Barat
20538327,SMA NEGERI 3 NGANJUK,https://sekolah.data.kemdikbud.go.id/index.php/Chome/profil/AF199C14-C130-4FD2-A6A7-C11221AEA945,JL. Bengawan Solo No. 109 Telp. 03583220... Begadung Kec. Nganjuk Kab. Nganjuk Prov. Jawa Timur,Kab. Nganjuk,,Jawa Timur
20614409,SMAS MUTIARA BANGSA 2,https://sekolah.data.kemdikbud.go.id/index.php/Chome/profil/0D57D904-C2B8-43D9-96AB-C118B6A866F3,JL. HUSEN SASTRANEGARA NO. 29 BENDA Jurumudi Kec. Benda Kota Tangerang Prov. Banten,,Kota Tangerang,Banten
20603183,SMAS AL ISTIQOMAH,https://sekolah.data.kemdikbud.go.id/index.php/Chome/profil/3690200D-D89D-440B-B137-C11B1DEF2C07,JL. RAYA PASARKEMIS CILONGOK SUKAMANTRI Kec. Pasar Kemis Kab. Tangerang Prov. Banten,Kab. Tangerang,,Banten
50305768,SMA NEGERI 1 PANDAWAI,https://sekolah.data.kemdikbud.go.id/index.php/Chome/profil/03B716D8-2794-4C0E-8DB0-C120BCC057FA,JL. CENDANA KAWANGU Kawangu Kec. Pandawai Kab. Sumba Timur Prov. Nusa Tenggara Timur,Kab. Sumba Timur,,Nusa Tenggara Timur
69980921,SMA N 4 TUMIJAJAR,https://sekolah.data.kemdikbud.go.id/index.php/Chome/profil/AE15FB1D-D0C3-4A8C-AE53-C1286827DC3B,Jl. Way Terusan No. 4 Gunung Menanti Kec. Tumijajar Kab. Tulang Bawang Barat Prov. Lampung,Kab. Tulang Bawang Barat,,Lampung
20253845,SMAN 1 KALIBUNDER,https://sekolah.data.kemdikbud.go.id/index.php/Chome/profil/6F32F333-3C9A-47E8-81E1-C12EE96855AE,JL. CIBUNTU KALIBUNDER Sukaluyu Kec. Kalibunder Kab. Sukabumi Prov. Jawa Barat,Kab. Sukabumi,,Jawa Barat
20101605,SMAN 56 JAKARTA,https://sekolah.data.kemdikbud.go.id/index.php/Chome/profil/B3EA7C2C-6BF8-458D-A7A1-C13CC9312816,JL. RAYA KAMAL Tegal Alur Kec. Kali Deres Kota Adm. Jakarta Barat Prov. D.K.I. Jakarta,,Kota Adm. Jakarta Barat,D.K.I. Jakarta
40301035,SMAN 4 GOWA,https://sekolah.data.kemdikbud.go.id/index.php/Chome/profil/8EBA6C5F-E9F6-4E4A-AD7E-C142C3BC1FD7,JL. PENDIDIKAN Malino Kec. Tinggi Moncong Kab. Gowa Prov. Sulawesi Selatan,Kab. Gowa,,Sulawesi Selatan
69859377,SMA TUNAS PERSADA MALANGBONG,https://sekolah.data.kemdikbud.go.id/index.php/Chome/profil/BB480179-138A-4FA3-93A2-C149D18037AB,JL. MALANGBONG-WADO DESA MEKARASIH KEC. ... Mekarasih Kec. Malangbong Kab. Garut Prov. Jawa Barat,Kab. Garut,,Jawa Barat
69990384,SMA Negeri 2 Kuta Selatan,https://sekolah.data.kemdikbud.go.id/index.php/Chome/profil/50444893-BD29-4596-9B4F-C14AA39B3F74,"JL Taman Werdi, Br. Mumbul, Benoa, Kuta ... Benoa Kec. Kuta Selatan Kab. Badung Prov. Bali",Kab. Badung,,Bali
60103317,SMA Negeri 4 Maluku Tenggara,https://sekolah.data.kemdikbud.go.id/index.php/Chome/profil/E6793CC5-2CCD-43A3-8031-C1513DCED15F,"Jl. Trinitas Ohoira. Kei Kecil Barat, Ka... Ohoira Kec. Kei Kecil Barat Kab. Maluku Tenggara Prov. Maluku",Kab. Maluku Tenggara,,Maluku
40401538,SMAN 1 WUNDULAKO,https://sekolah.data.kemdikbud.go.id/index.php/Chome/profil/10925EA7-11DB-4E3F-910D-C151AE85A4F5,JL. GURO NO.5 Lamekongga Kec. Wundulako Kab. Kolaka Prov. Sulawesi Tenggara,Kab. Kolaka,,Sulawesi Tenggara
50307304,SMAS STELAMARIS NIKI-NIKI,https://sekolah.data.kemdikbud.go.id/index.php/Chome/profil/40DAD251-99E7-432E-A134-C153E79D3C45,JLN. RATU PENCINTA DAMAI Niki Niki Kec. Amanuban Tengah Kab. Timor Tengah Selatan Prov. Nusa Tenggara Timur,Kab. Timor Tengah Selatan,,Nusa Tenggara Timur
10801972,SMAS SUGAR GROUP B MATARAM,https://sekolah.data.kemdikbud.go.id/index.php/Chome/profil/9793D620-076C-46CB-95FE-C15985D3A91D,SITE GULA PUTIH MATARAM Mataram Udik Kec. Bandar Mataram Kab. Lampung Tengah Prov. Lampung,Kab. Lampung Tengah,,Lampung
10803025,SMAN 4 KOTABUMI,https://sekolah.data.kemdikbud.go.id/index.php/Chome/profil/69AF889E-28D8-4601-8797-C15A4FA47BF3,"JL.KSATRIA NO. 84 b SKIP, KOTABUMI SELAT... Tanjung Aman Kec. Kotabumi Selatan Kab. Lampung Utara Prov. Lampung",Kab. Lampung Utara,,Lampung
40310152,SMAN 6 LUWU TIMUR,https://sekolah.data.kemdikbud.go.id/index.php/Chome/profil/371C7635-AB2E-4E1D-BF01-C15D4CC66B5C,JL. POROS ANGKONA SOLO LAMAETO Lamaeto Kec. Angkona Kab. Luwu Timur Prov. Sulawesi Selatan,Kab. Luwu Timur,,Sulawesi Selatan
20306809,SMA NEGERI 1 SAPURAN,https://sekolah.data.kemdikbud.go.id/index.php/Chome/profil/B71D6E2B-0EBE-4CBD-9FE2-C15F26EF1C2E,Jl. Sarwo Edhi Wibowo Km. 20 Pecekelan Kec. Sapuran Kab. Wonosobo Prov. Jawa Tengah,Kab. Wonosobo,,Jawa Tengah
10261298,SMAN 1 TINADA,https://sekolah.data.kemdikbud.go.id/index.php/Chome/profil/980D09F0-2109-45A0-9BD1-C168F8ADE98C,JL. LAE MBINCILIN Tinada Kec. Tinada Kab. Pakpak Bharat Prov. Sumatera Utara,Kab. Pakpak Bharat,,Sumatera Utara
20519299,SMAN 1 PANDAAN,https://sekolah.data.kemdikbud.go.id/index.php/Chome/profil/9BAF11F7-D3D1-429C-9E50-C168FE551D28,Jl. Dr. Sutomo Desa Sumbergedang Sumber Gedang Kec. Pandaan Kab. Pasuruan Prov. Jawa Timur,Kab. Pasuruan,,Jawa Timur
50100286,SMA Negeri 3 Singaraja,https://sekolah.data.kemdikbud.go.id/index.php/Chome/profil/0FD11F51-C7BE-4CB5-9486-C16D694C6C2B,JL. PULAU NATUNA SINGARAJA Penarukan Kec. Buleleng Kab. Buleleng Prov. Bali,Kab. Buleleng,,Bali
20307642,SMAS SHOLIHIN BANDONGAN,https://sekolah.data.kemdikbud.go.id/index.php/Chome/profil/5F8CE464-B65C-41D6-AF69-C17D10936BEA,JL. R. ABDULLAH Bandongan Kec. Bandongan Kab. Magelang Prov. Jawa Tengah,Kab. Magelang,,Jawa Tengah
10505854,SMAN 16 TEBO,https://sekolah.data.kemdikbud.go.id/index.php/Chome/profil/8E9A638F-3F49-44D6-903C-C18C26BF3F72,JL. BATANGHARI KANAN Wanareja Kec. Rimbo Ulu Kab. Tebo Prov. Jambi,Kab. Tebo,,Jambi
20219795,SMAS KALAM KUDUS,https://sekolah.data.kemdikbud.go.id/index.php/Chome/profil/5AD3A275-91D1-4C22-B381-C192FB75BE73,JL. MEKAR PUSPITA NO.  53 - 55 Cibaduyut Kec. Bojong Loa Kidul Kota Bandung Prov. Jawa Barat,,Kota Bandung,Jawa Barat
20231268,SMAS AL IJTIHAD,https://sekolah.data.kemdikbud.go.id/index.php/Chome/profil/8584B364-8310-40CA-942E-C193B79AD5F1,JL. KAPTEN DASUKI BAKRI DESA  CIMAYANG Cimayang Kec. Pamijahan Kab. Bogor Prov. Jawa Barat,Kab. Bogor,,Jawa Barat
40303728,SMAS PGRI WATANSOPPENG,https://sekolah.data.kemdikbud.go.id/index.php/Chome/profil/48F44157-4D6F-4D9A-91CA-C19611A78179,JL. KAYANGAN Botto Kec. Lalabata Kab. Soppeng Prov. Sulawesi Selatan,Kab. Soppeng,,Sulawesi Selatan
20319303,SMAN 1 MRANGGEN,https://sekolah.data.kemdikbud.go.id/index.php/Chome/profil/0161B864-6ABC-49B6-9D23-C19CDC510D13,Jl. Kyai Santri Menur Kec. Mranggen Kab. Demak Prov. Jawa Tengah,Kab. Demak,,Jawa Tengah
10259371,SMAS METHODIST 3 MEDAN,https://sekolah.data.kemdikbud.go.id/index.php/Chome/profil/CAD87462-B1E7-45B2-BD37-C19CE5C82DEE,JL.PERINTIS KEMERDEKAAN NO. 37 Perintis Kec. Medan Timur Kota Medan Prov. Sumatera Utara,,Kota Medan,Sumatera Utara
70051494,SMA IT RAHMATAN LIL ALAMIN,https://sekolah.data.kemdikbud.go.id/index.php/Chome/profil/9F8A4F9D-A941-4E9B-920E-C19DB4A5E3F0,Kp. Cicadas RT.02 RW.08 Cicadas Kec. Ciampea Kab. Bogor Prov. Jawa Barat,Kab. Bogor,,Jawa Barat
60101447,SMA Negeri 3 Maluku Barat Daya,https://sekolah.data.kemdikbud.go.id/index.php/Chome/profil/B3559CC4-BB25-40AA-99BD-C1A10D9F3D41,JL. JACOBIS LAP Letwurung Kec. Babar Timur Kab. Maluku Barat Daya Prov. Maluku,Kab. Maluku Barat Daya,,Maluku
70044645,SMA ROUDHOTUL ILMI,https://sekolah.data.kemdikbud.go.id/index.php/Chome/profil/64B61F05-5FF5-43F9-AF9D-C1A4CE1E8D00,Kp. Caringin Cipancur RT.003 RW.001 Sirnasari Kec. Surade Kab. Sukabumi Prov. Jawa Barat,Kab. Sukabumi,,Jawa Barat
10495531,SMA NEGERI 2 UJUNG BATU,https://sekolah.data.kemdikbud.go.id/index.php/Chome/profil/E4FE7196-CC87-42ED-B4EC-C1ACAD1A41BC,Jl. Jend. Sudirman No. 10 Pematang Tebih Kec. Ujung Batu Kab.  Rokan Hulu Prov. Riau,Kab.  Rokan Hulu,,Riau
60201662,SMA NEGERI 6 HALMAHERA SELATAN,https://sekolah.data.kemdikbud.go.id/index.php/Chome/profil/51335ABD-5057-4FEF-929A-C1AD491DC68D,JL. NYIUR MELAMBAI Laiwui Kec. Obi Kab. Halmahera Selatan Prov. Maluku Utara,Kab. Halmahera Selatan,,Maluku Utara
20326435,SMA NEGERI 1 WANASARI,https://sekolah.data.kemdikbud.go.id/index.php/Chome/profil/672F5107-F088-415E-B227-C1BB0633D0BD,JL. RAYA DESA SIDAMULYA KECAMATAN WANASA... Sidamulya Kec. Wanasari Kab. Brebes Prov. Jawa Tengah,Kab. Brebes,,Jawa Tengah
30401052,SMA Negeri 6 Samarinda,https://sekolah.data.kemdikbud.go.id/index.php/Chome/profil/6B4C35CE-524D-4B09-9416-C1BDAD89F5B7,Jl. Trikora RT. 08 Rawa Makmur Kec. Palaran Kota Samarinda Prov. Kalimantan Timur,,Kota Samarinda,Kalimantan Timur
10308260,SMAN 2 RANAH PESISIR,https://sekolah.data.kemdikbud.go.id/index.php/Chome/profil/1C5926ED-227C-452C-A6BE-C1C27F1485AB,JL. PADANG SIRIH Sungai Tunu Kec. Ranah Pesisir Kab. Pesisir Selatan Prov. Sumatera Barat,Kab. Pesisir Selatan,,Sumatera Barat
10107083,SMA NEGERI 1 BIREUEN,https://sekolah.data.kemdikbud.go.id/index.php/Chome/profil/180D3548-A0BE-4FFC-BCCD-C1C2AF0A80F0,Jln. Banda Aceh - Medan Geulanggang Baro Geulanggang Baro Kec. Kota Juang Kab. Bireuen Prov. Aceh,Kab. Bireuen,,Aceh
50202458,SMAN 1 SAMBELIA,https://sekolah.data.kemdikbud.go.id/index.php/Chome/profil/E7E7A06E-3A05-4CF0-9F20-C1C2B5BE32BB,Jalan Ki Hajar Dewantara KM.4 Sambelia L... Sambelia Kec. Sambelia Kab. Lombok Timur Prov. Nusa Tenggara Barat,Kab. Lombok Timur,,Nusa Tenggara Barat
40302667,SMAN 5 BONE,https://sekolah.data.kemdikbud.go.id/index.php/Chome/profil/7CD3FCE1-3F2B-4EC6-86D4-C1C2E733DC8D,JL. POROS MAKASSAR WATAMPONE KM. 120 LAP... Patangkai Kec. Lappariaja Kab. Bone Prov. Sulawesi Selatan,Kab. Bone,,Sulawesi Selatan
10645023,SMAS METHODIST 4,https://sekolah.data.kemdikbud.go.id/index.php/Chome/profil/62939D32-9C3F-49E3-9ACD-C1C5A45C54A5,"JL. RAYA PALEMBANG - BETUNG KM. 18,5 Air Batu Kec. Talang Kelapa Kab. Banyuasin Prov. Sumatera Selatan",Kab. Banyuasin,,Sumatera Selatan
30107804,SMAN 2 PALOH,https://sekolah.data.kemdikbud.go.id/index.php/Chome/profil/E6B3425B-F21A-49FC-BC1E-C1CA81A668E3,DESA TEMAJUK KECAMATAN PALOH Temajuk Kec. Paloh Kab. Sambas Prov. Kalimantan Barat,Kab. Sambas,,Kalimantan Barat
20532408,SMAS ADVENT,https://sekolah.data.kemdikbud.go.id/index.php/Chome/profil/B23EE368-0C9D-48ED-8087-C1CB77F7EA1E,JL. ANJASMORO NO. 12 Sawahan Kec. Sawahan Kota Surabaya Prov. Jawa Timur,,Kota Surabaya,Jawa Timur
40309865,SMAN 5 TANA TORAJA,https://sekolah.data.kemdikbud.go.id/index.php/Chome/profil/D7FC2DAE-B82A-4D79-93DF-C1D03417A170,JL. NUSANTARA NO. 69A KELURAHAN BOMBONGAN Kec. Makale Kab. Tana Toraja Prov. Sulawesi Selatan,Kab. Tana Toraja,,Sulawesi Selatan
20546530,SMAS TUNAS LUHUR,https://sekolah.data.kemdikbud.go.id/index.php/Chome/profil/79923160-8B5F-4D61-8867-C1D11A570456,JL. Raya Kotaanyar KM 1 Sumberanyar Kec. Paiton Kab. Probolinggo Prov. Jawa Timur,Kab. Probolinggo,,Jawa Timur
30108269,SMAN 1 TERIAK,https://sekolah.data.kemdikbud.go.id/index.php/Chome/profil/D930F1E4-3063-4EEE-BC9F-C1D154F4BBDD,JL. RAYA PONTIANAK Teriak Kec. Teriak Kab. Bengkayang Prov. Kalimantan Barat,Kab. Bengkayang,,Kalimantan Barat
50305119,SMAN 3 KUPANG,https://sekolah.data.kemdikbud.go.id/index.php/Chome/profil/54633A09-E276-4F70-B313-C1D271FCB37F,JL. W.J LALAMENTIK - OEPOI Oebufu Kec. Oebobo Kota Kupang Prov. Nusa Tenggara Timur,,Kota Kupang,Nusa Tenggara Timur
30105075,SMAS GEMBALA BAIK PONTIANAK,https://sekolah.data.kemdikbud.go.id/index.php/Chome/profil/8A05E7DB-6E7C-4049-B370-C1D8900FE576,JL. JEND. A. YANI Bangka Belitung Darat Kec. Pontianak Tenggara Kota Pontianak Prov. Kalimantan Barat,,Kota Pontianak,Kalimantan Barat
69954704,SMA PLUS AL KHOLILIYAH,https://sekolah.data.kemdikbud.go.id/index.php/Chome/profil/DCFADB4E-EE0B-4595-8427-C1E333EBD222,Brani Kulon Brani Kulon Kec. Maron Kab. Probolinggo Prov. Jawa Timur,Kab. Probolinggo,,Jawa Timur
20318339,SMA NEGERI 1 PECANGAAN,https://sekolah.data.kemdikbud.go.id/index.php/Chome/profil/D4436757-B582-46C9-A8DE-C1E5F2A0FDBE,Desa Pecangaan Kulon RT. 03 RW. 02 Pecangaan Kulon Kec. Pecangaan Kab. Jepara Prov. Jawa Tengah,Kab. Jepara,,Jawa Tengah
10400364,SMA SWASTA SEI PUTIH,https://sekolah.data.kemdikbud.go.id/index.php/Chome/profil/91531792-33BC-4A72-8C38-C1E6845581CB,JL. TERATAI RAYA DESA SUNGAI PUTIH Sei Putih Kec. Tapung Kab. Kampar Prov. Riau,Kab. Kampar,,Riau
60303440,SMA NEGERI 2 SKANTO,https://sekolah.data.kemdikbud.go.id/index.php/Chome/profil/A2E3F3B1-4432-4041-9EEF-C1E71A2AFDC0,JL.IAP DARMASIH 6 b ARSO IV Distrik Skan... Arsopura Kec. Skanto Kab. Keerom Prov. Papua,Kab. Keerom,,Papua
70036601,SMA MUHAMMADIYAH LATIMOJONG,https://sekolah.data.kemdikbud.go.id/index.php/Chome/profil/E82ED765-38AB-4020-828B-C1E7619D0039,Rante Lemo Latimojong Kec. Buntu Batu Kab. Enrekang Prov. Sulawesi Selatan,Kab. Enrekang,,Sulawesi Selatan
20219751,SMAS ADVENT,https://sekolah.data.kemdikbud.go.id/index.php/Chome/profil/2D95FF3A-19D7-4E00-AFBB-C1EDD2222965,JL. NARIPAN NO. 91 Kebon Pisang Kec. Sumur Bandung Kota Bandung Prov. Jawa Barat,,Kota Bandung,Jawa Barat
69894451,SMA NEGERI 3 DONGGO,https://sekolah.data.kemdikbud.go.id/index.php/Chome/profil/3281B261-9692-4F0F-A86F-C1F19723D204,Jl. Lintas Rora - Padende Bumi Pajo Kec. Donggo Kab. Bima Prov. Nusa Tenggara Barat,Kab. Bima,,Nusa Tenggara Barat
70055970,SMAN 14 LUWU TIMUR,https://sekolah.data.kemdikbud.go.id/index.php/Chome/profil/B3F33D45-733E-4B30-BC25-C1F92463F31C,"Desa Bantilan, Kec. Towut,i Kab.Luwu Tim... Bantilang Kec. Towuti Kab. Luwu Timur Prov. Sulawesi Selatan",Kab. Luwu Timur,,Sulawesi Selatan
10494082,SMAN 2 PANGKALAN KURAS,https://sekolah.data.kemdikbud.go.id/index.php/Chome/profil/A3979D12-2EA3-4F66-90B1-C2112FE4CCF8,JL. LINTAS TIMUR KM 102 TERANTANG MANUK Terantang Manuk Kec. Pangkalan Kuras Kab.  Pelalawan Prov. Riau,Kab.  Pelalawan,,Riau
20511861,SMAS ISLAM GURAH,https://sekolah.data.kemdikbud.go.id/index.php/Chome/profil/6A74124B-944A-42C0-9F07-C21305C839A7,JL. KRAMAT NO.380 RT 002  / RW 004 GURAH Gurah Kec. Gurah Kab. Kediri Prov. Jawa Timur,Kab. Kediri,,Jawa Timur
10502775,SMAS YP-SP3 3 MESTONG,https://sekolah.data.kemdikbud.go.id/index.php/Chome/profil/2C573DBA-0DC6-4A3E-8AD9-C21E9F1A74B3,DS. SUKADAMAI Suka Damai Kec. Mestong Kab.  Muaro Jambi Prov. Jambi,Kab.  Muaro Jambi,,Jambi
90101016,SEKOLAH INDONESIA JEDDAH TINGKAT SMA,https://sekolah.data.kemdikbud.go.id/index.php/Chome/profil/00302ED3-8DEB-4F5E-A794-C2211DE0D5AC,"Districk 7155,5421 Az Zilaq, Ar Rehab, J... Jeddah Jeddah Arab Saudi Luar Negeri",,,
10210795,SMAS AMAL BAKTI,https://sekolah.data.kemdikbud.go.id/index.php/Chome/profil/629A2BA0-F438-4C19-BB40-C2267E604730,JL. KAYU PUTIH NO. 32 MABAR M A B A R Kec. Medan Deli Kota Medan Prov. Sumatera Utara,,Kota Medan,Sumatera Utara
30107425,SMAN 1 MANIS MATA,https://sekolah.data.kemdikbud.go.id/index.php/Chome/profil/89988650-B838-4BF0-8630-C22C6547F02B,JL. RATU ELOK MANIS MATA RATU ELOK Kec. Manis Mata Kab. Ketapang Prov. Kalimantan Barat,Kab. Ketapang,,Kalimantan Barat
69786485,SMAS ISLAM KHAIRIYAH,https://sekolah.data.kemdikbud.go.id/index.php/Chome/profil/1AFF2469-B118-4040-8B1E-C2367A1D5ACE,DESA BATUR Batur Kec. Gading Kab. Probolinggo Prov. Jawa Timur,Kab. Probolinggo,,Jawa Timur
20229142,SMAS ARRAHMAN,https://sekolah.data.kemdikbud.go.id/index.php/Chome/profil/D584251D-8FD4-490D-8257-C24145F295B7,JL. MASJID AL ITTIHAD NO. 35 Bojong Pondok Terong Kec. Cipayung Kota Depok Prov. Jawa Barat,,Kota Depok,Jawa Barat
20101325,SMAS MUHAMMADIYAH 24,https://sekolah.data.kemdikbud.go.id/index.php/Chome/profil/2BC8124A-259C-4F3B-ACBF-C242F88B11D4,JL. DR. SUSILO 1 GROGOL Grogol Kec. Grogol Petamburan Kota Adm. Jakarta Barat Prov. D.K.I. Jakarta,,Kota Adm. Jakarta Barat,D.K.I. Jakarta
30203253,SMA NEGERI 1 TANAH SIANG,https://sekolah.data.kemdikbud.go.id/index.php/Chome/profil/F493642A-60E1-4D32-A122-C2455D26DC8F,JL.TOMANGGUNG TIONG NO.10 SARIPOI Saripoi Kec. Tanah Siang Kab. Murung Raya Prov. Kalimantan Tengah,Kab. Murung Raya,,Kalimantan Tengah
10400373,SMA NEGERI 1 TAPUNG HILIR,https://sekolah.data.kemdikbud.go.id/index.php/Chome/profil/965790AE-0C5E-43D1-AFEC-C245E1D9FF02,JL. PENDIDIKAN NO.2 Koto Bangun Kec. Tapung Hilir Kab. Kampar Prov. Riau,Kab. Kampar,,Riau
70005653,SMAN 2 Pulau Laut Kepulauan,https://sekolah.data.kemdikbud.go.id/index.php/Chome/profil/35978F49-03DC-4BE8-A8B5-C247B15F5FA8,Jl. Abd. Hamid RT. 2 RW 1 Pulau Kerayaan Kec. Pulau Laut Kepulauan Kab. Kotabaru Prov. Kalimantan Selatan,Kab. Kotabaru,,Kalimantan Selatan
40201342,SMAN 1 PAMONA TIMUR,https://sekolah.data.kemdikbud.go.id/index.php/Chome/profil/838F1DFC-18C6-461A-83B7-C252BCCD4523,Jl. Trans Sulawesi Poleganyara Kec. Pamona Timur Kab. Poso Prov. Sulawesi Tengah,Kab. Poso,,Sulawesi Tengah
10703503,SMA NEGERI 11 MUKOMUKO,https://sekolah.data.kemdikbud.go.id/index.php/Chome/profil/A8F15AB2-DC3B-4D76-9436-C2571D674488,Jl.Poros Lubuk Talang. Malin Deman Lubuk Talang Kec. Malin Deman Kab. Mukomuko Prov. Bengkulu,Kab. Mukomuko,,Bengkulu
20520022,SMAN 1 KRAKSAAN,https://sekolah.data.kemdikbud.go.id/index.php/Chome/profil/8BDB21D1-EEE2-49E4-AF71-C259CD749C16,JL. IMAM BONJOL 13 KRAKSAAN Sidomukti Kec. Kraksaan Kab. Probolinggo Prov. Jawa Timur,Kab. Probolinggo,,Jawa Timur
20321449,SMA NEGERI 3 TEMANGGUNG,https://sekolah.data.kemdikbud.go.id/index.php/Chome/profil/E8844801-A6DC-43B6-8449-C25DD8D8F756,"JL. MUJAHIDIN,  NO. 1 TEMANGGUNG Mungseng Kec. Temanggung Kab. Temanggung Prov. Jawa Tengah",Kab. Temanggung,,Jawa Tengah
10301184,SMAN 1 LAREH SAGO HALABAN,https://sekolah.data.kemdikbud.go.id/index.php/Chome/profil/6AB1962C-DBAB-4205-8E33-C25EBE252757,PAKAN RABAA GADUT Batu Payuang Kec. Lareh Sago Halaban Kab. Lima Puluh Kota Prov. Sumatera Barat,Kab. Lima Puluh Kota,,Sumatera Barat
30203753,SMAN 1 BALAI RIAM,https://sekolah.data.kemdikbud.go.id/index.php/Chome/profil/ADB6E6DC-18F7-466A-AB1C-C26E190AC7A1,JL. PANGERAN ANTASARI BALAI RIAM Kec. Balai Riam Kab. Sukamara Prov. Kalimantan Tengah,Kab. Sukamara,,Kalimantan Tengah
20532395,SMAS KARTIKA WIJAYA,https://sekolah.data.kemdikbud.go.id/index.php/Chome/profil/DFA9DBA0-B795-423A-B53C-C2792EDAD147,JL. KARAH NO. 182 Karah Kec. Jambangan Kota Surabaya Prov. Jawa Timur,,Kota Surabaya,Jawa Timur
10494087,SMAN 1 TELUK MERANTI,https://sekolah.data.kemdikbud.go.id/index.php/Chome/profil/1F4D6FE8-BBCA-4ADA-8C2E-C27E56400058,JL. LINTAS BONO TELUK MERANTI Teluk Meranti Kec. Teluk Meranti Kab.  Pelalawan Prov. Riau,Kab.  Pelalawan,,Riau
20107323,SMAS PATTIMURA JAKARTA,https://sekolah.data.kemdikbud.go.id/index.php/Chome/profil/AD408DE9-6C26-4E36-9862-C28063E865E5,"Jl. Jagakarsa Raya No. 88, RT. 02/05 Jagakarsa Kec. Jagakarsa Kota Adm. Jakarta Selatan Prov. D.K.I. Jakarta",,Kota Adm. Jakarta Selatan,D.K.I. Jakarta
69849075,SMA AL-AMANAH PAKENJENG,https://sekolah.data.kemdikbud.go.id/index.php/Chome/profil/3D07334B-B1CC-48E2-87CE-C282584F0F11,KP. BIHBUL DESA TANJUNGJAYA PAKENJENG-GA... Tanjungjaya Kec. Pakenjeng Kab. Garut Prov. Jawa Barat,Kab. Garut,,Jawa Barat
10646582,SMA NEGERI 1 PEMULUTAN BARAT,https://sekolah.data.kemdikbud.go.id/index.php/Chome/profil/D264267B-CDDF-48E3-BB90-C2855F8B7D74,JL. MAYOR  ISKANDAR TALANG PANGERAN ULU Kec. Pemulutan Barat Kab. Ogan Ilir Prov. Sumatera Selatan,Kab. Ogan Ilir,,Sumatera Selatan
69962131,SMA NEGERI MATAWAI LA PAWU,https://sekolah.data.kemdikbud.go.id/index.php/Chome/profil/296755C2-8F06-4449-801A-C28919306D2C,KATIKUTANA Katikutana Kec. Matawai La Pawu Kab. Sumba Timur Prov. Nusa Tenggara Timur,Kab. Sumba Timur,,Nusa Tenggara Timur
40201359,SMAN 1 POSO,https://sekolah.data.kemdikbud.go.id/index.php/Chome/profil/228140C8-56B4-4D43-95A3-C28E45CCB0CF,JL. TALASA N0. 6 Lawanga Kec. Poso Kota Utara Kab. Poso Prov. Sulawesi Tengah,Kab. Poso,,Sulawesi Tengah
20327964,SMA WARGA,https://sekolah.data.kemdikbud.go.id/index.php/Chome/profil/64BF1F2D-4084-43A1-90AB-C28EBA97F044,JL. MONGINSIDI NO. 17 Tegalharjo Kec. Jebres Kota Surakarta Prov. Jawa Tengah,,Kota Surakarta,Jawa Tengah
10604721,SMAN 10 OGAN KOMERING ULU,https://sekolah.data.kemdikbud.go.id/index.php/Chome/profil/18CD3C2B-13C5-443E-9CB9-C29B609BB9E2,Jln. Raya Baturaja-Muaradua KM 29 Tanjung Lengkayap Kec. Lengkiti Kab. Ogan Komering Ulu Prov. Sumatera Selatan,Kab. Ogan Komering Ulu,,Sumatera Selatan
60102958,SMA Negeri 8 Seram Bagian Timur,https://sekolah.data.kemdikbud.go.id/index.php/Chome/profil/5A1C62A6-5BAE-48F7-94C9-C2A76979727E,JL. LINTAS PULAU GOROM-AMARWAWATU Basarin Kec. Gorom Timur Kab. Seram Bagian Timur Prov. Maluku,Kab. Seram Bagian Timur,,Maluku
69760845,SMA SWASTA TONGKOSENG,https://sekolah.data.kemdikbud.go.id/index.php/Chome/profil/0E8A29FA-20B9-4041-8F95-C2B4DEA89133,DESA TONGKOSENG Tongkoseng Kec. Tontonunu Kab. Bombana Prov. Sulawesi Tenggara,Kab. Bombana,,Sulawesi Tenggara
50204513,SMAN 7 MATARAM,https://sekolah.data.kemdikbud.go.id/index.php/Chome/profil/0AEC1EA3-B9AA-4F13-8C93-C2B54A3DE1B8,JL. ADISUCIPTO NO. 69 AMPENAN Pejeruk Kec. Ampenan Kota Mataram Prov. Nusa Tenggara Barat,,Kota Mataram,Nusa Tenggara Barat
10609680,SMA PGRI 05 PALEMBANG,https://sekolah.data.kemdikbud.go.id/index.php/Chome/profil/9F75FF72-A150-4B22-A85C-C2BEE1069DFD,JL. PARAMESWARA NO. 18 PLG Bukit Baru Kec. Ilir Barat I Kota Palembang Prov. Sumatera Selatan,,Kota Palembang,Sumatera Selatan
20229164,SMAS MUHAMMADIYAH BEJI,https://sekolah.data.kemdikbud.go.id/index.php/Chome/profil/D15721EE-03A4-4DD8-BF74-C2C0859B12EB,JL. MI RIDWAN RAIS 37 Beji Timur Kec. Beji Kota Depok Prov. Jawa Barat,,Kota Depok,Jawa Barat
10201317,SMAS YASPENMAS,https://sekolah.data.kemdikbud.go.id/index.php/Chome/profil/897C4854-6426-4DA2-BC43-C2CB1B282886,SIDODADI - JASA MAKMUR Harapan Jaya Kec. Sei Lepan Kab. Langkat Prov. Sumatera Utara,Kab. Langkat,,Sumatera Utara
70003799,SMA TANGERANG 1,https://sekolah.data.kemdikbud.go.id/index.php/Chome/profil/21B6FE0C-D4EA-49C1-B42C-C2D36A8A78D3,JL. KH. HASYIM ASHARI Gg. H. HALIMAH RT.... Poris Plawad Indah Kec. Cipondoh Kota Tangerang Prov. Banten,,Kota Tangerang,Banten
40201357,SMAN 2 POSO,https://sekolah.data.kemdikbud.go.id/index.php/Chome/profil/5669D61D-2AD4-43B7-A1B4-C2EE4B054526,EBONI NO. 70 Ranononcu Kec. Poso Kota Selatan Kab. Poso Prov. Sulawesi Tengah,Kab. Poso,,Sulawesi Tengah
20224509,SMAN 3 TASIKMALAYA,https://sekolah.data.kemdikbud.go.id/index.php/Chome/profil/B9DD9B09-DDA7-4251-9CEC-C2F06DB7BBF9,JL. LETKOL BASIR SURYA NO.89 Sukanagara Kec. Purbaratu Kota Tasikmalaya Prov. Jawa Barat,,Kota Tasikmalaya,Jawa Barat
70049940,SMA CIPUTRA KASIH,https://sekolah.data.kemdikbud.go.id/index.php/Chome/profil/338CC40D-6EB3-4447-834E-C2F135E94E06,"CitraLand Tallasa City, Jalan Lingkar Ba... Kapasa Kec. Tamalanrea Kota Makassar Prov. Sulawesi Selatan",,Kota Makassar,Sulawesi Selatan
10102771,SMA NEGERI 1 SAMADUA,https://sekolah.data.kemdikbud.go.id/index.php/Chome/profil/C1DC3984-E396-4929-AD06-C2F4D0C6F659,JL. TAPAKTUAN MEULABOH KM 08 Jilatang Kec. Samadua Kab. Aceh Selatan Prov. Aceh,Kab. Aceh Selatan,,Aceh
20215975,SMAN 1 KROYA,https://sekolah.data.kemdikbud.go.id/index.php/Chome/profil/A1221B00-0EB4-4AA5-BA89-C2FC6CF1EB2C,JL. RAYA RANCAWAS Temiyang Kec. Kroya Kab. Indramayu Prov. Jawa Barat,Kab. Indramayu,,Jawa Barat
20303988,SMAS MUHAMMADIYAH 4 BANJARNEGARA,https://sekolah.data.kemdikbud.go.id/index.php/Chome/profil/9F05BA81-438A-45D6-BA6B-C2FE74E75491,"Jl. Raya Kalibening, Kalibening Kab. Ban... Kalibening Kec. Kalibening Kab. Banjarnegara Prov. Jawa Tengah",Kab. Banjarnegara,,Jawa Tengah
20109516,SMAS INTERNATIONAL ISLAMIC HIGH SCHOOL (IIHS),https://sekolah.data.kemdikbud.go.id/index.php/Chome/profil/25AC0E10-E4E6-4DB8-AFD9-C2FFA683277D,JL. HR. RASUNA SAID KAV. X-2 NO. 4 Kuningan Timur Kec. Setia Budi Kota Adm. Jakarta Selatan Prov. D.K.I. Jakarta,,Kota Adm. Jakarta Selatan,D.K.I. Jakarta
10702878,SMA NEGERI 9 REJANG LEBONG,https://sekolah.data.kemdikbud.go.id/index.php/Chome/profil/A6005801-CB34-425A-AB91-C301A70B314B,JL.RAYA CURUP LUBUKLINGGAU KM 21 Beringin Tiga Kec. Sindang Kelingi Kab. Rejang Lebong Prov. Bengkulu,Kab. Rejang Lebong,,Bengkulu
40401164,SMAN 1 LAPANDEWA,https://sekolah.data.kemdikbud.go.id/index.php/Chome/profil/DC9B0A55-8049-4438-96C1-C306FFA87466,JL. MUHILU. NO 1 Lapandewa Kec. Lapandewa Kab. Buton Selatan Prov. Sulawesi Tenggara,Kab. Buton Selatan,,Sulawesi Tenggara
30107428,SMAN 1 MATAN HILIR UTARA,https://sekolah.data.kemdikbud.go.id/index.php/Chome/profil/1F3A5CB8-F2F0-431B-A289-C30885108ECA,JL. KETAPANG SUKADANA KM 51 Kuala Tolak Kec. Matan Hilir Utara Kab. Ketapang Prov. Kalimantan Barat,Kab. Ketapang,,Kalimantan Barat
69934583,SMA NAZHATUT THOLIBIN,https://sekolah.data.kemdikbud.go.id/index.php/Chome/profil/53710EBF-B127-4D18-89DC-C30D16CE2610,Jl. Ky. Jamal Hasibi Liprak Wetan Kec. Banyuanyar Kab. Probolinggo Prov. Jawa Timur,Kab. Probolinggo,,Jawa Timur
10210934,SMA SWASTA PGRI 12 MEDAN,https://sekolah.data.kemdikbud.go.id/index.php/Chome/profil/F9ABCD37-D4C8-49C0-9387-C30E89EF6847,Jalan Kapten Rahmad Buddin Lk. IX Gang J... Rengas Pulau Kec. Medan Marelan Kota Medan Prov. Sumatera Utara,,Kota Medan,Sumatera Utara
20219762,SMAS PMB,https://sekolah.data.kemdikbud.go.id/index.php/Chome/profil/691B4876-526F-4B48-A818-C316C01E01E3,Jl. Arcamanik No. 31 Rt 02 / Rw 01 Sindang Jaya Kec. Mandalajati Kota Bandung Prov. Jawa Barat,,Kota Bandung,Jawa Barat
10204065,SMAN 1 BUNTU PANE,https://sekolah.data.kemdikbud.go.id/index.php/Chome/profil/564364D3-5C4B-45AA-97D7-C31D144CE343,JL. BESAR DESA BUNTU PANE BUNTUPANE Kec. Buntu Pane Kab. Asahan Prov. Sumatera Utara,Kab. Asahan,,Sumatera Utara
60729000,SMAS OLAHRAGA MASMUR,https://sekolah.data.kemdikbud.go.id/index.php/Chome/profil/2A4EA53E-037D-4567-82D2-C31D66A35E27,JL. SOEKARNO HATTA NO.14 Maharatu Kec. Marpoyan Damai Kota Pekanbaru Prov. Riau,,Kota Pekanbaru,Riau
20227904,SMAN 1 CIKANCUNG,https://sekolah.data.kemdikbud.go.id/index.php/Chome/profil/AFEDB834-1D16-4E62-A832-C31E84D276E1,Jl. Jayadikarta No. 57 Cihanyir Kec. Cikancung Kab. Bandung Prov. Jawa Barat,Kab. Bandung,,Jawa Barat
10210898,SMAS LETJEN S PARMAN,https://sekolah.data.kemdikbud.go.id/index.php/Chome/profil/6E351AF2-A849-4CDD-8955-C329B834A2B5,JL. WAHIDIN NO. 170 MEDAN Pandau Hulu Ii Kec. Medan Area Kota Medan Prov. Sumatera Utara,,Kota Medan,Sumatera Utara
10201330,SMAN 1 GEBANG,https://sekolah.data.kemdikbud.go.id/index.php/Chome/profil/A6B67AC0-82C9-4216-B104-C32B106E45FC,JL. DIPONOGORO PEKAN GEBANG Kec. Gebang Kab. Langkat Prov. Sumatera Utara,Kab. Langkat,,Sumatera Utara
50202416,SMAS YADINU MASBAGIK,https://sekolah.data.kemdikbud.go.id/index.php/Chome/profil/22341FBD-A026-49C3-96D2-C32E44B3C44A,JL. RINJANI MASBAGIK UTARA Masbagik Utara Kec. Masbagik Kab. Lombok Timur Prov. Nusa Tenggara Barat,Kab. Lombok Timur,,Nusa Tenggara Barat
10239051,SMAN 1 SITU JULU,https://sekolah.data.kemdikbud.go.id/index.php/Chome/profil/8C68D02B-FCB3-4884-B041-C32EA1429274,JL. LAELANGGE STTU JULU Ulu Merah Kec. Sitelu Tali Urang Julu Kab. Pakpak Bharat Prov. Sumatera Utara,Kab. Pakpak Bharat,,Sumatera Utara
40404037,SMAN 1 WAWONII UTARA,https://sekolah.data.kemdikbud.go.id/index.php/Chome/profil/F0F23451-8E07-4E76-8B18-C335B4D50D6C,Jl TANI DESA TOMBAONE UTAMA Tambaone Utama Kec. Wawonii Utara Kab. Konawe Kepulauan Prov. Sulawesi Tenggara,Kab. Konawe Kepulauan,,Sulawesi Tenggara
69981782,SMA IT JABAL NOOR,https://sekolah.data.kemdikbud.go.id/index.php/Chome/profil/6FD4293B-B0E6-4884-940D-C33764E3A0FC,Jl. Sei Mencirim Gg. Abadi Medan Krio Kec. Sunggal Kab. Deli Serdang Prov. Sumatera Utara,Kab. Deli Serdang,,Sumatera Utara
30101947,SMAN 1 KEMBAYAN,https://sekolah.data.kemdikbud.go.id/index.php/Chome/profil/A9031BBD-1A9D-452B-B977-C33B58DF750E,JL. RAYA  KEMBAYAN Tanjung Merpati Kec. Kembayan Kab. Sanggau Prov. Kalimantan Barat,Kab. Sanggau,,Kalimantan Barat
69842627,SMA NEGERI 4 KOMODO,https://sekolah.data.kemdikbud.go.id/index.php/Chome/profil/DB92CE52-8CD2-44EE-8F72-C33CFD1B9FB0,KENARI Warloka Kec. Komodo Kab. Manggarai Barat Prov. Nusa Tenggara Timur,Kab. Manggarai Barat,,Nusa Tenggara Timur
20212962,SMA NEGERI 1 KADUGEDE,https://sekolah.data.kemdikbud.go.id/index.php/Chome/profil/13B5C169-A348-4DC0-B1CC-C33DE15E1657,JL. RAYA KADUGEDE NO. 65 Kadugede Kec. Kadugede Kab. Kuningan Prov. Jawa Barat,Kab. Kuningan,,Jawa Barat
10825076,SMAN 1 RAJABASA,https://sekolah.data.kemdikbud.go.id/index.php/Chome/profil/BE2EDFEF-1A9A-446B-B30D-C35C0AA0A186,JL PESISIR KUNJIR KUNJIR Kec. Rajabasa Kab. Lampung Selatan Prov. Lampung,Kab. Lampung Selatan,,Lampung
20501873,SMAS MUHAMMADIYAH 4,https://sekolah.data.kemdikbud.go.id/index.php/Chome/profil/2C30CFA1-33D0-4A09-8959-C35CC27CF014,JL. RAYA LAJUK Lajuk Kec. Porong Kab. Sidoarjo Prov. Jawa Timur,Kab. Sidoarjo,,Jawa Timur
70033784,SMA BUDI UTOMO 4 PURWODADI,https://sekolah.data.kemdikbud.go.id/index.php/Chome/profil/C30ED051-5878-433D-89C0-C35CE9A5A443,Jl. Raya Purwodadi - Solo KM. 05 Sukohar... Krangganharjo Kec. Toroh Kab. Grobogan Prov. Jawa Tengah,Kab. Grobogan,,Jawa Tengah
40601310,UPTD SMAN 1 SENDANA,https://sekolah.data.kemdikbud.go.id/index.php/Chome/profil/E2590629-7EF1-4E82-91B2-C35D3F2864BA,JL. KEMAKMURAN NO.20 SOMBA Mosso Kec. Sendana Kab. Majene Prov. Sulawesi Barat,Kab. Majene,,Sulawesi Barat
20107185,SMAN 69 JAKARTA,https://sekolah.data.kemdikbud.go.id/index.php/Chome/profil/D36930A8-CFA1-495F-886B-C3609074F8AB,PULAU PRAMUKA RT 003/05 Pulau Panggang Kec. Kepulauan Seribu Utara Kab. Adm. Kep. Seribu Prov. D.K.I. Jakarta,Kab. Adm. Kep. Seribu,,D.K.I. Jakarta
20219787,SMAS MUTIARA 2 BANDUNG,https://sekolah.data.kemdikbud.go.id/index.php/Chome/profil/BF616B4E-C8FF-48F1-86C0-C3619B623CF6,RAYA CIBEREUM NO. 10 Campaka Kec. Andir Kota Bandung Prov. Jawa Barat,,Kota Bandung,Jawa Barat
60730338,SMAS NURUL JADID,https://sekolah.data.kemdikbud.go.id/index.php/Chome/profil/A1DB5FA1-275B-4DE2-8063-C364DE7950CB,JL. TAMAN PAHLAWAN PLANGGARAN Blega Kec. Blega Kab. Bangkalan Prov. Jawa Timur,Kab. Bangkalan,,Jawa Timur
40100892,SMAN 2 TOMPASO,https://sekolah.data.kemdikbud.go.id/index.php/Chome/profil/23158582-18C4-4AE0-A327-C372D2B5120F,JL. SISWA DESA PINABETENGAN UTARA KEC. T... Talikuran Kec. Tompaso Kab. Minahasa Prov. Sulawesi Utara,Kab. Minahasa,,Sulawesi Utara
20606836,SMAS RAUDAH BARMAWIYAH,https://sekolah.data.kemdikbud.go.id/index.php/Chome/profil/F2BC04D9-1C8F-4C33-B9EA-C3756FFBF54E,JL. H. JASIRIN NO. 45 Jatiuwung Kec. Cibodas Kota Tangerang Prov. Banten,,Kota Tangerang,Banten
20511960,SMA NEGERI 1 GURAH KABUPATEN KEDIRI,https://sekolah.data.kemdikbud.go.id/index.php/Chome/profil/9BBCA850-42DD-4FE3-ADA7-C379049E2E21,JL.BALONGSARI NO.3 DS.GURAH KEC.GURAH Gurah Kec. Gurah Kab. Kediri Prov. Jawa Timur,Kab. Kediri,,Jawa Timur
69948647,SMAS GOLDEN CHRISTIAN SCHOOL,https://sekolah.data.kemdikbud.go.id/index.php/Chome/profil/093E2AA4-B1AB-4E8B-BF59-C37B11DA5BD6,JL. PANGRANGO No: 30 - 34 Palangka Kec. Jekan Raya Kota Palangka Raya Prov. Kalimantan Tengah,,Kota Palangka Raya,Kalimantan Tengah
69949714,SMA Negeri 63 Maluku Tengah,https://sekolah.data.kemdikbud.go.id/index.php/Chome/profil/5180CEBB-D3A2-4EAD-94E8-C381CE97DB05,Jl. Thomas Matulessy - Hulaliu Hulaliu Kec. Pulau Haruku Kab. Maluku Tengah Prov. Maluku,Kab. Maluku Tengah,,Maluku
20623134,SMAS GENTA SYAPUTRA,https://sekolah.data.kemdikbud.go.id/index.php/Chome/profil/69F92BAF-9336-4E06-A602-C38B3F28CD22,JL. RAYA BOJONGRENGED KP. PINTU KAPUK RT... Bojong Renged Kec. Teluk naga Kab. Tangerang Prov. Banten,Kab. Tangerang,,Banten
20103212,SMAS CAHAYA SAKTI JAKARTA,https://sekolah.data.kemdikbud.go.id/index.php/Chome/profil/CEF4DF3F-F105-4059-8013-C38D19501E1E,JL. OTISTA NO. I/II Bali Mester Kec. Jatinegara Kota Adm. Jakarta Timur Prov. D.K.I. Jakarta,,Kota Adm. Jakarta Timur,D.K.I. Jakarta
10212130,SMAN 2 SIBOLGA,https://sekolah.data.kemdikbud.go.id/index.php/Chome/profil/21DCCD00-457F-4087-AB6E-C38E46C3B574,JL. Kapten Pattimura-Sarudik Aek Habil Kec. Sibolga Selatan Kota Sibolga Prov. Sumatera Utara,,Kota Sibolga,Sumatera Utara
40400769,SMAN 1 KUSAMBI,https://sekolah.data.kemdikbud.go.id/index.php/Chome/profil/9E9E7A25-9B75-4FB6-8122-C38F9BB82DCA,POROS RAHA MASARA KONAWE Kec. Kusambi Kab. Muna Barat Prov. Sulawesi Tenggara,Kab. Muna Barat,,Sulawesi Tenggara
10802971,SMAN 1 ABUNG BARAT,https://sekolah.data.kemdikbud.go.id/index.php/Chome/profil/81316E6C-BD2B-47D1-BA44-C3959A7BD757,Jl. Lintas Sumatera Desa Cahaya Negeri K... Cahaya Negeri Kec. Abung Barat Kab. Lampung Utara Prov. Lampung,Kab. Lampung Utara,,Lampung
20107372,SMAS CHANDRA KUSUMA JAKARTA,https://sekolah.data.kemdikbud.go.id/index.php/Chome/profil/153302AF-24C8-4F73-B3B5-C39700CCB1B7,JL. PERUM VILAMAS SELATAN I BLOK H 4 NO.... Kapuk Muara Kec. Penjaringan Kota Adm. Jakarta Utara Prov. D.K.I. Jakarta,,Kota Adm. Jakarta Utara,D.K.I. Jakarta
69988140,SMA ERHA JATINAGARA,https://sekolah.data.kemdikbud.go.id/index.php/Chome/profil/3DA70F10-F8BC-42B8-853F-C39A4D3D27CB,Dusun Kulon RT08/02 Jatinagara Ciamis Jatinagara Kec. Jatinagara Kab. Ciamis Prov. Jawa Barat,Kab. Ciamis,,Jawa Barat
40307363,SMAS MUHAMMADIYAH 6 MAKASSAR,https://sekolah.data.kemdikbud.go.id/index.php/Chome/profil/D5E72393-BE44-46F2-AC77-C39C470C7C13,JL. MUHAMADIYAH NO. 51 B Melayu Kec. Wajo Kota Makassar Prov. Sulawesi Selatan,,Kota Makassar,Sulawesi Selatan
69883214,SMA PLUS AR RAHMAT,https://sekolah.data.kemdikbud.go.id/index.php/Chome/profil/7C7FBC9B-9AFA-4BAA-9FFC-C3A165BF680E,JL. UNTUNG SUROPATI NO 48 BOJONEGORO Sumbang Kec. Bojonegoro Kab. Bojonegoro Prov. Jawa Timur,Kab. Bojonegoro,,Jawa Timur
20212949,SMA NEGERI 1 CINIRU,https://sekolah.data.kemdikbud.go.id/index.php/Chome/profil/83DD1140-9C1C-4D17-8A07-C3AB50F9800C,JL. RAYA HANTARA CINIRU Ciniru Kec. Ciniru Kab. Kuningan Prov. Jawa Barat,Kab. Kuningan,,Jawa Barat
69888402,SMAN Khusus Keberbakatan Olahraga Provinsi Sulawesi Selatan,https://sekolah.data.kemdikbud.go.id/index.php/Chome/profil/A3D73579-BA49-45A5-9E0E-C3B43D802D4F,"Jl. Pajjaiang, Komp. GOR Sudiang, Makass... Sudiang Raya Kec. Biringkanaya Kota Makassar Prov. Sulawesi Selatan",,Kota Makassar,Sulawesi Selatan
69932597,SMA AL BAAQII,https://sekolah.data.kemdikbud.go.id/index.php/Chome/profil/4A26EF46-B7C5-444A-9576-C3B4C03235DF,JL. SIMPANG SIKU KELUANG KM. 02 DUSUN IV PINANG BANJAR Kec. Sungai Lilin Kab. Musi Banyuasin Prov. Sumatera Selatan,Kab. Musi Banyuasin,,Sumatera Selatan
30314039,SMAS AL BALADUL AMIN,https://sekolah.data.kemdikbud.go.id/index.php/Chome/profil/1D958F15-57DD-4881-B56B-C3C40DFE3765,Jl. Setia Budi Mandala Kec. Telaga Langsat Kab. Hulu Sungai Selatan Prov. Kalimantan Selatan,Kab. Hulu Sungai Selatan,,Kalimantan Selatan
10900879,SMAN 1 PAYUNG,https://sekolah.data.kemdikbud.go.id/index.php/Chome/profil/45C71829-DD66-4A09-BB79-C3C6C30CFA09,JL. MAYOR SYAFRI RAHMAN Payung Payung Kab. Bangka Selatan Prov. Kepulauan Bangka Belitung,Kab. Bangka Selatan,,Kepulauan Bangka Belitung
20541253,SMAS PGRI SUMBEREJO,https://sekolah.data.kemdikbud.go.id/index.php/Chome/profil/2DFFF3D9-F85B-43B6-90B0-C3D3D159A6D5,JL. RAYA  SUMBERREJO NO.132 Talun Kec. Sumberrejo Kab. Bojonegoro Prov. Jawa Timur,Kab. Bojonegoro,,Jawa Timur
20232315,SMAS AS SYUJA IYAH,https://sekolah.data.kemdikbud.go.id/index.php/Chome/profil/0606B45E-7950-4AF0-968E-C3DC51FEA04E,JL. SUKARAJA NAGRAK KM.1 Nagrak Kec. Sukaraja Kab. Bogor Prov. Jawa Barat,Kab. Bogor,,Jawa Barat
10403796,SMAN 1 TELUK KUANTAN,https://sekolah.data.kemdikbud.go.id/index.php/Chome/profil/62B8E1AA-8140-49E8-9AA8-C3DD628189EE,Jalan Perintis Kemerdekaan Simpang Tiga Kec. Kuantan Tengah Kab. Kuantan Singingi Prov. Riau,Kab. Kuantan Singingi,,Riau
69973533,SMA SWASTA PASIFIK,https://sekolah.data.kemdikbud.go.id/index.php/Chome/profil/71AA7E1E-942C-4686-BEA5-C3DEF72BAD94,Jln. Raya Morodadi SP. I Morodadi Kec. Morotai Selatan Kab. Pulau Morotai Prov. Maluku Utara,Kab. Pulau Morotai,,Maluku Utara
70010776,SMA ISLAM TERPADU HARAPAN BUNDA,https://sekolah.data.kemdikbud.go.id/index.php/Chome/profil/534BFBA9-3648-4617-A783-C3E5AD5D24AA,JL. ISBARYADI Pedurungan Lor Kec. Pedurungan Kota Semarang Prov. Jawa Tengah,,Kota Semarang,Jawa Tengah
20238548,SMAN 1 CIGALONTANG,https://sekolah.data.kemdikbud.go.id/index.php/Chome/profil/3421835E-09B1-49F0-AEAD-C3E7EB3BC9F5,JL. RAYA CIGALONTANG LENGKONGJAYA Lengkongjaya Kec. Cigalontang Kab. Tasikmalaya Prov. Jawa Barat,Kab. Tasikmalaya,,Jawa Barat
20306169,SMA NEGERI 9 PURWOREJO,https://sekolah.data.kemdikbud.go.id/index.php/Chome/profil/08D9E9FB-B3EC-4416-9F5E-C3EADA6EA7E7,"JL. DAENDELS,GEPARANG PURWODADI Geparang Kec. Purwodadi Kab. Purworejo Prov. Jawa Tengah",Kab. Purworejo,,Jawa Tengah
10806757,SMAS HIDAYATUL M NEG BATIN,https://sekolah.data.kemdikbud.go.id/index.php/Chome/profil/A8AFD7CA-B81F-40FF-ABC6-C3EEF6496E0A,KP.BUMI JAYA Bumi Jaya Kec. Negara Batin Kab. Way Kanan Prov. Lampung,Kab. Way Kanan,,Lampung
20534743,SMAS MUHAMMADIYAH,https://sekolah.data.kemdikbud.go.id/index.php/Chome/profil/005D0848-7CDF-414B-B8A4-C3F2F7DD3CB3,JL. BRAWIJAYA - SINOMAN VI / 24 Miji Kec. Prajurit Kulon Kota Mojokerto Prov. Jawa Timur,,Kota Mojokerto,Jawa Timur
10403249,SMAS WAHIDIN,https://sekolah.data.kemdikbud.go.id/index.php/Chome/profil/7AD8A28A-FBBD-4F0F-8293-C4017775C8EE,JL. PAHLAWAN Bagan Timur Kec. Bangko Kab.  Rokan Hilir Prov. Riau,Kab.  Rokan Hilir,,Riau
20310424,SMA NEGERI 1 MOJOLABAN,https://sekolah.data.kemdikbud.go.id/index.php/Chome/profil/79733829-3F0B-4EF8-94EA-C40B8D3F84B0,JL. BATARA SURYA NO. 10 Wirun Kec. Mojolaban Kab. Sukoharjo Prov. Jawa Tengah,Kab. Sukoharjo,,Jawa Tengah
70048467,SMA NEGERI 1 SELUAN,https://sekolah.data.kemdikbud.go.id/index.php/Chome/profil/BB0A5ABA-889A-4FD5-9FF9-C410E6BF86E0,JL. H. BAKRI PULAU SELUAN Kelarik Barat Kec. Pulau Seluan Kab. Natuna Prov. Kepulauan Riau,Kab. Natuna,,Kepulauan Riau
60103515,SMAS MUHAMMADIYAH MAMALA,https://sekolah.data.kemdikbud.go.id/index.php/Chome/profil/51B59247-C813-447D-8B3D-C41234BCEADC,JLN.LATU POLANUNU Mamala Kec. Leihitu Kab. Maluku Tengah Prov. Maluku,Kab. Maluku Tengah,,Maluku
10604724,SMAN 2 OGAN KOMERING ULU,https://sekolah.data.kemdikbud.go.id/index.php/Chome/profil/32751832-EEA3-4E3B-B272-C4165602A5D3,JL. Tanzania No. 235 BATU RADEN Kec. Lubuk Raja Kab. Ogan Komering Ulu Prov. Sumatera Selatan,Kab. Ogan Komering Ulu,,Sumatera Selatan
70055565,SMAN 15 SAROLANGUN,https://sekolah.data.kemdikbud.go.id/index.php/Chome/profil/08967CBE-A00B-4573-97C6-C417082D79F2,Jl. Picco RT. 01 Dusun 01 Sepintun Kec. Pauh Kab. Sarolangun Prov. Jambi,Kab. Sarolangun,,Jambi
10502884,SMAN Titian Teras Haji Abdurrahman Sayoeti,https://sekolah.data.kemdikbud.go.id/index.php/Chome/profil/7810EA33-58E6-4D3D-9EC6-C417DCC912D0,JL. LINTAS JAMBI-MUARA BULIAN KM. 21 KELURAHAN PIJOAN Kec. Jambi Luar Kota Kab.  Muaro Jambi Prov. Jambi,Kab.  Muaro Jambi,,Jambi
70033512,SMA AL ANFAL,https://sekolah.data.kemdikbud.go.id/index.php/Chome/profil/6716D0D7-8099-4A94-A5DB-C4189C8C04BC,Dk. Nyamplung RT 005 RW 002 Kalipang Kec. Sarang Kab. Rembang Prov. Jawa Tengah,Kab. Rembang,,Jawa Tengah
10210721,SMAS BUDISATRYA,https://sekolah.data.kemdikbud.go.id/index.php/Chome/profil/A9BD75B5-F88E-4522-B8BA-C41C0ED6F8AE,JL. LETDA SUJONO NO. 166 Bandar Selamat Kec. Medan Tembung Kota Medan Prov. Sumatera Utara,,Kota Medan,Sumatera Utara
10204240,SMAS MERANTI,https://sekolah.data.kemdikbud.go.id/index.php/Chome/profil/E4988856-6E62-474A-8BDE-C42569868A63,JL. PERINTIS KEMERDEKAAN NO.182 MERANTI Meranti Kec. Meranti Kab. Asahan Prov. Sumatera Utara,Kab. Asahan,,Sumatera Utara
69899565,SMA Negeri Wederok,https://sekolah.data.kemdikbud.go.id/index.php/Chome/profil/E0CA4B86-F257-4A4E-9FBE-C42FD44D47D0,Wederok Wederok Kec. Weliman Kab. Malaka Prov. Nusa Tenggara Timur,Kab. Malaka,,Nusa Tenggara Timur
69896247,SMA NEGERI NOEMUTI TIMUR,https://sekolah.data.kemdikbud.go.id/index.php/Chome/profil/F5DA6DD1-3647-4F07-866A-C43002A95368,Jalan Kuaken Desa Manikin Kecamatan Noem... Manikin Kec. Noemuti Timur Kab. Timor Tengah Utara Prov. Nusa Tenggara Timur,Kab. Timor Tengah Utara,,Nusa Tenggara Timur
70007828,SMA SOPHOS INDONESIA,https://sekolah.data.kemdikbud.go.id/index.php/Chome/profil/81D7DC69-7164-4D51-BAE0-C4306A092A64,Kawasan CBD Kavling AH.2/6 Sektor II.2 B... Rawa Buntu Kec. Serpong Kota Tangerang Selatan Prov. Banten,,Kota Tangerang Selatan,Banten
10807566,SMAN 3 METRO,https://sekolah.data.kemdikbud.go.id/index.php/Chome/profil/2738272A-9F26-447A-85F2-C43242C1A2F6,JL NAGA Banjarsari Kec. Metro Utara Kota Metro Prov. Lampung,,Kota Metro,Lampung
69882386,SMAN BOKONG,https://sekolah.data.kemdikbud.go.id/index.php/Chome/profil/2E42DE70-F067-4897-9F72-C43416333EC4,Jl. Anderias Letuna Bokong Kec. Toianas Kab. Timor Tengah Selatan Prov. Nusa Tenggara Timur,Kab. Timor Tengah Selatan,,Nusa Tenggara Timur
20253915,SMAS YADIKA 11 BEKASI,https://sekolah.data.kemdikbud.go.id/index.php/Chome/profil/71036D95-922A-4FC0-A527-C43A1D78827B,JL. LURAH NAMAT KP. KRANGGAN LEMBUR JATI... Jatirangga Kec. Jati Sampurna Kota Bekasi Prov. Jawa Barat,,Kota Bekasi,Jawa Barat
10497417,SMAN 4 BANGKO PUSAKO,https://sekolah.data.kemdikbud.go.id/index.php/Chome/profil/B28FB6BD-F705-420C-A2E8-C43A77DB3CDA,JL. H. ZULKAINI  BANGKO SEMPURNA KM.20 Bangko Sempurna Kec. Bangko Pusako Kab.  Rokan Hilir Prov. Riau,Kab.  Rokan Hilir,,Riau
69877346,SMA SWASTA BINA KASIH,https://sekolah.data.kemdikbud.go.id/index.php/Chome/profil/1B1FCB48-76BD-4EF4-AD1E-C4402F233F5C,Jl. Sihonoatauo Aramo Hiliorudua Kec. Aramo Kab. Nias Selatan Prov. Sumatera Utara,Kab. Nias Selatan,,Sumatera Utara
10816209,SMAN 1 PAGAR DEWA,https://sekolah.data.kemdikbud.go.id/index.php/Chome/profil/F94B9E4D-0928-4837-BE26-C440EA525AA1,JL. LUAS-SIDOMULYO Sidomulyo Kec. Pagar Dewa Kab. Lampung Barat Prov. Lampung,Kab. Lampung Barat,,Lampung
70013119,SMA Negeri 3 Negara,https://sekolah.data.kemdikbud.go.id/index.php/Chome/profil/DE2F0DBD-C2CB-43F1-828A-C44FD327A519,"Jalan Raya Pantai Cupel, Baluk, Kec. Neg... Baluk Kec. Negara Kab. Jembrana Prov. Bali",Kab. Jembrana,,Bali
10210859,SMAN 6 MEDAN,https://sekolah.data.kemdikbud.go.id/index.php/Chome/profil/4A1A669A-364A-40B3-AEC8-C450DCD94971,JL. ANSARI NO. 34 Sei Rengas I Kec. Medan Kota Kota Medan Prov. Sumatera Utara,,Kota Medan,Sumatera Utara
60101529,SMA Negeri 1 Seram Bagian Barat,https://sekolah.data.kemdikbud.go.id/index.php/Chome/profil/645DD6F8-FEBE-446E-A674-C4541C71B760,JL. ANGKOTA 7A Kairatu Kec. Kairatu Kab. Seram Bagian Barat Prov. Maluku,Kab. Seram Bagian Barat,,Maluku
40403664,SMAN 1 WAWONII TENGAH,https://sekolah.data.kemdikbud.go.id/index.php/Chome/profil/F9A09701-488F-46D9-995F-C458803FBE5B,JL. Halulanga No.32 Lampeapi Baru Kec. Wawonii Tengah Kab. Konawe Kepulauan Prov. Sulawesi Tenggara,Kab. Konawe Kepulauan,,Sulawesi Tenggara
10400842,SMA NEGERI 1 MERBAU,https://sekolah.data.kemdikbud.go.id/index.php/Chome/profil/D6D0E50A-95C2-4914-958E-C45942E885C8,Jl. D.I. Panjaitan Teluk Belitung Kec. Merbau Kab. Kepulauan Meranti Prov. Riau,Kab. Kepulauan Meranti,,Riau
20605339,SMAS AL FURQON KRAGILAN,https://sekolah.data.kemdikbud.go.id/index.php/Chome/profil/6D4756D4-71ED-418A-8E17-C459F82BF1F9,JL. RAYA SERANG KM.15 KRAGILAN Kragilan Kec. Kragilan Kab. Serang Prov. Banten,Kab. Serang,,Banten
30110151,SMAN 3 TEBAS,https://sekolah.data.kemdikbud.go.id/index.php/Chome/profil/34812414-D00E-407A-91ED-C45CD98CB287,SEGARAU PARIT Segarau Parit Kec. Tebas Kab. Sambas Prov. Kalimantan Barat,Kab. Sambas,,Kalimantan Barat
10802087,SMAN 1 SEPUTIH MATARAM,https://sekolah.data.kemdikbud.go.id/index.php/Chome/profil/55643E9E-F653-4B82-8531-C45E1E83804A,JL. MERAPI FAJAR MATARAM Fajar Mataram Kec. Seputih Mataram Kab. Lampung Tengah Prov. Lampung,Kab. Lampung Tengah,,Lampung
20109326,SMAS KASIH KARUNIA,https://sekolah.data.kemdikbud.go.id/index.php/Chome/profil/4020AAAD-E8F1-4498-85AA-C45F7283A13A,Taman Palem Lestari Blok F6 No. 21-23 Cengkareng Barat Kec. Cengkareng Kota Adm. Jakarta Barat Prov. D.K.I. Jakarta,,Kota Adm. Jakarta Barat,D.K.I. Jakarta
60100313,SMA Negeri 6 Maluku Tengah,https://sekolah.data.kemdikbud.go.id/index.php/Chome/profil/68091E70-528E-4844-981B-C460B8C53BB2,JLN. NANIHAHA Hila Kec. Leihitu Kab. Maluku Tengah Prov. Maluku,Kab. Maluku Tengah,,Maluku
69822414,SMA NEGERI 2 SIMPANG KIRI,https://sekolah.data.kemdikbud.go.id/index.php/Chome/profil/A4E1AFA1-8BA1-466D-87F8-C461D8BF7467,JALAN BELIMBING NO 18 Makmur Jaya Kec. Simpang Kiri Kota Subulussalam Prov. Aceh,,Kota Subulussalam,Aceh
10306089,SMA S MUHAMMADIYAH AIR BANGIS,https://sekolah.data.kemdikbud.go.id/index.php/Chome/profil/AD4127AB-A77D-403F-B3BC-C466418BAD3C,JL. H. BAKRIE SOELAIMAN AIA BANGIH Kec. Sungai Beremas Kab. Pasaman Barat Prov. Sumatera Barat,Kab. Pasaman Barat,,Sumatera Barat
70039190,SMAIT DARUL RASYID,https://sekolah.data.kemdikbud.go.id/index.php/Chome/profil/BB24D512-CCD3-4DB0-A81A-C46BDCCB2BB5,Dusun V Rejomukti 34/10 Ratna Daya Kec. Raman Utara Kab. Lampung Timur Prov. Lampung,Kab. Lampung Timur,,Lampung
50103364,SMAS GILIMANDALA,https://sekolah.data.kemdikbud.go.id/index.php/Chome/profil/602B793E-8090-493D-8BA9-C46E60C9F174,JL. KUTILANG NO. 2 GILIMANUK Gilimanuk Kec. Melaya Kab. Jembrana Prov. Bali,Kab. Jembrana,,Bali
30405781,SMA NEGERI 2 LOA KULU,https://sekolah.data.kemdikbud.go.id/index.php/Chome/profil/83D19118-6565-42FD-8812-C471D4143C7C,Jl. Poros RT 17 Dusun Pelita Margahayu Kec. Loa Kulu Kab. Kutai Kartanegara Prov. Kalimantan Timur,Kab. Kutai Kartanegara,,Kalimantan Timur
69962326,SMA NEGERI 2 BANJIT,https://sekolah.data.kemdikbud.go.id/index.php/Chome/profil/D8B607B7-D129-4183-80B3-C47264969764,Jalan Sumber Baru Simpang Asam Kec. Banjit Kab. Way Kanan Prov. Lampung,Kab. Way Kanan,,Lampung
20606511,SMAS KOSGORO,https://sekolah.data.kemdikbud.go.id/index.php/Chome/profil/4199270A-A930-41C8-81EB-C47701087EA9,JL. KOMP. LAP. OLAHRAGA RAWA KAMBING KARANG TENGAH Kec. Karang Tengah Kota Tangerang Prov. Banten,,Kota Tangerang,Banten
60400314,SMAS PAPUA 1,https://sekolah.data.kemdikbud.go.id/index.php/Chome/profil/8FA05806-20A2-4214-92DF-C481F013E805,JL BASUKI RAHMAT Klasaman Kec. Klaurung Kota Sorong Prov. Papua Barat Daya,,Kota Sorong,Papua Barat Daya
20232382,SMAN 1 SUKAJAYA,https://sekolah.data.kemdikbud.go.id/index.php/Chome/profil/A2F55039-9258-4CB9-9487-C4833C90B985,JL. RAYA PASIR MADANG KM. 09 Sukajaya Kec. Sukajaya Kab. Bogor Prov. Jawa Barat,Kab. Bogor,,Jawa Barat
69831556,SMAN 1 LEMBAH BAWANG,https://sekolah.data.kemdikbud.go.id/index.php/Chome/profil/435D6789-E5AA-4EB5-85ED-C491F2C54FAE,Lembah Bawang Papan Uduk Kec. Lembah Bawang Kab. Bengkayang Prov. Kalimantan Barat,Kab. Bengkayang,,Kalimantan Barat
10209394,SMAN 1 TANJUNG BERINGIN,https://sekolah.data.kemdikbud.go.id/index.php/Chome/profil/5F8BCE4B-4BE8-411D-AEC6-C49721B95E7D,JL. PAHLAWAN GG REMAJA III Pekan Tanjung Beringin Kec. Tanjung Beringin Kab. Serdang Bedagai Prov. Sumatera Utara,Kab. Serdang Bedagai,,Sumatera Utara
20203721,SMAS PGRI CIANJUR,https://sekolah.data.kemdikbud.go.id/index.php/Chome/profil/A366CB4D-589C-4132-A644-C498339D8AA8,JL. GATOT MANGKUPRAJA NO. 39 Nagrak Kec. Cianjur Kab. Cianjur Prov. Jawa Barat,Kab. Cianjur,,Jawa Barat
10303615,SMAS MUHAMMADIYAH P PANJANG,https://sekolah.data.kemdikbud.go.id/index.php/Chome/profil/E5EA12B7-69A0-4022-8A6F-C49841DB8D2A,JL. RI DT. SINARO PANJANG KEL. TANAH PAK... Tanah Pak Lambik Kec. Padang Panjang Timur Kota Padang Panjang Prov. Sumatera Barat,,Kota Padang Panjang,Sumatera Barat
69970716,SMA MAITREYAWIRA PALEMBANG,https://sekolah.data.kemdikbud.go.id/index.php/Chome/profil/7F806CC4-DA1C-4051-BDDB-C4995569C294,Jl. Residen H. Abdul Rozak No. 50 Palemb... 8 Ilir Kec. Ilir Timur II Kota Palembang Prov. Sumatera Selatan,,Kota Palembang,Sumatera Selatan
69979656,SMA AL UMANAA BOARDING SCHOOL,https://sekolah.data.kemdikbud.go.id/index.php/Chome/profil/5F381F68-DD87-4DDD-90D2-C49CEF578223,Jl. pelabuan 2 Km 10 Cikaret RT02/14 Kebonmanggu Kec. Gunung Guruh Kab. Sukabumi Prov. Jawa Barat,Kab. Sukabumi,,Jawa Barat
10262109,SMAS KESUMA BANGSA LONDUT,https://sekolah.data.kemdikbud.go.id/index.php/Chome/profil/992C8071-23C5-4D2B-AD74-C49F3D148DCE,DESA LONDUT Perkebunan Londut Kec. Kualuh Hulu Kab. Labuhanbatu Utara Prov. Sumatera Utara,Kab. Labuhanbatu Utara,,Sumatera Utara
20532248,SMAN 5 SURABAYA,https://sekolah.data.kemdikbud.go.id/index.php/Chome/profil/7858BCF9-3A1F-407D-B426-C4A03FA5F5B5,JL. KUSUMA BANGSA  21 Ketabang Kec. Genteng Kota Surabaya Prov. Jawa Timur,,Kota Surabaya,Jawa Timur
10494435,SMAN 1 PANGEAN,https://sekolah.data.kemdikbud.go.id/index.php/Chome/profil/1BF9C3A2-FEAC-4281-A930-C4A4329DE5F6,JL. A. YANI Koto Pangean Kec. Pangean Kab. Kuantan Singingi Prov. Riau,Kab. Kuantan Singingi,,Riau
20262713,SMAS IJTIMAUL AHADIAH,https://sekolah.data.kemdikbud.go.id/index.php/Chome/profil/683EC2DF-1C45-4FEA-9D91-C4A593EF1ECF,JL. SEMBAHMADU NO.1 Taraju Kec. Taraju Kab. Tasikmalaya Prov. Jawa Barat,Kab. Tasikmalaya,,Jawa Barat
50306571,SMAN 1 FATULEU,https://sekolah.data.kemdikbud.go.id/index.php/Chome/profil/22F036A7-76E4-4708-8BD2-C4A5B682AB28,JL. TIMOR RAYA KM. 39 Kuimasi Kec. Fatuleu Kab. Kupang Prov. Nusa Tenggara Timur,Kab. Kupang,,Nusa Tenggara Timur
70011500,SMA KYAI HAJI SAEPUDIN ZUHRI,https://sekolah.data.kemdikbud.go.id/index.php/Chome/profil/84C1274C-780E-4AC4-A63C-C4A73FFA6A08,Kampung Haurkuning RT 003 RW 001 Mandalaguna Kec. Salopa Kab. Tasikmalaya Prov. Jawa Barat,Kab. Tasikmalaya,,Jawa Barat
10805048,SMAN 1 AMBARAWA,https://sekolah.data.kemdikbud.go.id/index.php/Chome/profil/2021AF91-7878-411F-A9E6-C4AC5831CBEC,JL. SAPUHANDA NO.01 Ambarawa Kec. Ambarawa Kab. Pringsewu Prov. Lampung,Kab. Pringsewu,,Lampung
30202751,SMAN 1 KATINGAN TENGAH,https://sekolah.data.kemdikbud.go.id/index.php/Chome/profil/80918C97-68E3-4942-9CD2-C4AC7ADA2E1B,JL. SMA No.1 Samba Danum Kec. Katingan Tengah Kab. Katingan Prov. Kalimantan Tengah,Kab. Katingan,,Kalimantan Tengah
10644269,SMAN 1 MERAPI TIMUR,https://sekolah.data.kemdikbud.go.id/index.php/Chome/profil/A14C6304-9D5C-419E-A5F6-C4B0C7BA6801,JL. LINTAS SUMATERA KM. 20 DS. SIRAH PUL... Sirah Pulau Kec. Merapi Timur Kab. Lahat Prov. Sumatera Selatan,Kab. Lahat,,Sumatera Selatan
10303690,SMAS SDI SILUNGKANG,https://sekolah.data.kemdikbud.go.id/index.php/Chome/profil/EADFB5C3-D583-4B96-A88F-C4B1FCF66AE8,Jl. Prof. Dr. Hamka Silungkang Tigo Silungkang Tigo Kec. Silungkang Kota Sawahlunto Prov. Sumatera Barat,,Kota Sawahlunto,Sumatera Barat
69972455,SMAN 1 GEDUNG HARAPAN,https://sekolah.data.kemdikbud.go.id/index.php/Chome/profil/6C281077-28EE-4BAB-A7AF-C4B9C998901E,Jl. Wiyata Mandala No.02 Kampung Gedung ... Gedung Harapan Kec. Negeri Agung Kab. Way Kanan Prov. Lampung,Kab. Way Kanan,,Lampung
70053598,SMAS IT UTSMAN BIN AFFAN BOARDING SCHOOL,https://sekolah.data.kemdikbud.go.id/index.php/Chome/profil/A817174A-4B10-4454-AA6C-C4BA2C6E2826,Jl. Jambi Muara Bulian KM. 17 RT. 06 SIMPANG SUNGAI DUREN Kec. Jambi Luar Kota Kab.  Muaro Jambi Prov. Jambi,Kab.  Muaro Jambi,,Jambi
69757388,SMAS IT RAUDHATUL JANNAH,https://sekolah.data.kemdikbud.go.id/index.php/Chome/profil/344870D3-570B-48D7-92A9-C4BB55200102,Grand Cilegon Residence Link. Cibeber Ba... Cibeber Kec. Cibeber Kota Cilegon Prov. Banten,,Kota Cilegon,Banten
20519291,SMAS YAYASAN PANDAAN,https://sekolah.data.kemdikbud.go.id/index.php/Chome/profil/2FB14255-4BA0-455D-B74F-C4C3D766F282,JL. PAHLAWAN SUNARYO PANDAAN Kutorejo Kec. Pandaan Kab. Pasuruan Prov. Jawa Timur,Kab. Pasuruan,,Jawa Timur
50204732,SMAN 1 KOTA BIMA,https://sekolah.data.kemdikbud.go.id/index.php/Chome/profil/E01D4047-2D3D-4065-B6D3-C4D45C7A318B,JL. SOEKARNO HATTA Rabangodu Utara Kec. Raba Kota Bima Prov. Nusa Tenggara Barat,,Kota Bima,Nusa Tenggara Barat
69935461,SMA Negeri Tembuni,https://sekolah.data.kemdikbud.go.id/index.php/Chome/profil/04339630-0D0A-47A2-9E60-C4D5B4E24F11,Kampung Tembuni Rt. 01 Rw. 01 Tembuni Kec. Tembuni Kab. Teluk Bintuni Prov. Papua Barat,Kab. Teluk Bintuni,,Papua Barat
20532135,SMAS KRISTEN PETRA 1,https://sekolah.data.kemdikbud.go.id/index.php/Chome/profil/0A8845F1-8F54-471C-9D75-C4D6123966D4,JL. Lingkar Dalam Barat Perum Graha Fami... Pradahkali Kendal Kec. Dukuh Pakis Kota Surabaya Prov. Jawa Timur,,Kota Surabaya,Jawa Timur
10209412,SMAS MIFTAHUL IRSYAD,https://sekolah.data.kemdikbud.go.id/index.php/Chome/profil/16477CAC-61A7-40F3-A042-C4D6B719B7A4,JL. BESAR DS. MANGGA DUA Mangga Dua Kec. Tanjung Beringin Kab. Serdang Bedagai Prov. Sumatera Utara,Kab. Serdang Bedagai,,Sumatera Utara
20613785,SMAN 23 KABUPATEN TANGERANG,https://sekolah.data.kemdikbud.go.id/index.php/Chome/profil/38E3A725-28B9-4132-83F2-C4D7BE87FC5A,JL.PENDIDIKAN Kel. Kelapa Dua Kec. Kelap... Kelapa Dua Kec. Kelapa Dua Kab. Tangerang Prov. Banten,Kab. Tangerang,,Banten
10214141,SMA SWASTA NUR AZIZI TANJUNG MORAWA,https://sekolah.data.kemdikbud.go.id/index.php/Chome/profil/0266F258-F50D-4934-9D48-C4D836240CE2,Jl. Pahlawan No. 28 Kel. Tanjung Morawa ... Tanjung Morawa A Kec. Tanjung Morawa Kab. Deli Serdang Prov. Sumatera Utara,Kab. Deli Serdang,,Sumatera Utara
10505212,SMAN 13 TEBO,https://sekolah.data.kemdikbud.go.id/index.php/Chome/profil/EB0BF302-EB42-4DD2-9B90-C4DAD1A8EA87,JL. TEBO - JAMBI Rantau Api Kec. Tengah Ilir Kab. Tebo Prov. Jambi,Kab. Tebo,,Jambi
69917690,SMA NEGERI 1 SIBERUT BARAT,https://sekolah.data.kemdikbud.go.id/index.php/Chome/profil/CE21D7B8-5761-4CE5-A920-C4DB309A36C8,Siberut Barat Kab. Kepulauan Mentawai Simalegi Kec. Siberut Barat Kab. Kepulauan Mentawai Prov. Sumatera Barat,Kab. Kepulauan Mentawai,,Sumatera Barat
20517739,SMAN 1 LAWANG,https://sekolah.data.kemdikbud.go.id/index.php/Chome/profil/AA5F9EF4-B549-465C-BDCB-C4E8108F4022,JL. PRAMUKA NO. 152 Kalirejo Kec. Lawang Kab. Malang Prov. Jawa Timur,Kab. Malang,,Jawa Timur
50302311,SMAS KATOLIK ST. GABRIEL MAUMERE,https://sekolah.data.kemdikbud.go.id/index.php/Chome/profil/0CE81E16-6BA3-4BA5-8CF8-C4E9CB1498BA,Jl. Soekarno-Hatta Beru Kec. Alok Timur Kab. Sikka Prov. Nusa Tenggara Timur,Kab. Sikka,,Nusa Tenggara Timur
30400216,SMA NEGERI 1 MUARA KAMAN,https://sekolah.data.kemdikbud.go.id/index.php/Chome/profil/4D5473C5-788C-46B6-92A8-C4F09997A90D,JL. MULAWARMAN Muara Kaman Ulu Kec. Muara Kaman Kab. Kutai Kartanegara Prov. Kalimantan Timur,Kab. Kutai Kartanegara,,Kalimantan Timur
30201448,SMA NEGERI 4 SAMPIT,https://sekolah.data.kemdikbud.go.id/index.php/Chome/profil/0F90B4A8-01E2-4F97-820C-C4F80C5D7802,"JL SUDIRMAN KM 5,5 SAMPIT PASIR PUTIH Kec. Mentawa Baru Ketapang Kab. Kotawaringin Timur Prov. Kalimantan Tengah",Kab. Kotawaringin Timur,,Kalimantan Tengah
69965344,SMA GENRUS NUSANTARA BOARDING SCHOOL,https://sekolah.data.kemdikbud.go.id/index.php/Chome/profil/DB408B01-F2AC-4299-8520-C4FE9B62F3D9,"Jl. Letnan Suyono No.01 Kebonadem, Brang... Kebon Adem Kec. Brangsong Kab. Kendal Prov. Jawa Tengah",Kab. Kendal,,Jawa Tengah
11003244,SMAS MAITREYAWIRA,https://sekolah.data.kemdikbud.go.id/index.php/Chome/profil/4926F696-D17C-489C-ACD5-C502D6AD12DD,JL. Ir Sutami Komplek Villa Akasia No. 6... Tanjungpinang Timur Kec. Bukit Bestari Kota Tanjung Pinang Prov. Kepulauan Riau,,Kota Tanjung Pinang,Kepulauan Riau
20541224,SMAS MUHAMMADIYAH 2 SUMBERREJO,https://sekolah.data.kemdikbud.go.id/index.php/Chome/profil/1064EB3A-1F10-4899-862F-C502E6189D85,JL. KOMP. MASJID AT - TAQWA Sumberrejo Kec. Sumberrejo Kab. Bojonegoro Prov. Jawa Timur,Kab. Bojonegoro,,Jawa Timur
20237987,SMAN 1 CIKARANG PUSAT,https://sekolah.data.kemdikbud.go.id/index.php/Chome/profil/E36C1E70-A1E8-4116-86BC-C503606A7F9D,JL. BERUANG RAYA NO. 9 PERUM. CIKARANG B... Jayamukti Kec. Cikarang Pusat Kab. Bekasi Prov. Jawa Barat,Kab. Bekasi,,Jawa Barat
70055509,Sekolah Rakyat Menengah Atas Terintegrasi 24 Samarinda,https://sekolah.data.kemdikbud.go.id/index.php/Chome/profil/F29CF031-E994-44EE-B626-C506A89FD459,"Jl. Cipto MangunKusumo No.Km 2, Kel. Sun... Sungai Keledang Kec. Samarinda Seberang Kota Samarinda Prov. Kalimantan Timur",,Kota Samarinda,Kalimantan Timur
70011439,SMA ISLAM TERPADU INSAN SEJAHTERA,https://sekolah.data.kemdikbud.go.id/index.php/Chome/profil/F3223EB1-D052-4D66-8F1C-C508DB47C241,Perum Griya Medal Raharja Blok g No. 1 R... Sukajaya Kec. Sumedang Selatan Kab. Sumedang Prov. Jawa Barat,Kab. Sumedang,,Jawa Barat
69947105,SMA IP (ISLAM PLUS) AL-BANJARI,https://sekolah.data.kemdikbud.go.id/index.php/Chome/profil/C149DFD7-9BFA-4AFE-83F2-C509741A571E,DK. KLAPANAN Tunjungan Kec. Tunjungan Kab. Blora Prov. Jawa Tengah,Kab. Blora,,Jawa Tengah
70055495,Sekolah Rakyat Menengah Atas Terintegrasi 17 Cimahi,https://sekolah.data.kemdikbud.go.id/index.php/Chome/profil/3850F6BF-8014-45D1-BDEF-C50BE989FA2B,"Jl. Jend. H. Amir Machmud No.331, Kel. C... Cigugur Tengah Kec. Cimahi Tengah Kota Cimahi Prov. Jawa Barat",,Kota Cimahi,Jawa Barat
10214137,SMAN 1 SIBOLANGIT,https://sekolah.data.kemdikbud.go.id/index.php/Chome/profil/785B74DA-E5E9-4B53-8D96-C50CBFD55A16,JL. LETJEN JAMIN GINTING Bandar Baru Kec. Sibolangit Kab. Deli Serdang Prov. Sumatera Utara,Kab. Deli Serdang,,Sumatera Utara
69988763,SMA ISLAM TERPADU AS-SYIFA BOARDING SCHOOL WANAREJA,https://sekolah.data.kemdikbud.go.id/index.php/Chome/profil/B9E0CB1D-1EEA-46C2-8A50-C50CCAB1D16E,Blok Leuweung Peuris Wanareja Subang Wanareja Kec. Subang Kab. Subang Prov. Jawa Barat,Kab. Subang,,Jawa Barat
20240394,SMAS AL FIIL,https://sekolah.data.kemdikbud.go.id/index.php/Chome/profil/B69F928B-4AC3-44B9-8D1E-C50F3BC5F000,JL. GAJAH ERETAN NO.19 GAJAH MEKAR Gajahmekar Kec. Kutawaringin Kab. Bandung Prov. Jawa Barat,Kab. Bandung,,Jawa Barat
20321979,SMAS PGRI 4 BOJA,https://sekolah.data.kemdikbud.go.id/index.php/Chome/profil/4F033C95-BDFB-4131-BE58-C511580C180B,"Jl. Kauman Selatan, Boja Boja Kec. Boja Kab. Kendal Prov. Jawa Tengah",Kab. Kendal,,Jawa Tengah
20519326,SMAS AL AZHAR PRIGEN,https://sekolah.data.kemdikbud.go.id/index.php/Chome/profil/9F858742-356E-4E41-8259-C511E7EFBEFD,Dusun Sekarjoho RT 01 RW 10 Sekarjoho Kec. Prigen Kab. Pasuruan Prov. Jawa Timur,Kab. Pasuruan,,Jawa Timur
70011604,SMA NEGERI 3 PANGGARANGAN,https://sekolah.data.kemdikbud.go.id/index.php/Chome/profil/A9EE101A-EA48-496C-8DCF-C51373069B0B,Jl. Tentara Manunggal Masuk Desa (TMMD) Cimandiri Kec. Panggarangan Kab. Lebak Prov. Banten,Kab. Lebak,,Banten
10809741,SMAS ISLAM KEBUMEN,https://sekolah.data.kemdikbud.go.id/index.php/Chome/profil/40E97AD0-C8AD-423C-853B-C5138B4D88C9,Jalan Raya Kebumen Kebumen Kec. Sumberejo Kab. Tanggamus Prov. Lampung,Kab. Tanggamus,,Lampung
40308577,SMAN 8 TAKALAR,https://sekolah.data.kemdikbud.go.id/index.php/Chome/profil/D87DAA0D-76FE-4C54-A775-C515123465D7,JL.Basullu Dg. Lawa Moncongkomba Kec. Polombangkeng Selatan Kab. Takalar Prov. Sulawesi Selatan,Kab. Takalar,,Sulawesi Selatan
20253934,SMAS IT ATTAUHID BABELAN,https://sekolah.data.kemdikbud.go.id/index.php/Chome/profil/DC8AD6C5-2E98-48E5-A046-C515360618DC,KP. MUARA PINANG LIMA Muarabakti Kec. Babelan Kab. Bekasi Prov. Jawa Barat,Kab. Bekasi,,Jawa Barat
70054369,SMA Labschool UNY,https://sekolah.data.kemdikbud.go.id/index.php/Chome/profil/C33E2277-8143-4CD1-B66B-C517CAC21EC3,"Jalan Bantul, No 50 Gedongkiwo Kec. Mantrijeron Kota Yogyakarta Prov. D.I. Yogyakarta",,Kota Yogyakarta,D.I. Yogyakarta
30202759,SMAS MUHAMMADIYAH KASONGAN,https://sekolah.data.kemdikbud.go.id/index.php/Chome/profil/EFE80571-9C10-4921-B489-C5197E1979DC,JL.TJILIK RIWUT KM.1 Kasongan Lama Kec. Katingan Hilir Kab. Katingan Prov. Kalimantan Tengah,Kab. Katingan,,Kalimantan Tengah
30405505,SMAN 1 SANGATTA SELATAN,https://sekolah.data.kemdikbud.go.id/index.php/Chome/profil/53C0FA69-602C-41CD-B465-C51C901CECD8,JL. PERTAMINA KM 05 Singa Geweh Kec. Sangatta Selatan Kab. Kutai Timur Prov. Kalimantan Timur,Kab. Kutai Timur,,Kalimantan Timur
69906318,SMA ZAINUR RIDLA,https://sekolah.data.kemdikbud.go.id/index.php/Chome/profil/DCDDF60C-A139-44AD-A730-C51F72381D85,DESA NONGGUNONG Nonggunong Kec. Nonggunong Kab. Sumenep Prov. Jawa Timur,Kab. Sumenep,,Jawa Timur
69757184,SMAS KANAAN GLOBAL SCHOOL,https://sekolah.data.kemdikbud.go.id/index.php/Chome/profil/46079035-C6C4-47FA-9FE4-C52235347762,"PERUMAHAN TAMAN SURYA 3, JL  BOULEVARD B... Pegadungan Kec. Kali Deres Kota Adm. Jakarta Barat Prov. D.K.I. Jakarta",,Kota Adm. Jakarta Barat,D.K.I. Jakarta
60202429,SMA NEGERI 3 HALMAHERA SELATAN,https://sekolah.data.kemdikbud.go.id/index.php/Chome/profil/7744D8AD-C0AA-4892-8D41-C52A20A67A32,Jl. Kenari No. 1 - Gitang - Makian Gitang Kec. Pulau Makian Kab. Halmahera Selatan Prov. Maluku Utara,Kab. Halmahera Selatan,,Maluku Utara
20600470,SMAN 13 PANDEGLANG,https://sekolah.data.kemdikbud.go.id/index.php/Chome/profil/1AAB1355-1E20-4D21-80F2-C52E64AB7AF3,JL. REGO KM. 4.5  CIKENTRUNG Cikentrung Kec. Cadasari Kab. Pandeglang Prov. Banten,Kab. Pandeglang,,Banten
20227814,SMA KP CICALENGKA,https://sekolah.data.kemdikbud.go.id/index.php/Chome/profil/7D9AB8E6-E1A3-42C9-96D2-C52F2438FE4E,KOMPLEKS PERSEKOLAHAN SAWAH LEGA NAGROG Nagrog Kec. Cicalengka Kab. Bandung Prov. Jawa Barat,Kab. Bandung,,Jawa Barat
30110152,SMAN 2 GALING,https://sekolah.data.kemdikbud.go.id/index.php/Chome/profil/63DE0FDE-BEC4-44D3-937B-C52F3AB2E1CD,JL. Tanjung Pura Sijang Kec. Galing Kab. Sambas Prov. Kalimantan Barat,Kab. Sambas,,Kalimantan Barat
40306108,SMAN 5 LUWU,https://sekolah.data.kemdikbud.go.id/index.php/Chome/profil/81B5C9A9-E7B6-48FC-9F67-C536098CEDB0,JL. JAMBU Jambu Kec. Bajo Kab. Luwu Prov. Sulawesi Selatan,Kab. Luwu,,Sulawesi Selatan
20603343,SMAS ISLAM GINTUNG MAUK,https://sekolah.data.kemdikbud.go.id/index.php/Chome/profil/E2BA56DD-C8C5-4C42-A1B8-C53CB5999206,JL. RAYA MAUK GINTUNG Kec. Sukadiri Kab. Tangerang Prov. Banten,Kab. Tangerang,,Banten
20622259,SMAS DARUL AMAL,https://sekolah.data.kemdikbud.go.id/index.php/Chome/profil/9D18DD82-4159-41E7-930E-C53CB7AA3DAD,JL. VETERAN SUMURDAON SUKAMANAH Kec. Rajeg Kab. Tangerang Prov. Banten,Kab. Tangerang,,Banten
69769620,SMAN 1 PADAIDO,https://sekolah.data.kemdikbud.go.id/index.php/Chome/profil/C05E2FB7-F4AA-4643-B0ED-C53E37B2EE70,JL. YUSUF MELIANUS MARYEN Paidori Kec. Padaido Kab. Biak Numfor Prov. Papua,Kab. Biak Numfor,,Papua
20329517,SMA Negeri 1 Pekalongan,https://sekolah.data.kemdikbud.go.id/index.php/Chome/profil/E953F378-3C2E-43A9-8B16-C5435AFF76C6,Jl. RA. Kartini No. 39 Pekalongan Kauman Kec. Pekalongan Timur Kota Pekalongan Prov. Jawa Tengah,,Kota Pekalongan,Jawa Tengah
70036148,SMA IT IQBS UMAR,https://sekolah.data.kemdikbud.go.id/index.php/Chome/profil/0B0E18E4-3946-4D07-87C0-C5443E18871C,Desa Baru Pelokan Kec. XIV Koto Dusun Baru Pelokan Kec. XIV Koto Kab. Mukomuko Prov. Bengkulu,Kab. Mukomuko,,Bengkulu
69976728,SMA ISLAM DARUL MUHIBBIEN,https://sekolah.data.kemdikbud.go.id/index.php/Chome/profil/F82D66C1-CE3D-48DE-BE3C-C544DD362632,Jl. A. Yani Km. 84 Haruban Tungkap Kec. Binuang Kab. Tapin Prov. Kalimantan Selatan,Kab. Tapin,,Kalimantan Selatan
70052629,SMA AL-IZZ BOARDING SCHOOL,https://sekolah.data.kemdikbud.go.id/index.php/Chome/profil/AD7C701D-AEB2-43C8-8C4A-C548F36C1012,Kp. Cikaret 02/02 Jl. Goalpara Sukamekar Kec. Sukaraja Kab. Sukabumi Prov. Jawa Barat,Kab. Sukabumi,,Jawa Barat
40100885,SMAN 1 TONDANO,https://sekolah.data.kemdikbud.go.id/index.php/Chome/profil/79CA13D5-D4F1-4FB7-8CB5-C54B6BAF9686,JL. GUNUNG AGUNG NO. 315 Rinegetan Kec. Tondano Barat Kab. Minahasa Prov. Sulawesi Utara,Kab. Minahasa,,Sulawesi Utara
69763290,SMAN 17 BULUKUMBA,https://sekolah.data.kemdikbud.go.id/index.php/Chome/profil/7E990B2B-DC95-495C-839A-C553A0ED3072,Jalan Talle-Talle Tanah Harapan Kec. Rilau Ale Kab. Bulukumba Prov. Sulawesi Selatan,Kab. Bulukumba,,Sulawesi Selatan
20229169,SMAS PELITA DEPOK,https://sekolah.data.kemdikbud.go.id/index.php/Chome/profil/804587D3-B709-483A-B4F7-C555C149CF1B,JL. KENANGA NO. 4 DEPOK Depok Kec. Pancoran Mas Kota Depok Prov. Jawa Barat,,Kota Depok,Jawa Barat
30204466,SMAN 4 BUNTOK,https://sekolah.data.kemdikbud.go.id/index.php/Chome/profil/AD629244-4EE5-48BF-9385-C55C5A97B366,JL. Sepakat Desa Danau Masura Kec.Dusun ... Danau Masura Kec. Dusun Selatan Kab. Barito Selatan Prov. Kalimantan Tengah,Kab. Barito Selatan,,Kalimantan Tengah
20361201,SMA INSAN CENDEKIA AL MUJTABA SUKOHARJO,https://sekolah.data.kemdikbud.go.id/index.php/Chome/profil/C16DB981-DD42-49DC-AC0A-C55D8F472616,JL. OVENSARI Kadilangu Kec. Baki Kab. Sukoharjo Prov. Jawa Tengah,Kab. Sukoharjo,,Jawa Tengah
20308447,SMA NEGERI 1 KARANGGEDE,https://sekolah.data.kemdikbud.go.id/index.php/Chome/profil/FE292BD7-686B-49E8-A7BE-C55DDB391B4A,"JL SAWUNGRONO, KARANGGEDE Klari Kec. Karanggede Kab. Boyolali Prov. Jawa Tengah",Kab. Boyolali,,Jawa Tengah
69893230,SMA Negeri 10 Maluku Tenggara,https://sekolah.data.kemdikbud.go.id/index.php/Chome/profil/84CA9C21-7521-4470-B043-C55EBEECCA02,Desa Wab - Kecamatan Hoat Sorbay Wab Kec. Hoat Sorbay Kab. Maluku Tenggara Prov. Maluku,Kab. Maluku Tenggara,,Maluku
69809506,SMA NEGERI 2 SIKAKAP,https://sekolah.data.kemdikbud.go.id/index.php/Chome/profil/C248A4E5-CCD4-4802-AE6B-C5634D6EB966,DESA TAIKAKO Taikako Kec. Sikakap Kab. Kepulauan Mentawai Prov. Sumatera Barat,Kab. Kepulauan Mentawai,,Sumatera Barat
10308089,SMAN 2 BAYANG,https://sekolah.data.kemdikbud.go.id/index.php/Chome/profil/E276B343-A885-4697-8BC5-C56CECC70683,JL. GURUN PANJANG BAYANG PASAR BARU Kec. Bayang Kab. Pesisir Selatan Prov. Sumatera Barat,Kab. Pesisir Selatan,,Sumatera Barat
60303430,SMAS YPPK TARUNA TEGASA,https://sekolah.data.kemdikbud.go.id/index.php/Chome/profil/A4A1CAD1-8061-4D5F-8E17-C57943A61593,JL. IGNATIUS SUNYOTO Arso Kota Kec. Arso Kab. Keerom Prov. Papua,Kab. Keerom,,Papua
20400165,SMA DHARMA AMILUHUR,https://sekolah.data.kemdikbud.go.id/index.php/Chome/profil/85CC7F01-1C93-4B24-9477-C57948D55770,JL. WATES KM. 9 POS KEMUSUK Argomulyo Kec. Sedayu Kab. Bantul Prov. D.I. Yogyakarta,Kab. Bantul,,D.I. Yogyakarta
10210902,SMAS METHODIST 1 MEDAN,https://sekolah.data.kemdikbud.go.id/index.php/Chome/profil/EF1B97F7-4B2B-4D6B-8A35-C57BAC3F568F,JL. HANG TUAH NO. 4 MEDAN Madras Hulu Kec. Medan Polonia Kota Medan Prov. Sumatera Utara,,Kota Medan,Sumatera Utara
10303471,SMAS ISLAM LIGA DAKWAH SUMATERA BARAT,https://sekolah.data.kemdikbud.go.id/index.php/Chome/profil/835FA966-D5A8-4792-8D4C-C57CA3D06056,Jl. By Pass Km. 18 Padang Koto Panjang Ikua Koto Kec. Koto Tangah Kota Padang Prov. Sumatera Barat,,Kota Padang,Sumatera Barat
70044882,SMA NEGERI KOSIWO,https://sekolah.data.kemdikbud.go.id/index.php/Chome/profil/AAAF8F64-4B0E-4B66-A91E-C57E8CE494E9,Kampung Ariepi Ariepi Kec. Kosiwo Kab. Kepulauan Yapen Prov. Papua,Kab. Kepulauan Yapen,,Papua
11002261,SMAS YKPP BINTAN UTARA,https://sekolah.data.kemdikbud.go.id/index.php/Chome/profil/CDEBAF1F-65AB-4542-B4CC-C58193F1A045,JL. CEMPAKA  NO : 11 KOMPLEK PERTAMINA Tanjung Uban Kota Kec. Bintan Utara Kab. Bintan Prov. Kepulauan Riau,Kab. Bintan,,Kepulauan Riau
69923901,SMA BHAKTI PUTRA INDONESIA,https://sekolah.data.kemdikbud.go.id/index.php/Chome/profil/CF53E0C0-2A31-4FC5-81D3-C5823ECEDC01,Kp. Cicariu RT 03/03 Cikarang Kec. Cisewu Kab. Garut Prov. Jawa Barat,Kab. Garut,,Jawa Barat
10210886,SMA SWASTA NUR HASANAH MEDAN,https://sekolah.data.kemdikbud.go.id/index.php/Chome/profil/558B52BB-051F-4340-B823-C58B188C7F41,JL. GARU I NO. 28 MEDAN Harjosari I Kec. Medan Amplas Kota Medan Prov. Sumatera Utara,,Kota Medan,Sumatera Utara
10104270,SMAN 1 TAMIANG HULU,https://sekolah.data.kemdikbud.go.id/index.php/Chome/profil/E0F9B5B1-9DCD-48B9-A7F9-C590F134DA7D,JL. DUSUN RANTAU MAYANG Kaloy Kec. Tamiang Hulu Kab. Aceh Tamiang Prov. Aceh,Kab. Aceh Tamiang,,Aceh
69949642,SMA IT MUTIARA HIKMAH,https://sekolah.data.kemdikbud.go.id/index.php/Chome/profil/4FD904F2-B3C9-4B40-AF46-C59265F75EAF,Jl. H. Nabrih Kp. Buwek Rt.003/022 Sumberjaya Kec. Tambun Selatan Kab. Bekasi Prov. Jawa Barat,Kab. Bekasi,,Jawa Barat
69886256,SMA AL-MURSYIDIYAH,https://sekolah.data.kemdikbud.go.id/index.php/Chome/profil/BC14D97E-D00C-4889-A5AB-C5953066D1E8,DUSUN GRESIK DESA TLOKOH Kec. Kokop Kab ... Tlokoh Kec. Kokop Kab. Bangkalan Prov. Jawa Timur,Kab. Bangkalan,,Jawa Timur
10609717,SMA BHAKTI IBU 8 PALEMBANG,https://sekolah.data.kemdikbud.go.id/index.php/Chome/profil/E8A6DF9D-9F9E-4B43-9A3B-C5964309C6D6,JL. GOTONG ROYONG KM. 13 PLG Sukodadi Kec. Sukarami Kota Palembang Prov. Sumatera Selatan,,Kota Palembang,Sumatera Selatan
69946957,SMA NEGERI 2 HILIMEGAI,https://sekolah.data.kemdikbud.go.id/index.php/Chome/profil/A960AB6A-F926-48B9-B9B1-C59DE130BAE6,Desa Hilitoese Hilitoese Kec. Hilimegai Kab. Nias Selatan Prov. Sumatera Utara,Kab. Nias Selatan,,Sumatera Utara
20540049,SMAS AVISENA JABON,https://sekolah.data.kemdikbud.go.id/index.php/Chome/profil/BD9EC508-774B-47E0-9567-C5A12CB7FC11,JL. KEDUNGCANGKRING Kedungcangkring Kec. Jabon Kab. Sidoarjo Prov. Jawa Timur,Kab. Sidoarjo,,Jawa Timur
69824437,SMAN 3 LAMBANDIA,https://sekolah.data.kemdikbud.go.id/index.php/Chome/profil/03ABA899-42CD-403B-8271-C5A24860C481,Jl. Poros Mokupa-Enrekang Mokupa KEC. LAMBANDIA Kab. Kolaka Timur Prov. Sulawesi Tenggara,Kab. Kolaka Timur,,Sulawesi Tenggara
40401133,SMAN 1 SAMPOLAWA,https://sekolah.data.kemdikbud.go.id/index.php/Chome/profil/48A1DCF8-404C-4ADC-B8A3-C5A3DFC9066A,JL. KORPRI LR. LAPANGAN SADAR MAMBULU Jaya Bakti Kec. Sampolawa Kab. Buton Selatan Prov. Sulawesi Tenggara,Kab. Buton Selatan,,Sulawesi Tenggara
70053054,SMA AL-KAUTSAR LABSCHOOL,https://sekolah.data.kemdikbud.go.id/index.php/Chome/profil/0233A699-6C73-4902-AC10-C5AA02D8DC8E,Jl. Antamurni No. 7 Komplek Antabaru End... Margasari Kec. Buahbatu Kota Bandung Prov. Jawa Barat,,Kota Bandung,Jawa Barat
10800710,SMAS KARYA MATARAM,https://sekolah.data.kemdikbud.go.id/index.php/Chome/profil/6510057E-B636-4849-B797-C5AA2F0A7534,JL. PEJUANG NO. 45 Merbau Mataram Kec. Merbau Mataram Kab. Lampung Selatan Prov. Lampung,Kab. Lampung Selatan,,Lampung
40402770,SMA Negeri 4 Baubau,https://sekolah.data.kemdikbud.go.id/index.php/Chome/profil/63BD93CF-C4D2-481D-9134-C5AB793213DF,JL. BETOAMBARI NO. 73 Tanganapada Kec. Murhum Kota Bau Bau Prov. Sulawesi Tenggara,,Kota Bau Bau,Sulawesi Tenggara
70045687,SMA PLUS BINA TRAMPIL,https://sekolah.data.kemdikbud.go.id/index.php/Chome/profil/FE3FAC7C-8FFE-42FB-AE92-C5AED2500534,Kp. Lame RT. 02 RW. 04 Sukasari Kec. Rumpin Kab. Bogor Prov. Jawa Barat,Kab. Bogor,,Jawa Barat
50204729,SMAN 4 KOTA BIMA,https://sekolah.data.kemdikbud.go.id/index.php/Chome/profil/99F2F3E4-04FA-4BAB-A081-C5BFD01F4658,JL. GAJAH MADA Penatoi Kec. Mpunda Kota Bima Prov. Nusa Tenggara Barat,,Kota Bima,Nusa Tenggara Barat
20535052,SMAN 3 BLITAR,https://sekolah.data.kemdikbud.go.id/index.php/Chome/profil/9C15094F-D8AF-40A5-8F6B-C5C317585305,JL. BENGAWAN SOLO Pakunden Kec. Sukorejo Kota Blitar Prov. Jawa Timur,,Kota Blitar,Jawa Timur
20229159,SMAS KHARISMAWITA DEPOK,https://sekolah.data.kemdikbud.go.id/index.php/Chome/profil/356295A9-FA6C-4E2A-B39E-C5C83CF33A82,JL. RAYA CIPUTAT-PARUNG Serua Kec. Bojongsari Kota Depok Prov. Jawa Barat,,Kota Depok,Jawa Barat
40402589,SMA KARTIKA XX-2 KENDARI,https://sekolah.data.kemdikbud.go.id/index.php/Chome/profil/1043D3E8-3CF3-4907-BD41-C5CE94A3D206,JL.PALAPA NO. 8 KENDARI Kemaraya Kec. Kendari Barat Kota Kendari Prov. Sulawesi Tenggara,,Kota Kendari,Sulawesi Tenggara
40305151,SMAN 9 PINRANG,https://sekolah.data.kemdikbud.go.id/index.php/Chome/profil/7ED20DCC-958B-411C-8E24-C5D03893C2A1,JL. POROS CEMPA - SIKKUALE Cempa Kec. Cempa Kab. Pinrang Prov. Sulawesi Selatan,Kab. Pinrang,,Sulawesi Selatan
69786226,UPTD SMAN 1 BAMBAIRA,https://sekolah.data.kemdikbud.go.id/index.php/Chome/profil/CEF6EBC8-41F7-46F0-8CDD-C5D299EAE044,Jln. Pendidikan Bambaira Kec. Bambaira Kab. Pasangkayu Prov. Sulawesi Barat,Kab. Pasangkayu,,Sulawesi Barat
69984840,SMA DIAN HARAPAN LUBUKLINGGAU,https://sekolah.data.kemdikbud.go.id/index.php/Chome/profil/5A6A1FF3-C759-4CC9-8260-C5D8A479EAC4,Jl. Yos Sudarso Komplek Lippo Plaza Lubu... Taba Jemekeh Kec. Lubuk Linggau Timur I Kota Lubuk Linggau Prov. Sumatera Selatan,,Kota Lubuk Linggau,Sumatera Selatan
10110554,SMA NEGERI 2 TANAH JAMBO AYE,https://sekolah.data.kemdikbud.go.id/index.php/Chome/profil/327C0B6F-0286-4223-80C8-C5D93700124E,JL. T. Chik Ditunong Matang Maneh Panton... Matang Maneh Kec. Tanah Jambo Aye Kab. Aceh Utara Prov. Aceh,Kab. Aceh Utara,,Aceh
69988767,SMA IT Imam Muslim Palu,https://sekolah.data.kemdikbud.go.id/index.php/Chome/profil/99DB6E9D-F6C5-41CB-AB18-C5D93C17E6B8,Jl. Sungai Manonda Kompleks Imam Muslim Kelurahan Duyu Kec. Tatanga Kota Palu Prov. Sulawesi Tengah,,Kota Palu,Sulawesi Tengah
40313356,SMAS MANDIRI MAKASSAR,https://sekolah.data.kemdikbud.go.id/index.php/Chome/profil/7E73F8D5-839C-4CED-BE44-C5E191EDAD27,JL. BORONG RAYA V/3 Batua Kec. Manggala Kota Makassar Prov. Sulawesi Selatan,,Kota Makassar,Sulawesi Selatan
70032352,SMA NEGERI PERBATASAN LAMAKNEN SELATAN,https://sekolah.data.kemdikbud.go.id/index.php/Chome/profil/627F77E3-BD24-4E76-848B-C5E7990365F5,Dusun Bianlai Ekin Kec. Lamakmen Selatan Kab. Belu Prov. Nusa Tenggara Timur,Kab. Belu,,Nusa Tenggara Timur
20503418,SMA A WAHID HASYIM 4 GUDO,https://sekolah.data.kemdikbud.go.id/index.php/Chome/profil/55EFBEC3-5556-47E8-AA35-C5EE2E50A246,JL.RAYA 8 GUDO Pesanggrahan Kec. Gudo Kab. Jombang Prov. Jawa Timur,Kab. Jombang,,Jawa Timur
20549024,SMA NEGERI 3 LAMONGAN,https://sekolah.data.kemdikbud.go.id/index.php/Chome/profil/BF951E2B-FDA7-4544-AA7B-C5F00B79117A,JALAN TANJUNG NO. 01 LAMONGAN TANJUNG Kec. Lamongan Kab. Lamongan Prov. Jawa Timur,Kab. Lamongan,,Jawa Timur
20613766,SMAS IMTEK,https://sekolah.data.kemdikbud.go.id/index.php/Chome/profil/4269819B-69CD-41FE-B955-C5F1984EFC1B,JL. RAYA PAGEDANGAN Cicalengka Kec. Pagedangan Kab. Tangerang Prov. Banten,Kab. Tangerang,,Banten
30203483,SMAS PANANTIRING,https://sekolah.data.kemdikbud.go.id/index.php/Chome/profil/AB625AE7-94C5-4F71-8BA5-C5FC401C2E46,JL.TJILIK RIWUT KM.34 Tangkiling Kec. Bukit Batu Kota Palangka Raya Prov. Kalimantan Tengah,,Kota Palangka Raya,Kalimantan Tengah
20200682,SMAS AL NUR,https://sekolah.data.kemdikbud.go.id/index.php/Chome/profil/EAF82A22-FBF9-4EFF-91A0-C60F101B7F0D,JL. AL - NUR PABUARAN DS. PABUARAN Pabuaran Kec. Cibinong Kab. Bogor Prov. Jawa Barat,Kab. Bogor,,Jawa Barat
70030285,SMA KRISTEN KALAM KUDUS PONTIANAK,https://sekolah.data.kemdikbud.go.id/index.php/Chome/profil/53F0266D-9366-4126-B090-C6149D1DCBC5,JL. PURNAMA NO. 52 Parit Tokaya Kec. Pontianak Selatan Kota Pontianak Prov. Kalimantan Barat,,Kota Pontianak,Kalimantan Barat
10645863,SMA TARUNA BANGSA PALEMBANG,https://sekolah.data.kemdikbud.go.id/index.php/Chome/profil/77EB94B1-C5EE-4CE9-B880-C61992D19EC8,JL. PDAM Tirta Musi No. 1125 Bukit Lama Kec. Ilir Barat I Kota Palembang Prov. Sumatera Selatan,,Kota Palembang,Sumatera Selatan
70042090,SMA GENERUS MANDIRI,https://sekolah.data.kemdikbud.go.id/index.php/Chome/profil/5AE55101-D8C8-46D0-836D-C61B4B2E486A,Gunung Putri Selatan RT 01 RW 06 Gunung Putri Kec. Gunungputri Kab. Bogor Prov. Jawa Barat,Kab. Bogor,,Jawa Barat
69856206,SMA IT INSAN MANDIRI,https://sekolah.data.kemdikbud.go.id/index.php/Chome/profil/CA6B999E-24C5-409E-8910-C6247326B513,JL. MASJID SILATURAHIM NO. 36 JATISAMPUR... Jatikarya Kec. Jati Sampurna Kota Bekasi Prov. Jawa Barat,,Kota Bekasi,Jawa Barat
70055541,SMA ALQURAN MALAHAYATI KOTA BANDAR LAMPUNG,https://sekolah.data.kemdikbud.go.id/index.php/Chome/profil/EE48281E-9D6F-4627-B64A-C625AD6587F2,Jl. Pramuka No 27 Kemiling Raya Kemiling... KEMILING RAYA Kec. Kemiling Kota Bandar Lampung Prov. Lampung,,Kota Bandar Lampung,Lampung
69947043,SMA IT SILIWANGI,https://sekolah.data.kemdikbud.go.id/index.php/Chome/profil/2EA6D4AA-8343-4B5C-BDDA-C62A09D6346F,Kp. Mekarsiliwangi RT 01 RW 03 SUKALILAH Kec. Sukaresmi Kab. Garut Prov. Jawa Barat,Kab. Garut,,Jawa Barat
69955211,SMA DIAN HARAPAN HOLLAND VILLAGE MANADO,https://sekolah.data.kemdikbud.go.id/index.php/Chome/profil/E9DC76E0-C0EF-4FF3-864F-C636B8FBE858,Jl. A.A. Maramis Lk. V. Paniki Bawah Kec. Mapanget Kota Manado Prov. Sulawesi Utara,,Kota Manado,Sulawesi Utara
40306545,SMAN 6 TANA TORAJA,https://sekolah.data.kemdikbud.go.id/index.php/Chome/profil/14E124D3-2C65-40B8-B4B9-C6376BB77F19,Jln. Bandar Udara Pongtiku KELURAHAN RANTETAYO Kec. Rantetayo Kab. Tana Toraja Prov. Sulawesi Selatan,Kab. Tana Toraja,,Sulawesi Selatan
30405314,SMA NEGERI 2 KOTA BANGUN,https://sekolah.data.kemdikbud.go.id/index.php/Chome/profil/551ADA38-9955-4360-A713-C639EC9438A9,JL. POROS SP. 3 Kota Bangun Iii Kec. Kota Bangun Kab. Kutai Kartanegara Prov. Kalimantan Timur,Kab. Kutai Kartanegara,,Kalimantan Timur
20533660,SMA NEGERI 1 KOTA MALANG,https://sekolah.data.kemdikbud.go.id/index.php/Chome/profil/567D9CA0-3471-4358-AA84-C63FEC163D3F,JL. TUGU UTARA  1 Klojen Kec. Klojen Kota Malang Prov. Jawa Timur,,Kota Malang,Jawa Timur
40308325,SMAN 11 MAROS,https://sekolah.data.kemdikbud.go.id/index.php/Chome/profil/A17FD1BD-8CEA-4B80-855D-C657E1116B0C,PANGKASALO Baju Bodoa Kec. Maros Baru Kab. Maros Prov. Sulawesi Selatan,Kab. Maros,,Sulawesi Selatan
10304873,SMAN 1 TIMPEH,https://sekolah.data.kemdikbud.go.id/index.php/Chome/profil/E71E1A06-851F-40F5-8CA1-C65B37F0EA12,Jln. Poros Trimulya 1 Panyubarangan Kec. Timpeh Kab. Dharmasraya Prov. Sumatera Barat,Kab. Dharmasraya,,Sumatera Barat
69987314,SMA PLUS TEKNOLOGI,https://sekolah.data.kemdikbud.go.id/index.php/Chome/profil/1B73A9BC-B512-43A5-B7F9-C65E91FD36E2,Jl. Cibitung RT 03 RW 04 Cimenteng Kec. Curugkembar Kab. Sukabumi Prov. Jawa Barat,Kab. Sukabumi,,Jawa Barat
10610291,SMAN PURWODADI,https://sekolah.data.kemdikbud.go.id/index.php/Chome/profil/0BAE2009-F32C-42A5-AE31-C6683350509A,JL. PENDIDIKAN BANGUN SARI Bangun Sari Kec. Purwodadi Kab. Musi Rawas Prov. Sumatera Selatan,Kab. Musi Rawas,,Sumatera Selatan
30301784,SMAN 1 SIMPUR,https://sekolah.data.kemdikbud.go.id/index.php/Chome/profil/374881E2-315F-4733-8B25-C6685D373A6D,JALAN GERILYA GUNUNG KASIANGAN Simpur Kec. Simpur Kab. Hulu Sungai Selatan Prov. Kalimantan Selatan,Kab. Hulu Sungai Selatan,,Kalimantan Selatan
10201321,SMAS SAMANHUDI,https://sekolah.data.kemdikbud.go.id/index.php/Chome/profil/ECE1EE44-0758-4ECA-A065-C66CDA447B6B,JL. PEMUDA NO. 55 Pekan Tanjung Pura Kec. Tanjung Pura Kab. Langkat Prov. Sumatera Utara,Kab. Langkat,,Sumatera Utara
70028814,SMA NEGERI 2 SANDARAN,https://sekolah.data.kemdikbud.go.id/index.php/Chome/profil/A1C235C5-3B2E-44FE-850D-C66F1C304EEF,Jalan Poros Susuk Luar RT. 001/RW. 01 Susuk Luar Kec. Sandaran Kab. Kutai Timur Prov. Kalimantan Timur,Kab. Kutai Timur,,Kalimantan Timur
20546556,SMA NEGERI 1 GRABAGAN TUBAN,https://sekolah.data.kemdikbud.go.id/index.php/Chome/profil/4297108D-0FF3-4AC2-8D5D-C6743476BD9C,JL. RAYA PASAR WAGE NO. 1 GRABAGAN TUBAN Grabagan Kec. Grabagan Kab. Tuban Prov. Jawa Timur,Kab. Tuban,,Jawa Timur
40309854,SMAN 7 TORAJA UTARA,https://sekolah.data.kemdikbud.go.id/index.php/Chome/profil/90393A8D-3D5B-4966-BC1A-C676AA3A3B5F,JL. PELAJAR NO. 1 KELURAHAN SA DAN MALIMBONG Kec. Sa`dan Kab. Toraja Utara Prov. Sulawesi Selatan,Kab. Toraja Utara,,Sulawesi Selatan
40313231,SMAS DDI AL-IRSYAD,https://sekolah.data.kemdikbud.go.id/index.php/Chome/profil/96C3F4ED-BF48-40D7-8A8B-C683EEF95CDA,JL. KALIMANTAN LR. DDI NO. 31 Ujung Tanah Kec. Ujung Tanah Kota Makassar Prov. Sulawesi Selatan,,Kota Makassar,Sulawesi Selatan
10211542,SMA SWASTA TAMANSISWA,https://sekolah.data.kemdikbud.go.id/index.php/Chome/profil/409D8901-5D4D-485C-A69C-C684A065C13D,JL. DEBLOD SUNDORO NO. 9 Rambung Kec. Tebing Tinggi Kota Kota Tebing Tinggi Prov. Sumatera Utara,,Kota Tebing Tinggi,Sumatera Utara
10605586,SMAN 1 LAIS,https://sekolah.data.kemdikbud.go.id/index.php/Chome/profil/5067CCBA-7A90-4553-9362-C686D79D1360,DESA TELUK KIJING II Teluk Kijing Ii Kec. Lais Kab. Musi Banyuasin Prov. Sumatera Selatan,Kab. Musi Banyuasin,,Sumatera Selatan
10800732,SMAS IT BABUL HIKMAH,https://sekolah.data.kemdikbud.go.id/index.php/Chome/profil/B91E3CED-D2EC-4653-BE4B-C68EC4C34153,Komplek Pondok Pesantren Babul Hikmah Kedaton Kec. Kalianda Kab. Lampung Selatan Prov. Lampung,Kab. Lampung Selatan,,Lampung
50201388,SMAN 1 PRAYA TENGAH,https://sekolah.data.kemdikbud.go.id/index.php/Chome/profil/13602657-A8F5-418C-A798-C690EFB4CE93,JL. RAYA PRAYA KOPANG KM. 08 PENGADANG L... Pengadang Kec. Praya Tengah Kab. Lombok Tengah Prov. Nusa Tenggara Barat,Kab. Lombok Tengah,,Nusa Tenggara Barat
30201458,SMAN 1 PARENGGEAN,https://sekolah.data.kemdikbud.go.id/index.php/Chome/profil/C6B4604A-BB67-4FC2-947D-C69EAC657EC4,JL.RUKMANA PRIYATNA Parenggean Kec. Parenggean Kab. Kotawaringin Timur Prov. Kalimantan Tengah,Kab. Kotawaringin Timur,,Kalimantan Tengah
69907299,SMAS eLKISI,https://sekolah.data.kemdikbud.go.id/index.php/Chome/profil/AAA9482B-DFB6-4202-90A3-C6A25D9905FA,Dusun Kemuning Mojorejo Kec. Pungging Kab. Mojokerto Prov. Jawa Timur,Kab. Mojokerto,,Jawa Timur
69888662,SMAN 8 Kota Komba,https://sekolah.data.kemdikbud.go.id/index.php/Chome/profil/E361847C-27F8-43AB-975A-C6B24088CA60,Wano Paan Leleng Kec. Kota Komba Kab. Manggarai Timur Prov. Nusa Tenggara Timur,Kab. Manggarai Timur,,Nusa Tenggara Timur
10211291,SMAS AHMAD YANI,https://sekolah.data.kemdikbud.go.id/index.php/Chome/profil/26DC7F6B-AB45-4AF5-B6DB-C6B2A1BDA807,JL. ADE IRMA SURYANI NO.38 A BINJAI Pekan Binjai Kec. Binjai Kota Kota Binjai Prov. Sumatera Utara,,Kota Binjai,Sumatera Utara
10258275,SMA NEGERI 1 LOLOMATUA,https://sekolah.data.kemdikbud.go.id/index.php/Chome/profil/68E19770-4D79-42D3-82E9-C6B6336BBF0C,JL.ULUNOYO Koendrafo Kec. Lolomatua Kab. Nias Selatan Prov. Sumatera Utara,Kab. Nias Selatan,,Sumatera Utara
40202645,SMAS AL-KHAIRAAT BUNGINTIMBE,https://sekolah.data.kemdikbud.go.id/index.php/Chome/profil/4A7F21C2-E84D-485C-8F0F-C6B83E28E771,JL. TRANS SULAWESI BUNGINTIMBE Bungintimbe Kec. Petasia Timur Kab. Morowali Utara Prov. Sulawesi Tengah,Kab. Morowali Utara,,Sulawesi Tengah
10403998,SMAS AL HUDA,https://sekolah.data.kemdikbud.go.id/index.php/Chome/profil/F504CADF-6509-45CF-B568-C6BCDF656DC3,JL.HR.SUBRANTAS KM. 9 Tuahkarya Kec. Tuahmadani Kota Pekanbaru Prov. Riau,,Kota Pekanbaru,Riau
20532235,SMAN 3 SURABAYA,https://sekolah.data.kemdikbud.go.id/index.php/Chome/profil/2B2A2359-9709-49AC-8CC6-C6BCF66C529C,"Jl. Memet Sastrowiryo Komplek TNI AL, Ke... Komplek Kenjeran Kec. Bulak Kota Surabaya Prov. Jawa Timur",,Kota Surabaya,Jawa Timur
10609657,SMA METHODIST 03 PALEMBANG,https://sekolah.data.kemdikbud.go.id/index.php/Chome/profil/194FD567-CA3E-434C-A99C-C6C1AF4DC3BD,"JL. JEND. A. YANI , TEMBOK BARU NO 777A 9/10 Ulu Kec. Seberang Ulu I Kota Palembang Prov. Sumatera Selatan",,Kota Palembang,Sumatera Selatan
20211499,SMAN 3 CIAMIS,https://sekolah.data.kemdikbud.go.id/index.php/Chome/profil/6A5F2BFA-32D7-4B68-A35A-C6C886C79352,JL. BOJONGHUNI NO. 87 CIAMIS Maleber Kec. Ciamis Kab. Ciamis Prov. Jawa Barat,Kab. Ciamis,,Jawa Barat
20107312,SMAS KHARISMAWITA JAKARTA,https://sekolah.data.kemdikbud.go.id/index.php/Chome/profil/1D80596E-49CC-4B40-85FE-C6C9CE771E9E,JL. SWADAYA 02 NO. 30 Tanjung Barat Kec. Jagakarsa Kota Adm. Jakarta Selatan Prov. D.K.I. Jakarta,,Kota Adm. Jakarta Selatan,D.K.I. Jakarta
70049057,SMA KRISTEN YAHUKIMO,https://sekolah.data.kemdikbud.go.id/index.php/Chome/profil/73C47334-977F-429D-ACF7-C6D11FC7B86A,Jln. Jenderal Sudirman Dekai Dekai Kec. Dekai Kab. Yahukimo Prov. Papua Pegunungan,Kab. Yahukimo,,Papua Pegunungan
70043845,SMAS Sinar Bijaksana Guang Ming,https://sekolah.data.kemdikbud.go.id/index.php/Chome/profil/F418D108-B2AE-4DA6-980F-C6D3FABACB33,Jln. Haji Bandar Rt.22 No.48 A Pasir Put... Pasir Putih Kec. Jambi Selatan Kota Jambi Prov. Jambi,,Kota Jambi,Jambi
10809289,SMA N 1 GUNUNG AGUNG,https://sekolah.data.kemdikbud.go.id/index.php/Chome/profil/60EF9487-0E2A-47D4-859D-C6D7924161FF,JL. DIPONEGORO NO. 65 Tunas Jaya Kec. Gunung Agung Kab. Tulang Bawang Barat Prov. Lampung,Kab. Tulang Bawang Barat,,Lampung
69892331,SMA AN-NURONIYAH,https://sekolah.data.kemdikbud.go.id/index.php/Chome/profil/43C8DE53-1B70-43C6-8587-C6D9A0F9A036,JL. KH. MOH. KHOLIL Gg. IV No. 37 Demangan Kec. Bangkalan Kab. Bangkalan Prov. Jawa Timur,Kab. Bangkalan,,Jawa Timur
70038040,SMA Islam Teladan Imam Syafii,https://sekolah.data.kemdikbud.go.id/index.php/Chome/profil/2EEA33AB-956B-4A82-819B-C6DA87C52527,Jl. Lading-lading KM 1 Tanjung Tanjung Kec. Tanjung Kab. Lombok Utara Prov. Nusa Tenggara Barat,Kab. Lombok Utara,,Nusa Tenggara Barat
69726042,SMA NEGERI 3 WAINGAPU,https://sekolah.data.kemdikbud.go.id/index.php/Chome/profil/35893F9F-3D09-48F0-AB4B-C6DD8988A3E0,JL. IKAN HIU - KAMBAJAWA Kambajawa Kec. Kota Waingapu Kab. Sumba Timur Prov. Nusa Tenggara Timur,Kab. Sumba Timur,,Nusa Tenggara Timur
10101877,SMAN 1 JULOK,https://sekolah.data.kemdikbud.go.id/index.php/Chome/profil/03193AE7-1032-4FFF-9ABF-C6E1C5236584,JL. ALUE IE MIRAH Buket Seraja Kec. Julok Kab. Aceh Timur Prov. Aceh,Kab. Aceh Timur,,Aceh
10807066,SMAN 5 BANDAR LAMPUNG,https://sekolah.data.kemdikbud.go.id/index.php/Chome/profil/F8E41D47-7BFB-49EE-BF9C-C6E780EA2FF8,Jl. Soekarno-Hatta (By Pass) WAY DADI BARU Kec. Sukarame Kota Bandar Lampung Prov. Lampung,,Kota Bandar Lampung,Lampung
50300665,SMAS KARYA SOE,https://sekolah.data.kemdikbud.go.id/index.php/Chome/profil/DD518051-91A7-4D52-991C-C6E8724866C9,JLN. IKAN MAS OEFAU Oinlasi Kec. Mollo Selatan Kab. Timor Tengah Selatan Prov. Nusa Tenggara Timur,Kab. Timor Tengah Selatan,,Nusa Tenggara Timur
60202240,SMA NEGERI 5 KEPULAUAN SULA,https://sekolah.data.kemdikbud.go.id/index.php/Chome/profil/7677A6A3-5394-48C6-B742-C6E8FFF91ED0,JL. BARU MANGOLI Mangoli Kec. Mangoli Tengah Kab. Kepulauan Sula Prov. Maluku Utara,Kab. Kepulauan Sula,,Maluku Utara
40314466,SMAN 12 GOWA,https://sekolah.data.kemdikbud.go.id/index.php/Chome/profil/EB56A878-888B-44DE-A29D-C6EBE822FA9C,JL. PENDIDIKAN Majannang Kec. Parigi Kab. Gowa Prov. Sulawesi Selatan,Kab. Gowa,,Sulawesi Selatan
20402055,SMA MUHAMMADIYAH Al MUJAHIDIN WONOSARI,https://sekolah.data.kemdikbud.go.id/index.php/Chome/profil/DA7963F7-06E2-4CB9-A3C6-C6F0BBE284BF,"JL. AGUS SALIM KEPEK, WNSR Kepek Kec. Wonosari Kab. Gunungkidul Prov. D.I. Yogyakarta",Kab. Gunungkidul,,D.I. Yogyakarta
10403996,SMAS CENDANA,https://sekolah.data.kemdikbud.go.id/index.php/Chome/profil/E2D27D42-DF57-45DE-8F11-C6F149563BB3,JL. KOMPLEK PALEM PT. PERTAMINA HULU ROK... Lembah Damai Kec. Rumbai Kota Pekanbaru Prov. Riau,,Kota Pekanbaru,Riau
10100577,SMAS DARUSSA ADAH,https://sekolah.data.kemdikbud.go.id/index.php/Chome/profil/88D2619A-1C42-4417-BEA8-C6F3405FB761,Jl. Banda Aceh - Medan Km. 133 - 134 Sukon Mesjid Kec. Glumpang Tiga Kab. Pidie Prov. Aceh,Kab. Pidie,,Aceh
69979156,SMA Islam Ihya Ulumuddin Nur Sufiiyah Amuntai,https://sekolah.data.kemdikbud.go.id/index.php/Chome/profil/3DDA7A36-B756-43FE-B620-C6F5590AD233,Jl. Jermani Husin Km. 3 No. 20 RT. 5 Kal... Kaludan Kecil Kec. Banjang Kab. Hulu Sungai Utara Prov. Kalimantan Selatan,Kab. Hulu Sungai Utara,,Kalimantan Selatan
40311983,SMAN 10 PINRANG,https://sekolah.data.kemdikbud.go.id/index.php/Chome/profil/D50ADCF9-E037-421F-8BF7-C6F8C0E4CD05,LERANG Lerang Kec. Lanrisang Kab. Pinrang Prov. Sulawesi Selatan,Kab. Pinrang,,Sulawesi Selatan
10211685,SMA SWASTA METHODIST PEMATANGSIANTAR,https://sekolah.data.kemdikbud.go.id/index.php/Chome/profil/B9378619-FA22-4F07-AA09-C6F8D441A677,JL. PANE NO. 34 Kebun Sayur Kec. Siantar Timur Kota Pematangsiantar Prov. Sumatera Utara,,Kota Pematangsiantar,Sumatera Utara
10702737,SMA NEGERI 8 MUKOMUKO,https://sekolah.data.kemdikbud.go.id/index.php/Chome/profil/5D29028E-408B-49F4-822C-C6FDE8F8579E,JL. LINTAS BARAT SUMATERA Air Rami Kec. Air Rami Kab. Mukomuko Prov. Bengkulu,Kab. Mukomuko,,Bengkulu
40100317,SMA NEGERI 1 BINTAUNA,https://sekolah.data.kemdikbud.go.id/index.php/Chome/profil/49658CBB-8023-46DF-A07A-C70945727E8B,BINTAUNA Bintauna Kec. Bintauna Kab. Bolaang Mongondow Utara Prov. Sulawesi Utara,Kab. Bolaang Mongondow Utara,,Sulawesi Utara
20523847,SMAN 2 JEMBER,https://sekolah.data.kemdikbud.go.id/index.php/Chome/profil/57D32944-DF14-40BD-8868-C70A092F3496,JL. JAWA 16 Sumbersari Kec. Sumbersari Kab. Jember Prov. Jawa Timur,Kab. Jember,,Jawa Timur
69759039,SMAN 1 ROUTA,https://sekolah.data.kemdikbud.go.id/index.php/Chome/profil/3531D134-E7C7-418B-AC25-C70A1F7FF50E,DESA TIRAWONUA Tirawonua Kec. Routa Kab. Konawe Prov. Sulawesi Tenggara,Kab. Konawe,,Sulawesi Tenggara
50204008,SMAN 1 SAPE,https://sekolah.data.kemdikbud.go.id/index.php/Chome/profil/8F77F113-C8C5-4B7F-A7AC-C70E993BEF28,JL PELABUHAN SAPE BIMA Naru Kec. Sape Kab. Bima Prov. Nusa Tenggara Barat,Kab. Bima,,Nusa Tenggara Barat
70027072,SMA IT Al Fityan Boarding School Bogor,https://sekolah.data.kemdikbud.go.id/index.php/Chome/profil/414D1E19-E8AA-4465-AF3A-C7160E329C7F,Jl. Bengkel Roda Kp. Cipicung Mekarsari Kec. Cileungsi Kab. Bogor Prov. Jawa Barat,Kab. Bogor,,Jawa Barat
70053822,SMA IT AL-FUTUHIYYAH,https://sekolah.data.kemdikbud.go.id/index.php/Chome/profil/D49979A3-34C0-42FE-9C7B-C718C9D28B24,Kp. Jeungjing RT 006 RW 001 Cintamanik Kec. Karangtengah Kab. Garut Prov. Jawa Barat,Kab. Garut,,Jawa Barat
30205406,SMAN 8 PALANGKARAYA,https://sekolah.data.kemdikbud.go.id/index.php/Chome/profil/C0D22862-97BC-4E23-A14F-C71A3F1379B4,KEL. KAMELOH BARU Kameloh Baru Kec. Sabangau Kota Palangka Raya Prov. Kalimantan Tengah,,Kota Palangka Raya,Kalimantan Tengah
10304831,SMAS DIAN ANDALAS,https://sekolah.data.kemdikbud.go.id/index.php/Chome/profil/023DE85B-AF55-4F5C-B55C-C7298518703F,PERUMAHAN UNAND BLOK B Limau Manis Selatan Kec. Pauh Kota Padang Prov. Sumatera Barat,,Kota Padang,Sumatera Barat
40304855,SMAN 2 KEPULAUAN SELAYAR,https://sekolah.data.kemdikbud.go.id/index.php/Chome/profil/00C2AD7B-527B-45D2-B67C-C72B6C2216C3,BATANGMATA Batangmata Kec. Bontomatene Kab. Kepulauan Selayar Prov. Sulawesi Selatan,Kab. Kepulauan Selayar,,Sulawesi Selatan
69901434,SMAS SABILILLAH,https://sekolah.data.kemdikbud.go.id/index.php/Chome/profil/AB28F580-1E69-4575-83FA-C72D2812E268,Jl. Rajawali III No. 162 Karang Dalem Kec. Sampang Kab. Sampang Prov. Jawa Timur,Kab. Sampang,,Jawa Timur
69822815,SMAN 8 HALMAHERA UTARA,https://sekolah.data.kemdikbud.go.id/index.php/Chome/profil/2B7CF3F8-4FD2-4FE0-9B60-C7357F8C83DF,Jln. Aramabane Dama Kec. Loloda Kepulauan Kab. halmahera Utara Prov. Maluku Utara,Kab. halmahera Utara,,Maluku Utara
70029862,SMA IT AR RAIHAN,https://sekolah.data.kemdikbud.go.id/index.php/Chome/profil/0C3D7570-4EF9-47B3-A788-C73A8AED1580,Jl. Maryono Mardi Utomo Ngajaran RT.05 K... Sidomulyo Kec. Bambang Lipuro Kab. Bantul Prov. D.I. Yogyakarta,Kab. Bantul,,D.I. Yogyakarta
20220319,SMAS PGRI 4,https://sekolah.data.kemdikbud.go.id/index.php/Chome/profil/872B1914-13C6-4959-95A1-C73F2C9F7E7B,JL. CIREMAI UJUNG NO.228 Bantarjati Kec. Kota Bogor Utara Kota Bogor Prov. Jawa Barat,,Kota Bogor,Jawa Barat
40312097,SMAS 45 UNGGULAN SOSSOK,https://sekolah.data.kemdikbud.go.id/index.php/Chome/profil/2DD91894-1AF4-4DF5-BDC6-C73FE78DE195,JL. POROS MAKASSAR TATOR Mataran Kec. Anggeraja Kab. Enrekang Prov. Sulawesi Selatan,Kab. Enrekang,,Sulawesi Selatan
30101952,SMAS PGRI 02 KEMBAYAN,https://sekolah.data.kemdikbud.go.id/index.php/Chome/profil/6B8AD44D-7BE8-4A4D-9630-C74C4145D39C,Jl. Raya Kembayan No.26 Tanjung Merpati Kec. Kembayan Kab. Sanggau Prov. Kalimantan Barat,Kab. Sanggau,,Kalimantan Barat
69968716,SMA NEGERI 1 KENDAHE,https://sekolah.data.kemdikbud.go.id/index.php/Chome/profil/24E62121-57A4-43C2-9631-C74C80AA3CF6,Kampung Kendahe Satu Kec. Kendahe Kendahe Satu Kec. Kendahe Kab. Kepulauan Sangihe Prov. Sulawesi Utara,Kab. Kepulauan Sangihe,,Sulawesi Utara
40306917,SMAN 1 LUWU UTARA,https://sekolah.data.kemdikbud.go.id/index.php/Chome/profil/0E776778-29F4-431C-8632-C74CD2DB3AB0,JL. K.H. AHMAD DAHLAN N0. 32 Kappuna Kec. Masamba Kab. Luwu Utara Prov. Sulawesi Selatan,Kab. Luwu Utara,,Sulawesi Selatan
69942737,SMA NEGERI 3 MANDREHE,https://sekolah.data.kemdikbud.go.id/index.php/Chome/profil/CB17E8DC-FC7B-454A-97FD-C75724075A83,Doli-Doli Doli Doli Kec. Mandrehe Kab. Nias Barat Prov. Sumatera Utara,Kab. Nias Barat,,Sumatera Utara
10900629,SMAN 1 KELAPA,https://sekolah.data.kemdikbud.go.id/index.php/Chome/profil/24A656FD-8AAD-4F87-A925-C759F16AA9EC,JL. RAYA KELAPA NO.03 KELAPA Kec. Kelapa Kab. Bangka Barat Prov. Kepulauan Bangka Belitung,Kab. Bangka Barat,,Kepulauan Bangka Belitung
40319041,SMAN 27 BONE,https://sekolah.data.kemdikbud.go.id/index.php/Chome/profil/65E992AE-A603-4848-86D1-C75FFC78EEBE,Cakkeware Cakkeware Kec. Cenrana Kab. Bone Prov. Sulawesi Selatan,Kab. Bone,,Sulawesi Selatan
69953273,SMAN 1 ASAM JUJUHAN,https://sekolah.data.kemdikbud.go.id/index.php/Chome/profil/69C16EC4-72DF-4B7A-BEC8-C76379B40410,Jl. Poros Jorong Lubuk Baru Alahan Nan Tigo Kec. Asam Jujuhan Kab. Dharmasraya Prov. Sumatera Barat,Kab. Dharmasraya,,Sumatera Barat
20616158,SMAS MUTIARA BANGSA,https://sekolah.data.kemdikbud.go.id/index.php/Chome/profil/4180F21B-D331-4857-AC77-C763B8437A54,JL. KRESEK GANDARIA Tamiang Kec. Gunung Kaler Kab. Tangerang Prov. Banten,Kab. Tangerang,,Banten
20549350,SMAN PAKUSARI,https://sekolah.data.kemdikbud.go.id/index.php/Chome/profil/90D526CC-2D2E-487F-8084-C763E8405BC3,JL. PB. SUDIRMAN 120 Pakusari Kec. Pakusari Kab. Jember Prov. Jawa Timur,Kab. Jember,,Jawa Timur
20101616,SMAS SANTO KRISTOFORUS 1,https://sekolah.data.kemdikbud.go.id/index.php/Chome/profil/66960F11-C6F5-48C7-825E-C776F724CC75,JL. RAHAYU NO. 1A Jelambar Kec. Grogol Petamburan Kota Adm. Jakarta Barat Prov. D.K.I. Jakarta,,Kota Adm. Jakarta Barat,D.K.I. Jakarta
20501869,SMAS R RAHMAT,https://sekolah.data.kemdikbud.go.id/index.php/Chome/profil/826B0CB6-42F0-4059-A3E1-C77764B177A1,JL.  RAYA BALONGBENDO Balongbendo Kec. Balong Bendo Kab. Sidoarjo Prov. Jawa Timur,Kab. Sidoarjo,,Jawa Timur
69899943,SMA NEGERI 1 PULAU BESAR,https://sekolah.data.kemdikbud.go.id/index.php/Chome/profil/DD6DAF85-829F-4875-8FF0-C778805BC960,Komplek Perkantoran Kota Terpadu Mandiri... Batu Betumpang Pulau Besar Kab. Bangka Selatan Prov. Kepulauan Bangka Belitung,Kab. Bangka Selatan,,Kepulauan Bangka Belitung
69921989,SMA CITRA NUSANTARA SINDANGBARANG,https://sekolah.data.kemdikbud.go.id/index.php/Chome/profil/8299F1F7-FFD6-45E6-BD18-C77A6BF9F0B3,Jl. Raya Sindangbarang - Cidaun Km. 5 MEKARLAKSANA Kec. Sindang Barang Kab. Cianjur Prov. Jawa Barat,Kab. Cianjur,,Jawa Barat
