kode,nama,link_profil,alamat,kabupaten,kota,provinsi
20329772,SMAS AL IRSYAD TEGAL,https://sekolah.data.kemdikbud.go.id/index.php/Chome/profil/F2996F63-B3B6-4955-94E2-CE50B7F53052,JL. GAJAH MADA NO. 128 Pekauman Kec. Tegal Barat Kota Tegal Prov. Jawa Tengah,,Kota Tegal,Jawa Tengah
40601311,UPTD SMAN 2 MAJENE,https://sekolah.data.kemdikbud.go.id/index.php/Chome/profil/4656169D-3701-429A-B4C7-CE53A89F8AC4,JL. CHAIRIL ANWAR NO.3 LEMBANG Kec. Banggae Timur Kab. Majene Prov. Sulawesi Barat,Kab. Majene,,Sulawesi Barat
20403157,SMAS MUHAMMADIYAH 1 YOGYAKARTA,https://sekolah.data.kemdikbud.go.id/index.php/Chome/profil/3D343CA3-646B-43B4-93E2-CE591F330F5E,Jl. Gotongroyong II Petinggen Karangwaru Kec. Tegalrejo Kota Yogyakarta Prov. D.I. Yogyakarta,,Kota Yogyakarta,D.I. Yogyakarta
69964281,SMA NEGERI 1 KUALA CENAKU,https://sekolah.data.kemdikbud.go.id/index.php/Chome/profil/2D7B0E16-F88A-41D5-81C7-CE5CB511A8BF,Desa Teluk Sungkai Teluk Sungkai Kec. Kuala Cenaku Kab. Indragiri Hulu Prov. Riau,Kab. Indragiri Hulu,,Riau
50201384,SMAN 2 PRAYA,https://sekolah.data.kemdikbud.go.id/index.php/Chome/profil/B517EBCB-4930-4AD3-8111-CE5E81A8C679,Jln. Pejanggik Tampar Ampar Kec. Praya K... Semayan Kec. Praya Kab. Lombok Tengah Prov. Nusa Tenggara Barat,Kab. Lombok Tengah,,Nusa Tenggara Barat
20311312,SMAS PANCASILA 2 BATURETNO,https://sekolah.data.kemdikbud.go.id/index.php/Chome/profil/AEE07CF2-459C-4111-BC48-CE61443D0B75,"JL. SIDOMUKTI, BATURETNO Baturetno Kec. Baturetno Kab. Wonogiri Prov. Jawa Tengah",Kab. Wonogiri,,Jawa Tengah
40204016,SMAN 1 TINANGKUNG SELATAN,https://sekolah.data.kemdikbud.go.id/index.php/Chome/profil/1354282D-2F3D-4939-BAE1-CE6EFEC4C362,Jl. Trans Peling No. 01 Mansamat A Kec. Tinangkung Selatan Kab. Banggai Kepulauan Prov. Sulawesi Tengah,Kab. Banggai Kepulauan,,Sulawesi Tengah
30400382,SMAN 1 BERAU,https://sekolah.data.kemdikbud.go.id/index.php/Chome/profil/57CD6F44-D7FE-4BBA-A341-CE710A7EC866,JL. MANGGA 1 NO.14 Tanjung Redeb Kec. Tanjung Redeb Kab. Berau Prov. Kalimantan Timur,Kab. Berau,,Kalimantan Timur
70045667,SMA LABORATORIUM PERCONTOHAN UPI CIBIRU,https://sekolah.data.kemdikbud.go.id/index.php/Chome/profil/B132C83D-0C8E-4092-814F-CE7523599825,Jl. Raya Cibiru No. 15 RT.01 RW.16 Cibiru Wetan Kec. Cileunyi Kab. Bandung Prov. Jawa Barat,Kab. Bandung,,Jawa Barat
60200722,SMAN 2 KOTA TERNATE,https://sekolah.data.kemdikbud.go.id/index.php/Chome/profil/A91B496C-544E-452C-A8C8-CE7532194C54,JL. UBO-UBO Ubo-Ubo Kec. Ternate Selatan Kota Ternate Prov. Maluku Utara,,Kota Ternate,Maluku Utara
30207361,SMA NEGERI 1 TANAH SIANG SELATAN,https://sekolah.data.kemdikbud.go.id/index.php/Chome/profil/C8D40A9B-BEDC-4955-ACC4-CE85FD6B3F8B,Jl.Putir Sikan KM. 4 Dirung Lingkin Kec. Tanah Siang Selatan Kab. Murung Raya Prov. Kalimantan Tengah,Kab. Murung Raya,,Kalimantan Tengah
20523797,SMAS MUHAMMADIYAH 1 RAMBIPUJI,https://sekolah.data.kemdikbud.go.id/index.php/Chome/profil/1E4547AE-A337-402B-A885-CE8805BCE4D9,JL. GAJAH MADA NO. 61 RAMBIPUJI Rambipuji Kec. Rambipuji Kab. Jember Prov. Jawa Timur,Kab. Jember,,Jawa Timur
69773552,SMA SWASTA NURUL HUDA AL AZIZIYYAH,https://sekolah.data.kemdikbud.go.id/index.php/Chome/profil/479ED468-14D7-4C43-AA06-CE8860085CE1,"JLN. T.Umar KM 79,8 Banda Aceh - Calang Meutara Kec. Jaya Kab. Aceh Jaya Prov. Aceh",Kab. Aceh Jaya,,Aceh
69768160,SMAN 6 POCO RANAKA,https://sekolah.data.kemdikbud.go.id/index.php/Chome/profil/D0C655FE-8C57-4BDB-9FF4-CE8A2BCA0E7D,LONTOULU Compang Laho Kec. Lamba Leda Selatan (Poco Ranaka) Kab. Manggarai Timur Prov. Nusa Tenggara Timur,Kab. Manggarai Timur,,Nusa Tenggara Timur
10107275,SMA NEGERI 2 BUKIT,https://sekolah.data.kemdikbud.go.id/index.php/Chome/profil/E1BEB472-AC0C-4416-BF32-CE8F18B1B39D,JL. SIMPANG TERITIT - PONDOK BARU Blang Panas Kec. Bukit Kab. Bener Meriah Prov. Aceh,Kab. Bener Meriah,,Aceh
20103202,SMAS MUHAMMADIYAH 11 JAKARTA,https://sekolah.data.kemdikbud.go.id/index.php/Chome/profil/EFB8C678-EDA3-4DCF-971A-CE90A15B0544,JL. BALAI PUSTAKA  BARAT NO. 2 Rawamangun Kec. Pulo Gadung Kota Adm. Jakarta Timur Prov. D.K.I. Jakarta,,Kota Adm. Jakarta Timur,D.K.I. Jakarta
69929483,SMAIT BAITUL ULUM,https://sekolah.data.kemdikbud.go.id/index.php/Chome/profil/55C5201D-0DA9-44A7-A19E-CE912177A0C5,Tempel Legok Gempol Legok Kec. Gempol Kab. Pasuruan Prov. Jawa Timur,Kab. Pasuruan,,Jawa Timur
10210856,SMAN 3 MEDAN,https://sekolah.data.kemdikbud.go.id/index.php/Chome/profil/3F57700F-3CAC-4A79-90D9-CEA72935D8DB,JL. BUDI KEMASYARAKATAN NO.3 Pulo Brayan Kota Kec. Medan Barat Kota Medan Prov. Sumatera Utara,,Kota Medan,Sumatera Utara
69979502,SMAN 1 SINGKEP PESISIR,https://sekolah.data.kemdikbud.go.id/index.php/Chome/profil/C42F6DD0-BF14-492F-A337-CEA814478A12,Jl. Penat Lanjut Kec. Singkep Pesisir Kab. Lingga Prov. Kepulauan Riau,Kab. Lingga,,Kepulauan Riau
20200602,SMAN 1 PARUNG,https://sekolah.data.kemdikbud.go.id/index.php/Chome/profil/D7FB63CE-6A66-4F81-B2F7-CEAA8A7FAB4A,JL. WARU JAYA NO. 17 PARUNG DS. WARU JAY... Warujaya Kec. Parung Kab. Bogor Prov. Jawa Barat,Kab. Bogor,,Jawa Barat
60102016,SMAS XAVERIUS AMBON,https://sekolah.data.kemdikbud.go.id/index.php/Chome/profil/3638C1ED-B8AC-4A94-8907-CEAD0E519550,Jl. Pattimura No. 25 Uritetu Kec. Sirimau Kota Ambon Prov. Maluku,,Kota Ambon,Maluku
20103312,SMAN 51 JAKARTA,https://sekolah.data.kemdikbud.go.id/index.php/Chome/profil/5C0D7C25-4F83-4C39-932F-CEAE0BAB7667,JL. BATU AMPAR 3 CONDET Batu Ampar Kec. Kramat Jati Kota Adm. Jakarta Timur Prov. D.K.I. Jakarta,,Kota Adm. Jakarta Timur,D.K.I. Jakarta
20300732,SMA NEGERI 1 MAJENANG,https://sekolah.data.kemdikbud.go.id/index.php/Chome/profil/D0D1D552-8935-4F16-8481-CEAEB4E56660,JL. RAYA PAHONJEAN Cibeunying Kec. Majenang Kab. Cilacap Prov. Jawa Tengah,Kab. Cilacap,,Jawa Tengah
69830677,SMAN 7 KEPULAUAN SELAYAR,https://sekolah.data.kemdikbud.go.id/index.php/Chome/profil/FFEF6F3F-5BC2-4C10-A89F-CEB00A69BF0C,KAHU-KAHU Kahu-Kahu Kec. Bontoharu Kab. Kepulauan Selayar Prov. Sulawesi Selatan,Kab. Kepulauan Selayar,,Sulawesi Selatan
20326486,SMA NEGERI 1 BANJARHARJO,https://sekolah.data.kemdikbud.go.id/index.php/Chome/profil/EF1BC3C8-1F50-4AE8-A6B4-CEB1149F6FFA,JL. RAYA BARAT NO. 27 BANJARHARJO BREBES Banjarharjo Kec. Banjarharjo Kab. Brebes Prov. Jawa Tengah,Kab. Brebes,,Jawa Tengah
70033583,SMA NEGERI RESTORASI PILI,https://sekolah.data.kemdikbud.go.id/index.php/Chome/profil/3C00E3FA-4DE5-4ADA-82D3-CEBA9B51BE77,"JLN. NONI NUBATONIS, RT.01/RW.01 Pili Kec. Kie Kab. Timor Tengah Selatan Prov. Nusa Tenggara Timur",Kab. Timor Tengah Selatan,,Nusa Tenggara Timur
20402116,SMAN 1 SEMIN,https://sekolah.data.kemdikbud.go.id/index.php/Chome/profil/D3B509B1-2082-4B4A-8523-CEBB3EBF7ED7,"BULUREJO, SEMIN 55854 Bulurejo Kec. Semin Kab. Gunungkidul Prov. D.I. Yogyakarta",Kab. Gunungkidul,,D.I. Yogyakarta
70048489,SMA MARDANI LEADERSHIP SCHOOL,https://sekolah.data.kemdikbud.go.id/index.php/Chome/profil/41EB8DCC-8FC5-4CF3-B2B0-CEBEF4D7833A,"Jl. Rawa Binong No.137, RT. 004, RW. 010 Lubang Buaya Kec. Cipayung Kota Adm. Jakarta Timur Prov. D.K.I. Jakarta",,Kota Adm. Jakarta Timur,D.K.I. Jakarta
10800701,SMAN 1 TANJUNG BINTANG,https://sekolah.data.kemdikbud.go.id/index.php/Chome/profil/84355AB4-1752-48AA-9855-CEC3456EE923,JL. ANTARA KALIAYU Jatibaru Kec. Tanjung Bintang Kab. Lampung Selatan Prov. Lampung,Kab. Lampung Selatan,,Lampung
20613976,SMAS PLUS AL - KHAIRIYAH KASEMEN,https://sekolah.data.kemdikbud.go.id/index.php/Chome/profil/BCAC9780-54B5-4BE2-9141-CEC37C7B1E31,Badamusalam Sawah Luhur Kec. Kasemen Kota Serang Prov. Banten,,Kota Serang,Banten
50103181,SMAS K SANTO YOSEPH DENPASAR,https://sekolah.data.kemdikbud.go.id/index.php/Chome/profil/70AE2959-FE15-4401-B719-CEC95B0EFDD5,JL. SERMA KAWI DENPASAR Dauh Puri Klod Kec. Denpasar Barat Kota Denpasar Prov. Bali,,Kota Denpasar,Bali
10208949,SMAN 1 SIANJUR MULAMULA,https://sekolah.data.kemdikbud.go.id/index.php/Chome/profil/F6C22BA8-658E-484F-8ECA-CED1ED50CA36,JL. LIMBONG SAGALA Sari Marihit Kec. Sianjur Mula Mula Kab. Samosir Prov. Sumatera Utara,Kab. Samosir,,Sumatera Utara
30304275,SMAS PGRI 2 BANJARMASIN,https://sekolah.data.kemdikbud.go.id/index.php/Chome/profil/F4C61574-10F5-461F-8A63-CED2C0C61F7F,JL. CEMPAKA SARI 3 NO. 115 Rt. 48 Basirih Kec. Banjarmasin Barat Kota Banjarmasin Prov. Kalimantan Selatan,,Kota Banjarmasin,Kalimantan Selatan
50301003,SMAN MUTIS EBAN,https://sekolah.data.kemdikbud.go.id/index.php/Chome/profil/9229BF8F-F919-4DF6-A059-CED3F57C85A4,EBAN Eban Kec. Miomafo Barat Kab. Timor Tengah Utara Prov. Nusa Tenggara Timur,Kab. Timor Tengah Utara,,Nusa Tenggara Timur
10259546,SMA SWASTA HKBP GIRSANG SIPANGAN BOLON,https://sekolah.data.kemdikbud.go.id/index.php/Chome/profil/31A56F65-8A3B-416B-8490-CEDF49947608,JL. BUKIT BARISAN 19 Parapat Kec. Girsang Simpangan Bolon Kab. Simalungun Prov. Sumatera Utara,Kab. Simalungun,,Sumatera Utara
69897125,SMA Negeri Sasitamean,https://sekolah.data.kemdikbud.go.id/index.php/Chome/profil/9E5C1460-9D85-44AC-8B25-CEECF6340600,Fatubesi Manulea Kec. Sasitamean Kab. Malaka Prov. Nusa Tenggara Timur,Kab. Malaka,,Nusa Tenggara Timur
69896724,SMAN 3 SAMALANTAN,https://sekolah.data.kemdikbud.go.id/index.php/Chome/profil/17C7B94D-EC06-491B-B0F7-CEF34FDD9A97,Jalan Kubu Kelawit - Desa Sabau Kec. Sam... Sabau Kec. Samalantan Kab. Bengkayang Prov. Kalimantan Barat,Kab. Bengkayang,,Kalimantan Barat
50220464,SMAN 2 WOHA,https://sekolah.data.kemdikbud.go.id/index.php/Chome/profil/4C1116A8-5AAF-420A-B236-CEF42251DC82,JL. Jenderal Sudirman Kalampa Kec. Woha Kab. Bima Prov. Nusa Tenggara Barat,Kab. Bima,,Nusa Tenggara Barat
30402920,SMAN 8 BALIKPAPAN BARAT,https://sekolah.data.kemdikbud.go.id/index.php/Chome/profil/6F50B99D-8B0B-48B6-A27D-CEF7C569E9F5,JL. AMD GN. IV RT 14 Margo Mulyo Kec. Balikpapan Barat Kota Balikpapan Prov. Kalimantan Timur,,Kota Balikpapan,Kalimantan Timur
70040075,SMAN 3 MEMPAWAH HULU,https://sekolah.data.kemdikbud.go.id/index.php/Chome/profil/BEF5763B-CFAB-42A1-9491-CEFC580F8272,"Jln. Raya Tiang Tanjung, Jalur Pontianak... Tiang Tanjung Kec. Mempawah Hulu Kab. Landak Prov. Kalimantan Barat",Kab. Landak,,Kalimantan Barat
70052304,SMA IT BABUSSALAM,https://sekolah.data.kemdikbud.go.id/index.php/Chome/profil/D9418766-DC9E-4E5D-B3B9-CEFF134E649D,"Kelurahan Bosso, Kec. Walenrang Utara Bosso Kec. Walenrang Utara Kab. Luwu Prov. Sulawesi Selatan",Kab. Luwu,,Sulawesi Selatan
30107570,SMAS ARASTAMAR AIR UPAS,https://sekolah.data.kemdikbud.go.id/index.php/Chome/profil/FB89B379-190E-4F3C-97D8-CF02A11F3425,DESA AIR UPAS Air Upas Kec. Air Upas Kab. Ketapang Prov. Kalimantan Barat,Kab. Ketapang,,Kalimantan Barat
20177837,SMAS SAINT JOHNS SCHOOL,https://sekolah.data.kemdikbud.go.id/index.php/Chome/profil/5E1244C0-FB58-4ADD-8BE9-CF094C133880,Jl.Taman Villa Meruya Blok D1 No.1 Meruya Selatan Kec. Kembangan Kota Adm. Jakarta Barat Prov. D.K.I. Jakarta,,Kota Adm. Jakarta Barat,D.K.I. Jakarta
69830525,SMA KEBANGSAAN,https://sekolah.data.kemdikbud.go.id/index.php/Chome/profil/94008604-DB2B-4DD1-8CF9-CF0AFA67EBAA,DESA PISANG Pisang Kec. Penengahan Kab. Lampung Selatan Prov. Lampung,Kab. Lampung Selatan,,Lampung
10100176,SMAS MALEM PUTRA 1,https://sekolah.data.kemdikbud.go.id/index.php/Chome/profil/D04DD96E-2F68-48E7-8927-CF12417F1C98,JL.SYEH ABDULLAH KAN-AN Leugeu Kec. Darul Imarah Kab. Aceh Besar Prov. Aceh,Kab. Aceh Besar,,Aceh
20328910,SMA NEGERI 13 SEMARANG,https://sekolah.data.kemdikbud.go.id/index.php/Chome/profil/A8EE4B93-6F77-4EC4-B51E-CF1AECA13164,Jl. Rowosemanding Wonolopo Kec. Mijen Kota Semarang Prov. Jawa Tengah,,Kota Semarang,Jawa Tengah
10807070,SMAN 9 BANDAR LAMPUNG,https://sekolah.data.kemdikbud.go.id/index.php/Chome/profil/8FC81FC7-A3B8-46A9-99F6-CF1D2509F9B1,JL. PANGLIMA POLIM NO. 18 Segala Mider  Kec. Tanjung Karang Barat Kota Bandar Lampung Prov. Lampung,,Kota Bandar Lampung,Lampung
69991407,SMA NEGERI 1 KARANGAN,https://sekolah.data.kemdikbud.go.id/index.php/Chome/profil/8E0247D6-9EFE-40B9-BE16-CF215DC3EF21,Jl. Pendidikan Pengadan Kec. Karangan Kab. Kutai Timur Prov. Kalimantan Timur,Kab. Kutai Timur,,Kalimantan Timur
40403726,SMAN 1 TANGGETADA,https://sekolah.data.kemdikbud.go.id/index.php/Chome/profil/35977B43-DDF1-48D8-A8D0-CF215FF07D66,JL. PENDIDIKAN NO 1 Palewai Kec. Tanggetada Kab. Kolaka Prov. Sulawesi Tenggara,Kab. Kolaka,,Sulawesi Tenggara
10112863,SMAN 1 BIREM BAYEUN,https://sekolah.data.kemdikbud.go.id/index.php/Chome/profil/78A3E849-9CEF-4315-A111-CF2716EFACB7,JL. AIR TERJUN Benteng Kec. Birem Bayeun Kab. Aceh Timur Prov. Aceh,Kab. Aceh Timur,,Aceh
30301785,SMAN 2 KANDANGAN,https://sekolah.data.kemdikbud.go.id/index.php/Chome/profil/6137F862-63AB-41DF-B8C1-CF3ADC5C8C42,JALAN  GAMBAH DALAM NO. 40 Gambah Dalam Kec. Kandangan Kab. Hulu Sungai Selatan Prov. Kalimantan Selatan,Kab. Hulu Sungai Selatan,,Kalimantan Selatan
60304343,SMA NEGERI 1 DEIYAI,https://sekolah.data.kemdikbud.go.id/index.php/Chome/profil/EF3D42DA-ECC9-47D2-B010-CF3DB8786AC0,JL. AKIYAA Waghete I Kec. Tigi Kab. Deiyai Prov. Papua Tengah,Kab. Deiyai,,Papua Tengah
69883506,SMA GARUDA CENDEKIA,https://sekolah.data.kemdikbud.go.id/index.php/Chome/profil/D62DD3D8-083C-4BA1-8115-CF419E3D5141,JL. BANGKA VII DALAM NO 14 PELA MAMPANG Kec. Mampang Prapatan Kota Adm. Jakarta Selatan Prov. D.K.I. Jakarta,,Kota Adm. Jakarta Selatan,D.K.I. Jakarta
20532378,SMAS AL AZHAR SURABAYA,https://sekolah.data.kemdikbud.go.id/index.php/Chome/profil/F5524D3A-810A-4F74-9031-CF446448D72B,JL. PESAREHAN BEJI NO.1 Pakal Kec. Pakal Kota Surabaya Prov. Jawa Timur,,Kota Surabaya,Jawa Timur
20100604,SMA MAHATMA GADING,https://sekolah.data.kemdikbud.go.id/index.php/Chome/profil/718133A9-E220-4902-97E6-CF4908848CE4,Jl. Boulevard BGR Komplek Villa Gading I... Kelapa Gading Barat Kec. Kelapa Gading Kota Adm. Jakarta Utara Prov. D.K.I. Jakarta,,Kota Adm. Jakarta Utara,D.K.I. Jakarta
10503767,SMAN 7 SAROLANGUN,https://sekolah.data.kemdikbud.go.id/index.php/Chome/profil/70B9C0EA-02BE-4CFE-BCAA-CF49E079BA92,JLN. SEI BELATI RT. 23 KELURAHAN SAROLAN... Sarolangun Kembang Kec. Sarolangun Kab. Sarolangun Prov. Jambi,Kab. Sarolangun,,Jambi
70029863,SMA BINA INSAN MANDIRI,https://sekolah.data.kemdikbud.go.id/index.php/Chome/profil/4BE9E270-FB41-48C3-9173-CF4ACA44DCDF,Jl. Ponpes Baron RT.003 RW.013 Cilendek Barat Kec. Kota Bogor Barat Kota Bogor Prov. Jawa Barat,,Kota Bogor,Jawa Barat
10113351,SMA Negeri Unggul Darussalam Labuhan Haji,https://sekolah.data.kemdikbud.go.id/index.php/Chome/profil/9D26714C-39B7-4E8C-9FE4-CF4C586A4C98,Jln. Ujung Batu Ujung Batu Kec. Labuhan Haji Kab. Aceh Selatan Prov. Aceh,Kab. Aceh Selatan,,Aceh
20540168,SMAS MUHAMMADIYAH 4 SONGGON,https://sekolah.data.kemdikbud.go.id/index.php/Chome/profil/5CA69421-56CB-43CE-B9E5-CF578A3ED758,JL RAYA SRAGI PERTAPAN Sragi Kec. Songgon Kab. Banyuwangi Prov. Jawa Timur,Kab. Banyuwangi,,Jawa Timur
10702285,SMA NEGERI 1 KEPAHIANG,https://sekolah.data.kemdikbud.go.id/index.php/Chome/profil/162F8A9A-0F54-4E01-BC15-CF675C2117AD,JL. Hutan Wisata Konak Pasar Ujung Pasar Ujung Kec. Kepahiang Kab. Kepahiang Prov. Bengkulu,Kab. Kepahiang,,Bengkulu
60202241,SMA NEGERI 4 KEPULAUAN SULA,https://sekolah.data.kemdikbud.go.id/index.php/Chome/profil/508E7FC3-B631-431F-9150-CF6B014A668A,JL. TRIBAKTI Falabisahaya Kec. Mangoli Utara Kab. Kepulauan Sula Prov. Maluku Utara,Kab. Kepulauan Sula,,Maluku Utara
20603363,SMAN 16 KABUPATEN TANGERANG,https://sekolah.data.kemdikbud.go.id/index.php/Chome/profil/C7F72EE4-2792-456C-8369-CF6B4AC61ADC,JL. GANDASARI NO. 14 JAYANTI Jayanti Kec. Jayanti Kab. Tangerang Prov. Banten,Kab. Tangerang,,Banten
20607982,SMAN 1 CIKULUR,https://sekolah.data.kemdikbud.go.id/index.php/Chome/profil/C13D895D-22BC-4CA5-BB86-CF724009DC89,JL. RAYA SAMPAY- CILELES KM. 12 Muaradua Kec. Cikulur Kab. Lebak Prov. Banten,Kab. Lebak,,Banten
40203843,SMAS YPST PORAME,https://sekolah.data.kemdikbud.go.id/index.php/Chome/profil/1F33A13C-16E1-49FD-8A5F-CF775A1B52C1,JL. TADULAKO Porame Kec. Kinovaro Kab. Sigi Prov. Sulawesi Tengah,Kab. Sigi,,Sulawesi Tengah
20232324,SMAS CISARUA,https://sekolah.data.kemdikbud.go.id/index.php/Chome/profil/E2C3AE0F-9BF8-4854-88BB-CF869AE088D4,JL. RAYA PUNCAK KM. 80 DS.CISARUA Cisarua Kec. Cisarua Kab. Bogor Prov. Jawa Barat,Kab. Bogor,,Jawa Barat
20358250,SMA HARAPAN BANGSA KALORAN,https://sekolah.data.kemdikbud.go.id/index.php/Chome/profil/2EEB547D-094C-48A8-BD3A-CF885CBCB322,JL. GUNUNG PAYUNG Getas Kec. Kaloran Kab. Temanggung Prov. Jawa Tengah,Kab. Temanggung,,Jawa Tengah
70048825,SMA DAARUSSALAAM,https://sekolah.data.kemdikbud.go.id/index.php/Chome/profil/0B77403C-85A3-4B44-8DF0-CF94AA108CF0,Kp. Saguling Babakan RT. 003 RW 004 Karsamenak Kec. Kawalu Kota Tasikmalaya Prov. Jawa Barat,,Kota Tasikmalaya,Jawa Barat
70050659,SMA Swasta Methodist Kabanjahe,https://sekolah.data.kemdikbud.go.id/index.php/Chome/profil/79D093E8-BE07-4857-82DD-CF95E5F32CF5,Jl. Kapten Bom Ginting Padang Mas Kec. Kabanjahe Kab. Karo Prov. Sumatera Utara,Kab. Karo,,Sumatera Utara
10702679,SMA NEGERI 9 SELUMA,https://sekolah.data.kemdikbud.go.id/index.php/Chome/profil/BF909725-A224-4631-8D93-CF962A1715EF,"Jambat Akar, Semidang Alas Maras, Seluma... Jambat Akar Kec. Semidang Alas Maras Kab. Seluma Prov. Bengkulu",Kab. Seluma,,Bengkulu
10110635,SMA NEGERI 1 ARONGAN LAMBALEK,https://sekolah.data.kemdikbud.go.id/index.php/Chome/profil/58CE667C-5D44-4125-8DC7-CF96560A39BD,JL. MEULABOH - BANDA ACEH KM. 30 Simpang Peut Kec. Arongan Lambalek Kab. Aceh Barat Prov. Aceh,Kab. Aceh Barat,,Aceh
69947934,SMA ISLAM NURUL BAYAN SUKAWANGI,https://sekolah.data.kemdikbud.go.id/index.php/Chome/profil/0DAF6870-8868-48B8-A05D-CF9B7EDB41FB,Kp. Ciwaru RT 01 RW 01 Sukawangi Kec. Singajaya Kab. Garut Prov. Jawa Barat,Kab. Garut,,Jawa Barat
69758123,SMAS AL FALAH,https://sekolah.data.kemdikbud.go.id/index.php/Chome/profil/DDA18C52-EFC0-4211-A54A-CF9CBA15A7C3,KP SUKASIRNA DESA SUKALUYU Sukaluyu Kec. Cijati Kab. Cianjur Prov. Jawa Barat,Kab. Cianjur,,Jawa Barat
10262125,SMA SWASTA MAHAD MUHAMMAD SAMAN,https://sekolah.data.kemdikbud.go.id/index.php/Chome/profil/A1BF00EA-5B08-4C11-A61A-CFA14D2C9B9D,JL. DISKI GLUGUR RIMBUN DUSUN V Telaga Sari Kec. Sunggal Kab. Deli Serdang Prov. Sumatera Utara,Kab. Deli Serdang,,Sumatera Utara
70006382,SMA NEGERI 2 NUNUKAN SELATAN,https://sekolah.data.kemdikbud.go.id/index.php/Chome/profil/E2D5933A-0DDB-4E1C-B03A-CFA8F3281E9D,Jl. Hj Mare Uddani No 1 RT 07 Kec. Nunuk... Mansapa Kec. Nunukan Selatan Kab. Nunukan Prov. Kalimantan Utara,Kab. Nunukan,,Kalimantan Utara
20252198,SMA TALENTA,https://sekolah.data.kemdikbud.go.id/index.php/Chome/profil/33B2CAD6-E35C-4EDB-9321-CFAC9C6E58C3,JL. TAMAN KOPO INDAH 3 BLOK F-1 Mekar Rahayu Kec. Margaasih Kab. Bandung Prov. Jawa Barat,Kab. Bandung,,Jawa Barat
50100390,SMA Negeri 1 Gerokgak,https://sekolah.data.kemdikbud.go.id/index.php/Chome/profil/8F61A6FD-8853-41AE-8A90-CFAD053FDED6,DESA SANGGALANGIT Sanggalangit Kec. Gerokgak Kab. Buleleng Prov. Bali,Kab. Buleleng,,Bali
20309680,SMA NEGERI 1 KARANGANOM,https://sekolah.data.kemdikbud.go.id/index.php/Chome/profil/4DAD641F-D90B-42C1-BD25-CFB454662BB6,JL. RAYA 3 KARANGANOM Karanganom Kec. Karanganom Kab. Klaten Prov. Jawa Tengah,Kab. Klaten,,Jawa Tengah
60302884,SMAN 4 MIMIKA,https://sekolah.data.kemdikbud.go.id/index.php/Chome/profil/DE764BBA-206B-4ABB-8893-CFB6DE0E3F2D,JLN. RAYA SP. V TIMIKA Wanagon Kec. Mimika Baru Kab. Mimika Prov. Papua Tengah,Kab. Mimika,,Papua Tengah
69946949,SMAN 1 GOLEWA SELATAN,https://sekolah.data.kemdikbud.go.id/index.php/Chome/profil/30130D53-BC51-4441-A698-CFBB0286ED21,Were II Were Ii Kec. Golewa Selatan Kab. Ngada Prov. Nusa Tenggara Timur,Kab. Ngada,,Nusa Tenggara Timur
69854724,SMA NEGERI 2 INDRALAYA UTARA,https://sekolah.data.kemdikbud.go.id/index.php/Chome/profil/4A82D451-19EE-4B55-ACD1-CFBF618BC35B,KOMPLEKS BUMI INDRALAYA PERMAI (BIP) KEL... Timbangan Kec. Indralaya Utara Kab. Ogan Ilir Prov. Sumatera Selatan,Kab. Ogan Ilir,,Sumatera Selatan
20231301,SMAS AL MUKLISIN,https://sekolah.data.kemdikbud.go.id/index.php/Chome/profil/1D4B8A51-17E1-40A6-A188-CFC068810792,JL. H. USA PO BOX 23 /PRU CISEENG Kabupa... Cibentang Kec. Ciseeng Kab. Bogor Prov. Jawa Barat,Kab. Bogor,,Jawa Barat
10204060,SMAN 1 PULAU RAKYAT,https://sekolah.data.kemdikbud.go.id/index.php/Chome/profil/6CDEFC56-64E8-4FF5-9B2D-CFC2EF07DAED,JL. DUSUN II P. RAKYAT Pulau Rakyat Tua Kec. Pulau Rakyat Kab. Asahan Prov. Sumatera Utara,Kab. Asahan,,Sumatera Utara
20601865,SMAS AL BAYAN RANGKASBITUNG,https://sekolah.data.kemdikbud.go.id/index.php/Chome/profil/33389420-F28A-41BD-85FF-CFC5C274505C,JL. RAYA CIKANDE KM. 10 CIGALEMPONG Nameng Kec. Rangkasbitung Kab. Lebak Prov. Banten,Kab. Lebak,,Banten
50202500,SMA NEGERI 1 LENEK,https://sekolah.data.kemdikbud.go.id/index.php/Chome/profil/AEC11014-702B-4692-9576-CFC93840C279,JL. DANE RAHIL LENEK DAYA Lenek Daya Kec. Aikmel Kab. Lombok Timur Prov. Nusa Tenggara Barat,Kab. Lombok Timur,,Nusa Tenggara Barat
30405631,SMAN 8 PPU,https://sekolah.data.kemdikbud.go.id/index.php/Chome/profil/F155F74A-332B-4F83-8E16-CFCC6D9F1E99,"JL. COASTAL ROAD KM.1,5 NIPAH-NIPAH Nipah Nipah Kec. Penajam Kab. Penajam Paser Utara Prov. Kalimantan Timur",Kab. Penajam Paser Utara,,Kalimantan Timur
30106120,SMAN 1 BELITANG,https://sekolah.data.kemdikbud.go.id/index.php/Chome/profil/63054BB8-D637-4705-8E52-CFD1EE2AD404,"JL. HM. SALEH ALI, BELITANG II Belitang Dua Kec. Belitang Kab. Sekadau Prov. Kalimantan Barat",Kab. Sekadau,,Kalimantan Barat
20101586,SMAN 85 JAKARTA,https://sekolah.data.kemdikbud.go.id/index.php/Chome/profil/15857E34-8B92-49B3-AB21-CFD2F7B0A51E,JL. SRENGSENG RAYA Srengseng Kec. Kembangan Kota Adm. Jakarta Barat Prov. D.K.I. Jakarta,,Kota Adm. Jakarta Barat,D.K.I. Jakarta
69832004,SMA Negeri 50 Maluku Tengah,https://sekolah.data.kemdikbud.go.id/index.php/Chome/profil/1CCCE355-E61A-40DA-BABD-CFD60EDD78CE,Tananahu Tananahu Kec. Teluk Elpaputih Kab. Maluku Tengah Prov. Maluku,Kab. Maluku Tengah,,Maluku
20548722,SMAS MAARIF NU MAMBAUL ULUM,https://sekolah.data.kemdikbud.go.id/index.php/Chome/profil/930DCDE9-99F6-41A9-8F3C-CFD8EE77C1A2,JL. RONGGOPATI NO. 56 DESA WANAR KEC. PU... Wanar Kec. Pucuk Kab. Lamongan Prov. Jawa Timur,Kab. Lamongan,,Jawa Timur
20103173,SMA PEMBANGUNAN III YPI,https://sekolah.data.kemdikbud.go.id/index.php/Chome/profil/D240FD65-FC52-4554-901E-CFDD3C52D448,RAYA BEKASI KM. 18 Jatinegara Kec. Cakung Kota Adm. Jakarta Timur Prov. D.K.I. Jakarta,,Kota Adm. Jakarta Timur,D.K.I. Jakarta
69894224,SMAN 5 BAGAN SINEMBAH,https://sekolah.data.kemdikbud.go.id/index.php/Chome/profil/DAC7E3E4-ED58-4CCC-9972-CFE66E9153A9,JL. MELATI Kencana Kec. Bagan Sinembah Kab.  Rokan Hilir Prov. Riau,Kab.  Rokan Hilir,,Riau
69896002,SMA PLUS AL-QOMARIYAH WALAHIR,https://sekolah.data.kemdikbud.go.id/index.php/Chome/profil/7CEB0B0F-3593-4874-84E5-CFECCB609A0E,JL. WALAHIR No. 2 Cintadamai Kec. Sukaresmi Kab. Garut Prov. Jawa Barat,Kab. Garut,,Jawa Barat
20309684,SMA NEGERI 1 CAWAS,https://sekolah.data.kemdikbud.go.id/index.php/Chome/profil/B16ED1EC-51C7-46BC-8CF5-CFF68093C4A5,"Tugu RT.1 RW.6, Kec. Cawas, Kab. Klaten ... Tugu Kec. Cawas Kab. Klaten Prov. Jawa Tengah",Kab. Klaten,,Jawa Tengah
20623131,SMAS ADITYA KARYA,https://sekolah.data.kemdikbud.go.id/index.php/Chome/profil/C918D0F8-35A4-4E0B-8214-CFFE4874EBBA,JL. NAGREG RT. 01/09 Laksana Kec. Pakuhaji Kab. Tangerang Prov. Banten,Kab. Tangerang,,Banten
10208165,SMAN 1 MUARA SIPONGI,https://sekolah.data.kemdikbud.go.id/index.php/Chome/profil/299C160C-D1CB-4525-AA59-D000E8CAE3FD,JL. MEDAN PADANG Muara Kumpulan Kec. Muara Sipongi Kab. Mandailing Natal Prov. Sumatera Utara,Kab. Mandailing Natal,,Sumatera Utara
50204014,SMAN 1 SOROMANDI,https://sekolah.data.kemdikbud.go.id/index.php/Chome/profil/08E0DFF4-1476-4815-BBCD-D001816A567F,JL LINTAS SOROMANDI BAJO KEC SOROMANDI B... Bajo Kec. Soromandi Kab. Bima Prov. Nusa Tenggara Barat,Kab. Bima,,Nusa Tenggara Barat
10403689,SMAN 1 BENAI,https://sekolah.data.kemdikbud.go.id/index.php/Chome/profil/CD29229E-37C4-461A-8910-D0039B8C2ACE,Jl. Soekarno Hatta NO 01 Benai Benai Kec. Benai Kab. Kuantan Singingi Prov. Riau,Kab. Kuantan Singingi,,Riau
70051572,SMA IT WAHDAH ISLAMIYAH BARRU,https://sekolah.data.kemdikbud.go.id/index.php/Chome/profil/F7EB5F8E-88A4-443C-887C-D0055118FE7B,Jl. Melati Kel. Sumpang Minangae Kec. Ba... Sumpang Binangae Kec. Barru Kab. Barru Prov. Sulawesi Selatan,Kab. Barru,,Sulawesi Selatan
30312528,SMAN 2 MARTAPURA,https://sekolah.data.kemdikbud.go.id/index.php/Chome/profil/7EA2FD5C-3143-4B80-8F57-D0119D125527,JALAN SMA MTP Indra Sari Kec. Martapura Kab. Banjar Prov. Kalimantan Selatan,Kab. Banjar,,Kalimantan Selatan
20219729,SMAS BINA BHAKTI 2,https://sekolah.data.kemdikbud.go.id/index.php/Chome/profil/CA73BA7D-4540-48CF-A65E-D011EA3DFA3A,JL. BIMA NO. 9 Arjuna Kec. Cicendo Kota Bandung Prov. Jawa Barat,,Kota Bandung,Jawa Barat
11000221,SMAN 2 KUNDUR,https://sekolah.data.kemdikbud.go.id/index.php/Chome/profil/7A546486-7768-4117-8B45-D013E62721BE,JL. HANG TUAH KM. 4 TG. BERLIAN TANJUNG BERLIAN KOTA Kec. Kundur Utara Kab. Karimun Prov. Kepulauan Riau,Kab. Karimun,,Kepulauan Riau
30405320,SMA NEGERI 2 SEBULU,https://sekolah.data.kemdikbud.go.id/index.php/Chome/profil/0004CCC2-9278-4725-AE58-D01BC11F9D48,JL. PENDIDIKAN NO.1 Sumber Sari Kec. Sebulu Kab. Kutai Kartanegara Prov. Kalimantan Timur,Kab. Kutai Kartanegara,,Kalimantan Timur
10208721,SMAS HKBP DOLOKSANGGUL,https://sekolah.data.kemdikbud.go.id/index.php/Chome/profil/FE1EE88C-CEE3-4BA1-8D23-D01F6CDAAC2F,JL. LETKOL GA. MANULLANG Pasar Dolok Sanggul Kec. Doloksanggul Kab. Humbang Hasundutan Prov. Sumatera Utara,Kab. Humbang Hasundutan,,Sumatera Utara
69964280,SMA NEGERI 3 PERANAP,https://sekolah.data.kemdikbud.go.id/index.php/Chome/profil/859CF099-2219-4EBE-AAA8-D0203892A635,Jln. Poros Katipo Desa Pauhranap Pauh Ranap Kec. Peranap Kab. Indragiri Hulu Prov. Riau,Kab. Indragiri Hulu,,Riau
40310792,SMAN 6 LUWU,https://sekolah.data.kemdikbud.go.id/index.php/Chome/profil/5C48523F-B9D5-45FA-AC77-D0206574D8B1,JL. RANTAI DAMAI Baramamase Kec. Walenrang Kab. Luwu Prov. Sulawesi Selatan,Kab. Luwu,,Sulawesi Selatan
20554194,SMAS ASSULTHONIYAH,https://sekolah.data.kemdikbud.go.id/index.php/Chome/profil/5CD046B2-81F1-4740-8662-D0215E19142B,JL. KH SULTHON 01 Triwung Kidul Kec. Kademangan Kota Probolinggo Prov. Jawa Timur,,Kota Probolinggo,Jawa Timur
69988383,SMA NEGERI 11 BENGKULU SELATAN,https://sekolah.data.kemdikbud.go.id/index.php/Chome/profil/4A3BA587-4340-4B03-A724-D023D872F109,Jl. Desa keban jati kec. ulu manna kab. ... Keban Jati Kec. Ulu Manna Kab. Bengkulu Selatan Prov. Bengkulu,Kab. Bengkulu Selatan,,Bengkulu
10113045,SMAN 1 JANGKA BUYA,https://sekolah.data.kemdikbud.go.id/index.php/Chome/profil/E54E0654-16A4-47C9-84E0-D024A13D07E2,JL.JANGKA BUYA - SAMALANGA Keude Jangka Buya Kec. Jangka Buya Kab. Pidie Jaya Prov. Aceh,Kab. Pidie Jaya,,Aceh
70001765,SMA Negeri 3 Loa Kulu,https://sekolah.data.kemdikbud.go.id/index.php/Chome/profil/CA9235E7-D6E7-42A1-BA1C-D02A693AE054,Jl. Mandiri RT 02 Sungai Payang Kec. Loa Kulu Kab. Kutai Kartanegara Prov. Kalimantan Timur,Kab. Kutai Kartanegara,,Kalimantan Timur
70032560,SMA Negeri Tengah Tani,https://sekolah.data.kemdikbud.go.id/index.php/Chome/profil/40CB4C27-DB53-46DF-A82E-D0308FA74A09,Jl. Pahlawan No. 66 Dawuan Kec. Tengah Tani Kab. Cirebon Prov. Jawa Barat,Kab. Cirebon,,Jawa Barat
10104880,SMA NEGERI 6 ACEH BARAT DAYA,https://sekolah.data.kemdikbud.go.id/index.php/Chome/profil/80820864-BB55-4B3F-B3EA-D030E494AD5E,JL. GUHANG NO. 34 Cot Mane Kec. Jeumpa Kab. Aceh Barat Daya Prov. Aceh,Kab. Aceh Barat Daya,,Aceh
40100348,SMA NEGERI 1 KOTAMOBAGU,https://sekolah.data.kemdikbud.go.id/index.php/Chome/profil/F1A20052-0579-441B-A2EB-D0405306490C,JL. A.R.HAKIM NO 91 KOTAMOBAGU Biga Kec. Kotamobagu Utara Kota Kotamobagu Prov. Sulawesi Utara,,Kota Kotamobagu,Sulawesi Utara
30204481,SMA NEGERI 2 DANAU SEMBULUH,https://sekolah.data.kemdikbud.go.id/index.php/Chome/profil/2C45A245-CC8D-4239-ACDE-D040F71BAA8B,JL. JARENANG NO.01 DESA TELAGA PULANG Ke... Telaga Pulang Kec. Danau Sembuluh Kab. Seruyan Prov. Kalimantan Tengah,Kab. Seruyan,,Kalimantan Tengah
70048264,SMA Unggul Skylandsea Yappsu,https://sekolah.data.kemdikbud.go.id/index.php/Chome/profil/6DC64849-5371-4206-8E95-D04147756010,"Jl Medan Km.24,5 Perdamaian Kec. Tanjung Morawa Kab. Deli Serdang Prov. Sumatera Utara",Kab. Deli Serdang,,Sumatera Utara
70029712,SMA ISLAM TERPADU ANDALAN INTERNASIONAL BOARDING SCHOOL KABUPATEN BONE,https://sekolah.data.kemdikbud.go.id/index.php/Chome/profil/4BC5AF9D-3F97-441D-81AF-D0415CD67BD4,Jl. Manurungnge Manurungnge Kec. Tanete Riattang Kab. Bone Prov. Sulawesi Selatan,Kab. Bone,,Sulawesi Selatan
70051238,SMA CITRA NEGARA,https://sekolah.data.kemdikbud.go.id/index.php/Chome/profil/4F68E4FA-94FB-4A1A-BCE0-D04329B00E2C,Jl. Raya Tanah Baru Kemiri Jaya 2 RT. 03... Beji Kec. Beji Kota Depok Prov. Jawa Barat,,Kota Depok,Jawa Barat
20313071,SMAS MUHAMMADIYAH 2 GEMOLONG,https://sekolah.data.kemdikbud.go.id/index.php/Chome/profil/013952B8-3D94-434B-B2D3-D047F543F970,JL. SUKOWATI GEMOLONG Kel. Gemolong Kec. Gemolong Kab. Sragen Prov. Jawa Tengah,Kab. Sragen,,Jawa Tengah
69987169,SMA ISLAM PLUS AL-IKHLAS NW POHGADING,https://sekolah.data.kemdikbud.go.id/index.php/Chome/profil/11CE065F-8320-4516-A87E-D063616F0060,JL. TANJUNG POHGADING Pohgading Kec. Pringgabaya Kab. Lombok Timur Prov. Nusa Tenggara Barat,Kab. Lombok Timur,,Nusa Tenggara Barat
40202046,SMAN 1 LAKEA,https://sekolah.data.kemdikbud.go.id/index.php/Chome/profil/E7E9741C-D617-487A-B991-D06B73CF3166,JL. TRANS SULAWESI LAKEA 1 Kec. Lakea Kab. Buol Prov. Sulawesi Tengah,Kab. Buol,,Sulawesi Tengah
10505963,SMAN 10 TANJUNG JABUNG TIMUR,https://sekolah.data.kemdikbud.go.id/index.php/Chome/profil/8172391B-BDC5-413D-84D2-D077FBF3A184,JL. LINTAS JAMBI - SABAK Suka Maju Kec. Geragai Kab. Tanjung Jabung Timur Prov. Jambi,Kab. Tanjung Jabung Timur,,Jambi
10212198,SMAS KESUMA INDAH,https://sekolah.data.kemdikbud.go.id/index.php/Chome/profil/AED7306E-64B6-4026-A4C8-D0799F1C9AFC,JL. BATANG GADIS NO. 9 Wek V Kec. Padang Sidimpuan Selatan Kota Padang Sidempuan Prov. Sumatera Utara,,Kota Padang Sidempuan,Sumatera Utara
69882327,SMA FAJRUL KARIM,https://sekolah.data.kemdikbud.go.id/index.php/Chome/profil/1A4C540F-346B-41B2-B624-D07A8C52D951,Kp. Kadomas Cinangka Kec. Cinangka Kab. Serang Prov. Banten,Kab. Serang,,Banten
40307801,SMAN 1 PALOPO,https://sekolah.data.kemdikbud.go.id/index.php/Chome/profil/D4045D4E-D9D5-4EE1-A91C-D07AD1FC5695,JL. A. PANGERANG NO. 4 Luminda Kec. Wara Utara Kota Palopo Prov. Sulawesi Selatan,,Kota Palopo,Sulawesi Selatan
10102259,SMA NEGERI 6 TAKENGON,https://sekolah.data.kemdikbud.go.id/index.php/Chome/profil/114CC18C-0EE2-46DD-82FD-D07C77C7F3A8,JL. ANGKUP - RUSIP ANTARA Semelit Mutiara Kec. Silih Nara Kab. Aceh Tengah Prov. Aceh,Kab. Aceh Tengah,,Aceh
70048525,SMA ISLAM AL AZHAR 35 CILACAP,https://sekolah.data.kemdikbud.go.id/index.php/Chome/profil/041811A2-CA93-47F0-A6D7-D07DDF198181,Jl. Galunggung No. 8 Sidanegara Kec. Cilacap Tengah Kab. Cilacap Prov. Jawa Tengah,Kab. Cilacap,,Jawa Tengah
20302183,SMA NEGERI 1 JATILAWANG,https://sekolah.data.kemdikbud.go.id/index.php/Chome/profil/46E05585-BF9B-4CB9-93B6-D081E46397DB,JL. RAYA NO 376 JATILAWANG Tunjung Kec. Jatilawang Kab. Banyumas Prov. Jawa Tengah,Kab. Banyumas,,Jawa Tengah
10208953,SMAS ST MIKHAEL PANGURURAN,https://sekolah.data.kemdikbud.go.id/index.php/Chome/profil/12608483-ACC2-4E78-8ABD-D082802C5010,JL. U.A. SUGIOPRANOTO Pardomuan I Kec. Pangururan Kab. Samosir Prov. Sumatera Utara,Kab. Samosir,,Sumatera Utara
10214140,SMAS NILA HARAPAN SUNGGAL,https://sekolah.data.kemdikbud.go.id/index.php/Chome/profil/B68DDC28-CD2C-4F0F-B7BE-D083693E15AA,JL. BINJAI KM. 11.2 Mulyorejo Kec. Sunggal Kab. Deli Serdang Prov. Sumatera Utara,Kab. Deli Serdang,,Sumatera Utara
20232409,SMAS YAPIDA,https://sekolah.data.kemdikbud.go.id/index.php/Chome/profil/BD1A2C2B-8A5D-40E1-A668-D08B49A526FB,"Jl. KH. Tb. Asep Basri, Kp. Sanding RT. ... Bojong Nangka Kec. Gunungputri Kab. Bogor Prov. Jawa Barat",Kab. Bogor,,Jawa Barat
60300640,SMA NEGERI 3 MERAUKE,https://sekolah.data.kemdikbud.go.id/index.php/Chome/profil/7CFDFD94-5878-478C-93E5-D08D222C474B,JL.KAMIZAUN MERAUKE Muli Kec. Merauke Kab. Merauke Prov. Papua Selatan,Kab. Merauke,,Papua Selatan
20101611,SMAS SENTOSA,https://sekolah.data.kemdikbud.go.id/index.php/Chome/profil/49802BA5-06AF-40D8-AC9F-D08EDF8DCB83,JL. MADU NO. 276 Mangga Besar Kec. Taman Sari Kota Adm. Jakarta Barat Prov. D.K.I. Jakarta,,Kota Adm. Jakarta Barat,D.K.I. Jakarta
60103096,SMAS LKMD LAHA,https://sekolah.data.kemdikbud.go.id/index.php/Chome/profil/88A0628C-DE11-43E1-B498-D090C83AEC29,JL. SULTAN KHAIRUN DJAMIL Laha Kec. Teluk Ambon Kota Ambon Prov. Maluku,,Kota Ambon,Maluku
50309383,SMAS BINA MANDIRI SUKABI,https://sekolah.data.kemdikbud.go.id/index.php/Chome/profil/B2C9F6C3-98A3-47D1-94DC-D09143744F03,Jl. Susteran Wedik-Desa Kamanasa Kamanasa Kec. Malaka Tengah Kab. Malaka Prov. Nusa Tenggara Timur,Kab. Malaka,,Nusa Tenggara Timur
60300593,SMA YPPK YOANES XXIII MERAUKE,https://sekolah.data.kemdikbud.go.id/index.php/Chome/profil/E0DBC7C1-F4BE-427F-8B28-D0995C4F6C8B,JL. KIMAAM NO.4 Maro Kec. Merauke Kab. Merauke Prov. Papua Selatan,Kab. Merauke,,Papua Selatan
20554395,SMA NEGERI 1 PLUMPANG TUBAN,https://sekolah.data.kemdikbud.go.id/index.php/Chome/profil/E23A1644-F2A6-4092-AF7A-D099BB20BEFE,Jl. Raya Pakah - Plumpang Km-1 Sumberagung Kec. Plumpang Kab. Tuban Prov. Jawa Timur,Kab. Tuban,,Jawa Timur
70052009,SMA Islam Terpadu IQRO Stabat,https://sekolah.data.kemdikbud.go.id/index.php/Chome/profil/44F350AF-22C8-4EC9-B484-D0A3567E8499,Jl. Kenanga Lingk I Sidomulyo Kec. Stabat Kab. Langkat Prov. Sumatera Utara,Kab. Langkat,,Sumatera Utara
20107289,SMA CHARITAS,https://sekolah.data.kemdikbud.go.id/index.php/Chome/profil/1E281E62-74EA-4699-B8FB-D0A6176CCF47,JL. MAWAR INDAH 75 Lebak Bulus Kec. Cilandak Kota Adm. Jakarta Selatan Prov. D.K.I. Jakarta,,Kota Adm. Jakarta Selatan,D.K.I. Jakarta
40202947,SMAN 1 PALASA,https://sekolah.data.kemdikbud.go.id/index.php/Chome/profil/E9F5D9D2-77AE-4E05-A5F7-D0A63F74655E,Jl. Trans Sulawesi Palasa Kec. Palasa Kab. Parigi Moutong Prov. Sulawesi Tengah,Kab. Parigi Moutong,,Sulawesi Tengah
10260219,SMAS HARAPAN BARU,https://sekolah.data.kemdikbud.go.id/index.php/Chome/profil/64BBC45E-217C-4BE3-9FE7-D0A6AF2811CB,JL.PINTU AIR IV/ LINGGA RAYA Kwala Bekala Kec. Medan Johor Kota Medan Prov. Sumatera Utara,,Kota Medan,Sumatera Utara
69786907,SMAN 16 TANJUNG JABUNG  BARAT,https://sekolah.data.kemdikbud.go.id/index.php/Chome/profil/468D0BFF-0468-43D8-91D9-D0A6FE59DF9E,JL. LINTAS DESA BETARA KIRI Kec. Kuala Betara Kab. Tanjung Jabung Barat Prov. Jambi,Kab. Tanjung Jabung Barat,,Jambi
50308607,SMAS K ST ARNOLDUS MUKUN,https://sekolah.data.kemdikbud.go.id/index.php/Chome/profil/2A1B09A6-9D94-4E5C-8EC9-D0B976BDAC50,MUKUN Golomeni Kec. Kota Komba Kab. Manggarai Timur Prov. Nusa Tenggara Timur,Kab. Manggarai Timur,,Nusa Tenggara Timur
69970864,SMA TAKHASSUS AL QURAN TARUB,https://sekolah.data.kemdikbud.go.id/index.php/Chome/profil/EC3BFCE8-A147-4D8E-B80A-D0BBEC921DF0,JL. ANGGREK NO 9 KOMPLEK PONPES AL AMIN Bulakwaru Kec. Tarub Kab. Tegal Prov. Jawa Tengah,Kab. Tegal,,Jawa Tengah
10212131,SMAN 3 SIBOLGA,https://sekolah.data.kemdikbud.go.id/index.php/Chome/profil/EFDD588D-E3E0-4C4D-A3CF-D0BCB6FE6DE3,JL. LETJEN R. SUPRAPTO NO. 65 SIBOLGA Pancuran Gerobak Kec. Sibolga Kota Kota Sibolga Prov. Sumatera Utara,,Kota Sibolga,Sumatera Utara
69915198,SMA ISLAM NW SUGIAN,https://sekolah.data.kemdikbud.go.id/index.php/Chome/profil/FFE3EC82-690F-4386-992E-D0BCF196E425,Jln.Raya Sambalia - SPN Belanting Sugian Kec. Sambelia Kab. Lombok Timur Prov. Nusa Tenggara Barat,Kab. Lombok Timur,,Nusa Tenggara Barat
20571619,SMAS A YUDA NEGARA,https://sekolah.data.kemdikbud.go.id/index.php/Chome/profil/B266A73B-1D0F-4D38-BDB1-D0C2B588564B,JL. KIAI ABDULLAH PAORAMPAK Alas Kembang Kec. Burneh Kab. Bangkalan Prov. Jawa Timur,Kab. Bangkalan,,Jawa Timur
20231728,SMAS YATAMA,https://sekolah.data.kemdikbud.go.id/index.php/Chome/profil/C7C4D4A9-FA15-40BA-AC25-D0C50DA7182C,JL. RAYA JATIWARINGIN NO.76 Jaticempaka Kec. Pondokgede Kota Bekasi Prov. Jawa Barat,,Kota Bekasi,Jawa Barat
20100174,SMAS PERGURUAN NASIONAL JAKARTA,https://sekolah.data.kemdikbud.go.id/index.php/Chome/profil/B5991E01-114F-4F13-AF7F-D0C5B6F2DDCE,JL. CEMPAKA BARU TIMUR I NO. 1 Cempaka Baru Kec. Kemayoran Kota Adm. Jakarta Pusat Prov. D.K.I. Jakarta,,Kota Adm. Jakarta Pusat,D.K.I. Jakarta
50304936,SMA KI HAJAR DEWANTORO,https://sekolah.data.kemdikbud.go.id/index.php/Chome/profil/B276853D-E4BE-4220-B92E-D0C647016958,JL. NANGKA Oebobo Kec. Oebobo Kota Kupang Prov. Nusa Tenggara Timur,,Kota Kupang,Nusa Tenggara Timur
20100188,SMA KRISTEN BETHEL,https://sekolah.data.kemdikbud.go.id/index.php/Chome/profil/7E54FE1A-C14C-4023-BC1F-D0C65478A4A4,JL. PETAMBURAN IV NO.4 Petamburan Kec. Tanah Abang Kota Adm. Jakarta Pusat Prov. D.K.I. Jakarta,,Kota Adm. Jakarta Pusat,D.K.I. Jakarta
69972246,SMA GLOBAL MANDIRI,https://sekolah.data.kemdikbud.go.id/index.php/Chome/profil/A94D253E-343F-4A10-8A9B-D0CE01B73399,Jl. Raya Cakung Cilincing Km. 05 Cakung Timur Kec. Cakung Kota Adm. Jakarta Timur Prov. D.K.I. Jakarta,,Kota Adm. Jakarta Timur,D.K.I. Jakarta
20606291,SMAS AL MA ARIF,https://sekolah.data.kemdikbud.go.id/index.php/Chome/profil/B05DB3CD-B4E3-47B5-A18F-D0D0F4A4E910,JL. PABEAN NO. 2 TEGAL BUNDER Tegal Bunder Kec. Purwakarta Kota Cilegon Prov. Banten,,Kota Cilegon,Banten
69727660,SMAN 1 PARIGI UTARA,https://sekolah.data.kemdikbud.go.id/index.php/Chome/profil/45EEC891-A955-4451-97A0-D0D468BC6653,JL. DATUK KARAMA Toboli Barat Kec. Parigi Utara Kab. Parigi Moutong Prov. Sulawesi Tengah,Kab. Parigi Moutong,,Sulawesi Tengah
20203734,SMA NEGERI 1 SUKANAGARA,https://sekolah.data.kemdikbud.go.id/index.php/Chome/profil/B61CC65E-D99A-4498-8185-D0DD75940716,JL. RAYA SUKANAGARA NO.1 SUKAMEKAR Kec. Sukanagara Kab. Cianjur Prov. Jawa Barat,Kab. Cianjur,,Jawa Barat
40205691,SMAN 2 BUNTA,https://sekolah.data.kemdikbud.go.id/index.php/Chome/profil/48AF2473-D27D-46AD-B391-D0E18BD8337B,JL. AHMAD DAHLAN NO. 4 Beringin Jaya Kec. Simpang Raya Kab. Banggai Prov. Sulawesi Tengah,Kab. Banggai,,Sulawesi Tengah
10496865,SMAN 3 BAGAN SINEMBAH,https://sekolah.data.kemdikbud.go.id/index.php/Chome/profil/5033E387-B9E6-4140-A3A3-D0E4A740F2C0,JL. BORTREM JAYA BAGAN SINEMBAH BARAT Kec. Bagan Sinembah Kab.  Rokan Hilir Prov. Riau,Kab.  Rokan Hilir,,Riau
20606814,SMAN 8 Tangerang,https://sekolah.data.kemdikbud.go.id/index.php/Chome/profil/6F03D836-9D41-420F-A264-D0E6821C3ABF,JL. BESI RAYA PERUMNAS II TANGERANG Cibodas Baru Kec. Cibodas Kota Tangerang Prov. Banten,,Kota Tangerang,Banten
20231313,SMAS MAFAZAH,https://sekolah.data.kemdikbud.go.id/index.php/Chome/profil/161A0825-A432-41F8-8AA8-D0E7CBB8E6B0,Jl. Moh Noh Nur Barengkok RT.002 RW.001 Barengkok Kec. Leuwiliang Kab. Bogor Prov. Jawa Barat,Kab. Bogor,,Jawa Barat
20219774,SMAS PASUNDAN 8 BANDUNG,https://sekolah.data.kemdikbud.go.id/index.php/Chome/profil/9C93828C-F90B-4352-B719-D0EA1B8C59DC,JL. CIHAMPELAS NO. 167 Cipaganti Kec. Coblong Kota Bandung Prov. Jawa Barat,,Kota Bandung,Jawa Barat
20305027,SMA NEGERI 1 PETANAHAN,https://sekolah.data.kemdikbud.go.id/index.php/Chome/profil/0C28EF2B-9D91-43CD-9100-D0EADAEE87F8,JL. DESA TRESNOREJO Tresnorejo Kec. Petanahan Kab. Kebumen Prov. Jawa Tengah,Kab. Kebumen,,Jawa Tengah
30203613,SMA NEGERI 1 KAPUAS MURUNG,https://sekolah.data.kemdikbud.go.id/index.php/Chome/profil/613C8476-E994-415C-B7A2-D0F03190A751,JL. TRANS PALINGKAU KEC.KPS MURUNG Palingkau Lama Kec. Kapuas Murung Kab. Kapuas Prov. Kalimantan Tengah,Kab. Kapuas,,Kalimantan Tengah
10495586,SMA NEGERI 2 TANDUN,https://sekolah.data.kemdikbud.go.id/index.php/Chome/profil/2C21346A-7AC0-43E2-BB6A-D0F495AC3F5F,JL.PELITA 7 DAYO Dayo Kec. Tandun Kab.  Rokan Hulu Prov. Riau,Kab.  Rokan Hulu,,Riau
69775313,SMAN 2 MORI ATAS,https://sekolah.data.kemdikbud.go.id/index.php/Chome/profil/9561C6CF-B36D-4979-BEB7-D0F4C6A20061,Jl. Tomata_Pape No.007 Saemba Kec. Mori Atas Kab. Morowali Utara Prov. Sulawesi Tengah,Kab. Morowali Utara,,Sulawesi Tengah
70054327,SMA Islam Al Azhar 34 Yogyakarta,https://sekolah.data.kemdikbud.go.id/index.php/Chome/profil/5041BB4E-FDFE-4BB8-800F-D100B4160094,Jl. Siliwangi (Ring Road Barat) Banyuraden Kec. Gamping Kab. Sleman Prov. D.I. Yogyakarta,Kab. Sleman,,D.I. Yogyakarta
40300672,SMAN 7 PANGKAJENE DAN KEPULAUAN,https://sekolah.data.kemdikbud.go.id/index.php/Chome/profil/3EDDDE2A-912D-4059-88DB-D10102C19B1E,PULAU BALANG LOMPO Mattiro Sompe Kec. Liukang Tapabbiring Kab. Pangkajene Dan Kepulauan Prov. Sulawesi Selatan,Kab. Pangkajene Dan Kepulauan,,Sulawesi Selatan
69972821,SMA Cahaya Islam,https://sekolah.data.kemdikbud.go.id/index.php/Chome/profil/778B88DF-B9DB-41AF-83AE-D1091D992715,Jorong Tabiang Kenagarian Sungai Kamuyan... Sungai Kamuyang Kec. Luak Kab. Lima Puluh Kota Prov. Sumatera Barat,Kab. Lima Puluh Kota,,Sumatera Barat
10900209,SMAS MUHAMMADIYAH SUNGAILIAT,https://sekolah.data.kemdikbud.go.id/index.php/Chome/profil/1E9F21DD-61F8-4FD7-AF22-D11472D7407A,JL. CENDRAWASIH IV SRIMENANTI Kec. Sungailiat Kab. Bangka Prov. Kepulauan Bangka Belitung,Kab. Bangka,,Kepulauan Bangka Belitung
20551645,SMAN 1 PAITON,https://sekolah.data.kemdikbud.go.id/index.php/Chome/profil/20543AC2-2BCF-42E5-9BD1-D12256817048,JL. PAKUNIRAN PAITON Sukodadi Kec. Paiton Kab. Probolinggo Prov. Jawa Timur,Kab. Probolinggo,,Jawa Timur
69950405,SMAS IT IMAM SYAFII,https://sekolah.data.kemdikbud.go.id/index.php/Chome/profil/270E27BB-63AF-44C7-B850-D127678302EB,"Jl. HANG LEKIU NO. 03 BATU BESAR, NONGSA Sambau Kec. Nongsa Kota Batam Prov. Kepulauan Riau",,Kota Batam,Kepulauan Riau
69757497,SMAS AL KAUTSAR,https://sekolah.data.kemdikbud.go.id/index.php/Chome/profil/1660DA83-F68D-44F4-8369-D127DEB755EE,JL.RAMBUTAN RAYA KP.SOMANG RT 02/03 Parung Panjang Kec. Parungpanjang Kab. Bogor Prov. Jawa Barat,Kab. Bogor,,Jawa Barat
40304856,SMAN 1 KEPULAUAN SELAYAR,https://sekolah.data.kemdikbud.go.id/index.php/Chome/profil/86A64C27-B0C4-4860-A871-D13422A589B1,JL. KEMIRI NO 4 BENTENG Benteng Kec. Benteng Kab. Kepulauan Selayar Prov. Sulawesi Selatan,Kab. Kepulauan Selayar,,Sulawesi Selatan
20254341,SMAS AL QODIRIYAH CIBEBER,https://sekolah.data.kemdikbud.go.id/index.php/Chome/profil/8BC3CD4C-C320-4CDE-8F70-D13D23D1579D,JL. CIBAREGBEG Km. 5 Cibaregbeg Kec. Cibeber Kab. Cianjur Prov. Jawa Barat,Kab. Cianjur,,Jawa Barat
10806001,SMAN 1 BANDAR SRIBHAWONO,https://sekolah.data.kemdikbud.go.id/index.php/Chome/profil/D162609A-DE80-45A7-B697-D14006C8B419,JL. IR. SUTAMI KM.59 Sri Bawono Kec. Bandar Sribhawono Kab. Lampung Timur Prov. Lampung,Kab. Lampung Timur,,Lampung
20523793,SMAS 2 DIPONEGORO WULUHAN,https://sekolah.data.kemdikbud.go.id/index.php/Chome/profil/E3EA738B-FA95-4070-97BB-D14342EE165E,JL. PAHLAWAN  186 Dukuh Dempok Kec. Wuluhan Kab. Jember Prov. Jawa Timur,Kab. Jember,,Jawa Timur
10803041,SMAN 1 SUNGKAI SELATAN,https://sekolah.data.kemdikbud.go.id/index.php/Chome/profil/6AE72276-6865-46BB-9017-D14D6ADD9546,JL.PG BUNGA MAYANG Ketapang Kec. Sungkai Selatan Kab. Lampung Utara Prov. Lampung,Kab. Lampung Utara,,Lampung
10260918,SMA SWASTA YPK KEDAISIANAM,https://sekolah.data.kemdikbud.go.id/index.php/Chome/profil/972AC987-E064-4494-86B1-D15181D739B2,JL. H. MHD. ZEN JAWI GUNTUNG Kec. Lima Puluh Kab. Batu Bara Prov. Sumatera Utara,Kab. Batu Bara,,Sumatera Utara
30304262,SMAN 9 BANJARMASIN,https://sekolah.data.kemdikbud.go.id/index.php/Chome/profil/FCFF2E03-72D5-494D-AD87-D15702DA0004,JL. TATAH BANGKAL LUAR NO. 1 RT.32 Kelayan Timur Kec. Banjarmasin Selatan Kota Banjarmasin Prov. Kalimantan Selatan,,Kota Banjarmasin,Kalimantan Selatan
20539373,SMAS DARUL ULUM NYAMPLONG,https://sekolah.data.kemdikbud.go.id/index.php/Chome/profil/57FF2602-06E5-4F13-B2A0-D158BDB7C4C3,JL. KH. ABD. FATTAH NYAMPLONG Sumberanyar Kec. Banyuputih Kab. Situbondo Prov. Jawa Timur,Kab. Situbondo,,Jawa Timur
20222383,SMAS KARTIKA III-5 CIREBON,https://sekolah.data.kemdikbud.go.id/index.php/Chome/profil/85C74080-8F5D-402C-95CC-D15A1958CBD8,JL. KARANG JALAK NO. 61 Sunyaragi Kec. Kesambi Kota Cirebon Prov. Jawa Barat,,Kota Cirebon,Jawa Barat
20603340,SMAS DWI PUTRA,https://sekolah.data.kemdikbud.go.id/index.php/Chome/profil/CD619D22-190F-492F-8C9E-D15B6714A89E,Jl.Aria Putra Bukit Nusa Indah Ciputat Buaran Kec. Serpong Kota Tangerang Selatan Prov. Banten,,Kota Tangerang Selatan,Banten
50100410,SMAS DWIJENDRA SINGARAJA,https://sekolah.data.kemdikbud.go.id/index.php/Chome/profil/DF2AE0D0-56DB-4821-A587-D15D9785CBFB,JL. KRESNA G/ III/5/ SINGARAJA Kendran Kec. Buleleng Kab. Buleleng Prov. Bali,Kab. Buleleng,,Bali
60100325,SMA Negeri 15 Maluku Tengah,https://sekolah.data.kemdikbud.go.id/index.php/Chome/profil/32D91A0F-35EA-4EBF-914C-D15F6CF31E8E,JL. BARU SUGIARTO Letwaru Kec. Masohi Kab. Maluku Tengah Prov. Maluku,Kab. Maluku Tengah,,Maluku
30300219,SMAS MUHAMMADIYAH MARTAPURA,https://sekolah.data.kemdikbud.go.id/index.php/Chome/profil/1C42214E-9D6C-43C4-9864-D164D75BF9DF,JL. BHAKTI GG. BAUNTUNG 4 NO. 19 Keraton Kec. Martapura Kab. Banjar Prov. Kalimantan Selatan,Kab. Banjar,,Kalimantan Selatan
20253827,SMA NEGERI 1 DARMA,https://sekolah.data.kemdikbud.go.id/index.php/Chome/profil/80DA5E19-866C-4F93-97EC-D16617B95788,JL. DESA CIPASUNG KM 15 Cipasung Kec. Darma Kab. Kuningan Prov. Jawa Barat,Kab. Kuningan,,Jawa Barat
69877294,SMA ALASYARY AL KHOZINY,https://sekolah.data.kemdikbud.go.id/index.php/Chome/profil/F0AD1038-A397-4F54-B6EB-D1669FAE405A,JL. Taman Safari Indonesia II Watuagung Watuagung Kec. Prigen Kab. Pasuruan Prov. Jawa Timur,Kab. Pasuruan,,Jawa Timur
40301126,SMAS YAPIP MAKASSAR SUNGGUMINASA,https://sekolah.data.kemdikbud.go.id/index.php/Chome/profil/B0DEC0FE-57C1-45FE-B6B4-D1686CE885E9,JL. ANDI MALLOMBASANG NO.40 C SUNGGUMINA... Sungguminasa Kec. Somba Opu Kab. Gowa Prov. Sulawesi Selatan,Kab. Gowa,,Sulawesi Selatan
20579488,SMAS AL MIFTAH,https://sekolah.data.kemdikbud.go.id/index.php/Chome/profil/F4CDD4D9-3576-4E3D-BA8A-D16D387DC6B0,JL. PONPES SUMBER KEBUN Pangereman Kec. Ketapang Kab. Sampang Prov. Jawa Timur,Kab. Sampang,,Jawa Timur
40309315,SMAN 1 LUWU,https://sekolah.data.kemdikbud.go.id/index.php/Chome/profil/C394BD09-9AFF-4EDB-864C-D178BBCF8360,Jalan Topoka No. 371 Belopa Senga Kec. Belopa Kab. Luwu Prov. Sulawesi Selatan,Kab. Luwu,,Sulawesi Selatan
50308513,SMAS FLOBAMOR,https://sekolah.data.kemdikbud.go.id/index.php/Chome/profil/3612CE2D-FAE9-4803-BE19-D179F2AFAFAD,JL. TRIKOTRA-MANUTAPEN Manutapen Kec. Alak Kota Kupang Prov. Nusa Tenggara Timur,,Kota Kupang,Nusa Tenggara Timur
70039997,SMA AL IRSYAD AL ISLAMIYYAH BOARDING SCHOOL PURWOKERTO,https://sekolah.data.kemdikbud.go.id/index.php/Chome/profil/352D2C90-E706-4152-B592-D17A1A8DED84,Jl. Kebumen - Baturraden KM. 10 RT 08 RW... Kebumen Kec. Baturaden Kab. Banyumas Prov. Jawa Tengah,Kab. Banyumas,,Jawa Tengah
10609318,SMAS DARUSSALAM KAYUAGUNG,https://sekolah.data.kemdikbud.go.id/index.php/Chome/profil/239B4DAE-8857-4C1D-9832-D17CA68A65C9,JL. LINTAS TIMUR Tanjung Rancing Kec. Kota Kayu Agung Kab. Ogan Komering Ilir Prov. Sumatera Selatan,Kab. Ogan Komering Ilir,,Sumatera Selatan
10400847,SMAN 2 BUKIT BATU,https://sekolah.data.kemdikbud.go.id/index.php/Chome/profil/78FF2D5B-01C7-44D9-9B48-D17EEADA7D2B,Desa Temiang RT. 004 RW. 003 Temiang Kec. Bukit Batu Kab. Bengkalis Prov. Riau,Kab. Bengkalis,,Riau
40601024,UPTD SMAN 1 MAMASA,https://sekolah.data.kemdikbud.go.id/index.php/Chome/profil/DAF9568D-B27C-4152-B138-D18297D36C00,JL. PENDIDIKAN NO. 277 Mamasa Kec. Mamasa Kab. Mamasa Prov. Sulawesi Barat,Kab. Mamasa,,Sulawesi Barat
30315138,SMAN 1 PULAU LAUT KEPULAUAN,https://sekolah.data.kemdikbud.go.id/index.php/Chome/profil/25D808FB-8AF6-4AF6-96AE-D185632913B2,Jalan Raya Tanjung Lalak Km. 3 Kecamatan... Tanjung Lalak Selatan Kec. Pulau Laut Kepulauan Kab. Kotabaru Prov. Kalimantan Selatan,Kab. Kotabaru,,Kalimantan Selatan
10600239,SMAN 1 SEKAYU,https://sekolah.data.kemdikbud.go.id/index.php/Chome/profil/C7934EB2-6F9C-4363-B98D-D18FC296F191,JL. MERDEKA LK. III SEKAYU Serasan Jaya Kec. Sekayu Kab. Musi Banyuasin Prov. Sumatera Selatan,Kab. Musi Banyuasin,,Sumatera Selatan
20330347,SMA MUHAMMADIYAH 6 SURAKARTA,https://sekolah.data.kemdikbud.go.id/index.php/Chome/profil/A431028E-EA34-4177-8C5F-D1947B34E546,JL. BANYUANYAR DALAM RT 02/12 Banyuanyar Kec. Banjarsari Kota Surakarta Prov. Jawa Tengah,,Kota Surakarta,Jawa Tengah
10103097,SMA NEGERI 1 BADAR,https://sekolah.data.kemdikbud.go.id/index.php/Chome/profil/FE73E199-45C3-4021-84C7-D194B1014521,JL. GULO. No. 151 Mbacang Kumbang Kumbang Jaya Kec. Badar Kab. Aceh Tenggara Prov. Aceh,Kab. Aceh Tenggara,,Aceh
69982608,SMAIT LATANSA CENDEKIA,https://sekolah.data.kemdikbud.go.id/index.php/Chome/profil/CFAA1949-E97F-4D80-BC18-D197A50E5D74,Kp.Gelam RT.09 RW.02 Kuta Jaya Kec. Pasar Kemis Kab. Tangerang Prov. Banten,Kab. Tangerang,,Banten
20551891,SMAS MUHAMMADIYAH 3 ARJASA,https://sekolah.data.kemdikbud.go.id/index.php/Chome/profil/D1DA78FE-02AE-446A-8A32-D19B2FD20B5D,JL. RAYA ANGON ANGON Angon Angon Kec. Arjasa Kab. Sumenep Prov. Jawa Timur,Kab. Sumenep,,Jawa Timur
70012616,SMAS Sukma Bangsa Sigi,https://sekolah.data.kemdikbud.go.id/index.php/Chome/profil/7B3B1FB9-8D3D-4D61-AC70-D19F7B6D1A51,Jl. Poros Palu Kaleke Maku Kec. Dolo Kab. Sigi Prov. Sulawesi Tengah,Kab. Sigi,,Sulawesi Tengah
70048459,SMA IT AL MIFTAH,https://sekolah.data.kemdikbud.go.id/index.php/Chome/profil/E8D0F735-D7D9-4C8E-8291-D1A155383629,JL. Napak Tilas Dusun Sukanemah Baru Ranji Kec. Merbau Mataram Kab. Lampung Selatan Prov. Lampung,Kab. Lampung Selatan,,Lampung
69944064,SMAIT PERADABAN AL IZZAH KOTA SORONG,https://sekolah.data.kemdikbud.go.id/index.php/Chome/profil/9B147D9B-5B75-41FD-9F9E-D1A1A2E01E2A,JL. SUNGAI REMU Kel. Klabulu Kec. Malaimsimsa Kota Sorong Prov. Papua Barat Daya,,Kota Sorong,Papua Barat Daya
69967165,SMAS BUDI LUHUR BOARDING SCHOOL,https://sekolah.data.kemdikbud.go.id/index.php/Chome/profil/C3AE792F-38EF-4712-80FE-D1AA720074C8,Patam Asri Blok T  No 1 Patam Lestari Kec. Sekupang Kota Batam Prov. Kepulauan Riau,,Kota Batam,Kepulauan Riau
20606831,SMAN 5 Tangerang,https://sekolah.data.kemdikbud.go.id/index.php/Chome/profil/1FA96A84-1CE9-46F5-BF26-D1AC32919BE8,Jl. Ciujung Raya No. 3 Perumnas 1 Karawaci Baru Kec. Karawaci Kota Tangerang Prov. Banten,,Kota Tangerang,Banten
10604723,SMAN 1 OGAN KOMERING ULU,https://sekolah.data.kemdikbud.go.id/index.php/Chome/profil/32EEA4AE-0524-445E-9CA6-D1B76233AAE4,JL. DR. MOH. HATTA NO. 261 BATURAJA Sukaraya Kec. Baturaja Timur Kab. Ogan Komering Ulu Prov. Sumatera Selatan,Kab. Ogan Komering Ulu,,Sumatera Selatan
20532263,SMAN 9 SURABAYA,https://sekolah.data.kemdikbud.go.id/index.php/Chome/profil/15F8F1E3-4506-4747-ACA6-D1C212F2BDAD,JL. WIJAYA KUSUMA  48 Ketabang Kec. Genteng Kota Surabaya Prov. Jawa Timur,,Kota Surabaya,Jawa Timur
20103190,SMAS TUNAS MARKATIN JAKARTA,https://sekolah.data.kemdikbud.go.id/index.php/Chome/profil/A843460D-5D10-4E8D-B039-D1C9F7E6AC2B,JL. WARU NO. 20 B Rawamangun Kec. Pulo Gadung Kota Adm. Jakarta Timur Prov. D.K.I. Jakarta,,Kota Adm. Jakarta Timur,D.K.I. Jakarta
10214154,SMAS PERSIAPAN SUNGGAL,https://sekolah.data.kemdikbud.go.id/index.php/Chome/profil/23353EF2-0B4B-4572-8E72-D1CB68ABDB57,JL. JOHOR SEI MENCIRIM SEI MENCIRIM Kec. Sunggal Kab. Deli Serdang Prov. Sumatera Utara,Kab. Deli Serdang,,Sumatera Utara
10202763,SMA NEGERI 1 DOLOK PARDAMEAN,https://sekolah.data.kemdikbud.go.id/index.php/Chome/profil/9586254D-95D2-4DBD-B33C-D1CEA36DC507,JL. TIGARAS SIPINTUANGIN Parik Sabungan Kec. Dolok Pardamean Kab. Simalungun Prov. Sumatera Utara,Kab. Simalungun,,Sumatera Utara
10601446,SMA NEGERI 1 PENDOPO BARAT,https://sekolah.data.kemdikbud.go.id/index.php/Chome/profil/8EEF455A-6E22-48D6-B29B-D1D6F5F78994,JL. HANAFIAH Desa Karang Caya Kec. Pendopo Barat Kab. Empat Lawang Prov. Sumatera Selatan,Kab. Empat Lawang,,Sumatera Selatan
69754001,SMAN 2 GEDONG TATAAN,https://sekolah.data.kemdikbud.go.id/index.php/Chome/profil/FE5E7A77-DD70-4802-A32E-D1E6ADF0B23A,DESA TAMAN SARI GEDONG TATAAN Tamansari Kec. Gedung Tataan Kab. Pesawaran Prov. Lampung,Kab. Pesawaran,,Lampung
20539726,SMA PGRI 2 JOMBANG,https://sekolah.data.kemdikbud.go.id/index.php/Chome/profil/E8AC52B0-7D98-4486-AD74-D1E9D93C9503,JL. KH. Ahmad Dahlan No. 23 Jombatan Kec. Jombang Kab. Jombang Prov. Jawa Timur,Kab. Jombang,,Jawa Timur
60301008,SMA YPPDK GABUNGAN JAYAPURA,https://sekolah.data.kemdikbud.go.id/index.php/Chome/profil/4A389592-E783-4B60-A536-D1EF05D89D03,JL. SAMUDERA NO. 24 JAYAPURA Mandala Kec. Jayapura Utara Kota Jayapura Prov. Papua,,Kota Jayapura,Papua
69920711,SMA YPK PERBATASAN YETTI,https://sekolah.data.kemdikbud.go.id/index.php/Chome/profil/3195E454-D5DF-4AC8-8351-D1EFB232BBB4,JALAN TAPAL BATAS RI-PNG Pikere Kec. Arso Timur Kab. Keerom Prov. Papua,Kab. Keerom,,Papua
20318321,SMA ISLAM SULTAN AGUNG 2 KALINYAMATAN,https://sekolah.data.kemdikbud.go.id/index.php/Chome/profil/A6227DCA-858F-425F-B08F-D1FECB663DCC,Desa Kriyan RT. 09 RW. 02 Kriyan Kec. Kalinyamatan Kab. Jepara Prov. Jawa Tengah,Kab. Jepara,,Jawa Tengah
20613488,SMAS MAULANA YUSUF KOTA SRG,https://sekolah.data.kemdikbud.go.id/index.php/Chome/profil/D819A29A-D7B5-4C48-BC3D-D202370864DD,JL. TRIP JAMAKSARI NO. 44 CINANGGUNG SER... Kaligandu Kec. Serang Kota Serang Prov. Banten,,Kota Serang,Banten
20564432,SMA ISLAM ANWARUL HIDAYAH,https://sekolah.data.kemdikbud.go.id/index.php/Chome/profil/C2EFE398-55D1-4B67-BE25-D203F7E273B9,Jl. Bindara Hosnol Gambu Gambu Timur Janjang Kec. Kangayan Kab. Sumenep Prov. Jawa Timur,Kab. Sumenep,,Jawa Timur
20603317,SMAS MUHAMMADIYAH 8 CIPUTAT,https://sekolah.data.kemdikbud.go.id/index.php/Chome/profil/650F4DBA-F27A-4E68-ADEF-D2057510BFBF,DEWI SARTIKA GG NANGKA NO.4 Ciputat Kec. Ciputat Kota Tangerang Selatan Prov. Banten,,Kota Tangerang Selatan,Banten
10303377,SMAN 4 SOLOK SELATAN,https://sekolah.data.kemdikbud.go.id/index.php/Chome/profil/79FE60CF-B5F7-4EB2-8E6C-D2144C08D12F,JL. RAYA KOTO BARU MUARA  LABUH KOTO BARU Kec. Sungai Pagu Kab. Solok Selatan Prov. Sumatera Barat,Kab. Solok Selatan,,Sumatera Barat
10604543,SMAN 1 PRABUMULIH,https://sekolah.data.kemdikbud.go.id/index.php/Chome/profil/AF446D89-C31B-40FA-9AA3-D220E93C89DC,JL. PROF. M. YAMIN NO. 62 Prabumulih Kec. Prabumulih Barat Kota Prabumulih Prov. Sumatera Selatan,,Kota Prabumulih,Sumatera Selatan
69958909,SMAN 11 HALMAHERA TIMUR,https://sekolah.data.kemdikbud.go.id/index.php/Chome/profil/7353F8A9-BDD1-419D-93E5-D2249997477B,Jl. Waya Ubo Patlian Kec. Maba Utara Kab. Halmahera Timur Prov. Maluku Utara,Kab. Halmahera Timur,,Maluku Utara
10610274,SMAN 1 BUAY SANDANG AJI,https://sekolah.data.kemdikbud.go.id/index.php/Chome/profil/20E94C9B-BF0E-4C9F-B6C3-D22D0CC42A07,JL. RAYA MUARADUA KISAM Gunung Terang Kec. Buay Sandang Aji Kab. Ogan Komering Ulu Selatan Prov. Sumatera Selatan,Kab. Ogan Komering Ulu Selatan,,Sumatera Selatan
40304255,SMAN 10 BULUKUMBA,https://sekolah.data.kemdikbud.go.id/index.php/Chome/profil/DA98A1EF-E019-435A-977A-D22F20DC0FF9,JL. REMAJA BONTO BANGUN Bontobangun Kec. Rilau Ale Kab. Bulukumba Prov. Sulawesi Selatan,Kab. Bulukumba,,Sulawesi Selatan
50201387,SMAN 1 PRAYA TIMUR,https://sekolah.data.kemdikbud.go.id/index.php/Chome/profil/AF5E1503-A286-4B2D-A515-D233D5012763,JL. PRAYA TIMUR-MUJUR Mujur Kec. Praya Timur Kab. Lombok Tengah Prov. Nusa Tenggara Barat,Kab. Lombok Tengah,,Nusa Tenggara Barat
10609662,SMA MUHAMMADIYAH 05 PALEMBANG,https://sekolah.data.kemdikbud.go.id/index.php/Chome/profil/B78F3C06-1DDB-47EC-A164-D2360D852A67,JL. URIP SUMOHARJO / WAHID ALI 2 ILIR PL... 2 Ilir Kec. Ilir Timur II Kota Palembang Prov. Sumatera Selatan,,Kota Palembang,Sumatera Selatan
69857712,SMAS NURUL FATTAH,https://sekolah.data.kemdikbud.go.id/index.php/Chome/profil/E52C9533-7D6B-4842-B7AB-D237132A8326,"Jl. Sumurmojo, RT 003 RW 002 Desa Dadapa... Dadapan Kec. Solokuro Kab. Lamongan Prov. Jawa Timur",Kab. Lamongan,,Jawa Timur
69756578,SMA KATHOLIK SANCTISSIMA TRINITAS,https://sekolah.data.kemdikbud.go.id/index.php/Chome/profil/E6C9296C-6B0D-4F41-8B16-D23ACB2B4C06,RANGGU Ranggu Kec. Kuwus Kab. Manggarai Barat Prov. Nusa Tenggara Timur,Kab. Manggarai Barat,,Nusa Tenggara Timur
10258277,SMA NEGERI 1 PULAU PULAU BATU,https://sekolah.data.kemdikbud.go.id/index.php/Chome/profil/85D5A054-855B-48E8-9C17-D23C3DEEE3BB,PP. BATU Loboi Kec. Pulau-Pulau Batu Kab. Nias Selatan Prov. Sumatera Utara,Kab. Nias Selatan,,Sumatera Utara
70015359,SMA IT RBM PLUS KOTA MAKASSAR,https://sekolah.data.kemdikbud.go.id/index.php/Chome/profil/95458948-4299-4E92-9E84-D244D86216D8,Jl. Arief Rahman Hakim No. 68 Ujung Pandang Baru Kec. Tallo Kota Makassar Prov. Sulawesi Selatan,,Kota Makassar,Sulawesi Selatan
20224514,SMA Negeri 9 Tasikmalaya,https://sekolah.data.kemdikbud.go.id/index.php/Chome/profil/39FCB54D-A096-46CB-81AA-D246E5F302B7,JL. LEUWIDAHU NO. 61 Parakannyasag Kec. Indihiang Kota Tasikmalaya Prov. Jawa Barat,,Kota Tasikmalaya,Jawa Barat
40203344,SMAN 1 AMPANA KOTA,https://sekolah.data.kemdikbud.go.id/index.php/Chome/profil/0FD2933B-93C7-48E6-B105-D2474E5172FD,JL. TADULAKO NO. 30 AMPANA Ampana Kec. Ampana Kota Kab. Tojo Una Una Prov. Sulawesi Tengah,Kab. Tojo Una Una,,Sulawesi Tengah
69962245,SMA NEGERI 1 CANTIGI,https://sekolah.data.kemdikbud.go.id/index.php/Chome/profil/B383C5C2-E008-4B5B-A201-D249D9F420E4,Jl Raya Panyingkiran Kidul Panyingkiran Kidul Kec. Cantigi Kab. Indramayu Prov. Jawa Barat,Kab. Indramayu,,Jawa Barat
20320384,SMA NEGERI 1 GETASAN,https://sekolah.data.kemdikbud.go.id/index.php/Chome/profil/843332A9-255C-4B72-B75A-D24A61513AFA,JL. DIPONEGORO KM.03 GETASAN Sumogawe Kec. Getasan Kab. Semarang Prov. Jawa Tengah,Kab. Semarang,,Jawa Tengah
20520818,SMAN CANDIPURO,https://sekolah.data.kemdikbud.go.id/index.php/Chome/profil/B5BA0589-A5F5-47A6-A3D1-D24BC04BA8B0,"JL.Jenderal Sudirman No.61, Candipuro Candipuro Kec. Candipuro Kab. Lumajang Prov. Jawa Timur",Kab. Lumajang,,Jawa Timur
69773568,SMA NEGERI 1 DARUL HIKMAH,https://sekolah.data.kemdikbud.go.id/index.php/Chome/profil/1701C5AD-CDA0-4FE5-B68B-D24DB3F6D6BE,Jl. UPT III - Patek Panton Krueng Kec. Darul Hikmah Kab. Aceh Jaya Prov. Aceh,Kab. Aceh Jaya,,Aceh
69939076,SMA SWASTA BINTANG LANGKAT,https://sekolah.data.kemdikbud.go.id/index.php/Chome/profil/4C5F6823-3BFB-4AAC-A92A-D252DCBE6E79,JL.STABAT-SECANGGANG Ara Condong Kec. Stabat Kab. Langkat Prov. Sumatera Utara,Kab. Langkat,,Sumatera Utara
20203745,SMA NEGERI 1 SINDANG BARANG,https://sekolah.data.kemdikbud.go.id/index.php/Chome/profil/3DBDCC71-46DF-49FE-911F-D25AE4FAAB6C,JL. RAYA TIMUR NO. 123 Saganten Kec. Sindang Barang Kab. Cianjur Prov. Jawa Barat,Kab. Cianjur,,Jawa Barat
20400873,SMAS DR WAHIDIN MLATI,https://sekolah.data.kemdikbud.go.id/index.php/Chome/profil/D695739C-C7D3-4B41-A400-D267A4F6B609,JL. MAGELANG KM. 5 MLATI Sinduadi Kec. Mlati Kab. Sleman Prov. D.I. Yogyakarta,Kab. Sleman,,D.I. Yogyakarta
10404014,SMA NEGERI 3 PEKANBARU,https://sekolah.data.kemdikbud.go.id/index.php/Chome/profil/1A107C02-9841-48CE-9D98-D26DFBF3F088,JL.YOS SUDARSO 100 A Umban Sari Kec. Rumbai Kota Pekanbaru Prov. Riau,,Kota Pekanbaru,Riau
69904634,SMA AL MAJIDIYAH PALDUDING,https://sekolah.data.kemdikbud.go.id/index.php/Chome/profil/9927BF30-AF2C-4B4A-A9F7-D27B3C48AB9F,Dusun Bunut Desa Plakpak Kec. Pegantenan Plakpak Kec. Pegantenan Kab. Pamekasan Prov. Jawa Timur,Kab. Pamekasan,,Jawa Timur
10702463,SMAS IDHATA,https://sekolah.data.kemdikbud.go.id/index.php/Chome/profil/3E95E2EF-5079-4499-B50C-D28600E485ED,JL. SERUNI Nusa Indah Kec. Ratu Agung Kota Bengkulu Prov. Bengkulu,,Kota Bengkulu,Bengkulu
20506291,SMA NEGERI 1 PACIRAN LAMONGAN,https://sekolah.data.kemdikbud.go.id/index.php/Chome/profil/F05906DD-6967-485E-A594-D29927564B54,JL. RY KANDANGSEMANGKON Kandangsemangkon Kec. Paciran Kab. Lamongan Prov. Jawa Timur,Kab. Lamongan,,Jawa Timur
69949408,SMA NEGERI 2 PEMANGKAT,https://sekolah.data.kemdikbud.go.id/index.php/Chome/profil/B3A25738-B190-43DC-8FD7-D29AE2B8C444,"DESA PENJAJAP, KECAMATAN PEMANGKAT, KABU... Penjajap Kec. Pemangkat Kab. Sambas Prov. Kalimantan Barat",Kab. Sambas,,Kalimantan Barat
50202407,SMAS ULIL ALBAAB LENDANG JARAN,https://sekolah.data.kemdikbud.go.id/index.php/Chome/profil/B4023EED-FA47-4639-BD39-D2A2573E8C22,LENDANG JARAN JENGGIK UTARA Jenggik Utara Kec. Montong Gading Kab. Lombok Timur Prov. Nusa Tenggara Barat,Kab. Lombok Timur,,Nusa Tenggara Barat
10500800,SMAN 3 BUNGO,https://sekolah.data.kemdikbud.go.id/index.php/Chome/profil/BDFCCA82-8047-41D6-BA63-D2A57EFD0929,JL. ASAHAN RT 037 RW /01 Purwosari Kec. Pelepat Ilir Kab. Bungo Prov. Jambi,Kab. Bungo,,Jambi
10648290,SMAS BAIT AL-QUR AN,https://sekolah.data.kemdikbud.go.id/index.php/Chome/profil/F83C596B-AD58-4B25-8A03-D2A5FF7A57CB,JL. SEPUCUK KELURAHAN PERIGI Perigi Kec. Kota Kayu Agung Kab. Ogan Komering Ilir Prov. Sumatera Selatan,Kab. Ogan Komering Ilir,,Sumatera Selatan
69822715,SMAN 11 MUARO JAMBI,https://sekolah.data.kemdikbud.go.id/index.php/Chome/profil/5FDECB7C-9523-42C4-AF22-D2A933C095A7,Jalan Lintas Timur Km 16 Mendalo Darat Mendalo Darat Kec. Jambi Luar Kota Kab.  Muaro Jambi Prov. Jambi,Kab.  Muaro Jambi,,Jambi
20313849,SMA NEGERI 1 GUBUG,https://sekolah.data.kemdikbud.go.id/index.php/Chome/profil/8B23F947-8588-460E-BA15-D2AB7A97E6A9,JL. Ahmad Yani 171 Gubug Gubug Kec. Gubug Kab. Grobogan Prov. Jawa Tengah,Kab. Grobogan,,Jawa Tengah
10101875,SMA NEGERI 1 DARUL AMAN,https://sekolah.data.kemdikbud.go.id/index.php/Chome/profil/C071823B-3B0A-49AB-9AC3-D2AF7A1A259D,JL. MEDAN - BANDA ACEH Grong-Grong Kec. Darul Aman Kab. Aceh Timur Prov. Aceh,Kab. Aceh Timur,,Aceh
20603370,SMAS YASPIH RAJEG,https://sekolah.data.kemdikbud.go.id/index.php/Chome/profil/D74F27AF-56CC-4D04-9B8C-D2B1F7443ACD,"JL.KH. MOH. DAHLAN RAJEG, TANGERANG Tanjakan Kec. Rajeg Kab. Tangerang Prov. Banten",Kab. Tangerang,,Banten
70027715,SMA PGRI SELUMA,https://sekolah.data.kemdikbud.go.id/index.php/Chome/profil/92A20E78-4E91-48E4-95F3-D2B2955A9D94,Jalan Renah Gajah Mati II Renah Gajah Mati Ii Kec. Semidang Alas Kab. Seluma Prov. Bengkulu,Kab. Seluma,,Bengkulu
20542534,SMA AL AZIZ BANGIL,https://sekolah.data.kemdikbud.go.id/index.php/Chome/profil/83FA5126-8CCC-4193-B6C3-D2B4042A7505,JL. LAYUR No. 99 GEMPENG BANGIL Gempeng Kec. Bangil Kab. Pasuruan Prov. Jawa Timur,Kab. Pasuruan,,Jawa Timur
69961999,SMA PELITA KOSUMA,https://sekolah.data.kemdikbud.go.id/index.php/Chome/profil/7873D26A-BE8F-4CCD-AFF1-D2B5DD486875,JL. RAYA SUKAMERINDU - TANDING MARGA KEC... Suka Merindu Kec. Sungai Rotan Kab. Muara Enim Prov. Sumatera Selatan,Kab. Muara Enim,,Sumatera Selatan
30105069,SMAS PGRI 1 PONTIANAK,https://sekolah.data.kemdikbud.go.id/index.php/Chome/profil/A495F75A-0142-4BDF-8A54-D2BE4252C020,Jl. Tanjung Raya 2 Gg. Karya I RT 3 RW 1... Banjar Serasan Kec. Pontianak Timur Kota Pontianak Prov. Kalimantan Barat,,Kota Pontianak,Kalimantan Barat
70054048,SMA NEGERI 3 MYRISTICA FAKFAK,https://sekolah.data.kemdikbud.go.id/index.php/Chome/profil/206BCECB-1D60-4E75-A1C6-D2C08ED840E7,JL. KADAMER FAKFAK Kampung Tanama Kec. Pariwari Kab. Fak Fak Prov. Papua Barat,Kab. Fak Fak,,Papua Barat
40206478,SMAN 1 LAMPASIO,https://sekolah.data.kemdikbud.go.id/index.php/Chome/profil/C820D425-F477-4FBF-8C28-D2C7DEAAC468,DESA SIBEA Sibea Kec. Lampasio Kab. Tolitoli Prov. Sulawesi Tengah,Kab. Tolitoli,,Sulawesi Tengah
10402941,SMA NEGERI 4 TAMBUSAI UTARA,https://sekolah.data.kemdikbud.go.id/index.php/Chome/profil/CE38D172-C9EA-42FD-8884-D2CB7841D7FB,JL.PELAJAR BANDAR SELAMAT KM 24 - MAHATO Mahato Kec. Tambusai Utara Kab.  Rokan Hulu Prov. Riau,Kab.  Rokan Hulu,,Riau
70054794,SMA Tahfizh Al-Quran Darul Hijrah 3,https://sekolah.data.kemdikbud.go.id/index.php/Chome/profil/AFE010EE-E2F5-416E-BF73-D2D15C4C8FB8,Jl. Cindai Alus RT. 08 RW. 03 Cindai Alus Kec. Martapura Kab. Banjar Prov. Kalimantan Selatan,Kab. Banjar,,Kalimantan Selatan
10105398,SMAN 5 BANDA ACEH,https://sekolah.data.kemdikbud.go.id/index.php/Chome/profil/0CBCDDF7-F774-4EA0-8B04-D2D2B47E2860,JL. HAMZAH FANSURI NO.3 Kopelma Darussalam Kec. Syiah Kuala Kota Banda Aceh Prov. Aceh,,Kota Banda Aceh,Aceh
40402635,SMAS MUHAMMADIYAH KENDARI,https://sekolah.data.kemdikbud.go.id/index.php/Chome/profil/BB6DC256-BD18-47C2-8540-D2DD55BCD1D0,JL. MUHAMMADIYAH NO. 19 (Lokasi I) Wowawanggu Kec. Kadia Kota Kendari Prov. Sulawesi Tenggara,,Kota Kendari,Sulawesi Tenggara
50309281,SMAN 5 BORONG,https://sekolah.data.kemdikbud.go.id/index.php/Chome/profil/4B0F5EA4-95B4-44C9-8967-D2DD7BDDEE89,JONG Benteng Raja Kec. Borong Kab. Manggarai Timur Prov. Nusa Tenggara Timur,Kab. Manggarai Timur,,Nusa Tenggara Timur
20224544,SMAS PLUS NASHRUL HAQ,https://sekolah.data.kemdikbud.go.id/index.php/Chome/profil/3CA4F7B2-1E3B-4267-9118-D2E49B7A3BB3,Sukasari RT/RW 002/006 Sukarindik Kec. Bungursari Kota Tasikmalaya Prov. Jawa Barat,,Kota Tasikmalaya,Jawa Barat
69971267,SMAN 32 GARUT,https://sekolah.data.kemdikbud.go.id/index.php/Chome/profil/0934613F-35C4-462E-8E4B-D2E594927032,Jl. Jayawiguna Wangunjaya RT 02 RW 02 Wangunjaya Kec. Banjarwangi Kab. Garut Prov. Jawa Barat,Kab. Garut,,Jawa Barat
40200724,SMA NEGERI 1 SIGI,https://sekolah.data.kemdikbud.go.id/index.php/Chome/profil/B0B591F1-E4F8-4140-BFA6-D2E743827409,JL. KIHAJAR DEWANTORO NO.127 Lolu Kec. Sigibiromaru Kab. Sigi Prov. Sulawesi Tengah,Kab. Sigi,,Sulawesi Tengah
70054893,SEKOLAH MENENGAH ATAS ISLAM TERPADU NURUL FIKRI SELONG,https://sekolah.data.kemdikbud.go.id/index.php/Chome/profil/72263A5F-4947-4F98-948D-D2EBADDB44C8,Jl. Abdul Kadir Bermis 1 Kembang Sari Kec. Selong Kab. Lombok Timur Prov. Nusa Tenggara Barat,Kab. Lombok Timur,,Nusa Tenggara Barat
69733918,SMAS SATU NUSA,https://sekolah.data.kemdikbud.go.id/index.php/Chome/profil/B6309F90-6F6F-4C7B-B2DB-D2F34AC710F7,JL. PANDE DINGIN NO. 42 Binjai Kec. Binjai Kota Kota Binjai Prov. Sumatera Utara,,Kota Binjai,Sumatera Utara
20517785,SMAS AN NUR BULULAWANG,https://sekolah.data.kemdikbud.go.id/index.php/Chome/profil/CBCEDC91-B3E6-4F98-B4F8-D2F4D4E280C7,JL. RAYA BULULAWANG Bululawang Kec. Bululawang Kab. Malang Prov. Jawa Timur,Kab. Malang,,Jawa Timur
70026318,SMA IT SEKOLAH ALAM AR ROYYAN,https://sekolah.data.kemdikbud.go.id/index.php/Chome/profil/D6CB87A0-48B1-45F9-8FC0-D2F6951ACD81,Jl. Bhakti Abri No. 1A Pagambiran Ampalu Nan XX Kec. Lubuk Begalung Kota Padang Prov. Sumatera Barat,,Kota Padang,Sumatera Barat
20101343,SMAS DHAMMASAVANA,https://sekolah.data.kemdikbud.go.id/index.php/Chome/profil/127286D7-CFB4-4D93-9C0D-D304578DDE8E,JL. JEMBATAN II PADAMULYA VI / 176B Angke Kec. Tambora Kota Adm. Jakarta Barat Prov. D.K.I. Jakarta,,Kota Adm. Jakarta Barat,D.K.I. Jakarta
30401677,SMAS HANG TUAH TARAKAN,https://sekolah.data.kemdikbud.go.id/index.php/Chome/profil/BAD7EDDE-6953-4B3B-B6D0-D304FFFC28D8,RE. MARTADINATA RT. 13 NO. 30 Pamusian Kec. Tarakan Tengah Kota Tarakan Prov. Kalimantan Utara,,Kota Tarakan,Kalimantan Utara
20579490,SMAS ISLAM MIFTAHUL ULUM,https://sekolah.data.kemdikbud.go.id/index.php/Chome/profil/B6218667-7FBA-4F0C-9786-D3057751C9F7,Jl. Banjar Talela Dusun Gung Dalem Banjar Talela Kec. Camplong Kab. Sampang Prov. Jawa Timur,Kab. Sampang,,Jawa Timur
69947006,SMAN 2 KASIMBAR,https://sekolah.data.kemdikbud.go.id/index.php/Chome/profil/7E6019FB-4E2A-4808-8FA4-D3078DC5E77A,JL. Trans Sulawesi Silampayang Kec. Kasimbar Kab. Parigi Moutong Prov. Sulawesi Tengah,Kab. Parigi Moutong,,Sulawesi Tengah
20321980,SMAS PGRI 1 KENDAL,https://sekolah.data.kemdikbud.go.id/index.php/Chome/profil/6A18F87B-5843-447D-9E63-D309ACDF4F69,JL. MANGGA RAYA PURIN Purwokerto Kec. Patebon Kab. Kendal Prov. Jawa Tengah,Kab. Kendal,,Jawa Tengah
30311496,SMAN 1 PULAU SEBUKU,https://sekolah.data.kemdikbud.go.id/index.php/Chome/profil/F0F896D9-4F79-48FA-9066-D30A6DF25F55,JL. TANJUNG MANGKOK Sungai Bali Kec. Pulau Sebuku Kab. Kotabaru Prov. Kalimantan Selatan,Kab. Kotabaru,,Kalimantan Selatan
20547254,SMAS PGRI GONDANG,https://sekolah.data.kemdikbud.go.id/index.php/Chome/profil/693A7613-AD2E-4AFE-A228-D30E995F275F,JL. Pugeran-Jethak Pugeran Kec. Gondang Kab. Mojokerto Prov. Jawa Timur,Kab. Mojokerto,,Jawa Timur
30200294,SMAN 1 TIMPAH,https://sekolah.data.kemdikbud.go.id/index.php/Chome/profil/4D6C8599-1D2F-4374-8E6F-D3110FCADAC6,JL. LINTAS KALIMANTAN NO.02 KEC.TIMPAH Timpah Kec. Timpah Kab. Kapuas Prov. Kalimantan Tengah,Kab. Kapuas,,Kalimantan Tengah
40305523,SMAS MUHAMMADIYAH PANGSID,https://sekolah.data.kemdikbud.go.id/index.php/Chome/profil/E8226E09-C695-4168-AFF3-D311D040C824,JL. GANGGAWA NO. 151  PANGKAJENE Majjelling Kec. Maritengae Kab. Sidenreng Rappang Prov. Sulawesi Selatan,Kab. Sidenreng Rappang,,Sulawesi Selatan
30102993,SMAN 1 PUTUSSIBAU,https://sekolah.data.kemdikbud.go.id/index.php/Chome/profil/9E7A1242-2AC0-49C6-A60A-D31A2B02DD6A,JL. GAJAH MADA NO. 2 PUTUSSIBAU PUTUSSIBAU KOTA Kec. Putussibau Utara Kab. Kapuas Hulu Prov. Kalimantan Barat,Kab. Kapuas Hulu,,Kalimantan Barat
40200751,SMAS BALA KESELAMATAN KALAWARA,https://sekolah.data.kemdikbud.go.id/index.php/Chome/profil/60B21ECA-D83D-4A54-AAAD-D31B9125F986,JL. POROS PALU-KULAWI Kalawara Kec. Gumbasa Kab. Sigi Prov. Sulawesi Tengah,Kab. Sigi,,Sulawesi Tengah
60302280,SMA NEGERI KANGGIME,https://sekolah.data.kemdikbud.go.id/index.php/Chome/profil/5DE67F98-D55C-4EB1-994C-D31DB90182C4,TRANS PUNCAK JAYA Kanggime Kec. Kanggime Kab. Tolikara Prov. Papua Pegunungan,Kab. Tolikara,,Papua Pegunungan
60201679,SMA NEGERI 18 HALMAHERA SELATAN,https://sekolah.data.kemdikbud.go.id/index.php/Chome/profil/89DD2476-6085-49D6-A8B4-D31EFF430014,Jln. Taman Siswa Lelei Kec. Kayoa Kab. Halmahera Selatan Prov. Maluku Utara,Kab. Halmahera Selatan,,Maluku Utara
50102787,SMAS PGRI 1 AMLAPURA,https://sekolah.data.kemdikbud.go.id/index.php/Chome/profil/C9F5E0D5-F0CD-4AC4-8D0B-D322E61FDF75,JL. JENDRAL SUDIRMAN AMLAPURA Subagan Kec. Karangasem Kab. Karangasem Prov. Bali,Kab. Karangasem,,Bali
69992302,SMA PLUS AL-AQSHA,https://sekolah.data.kemdikbud.go.id/index.php/Chome/profil/A53B0EE9-82A7-467B-8747-D3246FAFC354,Jl. Raya Cibeusi No. 02 Jatinangor Sumed... Cibeusi Kec. Jatinangor Kab. Sumedang Prov. Jawa Barat,Kab. Sumedang,,Jawa Barat
70000526,SMA PAPUA HARAPAN,https://sekolah.data.kemdikbud.go.id/index.php/Chome/profil/353A1879-AA31-47C8-992B-D325CEC03C3A,"Jl. Akuatan Kompleks BPSDM, Distrik Sent... Hinekombe Kec. Sentani Kab. Jayapura Prov. Papua",Kab. Jayapura,,Papua
70009975,SMA IT Al-Hijrah,https://sekolah.data.kemdikbud.go.id/index.php/Chome/profil/40FD3EE6-7B7A-4982-9B5A-D328EFB9CBF2,Jl. Mandailing KM. 14 BINTUJU Kec. Batang Angkola Kab. Tapanuli Selatan Prov. Sumatera Utara,Kab. Tapanuli Selatan,,Sumatera Utara
69851411,SMAN 2 BABAT SUPAT,https://sekolah.data.kemdikbud.go.id/index.php/Chome/profil/731DD8E5-C494-4548-840B-D3291D041437,JL. PALEMBANG JAMBI KM. 86 Tanjung Kerang Kec. Babat Supat Kab. Musi Banyuasin Prov. Sumatera Selatan,Kab. Musi Banyuasin,,Sumatera Selatan
69760813,SMAS TARUNA SUMATERA BARAT,https://sekolah.data.kemdikbud.go.id/index.php/Chome/profil/785FB17A-B264-45A2-BEC6-D332ED41FA83,JLN.GUNUNG MEDAN SITIUNG SITIUNG Kec. Sitiung Kab. Dharmasraya Prov. Sumatera Barat,Kab. Dharmasraya,,Sumatera Barat
30105079,SMAS ISLAM BAWARI,https://sekolah.data.kemdikbud.go.id/index.php/Chome/profil/36A6169C-2059-4B79-B50C-D3356F0CFD12,JL. MERDEKA NO 173 Mariana Kec. Pontianak Kota Kota Pontianak Prov. Kalimantan Barat,,Kota Pontianak,Kalimantan Barat
69786448,SMA NEGERI 14 MUKOMUKO,https://sekolah.data.kemdikbud.go.id/index.php/Chome/profil/45E76193-4321-4965-A178-D3362C4A1A99,DESA BUNGA TANJUNG Bunga Tanjung Kec. Teramang Jaya Kab. Mukomuko Prov. Bengkulu,Kab. Mukomuko,,Bengkulu
70054712,SMA Terpadu Babussalam,https://sekolah.data.kemdikbud.go.id/index.php/Chome/profil/B0FA05EE-6899-4042-BA8D-D336624A3636,Jln. Pesantren Puja Mulia Kec. Bandar Kab. Bener Meriah Prov. Aceh,Kab. Bener Meriah,,Aceh
40102622,SMAN 4 MANADO,https://sekolah.data.kemdikbud.go.id/index.php/Chome/profil/3BA413C8-AB65-4606-A4D5-D339BD613036,JL. MANGUNI 11 Pekamil Kec. Paal Dua Kota Manado Prov. Sulawesi Utara,,Kota Manado,Sulawesi Utara
10800702,SMAN 1 SIDOMULYO,https://sekolah.data.kemdikbud.go.id/index.php/Chome/profil/27CBEA4F-A153-4307-8620-D339E8175E29,JL. MURIA 101 SELORETNO Seloretno Kec. Sidomulyo Kab. Lampung Selatan Prov. Lampung,Kab. Lampung Selatan,,Lampung
20232306,SMAS AL HIDAYAH,https://sekolah.data.kemdikbud.go.id/index.php/Chome/profil/0403D5B8-A371-46FD-A8BD-D341AFBF136A,JL. TEGAR BERIMAN NO. 8 KEL. TENGAH Tengah Kec. Cibinong Kab. Bogor Prov. Jawa Barat,Kab. Bogor,,Jawa Barat
20511958,SMA NEGERI 1 KANDAT KABUPATEN KEDIRI,https://sekolah.data.kemdikbud.go.id/index.php/Chome/profil/11B732D8-DE2E-4B3A-992E-D344C7841CB8,"JL. RAYA PULE NO.71,Ds.PULE,KEC.KANDAT Pule Kec. Kandat Kab. Kediri Prov. Jawa Timur",Kab. Kediri,,Jawa Timur
60104031,SMA Negeri 33 Maluku Tengah,https://sekolah.data.kemdikbud.go.id/index.php/Chome/profil/E4778246-B2D5-4A09-8721-D34AD600F24E,TANAH MERAH Tanah Merah Kec. Seram Utara Timur Seti Kab. Maluku Tengah Prov. Maluku,Kab. Maluku Tengah,,Maluku
69726058,SMAN 2 SATAR MESE LANGKE MAJOK,https://sekolah.data.kemdikbud.go.id/index.php/Chome/profil/6C2C94FC-D339-4E10-90FE-D353D88E8451,LANGKE MAJOK Nao Kec. Satar Mese Barat Kab. Manggarai Prov. Nusa Tenggara Timur,Kab. Manggarai,,Nusa Tenggara Timur
20505008,SMA NEGERI 2 TUBAN,https://sekolah.data.kemdikbud.go.id/index.php/Chome/profil/08B1723E-897B-4978-ADF2-D35CB94FA886,JL. DR. WAHIDIN SUDIROHUSODO NO. 869 SID... Sidorejo Kec. Tuban Kab. Tuban Prov. Jawa Timur,Kab. Tuban,,Jawa Timur
20262037,SMA ISLAM MEKARBAKTI BUNGBULANG,https://sekolah.data.kemdikbud.go.id/index.php/Chome/profil/8DA20715-C335-4FA8-AF5A-D363456D08BE,JL. Pasir Batang Ds. Mekarbakti Kec. Bun... Mekarbakti Kec. Bungbulang Kab. Garut Prov. Jawa Barat,Kab. Garut,,Jawa Barat
20532128,SMAS TRI TUNGGAL 1,https://sekolah.data.kemdikbud.go.id/index.php/Chome/profil/14EA8F42-15E9-4C82-8391-D3636F3E674B,JL. RANGKA VI / 55-57 Rangkah Kec. Tambaksari Kota Surabaya Prov. Jawa Timur,,Kota Surabaya,Jawa Timur
69786301,SMAN 1 KEC. GUNUNG OMEH,https://sekolah.data.kemdikbud.go.id/index.php/Chome/profil/59C84840-8855-4E48-849D-D367D96688E8,JL. TAN MALAKA KOTO TINGGI Koto Tinggi Kec. Gunuang Omeh Kab. Lima Puluh Kota Prov. Sumatera Barat,Kab. Lima Puluh Kota,,Sumatera Barat
50300275,SMAN 1 SABU BARAT,https://sekolah.data.kemdikbud.go.id/index.php/Chome/profil/624E21C0-FB4C-4C3C-8E02-D370A464B529,JLN. TULA IKA - DOKAMADAKE Ledeana Kec. Sabu Barat Kab. Sabu Raijua Prov. Nusa Tenggara Timur,Kab. Sabu Raijua,,Nusa Tenggara Timur
20540301,SMA PGRI NGORO,https://sekolah.data.kemdikbud.go.id/index.php/Chome/profil/C6B3D7D3-998D-4948-9012-D372B37D2954,JL. KAWI 6b NGORO Kauman Kec. Ngoro Kab. Jombang Prov. Jawa Timur,Kab. Jombang,,Jawa Timur
70007150,SMA IT EZZAT EL FATIR,https://sekolah.data.kemdikbud.go.id/index.php/Chome/profil/6C7FC3A9-9E63-4F64-96D4-D373CC490267,"JALAN URIP SUMOHARJO NO. 54, KOMPLEKS AL... Tanjungsari Kec. Cikarang Utara Kab. Bekasi Prov. Jawa Barat",Kab. Bekasi,,Jawa Barat
40605005,SMAS DHI MAPILI,https://sekolah.data.kemdikbud.go.id/index.php/Chome/profil/9690BCBE-897D-4482-998C-D37AE807070D,JL. Poros Majene No.194 Mapilli Kec. Mapili Kab. Polewali Mandar Prov. Sulawesi Barat,Kab. Polewali Mandar,,Sulawesi Barat
50102576,SMA Negeri 1 Tembuku,https://sekolah.data.kemdikbud.go.id/index.php/Chome/profil/101DA398-4F83-4303-91A6-D37E1428AD3C,"DESA UNDISAN, TEMBUKU, BANGLI Undisan Kec. Tembuku Kab. Bangli Prov. Bali",Kab. Bangli,,Bali
10303781,SMAN 1 SOLOK,https://sekolah.data.kemdikbud.go.id/index.php/Chome/profil/E9A8601A-0C27-4556-A3CF-D392426529D8,JL. KH. DEWANTARA NO. 30 Tanah Garam Kec. Lubuk Sikarah Kota Solok Prov. Sumatera Barat,,Kota Solok,Sumatera Barat
20500655,SMAS DARUL ULUM DRIYOREJO,https://sekolah.data.kemdikbud.go.id/index.php/Chome/profil/D3EB9408-1267-49DF-B52E-D393A07C118D,JL. RAYA MOJOSARIREJO NO. 01 Mojosarirejo Kec. Driyorejo Kab. Gresik Prov. Jawa Timur,Kab. Gresik,,Jawa Timur
40311950,SMAN 16 MAKASSAR,https://sekolah.data.kemdikbud.go.id/index.php/Chome/profil/C9D67EEB-F491-4489-B55D-D3998646FE54,JL. AMANAGAPPA NO. 8 Baru Kec. Ujung Pandang Kota Makassar Prov. Sulawesi Selatan,,Kota Makassar,Sulawesi Selatan
20533612,SMAS KRISTEN PETRA,https://sekolah.data.kemdikbud.go.id/index.php/Chome/profil/19C1D03C-679C-48FB-A0AC-D3A0EB08127F,JL. PROF. MOH. YAMIN SH. 53 Sukoharjo Kec. Klojen Kota Malang Prov. Jawa Timur,,Kota Malang,Jawa Timur
69977064,SMA SWASTA DELI TUA SCHOOL,https://sekolah.data.kemdikbud.go.id/index.php/Chome/profil/1E027617-9B70-440F-AFB6-D3A1B7544EA1,Jl. Bayur No. 1 Lingkungan IV Deli Tua Kec. Deli Tua Kab. Deli Serdang Prov. Sumatera Utara,Kab. Deli Serdang,,Sumatera Utara
10208955,SMAS KARYA JAYA PANGURURAN,https://sekolah.data.kemdikbud.go.id/index.php/Chome/profil/9E209DB1-64F6-4A85-8729-D3A2FDA24BEF,JL. TANAH LAPANG Pasar Pangururan Kec. Pangururan Kab. Samosir Prov. Sumatera Utara,Kab. Samosir,,Sumatera Utara
20227903,SMAN 1 BOJONGSOANG,https://sekolah.data.kemdikbud.go.id/index.php/Chome/profil/8974DFF2-636C-40CD-9851-D3A580CE5CB0,JL. SAPAN GUDANG Tegalluar Kec. Bojongsoang Kab. Bandung Prov. Jawa Barat,Kab. Bandung,,Jawa Barat
20546534,SMAN 1 SUKAPURA,https://sekolah.data.kemdikbud.go.id/index.php/Chome/profil/CADE4598-3DDF-43C5-932A-D3A9768DD5F4,JL. PASAR SAYUR NO. 47A Sukapura Kec. Sukapura Kab. Probolinggo Prov. Jawa Timur,Kab. Probolinggo,,Jawa Timur
69830448,SMA PELITA BANGSA,https://sekolah.data.kemdikbud.go.id/index.php/Chome/profil/30F4ACBB-E772-4CB7-A5F5-D3AC697AFD4D,Jl. Ketapang 1/23 Pamulang Tangerang Sel... Pamulang Barat Kec. Pamulang Kota Tangerang Selatan Prov. Banten,,Kota Tangerang Selatan,Banten
60401549,SMAS ADVENT MANOKWARI,https://sekolah.data.kemdikbud.go.id/index.php/Chome/profil/487F77AA-A658-4373-93ED-D3BB6AE0D171,JL. KARYA ABRI Sanggeng Kec. Manokwari Barat Kab. Manokwari Prov. Papua Barat,Kab. Manokwari,,Papua Barat
70048473,SMA AL IMAM ISLAMIC SCHOOL BALIKPAPAN,https://sekolah.data.kemdikbud.go.id/index.php/Chome/profil/9E163BE2-789F-4EFF-8153-D3BEE9496715,JL. BUKIT CINTA DAMAI Damai Kec. Balikpapan Kota Kota Balikpapan Prov. Kalimantan Timur,,Kota Balikpapan,Kalimantan Timur
10207077,SMAN 1 BATANGTORU,https://sekolah.data.kemdikbud.go.id/index.php/Chome/profil/62B0996A-FC41-4AD1-851D-D3C6C9AB80D0,JL.SIBOLGA-AEK PINING BATANGTORU Aek Pining Kec. Batang Toru Kab. Tapanuli Selatan Prov. Sumatera Utara,Kab. Tapanuli Selatan,,Sumatera Utara
20203704,SMAS KANAAN,https://sekolah.data.kemdikbud.go.id/index.php/Chome/profil/5FAF4D8B-B067-4DD4-807F-D3D151AA4DD9,JL. HOS COKROAMINOTO NO. 64 Muka Kec. Cianjur Kab. Cianjur Prov. Jawa Barat,Kab. Cianjur,,Jawa Barat
50102384,SMAS PARIWISATA PGRI DAWAN,https://sekolah.data.kemdikbud.go.id/index.php/Chome/profil/AFD38B92-D36C-4468-BC88-D3D33E1FD478,JL. FLAMBOYAN NO. 57 SEMARAPURA Semarapura Kelod Kec. Klungkung Kab. Klungkung Prov. Bali,Kab. Klungkung,,Bali
20322744,SMA NEGERI 1 BATANG,https://sekolah.data.kemdikbud.go.id/index.php/Chome/profil/C6E8B591-062C-4E6E-900E-D3D60D386E0D,JL. KI MANGUNSARKORO NO. 8 Proyonanggan Selatan Kec. Batang Kab. Batang Prov. Jawa Tengah,Kab. Batang,,Jawa Tengah
10402069,SMAN 1 TEMPULING,https://sekolah.data.kemdikbud.go.id/index.php/Chome/profil/D80B010D-DB67-4E27-AE22-D3D6831B641C,JL. 21 MARET SUNGAI SALAK Sungai Salak Kec. Tempuling Kab. Indragiri Hilir Prov. Riau,Kab. Indragiri Hilir,,Riau
50309374,SMAS STELA GRATIA ATAMBUA,https://sekolah.data.kemdikbud.go.id/index.php/Chome/profil/A84DCDBB-1987-4C8E-9353-D3DBA19FA317,JL.J.A.Bere Mau-Kuneru Manumutin Kec. Kota Atambua Kab. Belu Prov. Nusa Tenggara Timur,Kab. Belu,,Nusa Tenggara Timur
40500896,SMAN 1 TAPA,https://sekolah.data.kemdikbud.go.id/index.php/Chome/profil/BD03F2DB-B3C0-4B7B-914D-D3DEC1A6D6CB,JL. TAPA - KABILA NO. 57 A Talumopatu Kec. Tapa Kab. Bone Bolango Prov. Gorontalo,Kab. Bone Bolango,,Gorontalo
30109719,SMAS TAMAN MULIA,https://sekolah.data.kemdikbud.go.id/index.php/Chome/profil/FD30430C-DBEC-4E54-869B-D3E1F9EC8E5E,Jl. Sukarno Hatra Arang Limbung Kec. Sungai Raya Kab. Kubu Raya Prov. Kalimantan Barat,Kab. Kubu Raya,,Kalimantan Barat
10105623,SMAN 5 LHOKSEUMAWE,https://sekolah.data.kemdikbud.go.id/index.php/Chome/profil/C6855B7D-6ED5-4FBF-84C1-D3E402590C26,"JL. TEUNGKU WAHAB DAHLAWI KM 0,3 Paya Punteut Kec. Muara Dua Kota Lhokseumawe Prov. Aceh",,Kota Lhokseumawe,Aceh
69849607,SMAN 20 PANGKAJENE DAN KEPULAUAN,https://sekolah.data.kemdikbud.go.id/index.php/Chome/profil/47B6B86A-428D-4962-883F-D3E6C08ED926,JL.KARAENG BARASA Sibatua Kec. Pangkajene Kab. Pangkajene Dan Kepulauan Prov. Sulawesi Selatan,Kab. Pangkajene Dan Kepulauan,,Sulawesi Selatan
70032332,SMA IT IBNU HAFIDZ,https://sekolah.data.kemdikbud.go.id/index.php/Chome/profil/AAFBEF88-00DC-47BA-9A49-D3E7B72F6549,Jl. H. Demak RT.24/06 Rancadaka Kec. Pusakanagara Kab. Subang Prov. Jawa Barat,Kab. Subang,,Jawa Barat
10262149,SMA NEGERI 3 SUSUA,https://sekolah.data.kemdikbud.go.id/index.php/Chome/profil/65D3370B-DD1E-481E-86BA-D3E956E7742E,Desa Hilimboho Hilimboho Kec. Susua Kab. Nias Selatan Prov. Sumatera Utara,Kab. Nias Selatan,,Sumatera Utara
20549360,SMAS NURUL HUDA PORONG,https://sekolah.data.kemdikbud.go.id/index.php/Chome/profil/25173AF5-3E7E-4311-9CE3-D3ED333B47CD,JL. MASJID. NO.4 PORONG Kedungboto Kec. Porong Kab. Sidoarjo Prov. Jawa Timur,Kab. Sidoarjo,,Jawa Timur
20540211,SMAS ADVENT DWI ABDI,https://sekolah.data.kemdikbud.go.id/index.php/Chome/profil/C93A3F65-36A3-4BAB-BFAC-D3F0293E1D9B,JL.Raya Lembah Dieng No. 4 Malang Pisang Candi Kec. Sukun Kota Malang Prov. Jawa Timur,,Kota Malang,Jawa Timur
20613588,SMAS PARAHYANGAN,https://sekolah.data.kemdikbud.go.id/index.php/Chome/profil/FC65AAA4-A2D4-476E-B6BD-D3F5192A972C,JL. RAYA PAKU HAJI KP. KAYU PUTIH Rawa Boni Kec. Pakuhaji Kab. Tangerang Prov. Banten,Kab. Tangerang,,Banten
20505037,SMAS MUHAMMADIYAH 2 PALANG,https://sekolah.data.kemdikbud.go.id/index.php/Chome/profil/0479FC18-5E28-474D-A40B-D3F5B0DDA410,Jl. Gresik Desa Karangagung Kec. Palang Karangagung Kec. Palang Kab. Tuban Prov. Jawa Timur,Kab. Tuban,,Jawa Timur
50105504,SMAS GLOBAL TOURISM ANUGRAH,https://sekolah.data.kemdikbud.go.id/index.php/Chome/profil/8205097C-9551-48E1-A885-D3FB52D9A766,JL. DIPONEGORO NO. 170/190 DENPASAR Dauh Puri Klod Kec. Denpasar Barat Kota Denpasar Prov. Bali,,Kota Denpasar,Bali
69873698,SMAN 18 BUNGO,https://sekolah.data.kemdikbud.go.id/index.php/Chome/profil/4571B893-9D90-4869-8237-D40045A61794,JL. TANAH TUMBUH Empelu Kec. Tanah Sepenggal Kab. Bungo Prov. Jambi,Kab. Bungo,,Jambi
69755772,SMAS ISLAM BINA INSANI LANGKO,https://sekolah.data.kemdikbud.go.id/index.php/Chome/profil/79E56FBB-D8C8-4BE7-9DBB-D40B73511F43,Dusun Jebak Langko Langko Kec. Janapria Kab. Lombok Tengah Prov. Nusa Tenggara Barat,Kab. Lombok Tengah,,Nusa Tenggara Barat
10258323,SMAN 1 ULU MORO O,https://sekolah.data.kemdikbud.go.id/index.php/Chome/profil/DCCF322D-264E-4C84-BF09-D40B8F5416FB,Ulu Moro o Saloo Kec. Ulu Moro o Kab. Nias Barat Prov. Sumatera Utara,Kab. Nias Barat,,Sumatera Utara
20221562,SMAN 4 SUKABUMI,https://sekolah.data.kemdikbud.go.id/index.php/Chome/profil/9FBBD74E-DBD5-43B2-9D82-D40D727DD64C,JL. IR. H. JUANDA NO. 8 SUKABUMI Cikole Kec. Cikole Kota Sukabumi Prov. Jawa Barat,,Kota Sukabumi,Jawa Barat
30202758,SMAS MUHAMMADIYAH KATINGAN TENGAH,https://sekolah.data.kemdikbud.go.id/index.php/Chome/profil/172A88C5-F89E-4A4E-8ECA-D4108C2E85DA,JL.MINUN DEHEN NO.04 Samba Danum Kec. Katingan Tengah Kab. Katingan Prov. Kalimantan Tengah,Kab. Katingan,,Kalimantan Tengah
69849635,SMA SWASTA ILMANAH,https://sekolah.data.kemdikbud.go.id/index.php/Chome/profil/D60F33FF-CAC6-4139-9439-D413A251742B,Desa Bhontu-Bhontu Bhontu-Bhontu Kec. Towea Kab. Muna Prov. Sulawesi Tenggara,Kab. Muna,,Sulawesi Tenggara
70033924,SMA IT WAHDAH ISLAMIYAH 01 TOMONI,https://sekolah.data.kemdikbud.go.id/index.php/Chome/profil/88009E13-7BE2-45AB-9EE9-D416DC40664E,Jl. Rantemario Desa Kalpataru Kalpataru Kec. Tomoni Kab. Luwu Timur Prov. Sulawesi Selatan,Kab. Luwu Timur,,Sulawesi Selatan
20219521,SMAS PURAGABAYA,https://sekolah.data.kemdikbud.go.id/index.php/Chome/profil/B6977A29-DD3E-4547-A5EB-D4230E7A68FA,JL. H. YASIN TRSN. PASTEUR Sukabungah Kec. Sukajadi Kota Bandung Prov. Jawa Barat,,Kota Bandung,Jawa Barat
40601054,UPTD SMAN 1 SESENA PADANG,https://sekolah.data.kemdikbud.go.id/index.php/Chome/profil/35B72D4E-95FC-42E2-9A97-D4267291BF9E,OROBUA Orobua Kec. Sesenapadang Kab. Mamasa Prov. Sulawesi Barat,Kab. Mamasa,,Sulawesi Barat
20540170,SMAS NU GOMBENGSARI,https://sekolah.data.kemdikbud.go.id/index.php/Chome/profil/1D9BC580-8022-4A14-8582-D428DAEF8FD5,JL. SUMBERWARU NO. 05 Gombeng Sari Kec. Kalipuro Kab. Banyuwangi Prov. Jawa Timur,Kab. Banyuwangi,,Jawa Timur
20216941,SMAN 1 PAGADEN,https://sekolah.data.kemdikbud.go.id/index.php/Chome/profil/6CCE87C0-5AE6-494A-93D0-D42D584D45B4,JL. CIPUNAGARA PAGADEN Sukamulya Kec. Pagaden Kab. Subang Prov. Jawa Barat,Kab. Subang,,Jawa Barat
69965593,SMA UNGGULAN BADRIDDUJA,https://sekolah.data.kemdikbud.go.id/index.php/Chome/profil/05B936FD-D955-4397-9CD4-D42E7493A76A,Jl. Sunan Kudus No. 02 Kraksaan Wetan Kec. Kraksaan Kab. Probolinggo Prov. Jawa Timur,Kab. Probolinggo,,Jawa Timur
30405565,SMAN 1 TELUK PANDAN,https://sekolah.data.kemdikbud.go.id/index.php/Chome/profil/8C42EF41-0076-4BA5-8D8C-D4318063B098,JL. Poros Bontang - Sangatta KM. 17 Teluk Pandan Kec. Teluk Pandan Kab. Kutai Timur Prov. Kalimantan Timur,Kab. Kutai Timur,,Kalimantan Timur
30208731,SMA PEMBANGUNAN JANGKANG BARU,https://sekolah.data.kemdikbud.go.id/index.php/Chome/profil/E2CA53E6-3CBB-4E4B-AC61-D4383D4C4ABE,JL. PEMBANGUNAN DESA JANGKANG BARU Jangkang Baru Kec. Lahei Barat Kab. Barito Utara Prov. Kalimantan Tengah,Kab. Barito Utara,,Kalimantan Tengah
20229171,SMA PGRI DEPOK,https://sekolah.data.kemdikbud.go.id/index.php/Chome/profil/FA0122E2-19AC-47A2-86A4-D43878B33A63,Jl. Pemuda Gg. Belimbing 3 No. 2 Pancoran Mas Kec. Pancoran Mas Kota Depok Prov. Jawa Barat,,Kota Depok,Jawa Barat
20318325,SMAS BOPKRI 2 KELING,https://sekolah.data.kemdikbud.go.id/index.php/Chome/profil/665442D1-6CB4-4087-862F-D43AC9608C20,Desa Kelet RT. 20 RW. 03 Kelet Kec. Keling Kab. Jepara Prov. Jawa Tengah,Kab. Jepara,,Jawa Tengah
69852840,SMAN 12 HALMAHERA TIMUR,https://sekolah.data.kemdikbud.go.id/index.php/Chome/profil/1ACF3FFF-8695-4A8B-BE88-D43D4D5B63ED,MABA PURA Soa Laipoh Kec. Kota Maba Kab. Halmahera Timur Prov. Maluku Utara,Kab. Halmahera Timur,,Maluku Utara
40200734,SMA NEGERI 7 SIGI,https://sekolah.data.kemdikbud.go.id/index.php/Chome/profil/AE790CFA-0D67-4D24-8C28-D440767CC59C,JL. AIR TERJUN RARAMPADENDE Kec. Dolo Barat Kab. Sigi Prov. Sulawesi Tengah,Kab. Sigi,,Sulawesi Tengah
20247158,SMAS IT MAHMUDIYYAH,https://sekolah.data.kemdikbud.go.id/index.php/Chome/profil/89029008-EB4A-43B2-A975-D44366C3460F,JL. BELAKANG MESJID AGUNG AL-HURIYYAH KA... Cicurug Kec. Cicurug Kab. Sukabumi Prov. Jawa Barat,Kab. Sukabumi,,Jawa Barat
20321838,SMA NEGERI 1 PEGANDON,https://sekolah.data.kemdikbud.go.id/index.php/Chome/profil/92BAA492-F636-4095-BF0F-D4450D9488CC,JL.RAYA PUTAT PEGANDON Pegandon Kec. Pegandon Kab. Kendal Prov. Jawa Tengah,Kab. Kendal,,Jawa Tengah
10609674,SMA PEMBINA PALEMBANG,https://sekolah.data.kemdikbud.go.id/index.php/Chome/profil/6F019BA6-DE99-40EB-A597-D448DC54FBCA,JL. JEND. BAMBANG UTOYO 179 PLG 5 Ilir Kec. Ilir Timur II Kota Palembang Prov. Sumatera Selatan,,Kota Palembang,Sumatera Selatan
20538322,SMA NEGERI 1 LOCERET NGANJUK,https://sekolah.data.kemdikbud.go.id/index.php/Chome/profil/C14EFD52-F0C6-4831-971F-D455B5D965C5,JL. DR. SUTOMO LOCERET Ngepeh Kec. Loceret Kab. Nganjuk Prov. Jawa Timur,Kab. Nganjuk,,Jawa Timur
30105078,SMAS AL - ISLAH BAITUL MAL,https://sekolah.data.kemdikbud.go.id/index.php/Chome/profil/8C6A453C-388A-45D1-BBF8-D4582217CF63,JL. HRA.RAHMAN GG LAWU Pal Lima Kec. Pontianak Barat Kota Pontianak Prov. Kalimantan Barat,,Kota Pontianak,Kalimantan Barat
70052701,SMA PARADISA CENDEKIA,https://sekolah.data.kemdikbud.go.id/index.php/Chome/profil/ECD30365-34C4-401F-9BD8-D461308F9E7C,Jl. Raya Kalimanggis No. 105 RT. 001 RW.... Jatikarya Kec. Jati Sampurna Kota Bekasi Prov. Jawa Barat,,Kota Bekasi,Jawa Barat
20321437,SMA NEGERI 1 PRINGSURAT,https://sekolah.data.kemdikbud.go.id/index.php/Chome/profil/CE80DECB-ECE2-4542-86C5-D462BEC4BAF0,JL. RAYA KRANGGAN PRINGSURAT Kebumen Kec. Pringsurat Kab. Temanggung Prov. Jawa Tengah,Kab. Temanggung,,Jawa Tengah
20253810,SMAS DON BOSCO III,https://sekolah.data.kemdikbud.go.id/index.php/Chome/profil/B691CB6C-3605-47C3-B306-D46D164C75AE,JL. SENTOSA RAYA TAMAN SENTOSA KEC. CIKA... Pasirsari Kec. Cikarang Selatan Kab. Bekasi Prov. Jawa Barat,Kab. Bekasi,,Jawa Barat
10110895,SMA NEGERI 1 SALANG,https://sekolah.data.kemdikbud.go.id/index.php/Chome/profil/3E1893EB-746A-4A87-9EFC-D46EB40C3AC8,JL. TGK. HAMZAH Nasreuhe Kec. Salang Kab. Simeulue Prov. Aceh,Kab. Simeulue,,Aceh
20206227,SMAN 1 CISARUA,https://sekolah.data.kemdikbud.go.id/index.php/Chome/profil/F1DCF867-B259-4B61-BD5D-D46F24CC05B9,JL. KOLONEL MASTURI NO. 64 CISARUA Jambudipa Kec. Cisarua Kab. Bandung Barat Prov. Jawa Barat,Kab. Bandung Barat,,Jawa Barat
10211712,SMAS SEMINARI,https://sekolah.data.kemdikbud.go.id/index.php/Chome/profil/A7909D38-2643-4530-8EE4-D4734AA9F86F,JL. LAPANGAN BOLA ATAS Sukamakmur Kec. Siantar Marihat Kota Pematangsiantar Prov. Sumatera Utara,,Kota Pematangsiantar,Sumatera Utara
50103669,SMA Negeri 1 Kubu,https://sekolah.data.kemdikbud.go.id/index.php/Chome/profil/D1025332-2034-4F9B-9FBF-D477EEDCE28E,JL. RAYA AMLAPURA - SINGARAJA Sukadana Kec. Kubu Kab. Karangasem Prov. Bali,Kab. Karangasem,,Bali
20102570,SMAN 70 JAKARTA,https://sekolah.data.kemdikbud.go.id/index.php/Chome/profil/7DBC8CFC-1E2F-400E-A1F6-D4789E14852A,JL. BULUNGAN BLOK C / 1 Kramat Pela Kec. Kebayoran Baru Kota Adm. Jakarta Selatan Prov. D.K.I. Jakarta,,Kota Adm. Jakarta Selatan,D.K.I. Jakarta
40202641,SMAN 1 BUMI RAYA,https://sekolah.data.kemdikbud.go.id/index.php/Chome/profil/2FB9C7FF-5887-461C-9FB7-D47B1B76BE4B,JL. Tunas Bangsa No. 9 Desa Bahonsuai Ke... Bahonsuai Kec. Bumi Raya Kab. Morowali Prov. Sulawesi Tengah,Kab. Morowali,,Sulawesi Tengah
69863854,SMA PLUS YPPGI GERADUS ADII,https://sekolah.data.kemdikbud.go.id/index.php/Chome/profil/2880A897-D5E9-45D3-9F9B-D47C2B168313,JLN. PERTANIAN JATI - JATI MERAUKE Rimba Jaya Kec. Merauke Kab. Merauke Prov. Papua Selatan,Kab. Merauke,,Papua Selatan
70046346,SMAN 3 KUBU,https://sekolah.data.kemdikbud.go.id/index.php/Chome/profil/003B9574-3300-4BE7-A1E8-D47DFE0A3F4E,Jl. Datuk Kancil Teluk Merbau Kec. Kubu Kab.  Rokan Hilir Prov. Riau,Kab.  Rokan Hilir,,Riau
69938806,SMA Negeri 2 Alasa,https://sekolah.data.kemdikbud.go.id/index.php/Chome/profil/2018E2DF-9CED-4CB5-B414-D47F3DD66F10,Jl. Loloanaa Ulu Tumula Loloanaa Kec. Alasa Kab. Nias Utara Prov. Sumatera Utara,Kab. Nias Utara,,Sumatera Utara
20222379,SMAS ADVENT CIREBON,https://sekolah.data.kemdikbud.go.id/index.php/Chome/profil/AE8853F3-3750-49C1-934A-D48736C69E59,JL. PULASAREN NO 01 Kesepuhan Kec. Lemahwungkuk Kota Cirebon Prov. Jawa Barat,,Kota Cirebon,Jawa Barat
10220611,SMA NEGERI 2 TUKKA,https://sekolah.data.kemdikbud.go.id/index.php/Chome/profil/08C56317-8EA8-4CBE-BD88-D48755559965,JL. K.H. ZAINUL ARIFIN TUKKA LESTARI Bonalumban Kec. Tukka Kab. Tapanuli Tengah Prov. Sumatera Utara,Kab. Tapanuli Tengah,,Sumatera Utara
70047399,SMA Al Manshurin Boarding School Banjarbaru,https://sekolah.data.kemdikbud.go.id/index.php/Chome/profil/AD161E03-8E04-4A1A-B649-D4892D136274,Jl. Abdi Baru RT. 47 RW. 007 Guntungmanggis Kec. Landasan Ulin Kota Banjarbaru Prov. Kalimantan Selatan,,Kota Banjarbaru,Kalimantan Selatan
10214134,SMAN 1 LUBUK PAKAM,https://sekolah.data.kemdikbud.go.id/index.php/Chome/profil/75F42B0E-8751-4D46-B043-D48B4CCEA052,JL. DR.WAHIDIN NO. 1 Lubuk Pakam I/Ii Kec. Lubuk Pakam Kab. Deli Serdang Prov. Sumatera Utara,Kab. Deli Serdang,,Sumatera Utara
60302716,SMA NEGERI 1 KIMAAM,https://sekolah.data.kemdikbud.go.id/index.php/Chome/profil/E3A896E6-3419-43D1-9428-D48E383F6F04,KIWORO - KIMAAM Kiworo Kec. Kimaam Kab. Merauke Prov. Papua Selatan,Kab. Merauke,,Papua Selatan
10404010,SMA NEGERI 11 PEKANBARU,https://sekolah.data.kemdikbud.go.id/index.php/Chome/profil/569B0305-BF55-4726-8AA1-D490304BBB81,Jl. Segar No. 40 Rejosari Kec. Tenayan Raya Kota Pekanbaru Prov. Riau,,Kota Pekanbaru,Riau
60403662,SMAN TOFOI,https://sekolah.data.kemdikbud.go.id/index.php/Chome/profil/2386A5D4-DE06-45AC-94CE-D49B6757C94E,TOFOI Tofoi Kec. Sumuri Kab. Teluk Bintuni Prov. Papua Barat,Kab. Teluk Bintuni,,Papua Barat
69974257,SMA PLUS AL-BAYAN,https://sekolah.data.kemdikbud.go.id/index.php/Chome/profil/A8C1F388-0B75-43EF-B1CE-D49D4AE3279D,"Jl. Langgam Km. 3,5 Pangkalan Kerinci Barat Kec. Pangkalan Kerinci Kab.  Pelalawan Prov. Riau",Kab.  Pelalawan,,Riau
50301676,SMA NEGERI 1 ALOR BARAT DAYA,https://sekolah.data.kemdikbud.go.id/index.php/Chome/profil/2C848949-6BB2-45EF-8C65-D49FC41425F9,JLN. KANAIKAI Pailelang Kec. Alor Barat Daya Kab. Alor Prov. Nusa Tenggara Timur,Kab. Alor,,Nusa Tenggara Timur
20219764,SMAS PASUNDAN 4 BANDUNG,https://sekolah.data.kemdikbud.go.id/index.php/Chome/profil/DBAA6AD1-40DC-4D51-916B-D4A9B11D7288,JL.  Jend. Sudirman Pal 3 Cijerah Gg. Pe... Cijerah Kec. Bandung Kulon Kota Bandung Prov. Jawa Barat,,Kota Bandung,Jawa Barat
69953095,SMA SEKOLAH ANAK INDONESIA,https://sekolah.data.kemdikbud.go.id/index.php/Chome/profil/7A09F03E-D26E-44FC-9BE3-D4AF88D151C0,Kp Legok Gaok RT 02 Rw 05 Desa Kadumangu Kadumangu Kec. Babakan Madang Kab. Bogor Prov. Jawa Barat,Kab. Bogor,,Jawa Barat
70038321,SMA IT AL ANDALUS,https://sekolah.data.kemdikbud.go.id/index.php/Chome/profil/E87B8110-1842-41F0-9B6E-D4B107937624,Jl. Raya Menteng Km.06 Balekambang Kec. Jonggol Kab. Bogor Prov. Jawa Barat,Kab. Bogor,,Jawa Barat
69762799,SMAN 1 ANAK TUHA,https://sekolah.data.kemdikbud.go.id/index.php/Chome/profil/E86E703A-55EB-4300-97D1-D4B2EE720065,Negara Bumi Ilir Negara Bumi Ilir Kec. Anak Tuha Kab. Lampung Tengah Prov. Lampung,Kab. Lampung Tengah,,Lampung
69761964,SMAN 3 SINGINGI HILIR,https://sekolah.data.kemdikbud.go.id/index.php/Chome/profil/959BF935-1897-41BF-B60C-D4B5A083492B,JL POROS DESA SUNGAI BULUH Sungai Buluh Kec. Singingi Hilir Kab. Kuantan Singingi Prov. Riau,Kab. Kuantan Singingi,,Riau
60302711,SMA NEGERI KPG KHAS PAPUA MERAUKE,https://sekolah.data.kemdikbud.go.id/index.php/Chome/profil/F6A3E241-C338-4835-AED6-D4BC11FF367E,JL. NDOREM BUTI KEL. SAMKAI MERAUKE Samkai Kec. Merauke Kab. Merauke Prov. Papua Selatan,Kab. Merauke,,Papua Selatan
20332522,SMA KRISTEN TERANG BANGSA,https://sekolah.data.kemdikbud.go.id/index.php/Chome/profil/7B7A44F0-756A-456E-8E80-D4C3BF08FB99,"JL. ARTERI UTARA, KOMP. GRAND MARINA Tawangsari Kec. Semarang Barat Kota Semarang Prov. Jawa Tengah",,Kota Semarang,Jawa Tengah
10504610,SMAS XAVERIUS 2,https://sekolah.data.kemdikbud.go.id/index.php/Chome/profil/EDEAE05F-68E0-46C7-95EE-D4C4218606C1,JL. MELUR 1 NO. 23 RT. 16 Simpang Iv Sipin Kec. Telanai Pura Kota Jambi Prov. Jambi,,Kota Jambi,Jambi
40311939,SMA KRISTEN ELIM MAKASSAR,https://sekolah.data.kemdikbud.go.id/index.php/Chome/profil/4A47930C-70CB-4035-B6D7-D4C55B7B46B8,JL. PERINTIS KEMERDEKAAN KM 11 No. 246 Tamalanrea Kec. Tamalanrea Kota Makassar Prov. Sulawesi Selatan,,Kota Makassar,Sulawesi Selatan
20533607,SMAS NASIONAL,https://sekolah.data.kemdikbud.go.id/index.php/Chome/profil/2F78212A-0465-4FCD-BF40-D4CB28586532,JL. S. SUPRIADI  50 Bandungrejosari Kec. Sukun Kota Malang Prov. Jawa Timur,,Kota Malang,Jawa Timur
20613955,SMAS NUR EL FALAH KUBANG,https://sekolah.data.kemdikbud.go.id/index.php/Chome/profil/4FD338C5-3692-446C-8A16-D4CD9D50D137,JL. KH ABDUL KABIER KM.2 Kubang Jaya Kec. Petir Kab. Serang Prov. Banten,Kab. Serang,,Banten
30202276,SMAN 1 SEPANG,https://sekolah.data.kemdikbud.go.id/index.php/Chome/profil/9F4B2ABF-DCD5-4B36-9AE2-D4D4D8C61BF3,JL. ANTANG TAOI NO. 64 SEPANG SIMIN Sepang Simin Kec. Sepang Kab. Gunung Mas Prov. Kalimantan Tengah,Kab. Gunung Mas,,Kalimantan Tengah
30401830,SMAS BAHRUL ULUM,https://sekolah.data.kemdikbud.go.id/index.php/Chome/profil/3B73495E-4396-4BA9-8482-D4D541DF7FA3,JL. MT. HARYONO 03 Gunung Elai Kec. Bontang Utara Kota Bontang Prov. Kalimantan Timur,,Kota Bontang,Kalimantan Timur
69963074,SMAS DAARUTTIBYAN,https://sekolah.data.kemdikbud.go.id/index.php/Chome/profil/59D14503-E9CB-4FD9-957E-D4D8DCB433E6,Jl. Ds. Wangunjaya Wangunjaya Kec. Banjarwangi Kab. Garut Prov. Jawa Barat,Kab. Garut,,Jawa Barat
10204242,SMA SWASTA MITRA INALUM,https://sekolah.data.kemdikbud.go.id/index.php/Chome/profil/380EA371-9C21-4B8E-AD7E-D4DA45AB7C0C,JL.BERINGIN NO. 1 TG. GADING Perkebunan Sipare-Pare Kec. Sei Suka Kab. Batu Bara Prov. Sumatera Utara,Kab. Batu Bara,,Sumatera Utara
70023445,SMAIT FAJAR ILAHI,https://sekolah.data.kemdikbud.go.id/index.php/Chome/profil/8878D2AB-1749-4E80-8CE5-D4E09B196A82,Pancur Tower II RT. 001 RW. 011 Duriangkang Kec. Sei Beduk Kota Batam Prov. Kepulauan Riau,,Kota Batam,Kepulauan Riau
40202948,SMAN 1 KASIMBAR,https://sekolah.data.kemdikbud.go.id/index.php/Chome/profil/48E8547F-876D-4CE2-80E3-D4E1D41A3499,JL. TRANS SULAWESI NO. 1 Kasimbar Kec. Kasimbar Kab. Parigi Moutong Prov. Sulawesi Tengah,Kab. Parigi Moutong,,Sulawesi Tengah
69799875,SMA NEGERI 2 SAMPOLAWA,https://sekolah.data.kemdikbud.go.id/index.php/Chome/profil/41A61ACD-AF32-40EA-8233-D4E4C1D1891C,"JLN. PENDIDIKAN, DESA LIPUMANGAU Lipu Mangau Kec. Sampolawa Kab. Buton Selatan Prov. Sulawesi Tenggara",Kab. Buton Selatan,,Sulawesi Tenggara
40103447,SMAN 1 PASSI,https://sekolah.data.kemdikbud.go.id/index.php/Chome/profil/F60A5E1E-D761-468F-A1DB-D4F8A364DD66,Jl. Raya Desa Passi 2 Kec. Passi Barat K... Passi Kec. Passi Barat Kab. Bolaang Mongondow Prov. Sulawesi Utara,Kab. Bolaang Mongondow,,Sulawesi Utara
20328891,SMA NEGERI 7 SEMARANG,https://sekolah.data.kemdikbud.go.id/index.php/Chome/profil/834ACEFA-7076-49B7-BAD5-D4FC86FEB99A,Jl. Untung Suropati Bambankerep Kec. Ngaliyan Kota Semarang Prov. Jawa Tengah,,Kota Semarang,Jawa Tengah
20324215,SMA NEGERI 1 PETARUKAN,https://sekolah.data.kemdikbud.go.id/index.php/Chome/profil/C9B1B02D-AEC1-4389-854C-D501DFEE5060,JL. DESA SIRANGKANG PETARUKAN Sirangkang Kec. Petarukan Kab. Pemalang Prov. Jawa Tengah,Kab. Pemalang,,Jawa Tengah
69964606,SMA NURUL HASAN PIGARAJA,https://sekolah.data.kemdikbud.go.id/index.php/Chome/profil/273C028F-1700-4707-953D-D5038E5FF8F6,Jln. KH Abdul Gani Kasuba Pigaraja Kec. Bacan Timur Selatan Kab. Halmahera Selatan Prov. Maluku Utara,Kab. Halmahera Selatan,,Maluku Utara
40102589,SMAS KATOLIK REX MUNDI,https://sekolah.data.kemdikbud.go.id/index.php/Chome/profil/F60D5BA5-67E0-4336-AAC3-D5048815E8A3,JL.SAM RATULANGI NO.60 Wenang Selatan Kec. Wenang Kota Manado Prov. Sulawesi Utara,,Kota Manado,Sulawesi Utara
40303742,SMAN 2 SOPPENG,https://sekolah.data.kemdikbud.go.id/index.php/Chome/profil/905B7217-64DD-4DE5-B6D2-D50509E6A851,JL. H. A. MAHMUD NO. 69 CANGADI Appanang Kec. Liliriaja Kab. Soppeng Prov. Sulawesi Selatan,Kab. Soppeng,,Sulawesi Selatan
