kode,nama,link_profil,alamat,kabupaten,kota,provinsi
60203631,SMA NEGERI 6 HALMAHERA BARAT,https://sekolah.data.kemdikbud.go.id/index.php/Chome/profil/863D35EB-8310-4C70-A4E4-8987AE043E6E,DESA AKEARA Akeara Kec. Jailolo Selatan Kab. Halmahera Barat Prov. Maluku Utara,Kab. Halmahera Barat,,Maluku Utara
20229183,SMAS YAPEMRI DEPOK,https://sekolah.data.kemdikbud.go.id/index.php/Chome/profil/D89C7670-4411-4219-BF4C-89907B329DF9,JL. AGUNG RAYA UJUNG NO. 3 Abadijaya Kec. Sukmajaya Kota Depok Prov. Jawa Barat,,Kota Depok,Jawa Barat
69930653,SMA MANARULHUDA,https://sekolah.data.kemdikbud.go.id/index.php/Chome/profil/9CC99AD0-A946-47D6-90CA-899096B3CC23,Jl. Kh. Saleh No. 446 Sukamanah Kec. Karang Tengah Kab. Cianjur Prov. Jawa Barat,Kab. Cianjur,,Jawa Barat
10609628,SMA BINA CIPTA PALEMBANG,https://sekolah.data.kemdikbud.go.id/index.php/Chome/profil/845DF153-6FB9-49BA-96B6-8991E8DC2B11,JL. BINA CIPTA NO. 18 PALEMBANG Bukit Sangkal Kec. Kalidoni Kota Palembang Prov. Sumatera Selatan,,Kota Palembang,Sumatera Selatan
70039188,SMA BHAKTI ANANDA,https://sekolah.data.kemdikbud.go.id/index.php/Chome/profil/F59CC42E-74E1-4665-B5BA-8997BE1E4641,Jl. Prancis Raya Perum Villa Taman Banda... D A D A P Kec. Kosambi Kab. Tangerang Prov. Banten,Kab. Tangerang,,Banten
10212524,SMAS AL MA ARIF,https://sekolah.data.kemdikbud.go.id/index.php/Chome/profil/CFCBA2BB-FD95-4E33-AE5A-89A7F996C924,Jalan Pasar 10 Bengkel Mangga Kec. Stabat Kab. Langkat Prov. Sumatera Utara,Kab. Langkat,,Sumatera Utara
20605092,SMAN 1 PONTANG,https://sekolah.data.kemdikbud.go.id/index.php/Chome/profil/E2901592-238F-42D9-8A1F-89AEE14D2EC1,JL. KUBANG PUJI Pontang Kec. Pontang Kab. Serang Prov. Banten,Kab. Serang,,Banten
20244733,SMAS RIYADLUL JANNAH,https://sekolah.data.kemdikbud.go.id/index.php/Chome/profil/AEC3E5E3-E4C9-40EA-B806-89BEA61B0F7E,JL. INDUSTRI NO. 114 PASIR GOMBONG CIKAR... Pasirgombong Kec. Cikarang Utara Kab. Bekasi Prov. Jawa Barat,Kab. Bekasi,,Jawa Barat
10648294,SMAN 1 BELITANG JAYA,https://sekolah.data.kemdikbud.go.id/index.php/Chome/profil/C02BF3AA-5CAB-4B86-9188-89BF1482E50A,Jln. Raya Desa Karsajaya Karsa Jaya Kec. Belitang Jaya Kab. Ogan Komering Ulu Timur Prov. Sumatera Selatan,Kab. Ogan Komering Ulu Timur,,Sumatera Selatan
50309198,SMAS KRISTEN BOKING,https://sekolah.data.kemdikbud.go.id/index.php/Chome/profil/0DCCF8B7-5E82-47A8-91F1-89CCBFD7DFC0,Jalan Joni Banunaek Nomor 05 Boking Boking Kec. Boking Kab. Timor Tengah Selatan Prov. Nusa Tenggara Timur,Kab. Timor Tengah Selatan,,Nusa Tenggara Timur
10901019,SMAN 1 KELAPA KAMPIT,https://sekolah.data.kemdikbud.go.id/index.php/Chome/profil/FF7125D0-7AF5-4100-887B-89D09BAE7610,JL. BERINGIN II KELAPA KAMPIT Mentawak Kec. Kelapa Kampit Kab. Belitung Timur Prov. Kepulauan Bangka Belitung,Kab. Belitung Timur,,Kepulauan Bangka Belitung
20603351,SMAS MANDIRI BALARAJA,https://sekolah.data.kemdikbud.go.id/index.php/Chome/profil/94F82D3F-9AA7-49B7-9E30-89D3FA426763,"JL. RAYA KRESEK KM. 0,5 Balaraja Kec. Balaraja Kab. Tangerang Prov. Banten",Kab. Tangerang,,Banten
10110604,SMA IT AL-FITYAN SCHOOL ACEH,https://sekolah.data.kemdikbud.go.id/index.php/Chome/profil/B30A29C1-0052-44F8-89D7-89D7AC10F913,Jln. Ir. M. Taher Lr. Lawee Ds. Reuloh Reuloh Kec. Ingin Jaya Kab. Aceh Besar Prov. Aceh,Kab. Aceh Besar,,Aceh
10806027,SMAS LENTERA HARAPAN SKP,https://sekolah.data.kemdikbud.go.id/index.php/Chome/profil/0CC721C8-B62F-4C24-BCE6-89D935E8C9BB,JL. RAYA BUMI AGUNG Sumbersari Kec. Sekampung Kab. Lampung Timur Prov. Lampung,Kab. Lampung Timur,,Lampung
20523839,SMAS SULTAN AGUNG PUGER,https://sekolah.data.kemdikbud.go.id/index.php/Chome/profil/FD0DC13E-198A-4D9E-A91A-89DB130FD6FF,JL. MOCH. SROEDJI 16 Kasiyan Timur Kec. Puger Kab. Jember Prov. Jawa Timur,Kab. Jember,,Jawa Timur
20314882,SMA NEGERI 1 NGAWEN,https://sekolah.data.kemdikbud.go.id/index.php/Chome/profil/8BFD9061-CD06-426D-BBEA-89DB1CD69DD8,JL. RAYA BLORA-PURWODADI KM 17 NGAWEN Trembulrejo Kec. Ngawen Kab. Blora Prov. Jawa Tengah,Kab. Blora,,Jawa Tengah
20302172,SMA NEGERI 1 BATURRADEN,https://sekolah.data.kemdikbud.go.id/index.php/Chome/profil/E8B8BCEF-0F31-4756-B9E8-89DC2C39B261,JL. RAYA REMPOAH TIMUR NO.786 Rempoah Kec. Baturaden Kab. Banyumas Prov. Jawa Tengah,Kab. Banyumas,,Jawa Tengah
20220336,SMAN 7 BOGOR,https://sekolah.data.kemdikbud.go.id/index.php/Chome/profil/FDC5A7AF-F646-4BE0-A71B-89DEEDCF2847,JL. PALUPUH NO.7 Tegalgundil Kec. Kota Bogor Utara Kota Bogor Prov. Jawa Barat,,Kota Bogor,Jawa Barat
10646233,SMAN 2 RAMBANG DANGKU,https://sekolah.data.kemdikbud.go.id/index.php/Chome/profil/D556A75F-3CF0-41D5-BFF8-89DF7C2886EA,DESA MANUNGGAL JAYA MANUNGGAL JAYA Kec. Rambang Niru Kab. Muara Enim Prov. Sumatera Selatan,Kab. Muara Enim,,Sumatera Selatan
69888594,SMA SWASTA MANARUL ISLAM,https://sekolah.data.kemdikbud.go.id/index.php/Chome/profil/58167A36-E1F4-48D0-9957-89E54FD93EE2,Jl. Medan Banda Aceh Seumadam Kec. Kejuruan Muda Kab. Aceh Tamiang Prov. Aceh,Kab. Aceh Tamiang,,Aceh
40305846,SMAS MUHAMMADIYAH ENREKANG,https://sekolah.data.kemdikbud.go.id/index.php/Chome/profil/755877EA-7E86-4A72-8C59-89E7EC4004D0,JL. JENDERAL SUDIRMAN NO. 17 Galonta Kec. Enrekang Kab. Enrekang Prov. Sulawesi Selatan,Kab. Enrekang,,Sulawesi Selatan
70034981,SMA ISLAM DARUSSAADAH,https://sekolah.data.kemdikbud.go.id/index.php/Chome/profil/8BE82A94-CDEB-449B-8F00-89F10F10E54C,JL. Dwi Karya Dusun Sumber Sari 2 Tamansari Kec. Gedung Tataan Kab. Pesawaran Prov. Lampung,Kab. Pesawaran,,Lampung
69923012,SMAS DARUT TAUHID AL MALIKY,https://sekolah.data.kemdikbud.go.id/index.php/Chome/profil/5CB31D99-1CC0-4593-8D04-89F209E082E2,Jl. Ponpes Darut Tauhid Gulbung Kec. Pangarengan Kab. Sampang Prov. Jawa Timur,Kab. Sampang,,Jawa Timur
10201367,SMAS BUKIT MAS,https://sekolah.data.kemdikbud.go.id/index.php/Chome/profil/D4776EC1-EF4C-477E-B50D-89F64CD4A85E,"Jl.Tanah Merah, P.Buaya Bukit Mas Kec. Besitang Kab. Langkat Prov. Sumatera Utara",Kab. Langkat,,Sumatera Utara
40313735,SMAS SOMBA OPU,https://sekolah.data.kemdikbud.go.id/index.php/Chome/profil/71F84740-09C5-4A88-83AB-89F989E78EE1,JL. SULTAN HASANUDDIN NO.24 SUNGGUMINASA Pandang Pandang Kec. Somba Opu Kab. Gowa Prov. Sulawesi Selatan,Kab. Gowa,,Sulawesi Selatan
20541215,SMAS DARUL ULUM 6 BAURENO,https://sekolah.data.kemdikbud.go.id/index.php/Chome/profil/612682E2-EBAA-48FA-80FD-8A014D76C32E,JL. KANOR NO. 626 KM 1 BAURENO Pasinan Kec. Baureno Kab. Bojonegoro Prov. Jawa Timur,Kab. Bojonegoro,,Jawa Timur
60726579,SMAN 1 TONGAUNA,https://sekolah.data.kemdikbud.go.id/index.php/Chome/profil/B898BD5A-8518-4ADF-9328-8A0413F90CB1,Jl. Poros Transmigrasi SP.A-SP.B Lalongg... Lalonggowuna Kec. Tongauna Kab. Konawe Prov. Sulawesi Tenggara,Kab. Konawe,,Sulawesi Tenggara
30205120,SMAN 2 MALIKU,https://sekolah.data.kemdikbud.go.id/index.php/Chome/profil/7F38DCA9-7651-454D-BDB4-8A05BF765365,Jl. Poros Aksen Tahai Jaya Tahai Jaya Kec. Maliku Kab. Pulang Pisau Prov. Kalimantan Tengah,Kab. Pulang Pisau,,Kalimantan Tengah
40404028,SMAN 1 PURIALA,https://sekolah.data.kemdikbud.go.id/index.php/Chome/profil/3321AD61-A288-4D45-8D32-8A0FB2E67B92,SONAI Sonai Kec. Puriala Kab. Konawe Prov. Sulawesi Tenggara,Kab. Konawe,,Sulawesi Tenggara
10609659,SMA MUHAMMADIYAH 02 PALEMBANG,https://sekolah.data.kemdikbud.go.id/index.php/Chome/profil/838AF71E-2B58-4F3D-8C84-8A120E904064,JL. KH. A. DAHLAN NO. 23B Talang Semut Kec. Bukit Kecil Kota Palembang Prov. Sumatera Selatan,,Kota Palembang,Sumatera Selatan
50301006,SMAN 1 KEFAMENANU,https://sekolah.data.kemdikbud.go.id/index.php/Chome/profil/79B2A1B1-8BC2-4FBE-94EF-8A16F3890E4C,JL. SONBAY Kefamenanu Selatan Kec. Kota Kefamenanu Kab. Timor Tengah Utara Prov. Nusa Tenggara Timur,Kab. Timor Tengah Utara,,Nusa Tenggara Timur
20519289,SMAS MA ARIF SUKOREJO,https://sekolah.data.kemdikbud.go.id/index.php/Chome/profil/29D8ABCA-D9F2-4854-94BA-8A1FB5C2D57E,Jalan Sumbergareng sukorejo Sukorejo Kec. Sukorejo Kab. Pasuruan Prov. Jawa Timur,Kab. Pasuruan,,Jawa Timur
10207088,SMAN 1 PADANG BOLAK JULU,https://sekolah.data.kemdikbud.go.id/index.php/Chome/profil/91D4DFA7-07DB-4BFC-92FB-8A22DAACB45E,SIPUPUS Sipupus Lombang Kec. Padang Bolak Julu Kab. Padang Lawas Utara Prov. Sumatera Utara,Kab. Padang Lawas Utara,,Sumatera Utara
20213893,SMAN 1 MAJALENGKA,https://sekolah.data.kemdikbud.go.id/index.php/Chome/profil/6DE80F6E-8742-4A47-8A8E-8A3193AEC2BE,JL. KH. ABDUL HALIM NO. 113 Majalengka Kulon Kec. Majalengka Kab. Majalengka Prov. Jawa Barat,Kab. Majalengka,,Jawa Barat
10800688,SMAS MA SINDANG SARI,https://sekolah.data.kemdikbud.go.id/index.php/Chome/profil/F373B4BE-2903-4F6C-A458-8A31ED95AA0B,JL. TEUKU UMAR SINDANG SARI Karya Mulya Sari Kec. Candipuro Kab. Lampung Selatan Prov. Lampung,Kab. Lampung Selatan,,Lampung
20220350,SMAS YZA 1 BOGOR TIMUR,https://sekolah.data.kemdikbud.go.id/index.php/Chome/profil/00F4D802-765B-41CC-8D9F-8A3BD74256D4,JL. RAYA CIAWI KM.09 Sindangsari Kec. Kota Bogor Timur Kota Bogor Prov. Jawa Barat,,Kota Bogor,Jawa Barat
69733993,SMAN 2 LAKUDO,https://sekolah.data.kemdikbud.go.id/index.php/Chome/profil/4D59E60C-CF11-4264-A91B-8A3C651A9382,Jl. Poros Labungkari - Mawasangka Moko Kec. Lakudo Kab. Buton Tengah Prov. Sulawesi Tenggara,Kab. Buton Tengah,,Sulawesi Tenggara
60400139,SMAS ST PAULUS MANOKWARI,https://sekolah.data.kemdikbud.go.id/index.php/Chome/profil/57F5802A-B3C8-4A92-A1DE-8A484171109F,JL. SWAPEN PERKEBUNAN Sanggeng Kec. Manokwari Barat Kab. Manokwari Prov. Papua Barat,Kab. Manokwari,,Papua Barat
20107297,SMAS FATAHILLAH JAKARTA,https://sekolah.data.kemdikbud.go.id/index.php/Chome/profil/FDCC560A-BD42-410B-B80B-8A5BFE514CF9,JL. RAYA BUNCIT NO.67 Kalibata Kec. Pancoran Kota Adm. Jakarta Selatan Prov. D.K.I. Jakarta,,Kota Adm. Jakarta Selatan,D.K.I. Jakarta
60403581,SMA NEGERI 7 KABUPATEN SORONG,https://sekolah.data.kemdikbud.go.id/index.php/Chome/profil/3FB04F4F-3D9E-42D8-AAE5-8A5D11DECAD8,Mayamuk Klasmelek Kec. Mayamuk Kab. Sorong Prov. Papua Barat Daya,Kab. Sorong,,Papua Barat Daya
20320388,SMA AL MAS`UDIYYAH BANDUNGAN,https://sekolah.data.kemdikbud.go.id/index.php/Chome/profil/55595181-7D2E-49C1-89D8-8A64C9E85D3A,JL. RAYA TEGAL PANAS -JIMBARAN KM. 1 Jimbaran Kec. Bandungan Kab. Semarang Prov. Jawa Tengah,Kab. Semarang,,Jawa Tengah
60200184,SMAN 3 HALMAHERA TENGAH,https://sekolah.data.kemdikbud.go.id/index.php/Chome/profil/86DD8751-F7AB-4F2C-B95E-8A699EA87727,JL. TIMAH NO 1 KAPALEO Kec. Pulau Gebe Kab. Halmahera Tengah Prov. Maluku Utara,Kab. Halmahera Tengah,,Maluku Utara
69762589,SMAN MATARU,https://sekolah.data.kemdikbud.go.id/index.php/Chome/profil/901E99BB-EC8E-4D53-B286-8A6AFFC356A2,MATARU Mataru Selatan Kec. Mataru Kab. Alor Prov. Nusa Tenggara Timur,Kab. Alor,,Nusa Tenggara Timur
30405306,SMA HARAPAN SAMBOJA,https://sekolah.data.kemdikbud.go.id/index.php/Chome/profil/AF196CA8-9CB4-4CA0-84CD-8A772526562A,JL PELAJAR RT IV SUNGAI SELUANG Kec. Samboja Kab. Kutai Kartanegara Prov. Kalimantan Timur,Kab. Kutai Kartanegara,,Kalimantan Timur
10102731,SMAN 1 KLUET TIMUR,https://sekolah.data.kemdikbud.go.id/index.php/Chome/profil/1C48A847-A5AB-4074-9CFA-8A791F49F86A,JL. UTAMA PAYA DAPUR Paya Dapur Kec. Kluet Timur Kab. Aceh Selatan Prov. Aceh,Kab. Aceh Selatan,,Aceh
20227862,SMA MUHAMMADIYAH 4 MARGAHAYU,https://sekolah.data.kemdikbud.go.id/index.php/Chome/profil/B320A92E-65F0-401B-9D88-8A798EB68891,JL. KOPO NO. 337 SAYATI MARGAHAYU Sayati Kec. Margahayu Kab. Bandung Prov. Jawa Barat,Kab. Bandung,,Jawa Barat
20577808,SMAS ISLAM AL - HUSEN,https://sekolah.data.kemdikbud.go.id/index.php/Chome/profil/B42CC991-E7E2-4D55-A7D0-8A79CE242640,Jl. Raya Bangkes Kadur Pamekasan Bangkes Kec. Kadur Kab. Pamekasan Prov. Jawa Timur,Kab. Pamekasan,,Jawa Timur
10258470,SMAN 1 MORO O,https://sekolah.data.kemdikbud.go.id/index.php/Chome/profil/73BF866A-DDC7-4A69-83DE-8A8734CDA5B9,Hiliduho Hilifadolo Kec. Moro o Kab. Nias Barat Prov. Sumatera Utara,Kab. Nias Barat,,Sumatera Utara
20237984,SMAN 1 BOJONGMANGU,https://sekolah.data.kemdikbud.go.id/index.php/Chome/profil/D3ECD2F5-8469-4E9A-99A1-8A890D389AF9,"JL. Raya POJ, Bojongmangu, Kec. Bojongma... Bojongmangu Kec. Bojong Mangu Kab. Bekasi Prov. Jawa Barat",Kab. Bekasi,,Jawa Barat
30105468,SMAN 1 SINGKAWANG,https://sekolah.data.kemdikbud.go.id/index.php/Chome/profil/BC37FAEE-81D6-42D4-AE7B-8A8C140EF6EC,JL. PAHLAWAN GG. TAMA Roban Kec. Singkawang Tengah Kota Singkawang Prov. Kalimantan Barat,,Kota Singkawang,Kalimantan Barat
10604720,SMAS MUHAMMADIYAH TUBOHAN,https://sekolah.data.kemdikbud.go.id/index.php/Chome/profil/CD71B577-8D75-4A87-B012-8A8D0BE31609,DESA TUBOHAN Tubohan Kec. Semidang Aji Kab. Ogan Komering Ulu Prov. Sumatera Selatan,Kab. Ogan Komering Ulu,,Sumatera Selatan
69822474,SMA NEGERI 8 MALINAU,https://sekolah.data.kemdikbud.go.id/index.php/Chome/profil/B9CAEEC7-9B97-4F92-80CA-8A911EFE6AFE,JLN.CIPTA UTAMA KUALA LAPANG Kuala Lapang Kec. Malinau Barat Kab. Malinau Prov. Kalimantan Utara,Kab. Malinau,,Kalimantan Utara
20219784,SMAS PELITA BANGSA,https://sekolah.data.kemdikbud.go.id/index.php/Chome/profil/754605B1-7AF2-49FF-A9DB-8A91F81DECA2,JL. SOEKARNO HATTA NO. 391 Karasak Kec. Astanaanyar Kota Bandung Prov. Jawa Barat,,Kota Bandung,Jawa Barat
30105077,SMAS ABDI AGAPE PONTIANAK,https://sekolah.data.kemdikbud.go.id/index.php/Chome/profil/CEA9D8B9-747E-44EF-8A64-8A95F0BA6766,Jl. Selat Sumba III Siantan Siantan Tengah Kec. Pontianak Utara Kota Pontianak Prov. Kalimantan Barat,,Kota Pontianak,Kalimantan Barat
10204245,SMAS YAPIM SIMPANG KAWAT,https://sekolah.data.kemdikbud.go.id/index.php/Chome/profil/4E0D474D-2D3D-4909-B578-8A97A54275A2,JL. BESAR NO. 24B SIMPANG KAWAT Hessa Perlompongan Kec. Air Batu Kab. Asahan Prov. Sumatera Utara,Kab. Asahan,,Sumatera Utara
70039837,SMA Negeri 2 Besitang,https://sekolah.data.kemdikbud.go.id/index.php/Chome/profil/534C1AB8-0D1F-410F-859E-8A9C2EAFE4D9,Jl. Pendidikan Pekan Besitang Kec. Besitang Kab. Langkat Prov. Sumatera Utara,Kab. Langkat,,Sumatera Utara
10105752,SMA NEGERI 4 LANGSA,https://sekolah.data.kemdikbud.go.id/index.php/Chome/profil/A999CBE6-58AE-488D-B27B-8A9D25B0DA06,JL. PROF. A. MAJID IBRAHIM Simpang Lhee Kec. Langsa Barat Kota Langsa Prov. Aceh,,Kota Langsa,Aceh
10259745,SMAS AIRLANGGA,https://sekolah.data.kemdikbud.go.id/index.php/Chome/profil/61610E94-9BA4-4663-9034-8A9D4C197E4F,JL. BATU MENJAH NO.3D NAMU UKUR UTARA Namu Ukur Utara Kec. Sei Bingai Kab. Langkat Prov. Sumatera Utara,Kab. Langkat,,Sumatera Utara
50220488,SMAN 1 LAMBITU,https://sekolah.data.kemdikbud.go.id/index.php/Chome/profil/C08A9CEE-C3BE-4518-B3C2-8AA19C81F7B7,JLN. KUTA-LAMBITU Kuta Kec. Lambitu Kab. Bima Prov. Nusa Tenggara Barat,Kab. Bima,,Nusa Tenggara Barat
10105386,SMA NEGERI 15 ADIDARMA,https://sekolah.data.kemdikbud.go.id/index.php/Chome/profil/FE0C8F6A-8C85-4AD4-9F53-8AA1BD632768,JL. PELANGI NO. 23 Mulia Kec. Kuta Alam Kota Banda Aceh Prov. Aceh,,Kota Banda Aceh,Aceh
50205718,SMAS AL MUKTARIYAH MAMBEN,https://sekolah.data.kemdikbud.go.id/index.php/Chome/profil/1B4DAAD0-82BD-4529-B0E7-8AA1F9ED172C,LENGKOK MAMBEN LAUK KEC. WANASABA Mamben Lauq Kec. Wanasaba Kab. Lombok Timur Prov. Nusa Tenggara Barat,Kab. Lombok Timur,,Nusa Tenggara Barat
20107274,SMAS 17 AGUSTUS 45 JAKARTA,https://sekolah.data.kemdikbud.go.id/index.php/Chome/profil/4CD64D52-A08E-45B9-B15B-8AA27529F685,JL. TEBET DALAM III A Tebet Barat Kec. Tebet Kota Adm. Jakarta Selatan Prov. D.K.I. Jakarta,,Kota Adm. Jakarta Selatan,D.K.I. Jakarta
20511965,SMA NEGERI 2 PARE KABUPATEN KEDIRI,https://sekolah.data.kemdikbud.go.id/index.php/Chome/profil/05A8D360-3738-464E-A27F-8AAA6D416652,JL. PAHLAWAN KUSUMA BANGSA NO. 28 PARE Pelem Kec. Pare Kab. Kediri Prov. Jawa Timur,Kab. Kediri,,Jawa Timur
69989073,SMA MAHABODHI VIDYA,https://sekolah.data.kemdikbud.go.id/index.php/Chome/profil/D7813BEB-8226-45F6-83DB-8AAF2FBEEF39,Jln. Palem Anggur Kav. 8 Perumahan Citra... Pegadungan Kec. Kali Deres Kota Adm. Jakarta Barat Prov. D.K.I. Jakarta,,Kota Adm. Jakarta Barat,D.K.I. Jakarta
10494850,SMA NEGERI 1 RUMBIO JAYA,https://sekolah.data.kemdikbud.go.id/index.php/Chome/profil/ACC2734F-1F2F-4E55-9434-8AB2E1C5D610,JL. AHMAD YANI Tambusai Kec. Rumbio Jaya Kab. Kampar Prov. Riau,Kab. Kampar,,Riau
30105192,SMAS SULTAN SYARIF ABDURRAHMAN,https://sekolah.data.kemdikbud.go.id/index.php/Chome/profil/0439E9BC-FBB5-4E9E-AF13-8AB9EB03EDF6,JL. JEND. A. YANI Akcaya Kec. Pontianak Selatan Kota Pontianak Prov. Kalimantan Barat,,Kota Pontianak,Kalimantan Barat
40301861,SMAN 4 JENEPONTO,https://sekolah.data.kemdikbud.go.id/index.php/Chome/profil/24BDDF27-1103-40A9-B774-8ABECE190A84,JL. POROS MAKASSAR JENEPONTO KM. 60 Banrimanurung Kec. Bangkala Barat Kab. Jeneponto Prov. Sulawesi Selatan,Kab. Jeneponto,,Sulawesi Selatan
40305470,SMAN 4 SIDENRENG RAPPANG,https://sekolah.data.kemdikbud.go.id/index.php/Chome/profil/7CF20E48-9455-4F87-8E7F-8AC00D6E44EC,JL. LASINRANG NO. 94 RAPPANG Rappang Kec. Panca Rijang Kab. Sidenreng Rappang Prov. Sulawesi Selatan,Kab. Sidenreng Rappang,,Sulawesi Selatan
11002071,SMAN 1 SINGKEP BARAT,https://sekolah.data.kemdikbud.go.id/index.php/Chome/profil/72D89699-2AD8-496B-B2AB-8AC1D6AFD164,JL. RAJA ALI HAJI SUNGAI HARAPAN Kec. Singkep Barat Kab. Lingga Prov. Kepulauan Riau,Kab. Lingga,,Kepulauan Riau
30312896,SMAN 1 TABUNGANEN,https://sekolah.data.kemdikbud.go.id/index.php/Chome/profil/E885068D-DF3C-406C-98A8-8AC333670384,JL. SIMPANG PALUI TABUNGANEN TENGAH Tabunganen Tengah Kec. Tabunganen Kab. Barito Kuala Prov. Kalimantan Selatan,Kab. Barito Kuala,,Kalimantan Selatan
69954585,SMA NURUL HUDA BOJONGGALING,https://sekolah.data.kemdikbud.go.id/index.php/Chome/profil/246817BF-20F5-4C83-B8CC-8AC537CDE80C,Kampung Bojonggaling KM 2 Ds. Bojonggali... Bojong Galing Kec. Bojong Genteng Kab. Sukabumi Prov. Jawa Barat,Kab. Sukabumi,,Jawa Barat
20354028,SMA NEGERI 1 SRAGEN,https://sekolah.data.kemdikbud.go.id/index.php/Chome/profil/71858B21-5B0C-42D5-80D1-8ACC3895E3EA,JL. PERINTIS KEMERDEKAAN NO. 16 Sragen Wetan Kec. Sragen Kab. Sragen Prov. Jawa Tengah,Kab. Sragen,,Jawa Tengah
10495331,SMAS DARUL ULUM,https://sekolah.data.kemdikbud.go.id/index.php/Chome/profil/95929362-D4E7-4586-A2BC-8ACDC634E29F,JL MENGGALA KM 17 SINTONG MAKMUR Kec. Tanah Putih Kab.  Rokan Hilir Prov. Riau,Kab.  Rokan Hilir,,Riau
20238020,SMAS ISLAM PB SOEDIRMAN 2 BEKASI,https://sekolah.data.kemdikbud.go.id/index.php/Chome/profil/708855FA-0F71-4F5D-969D-8ACF7FEBAC18,JL.ENAU RAYA PERUMAHAN PURI HARAPAN Setia Asih Kec. Taruma Jaya Kab. Bekasi Prov. Jawa Barat,Kab. Bekasi,,Jawa Barat
10609723,SMA YWKA PALEMBANG,https://sekolah.data.kemdikbud.go.id/index.php/Chome/profil/DAA61F0A-0016-4E44-9C8E-8AD6A1FAA067,JL. KI. MEROGAN LR PORKA PALEMBANG Ogan Baru Kec. Kertapati Kota Palembang Prov. Sumatera Selatan,,Kota Palembang,Sumatera Selatan
10497544,SMAS SANTO YOSEF,https://sekolah.data.kemdikbud.go.id/index.php/Chome/profil/939F6E65-ABB7-4837-AABA-8AD75BCED042,JL.GAJAH MADA Titian Antui Kec. Pinggir Kab. Bengkalis Prov. Riau,Kab. Bengkalis,,Riau
20256638,SMA MANGGALA,https://sekolah.data.kemdikbud.go.id/index.php/Chome/profil/52372BBA-C008-4CE3-BC20-8AE3DA67BDE1,JL.RAYA PACET KM.8 CIPARAY Maruyung Kec. Pacet Kab. Bandung Prov. Jawa Barat,Kab. Bandung,,Jawa Barat
20104430,SMAS PETRA,https://sekolah.data.kemdikbud.go.id/index.php/Chome/profil/D2FA3F95-136A-4F5E-B3E2-8AE64FB3A0B6,Komplek Taman Alfa Indah Blok A- 11 Joglo Kec. Kembangan Kota Adm. Jakarta Barat Prov. D.K.I. Jakarta,,Kota Adm. Jakarta Barat,D.K.I. Jakarta
69965322,SMA SAINS TAHFIZH ISLAMIC CENTER,https://sekolah.data.kemdikbud.go.id/index.php/Chome/profil/936456FF-843E-4911-8F03-8AEC87B81612,Jl. Islamic Center Komplek Islamic Cente... Kampung Rempak Kec. Siak Kab. Siak Prov. Riau,Kab. Siak,,Riau
10303218,SMAN 1 KOTO BARU,https://sekolah.data.kemdikbud.go.id/index.php/Chome/profil/75EDCDBF-80F8-42C9-BECE-8AF6ABAA4F12,JL AMPALU KOTO BARU KOTO BARU Kec. Koto Baru Kab. Dharmasraya Prov. Sumatera Barat,Kab. Dharmasraya,,Sumatera Barat
20100484,SMA AT-TAQWA,https://sekolah.data.kemdikbud.go.id/index.php/Chome/profil/2C47A75C-5D0E-407C-AE7E-8B0411D67E62,JL. RAJAWALI SELATAN VI NO. 18 Gunung Sahari Utara Kec. Sawah Besar Kota Adm. Jakarta Pusat Prov. D.K.I. Jakarta,,Kota Adm. Jakarta Pusat,D.K.I. Jakarta
20601876,SMAN 1 MAJA,https://sekolah.data.kemdikbud.go.id/index.php/Chome/profil/C7AA1E0C-94DD-48CE-8A69-8B06D301246A,JL. KEBON KALAPA NO. 1 MAJA MAJA Kec. Maja Kab. Lebak Prov. Banten,Kab. Lebak,,Banten
20313828,SMA MUHAMMADIYAH TAWANGHARJO,https://sekolah.data.kemdikbud.go.id/index.php/Chome/profil/FE7519E5-5FA5-48A5-8877-8B06FE23654F,JL.KH. AHMAD DAHLAN NO. 5 Selo Kec. Tawangharjo Kab. Grobogan Prov. Jawa Tengah,Kab. Grobogan,,Jawa Tengah
69727447,SMAS GLOBAL MADANI,https://sekolah.data.kemdikbud.go.id/index.php/Chome/profil/B615D24D-8F74-47EB-81AA-8B0D652C9F2F,JL. KAVLING RAYA 14 NO. 1 PRAMUKA Rajabasa Kec. Rajabasa Kota Bandar Lampung Prov. Lampung,,Kota Bandar Lampung,Lampung
69900223,SMA Plus Terpadu,https://sekolah.data.kemdikbud.go.id/index.php/Chome/profil/27C4EA98-D08F-4CE3-9F6F-8B1051046A94,Jl. Damai Ujung No. 121 Panam Delima Kec. Binawidya Kota Pekanbaru Prov. Riau,,Kota Pekanbaru,Riau
40310153,SMAN 7 LUWU TIMUR,https://sekolah.data.kemdikbud.go.id/index.php/Chome/profil/8ABBE337-CA5F-41D7-B62D-8B1580721488,JL. TRANS SULAWESI DS. JALAJJA Jalajja Kec. Burau Kab. Luwu Timur Prov. Sulawesi Selatan,Kab. Luwu Timur,,Sulawesi Selatan
20531154,SMAS DARUL HIKMAH,https://sekolah.data.kemdikbud.go.id/index.php/Chome/profil/DC66F486-0242-4584-AEE8-8B17B4CF3E73,JL. RAYA LANGKAP BURNEH Langkap Kec. Burneh Kab. Bangkalan Prov. Jawa Timur,Kab. Bangkalan,,Jawa Timur
10701561,SMA NEGERI 7 SELUMA,https://sekolah.data.kemdikbud.go.id/index.php/Chome/profil/7A309E2E-09F3-4FD0-BDD2-8B1BB0A7F7E1,JL. MERDEKA RIMBO KEDUI Rimbo Kedui Kec. Seluma Selatan Kab. Seluma Prov. Bengkulu,Kab. Seluma,,Bengkulu
40404815,SMAN 10 KONAWE SELATAN,https://sekolah.data.kemdikbud.go.id/index.php/Chome/profil/04AA489C-C7F3-4306-AA96-8B1F47008C9A,JL. LA ATORA NO. 01 Motaha Kec. Angata Kab. Konawe Selatan Prov. Sulawesi Tenggara,Kab. Konawe Selatan,,Sulawesi Tenggara
20515469,SMAS PGRI 4 TULUNGAGUNG,https://sekolah.data.kemdikbud.go.id/index.php/Chome/profil/405D3A42-794A-447A-B8A5-8B20C9D308C2,JL.MAYOR SUJADI II/21 Jepun Kec. Tulungagung Kab. Tulungagung Prov. Jawa Timur,Kab. Tulungagung,,Jawa Timur
69815453,SMA PRESTASI UTAMA,https://sekolah.data.kemdikbud.go.id/index.php/Chome/profil/E10A3E98-51B1-4E02-867A-8B337637755C,Jl. Kalirejo Ujung Dusun II Sidodadi Sei Semayang Kec. Sunggal Kab. Deli Serdang Prov. Sumatera Utara,Kab. Deli Serdang,,Sumatera Utara
70044921,SMA TAFAQQUH,https://sekolah.data.kemdikbud.go.id/index.php/Chome/profil/E4AC3FE1-57F8-4926-A9A2-8B36DFA8B161,"Jalan Teman Hati Rt.002 RW,002 Dusun IV Kepau Jaya Kec. Siak Hulu Kab. Kampar Prov. Riau",Kab. Kampar,,Riau
40309842,SMAS ADVENT MEBALI,https://sekolah.data.kemdikbud.go.id/index.php/Chome/profil/8485C562-8EF2-4E85-B644-8B3833EDDDA0,JL. POROS MEBALI GANDANGBATU KELURAHAN MEBALI Kec. Gandangbatu Sillanan Kab. Tana Toraja Prov. Sulawesi Selatan,Kab. Tana Toraja,,Sulawesi Selatan
69827637,SMA IT AL-FITYAN,https://sekolah.data.kemdikbud.go.id/index.php/Chome/profil/A9E79F09-CF6C-45AD-A84C-8B38489D939A,Jl. RAYA KAKAP PAL 7 Pal.Ix Kec. Sungai Kakap Kab. Kubu Raya Prov. Kalimantan Barat,Kab. Kubu Raya,,Kalimantan Barat
69755670,SMAS ISLAM ATHIRAH BUKIT BARUGA,https://sekolah.data.kemdikbud.go.id/index.php/Chome/profil/060B8959-A5F8-42AA-BCEF-8B3E2FE899E9,JL. RAYA BARUGA SEKTOR MAHAMERU BUKIT BA... Antang Kec. Manggala Kota Makassar Prov. Sulawesi Selatan,,Kota Makassar,Sulawesi Selatan
40319224,SMAN 15 BULUKUMBA,https://sekolah.data.kemdikbud.go.id/index.php/Chome/profil/4AE74236-0EC1-4178-A18B-8B3F2C7D4071,JL. POROS BALLEANGIN KM.  12  UJUNG LOE Balleanging Kec. Ujung Loe Kab. Bulukumba Prov. Sulawesi Selatan,Kab. Bulukumba,,Sulawesi Selatan
10900628,SMAN 1 MUNTOK,https://sekolah.data.kemdikbud.go.id/index.php/Chome/profil/AD8C0911-3F4C-4A0A-A598-8B452DF02ED0,JL. JENDRAL SUDIRMAN NO. 109 Belolaut Kec. Muntok Kab. Bangka Barat Prov. Kepulauan Bangka Belitung,Kab. Bangka Barat,,Kepulauan Bangka Belitung
20328913,SMA SEDES SAPIENTIAE,https://sekolah.data.kemdikbud.go.id/index.php/Chome/profil/6C3FB8B6-E6AD-49A5-A077-8B4E3677B2A4,JL. MT. HARYONO NO. 908 Peterongan Kec. Semarang Selatan Kota Semarang Prov. Jawa Tengah,,Kota Semarang,Jawa Tengah
10610288,SMAN KARANG DAPO,https://sekolah.data.kemdikbud.go.id/index.php/Chome/profil/FFAACE2D-AA80-42D9-923B-8B52F37C11C3,JL.H.M. SYUEB TAMAT Kelurahan Karang Dapo Kec. Karang Dapo Kab. Musi Rawas Utara Prov. Sumatera Selatan,Kab. Musi Rawas Utara,,Sumatera Selatan
69822416,SMA DAYAH PERBATASAN MINHAJUSSALAM,https://sekolah.data.kemdikbud.go.id/index.php/Chome/profil/FD1020AE-52B9-45FB-A0D5-8B56C67468B6,JL. TEUKU UMAR NO 17 Kampung Baru Kec. Penanggalan Kota Subulussalam Prov. Aceh,,Kota Subulussalam,Aceh
70000247,SMAIT TEBUIRENG 4 AL-ISHLAH,https://sekolah.data.kemdikbud.go.id/index.php/Chome/profil/F0650D5F-8190-4DA9-82C9-8B5CF96409E7,Jl Perintis RT. 013 RW. 007 Kuala Gading Kec. Batang Cenaku Kab. Indragiri Hulu Prov. Riau,Kab. Indragiri Hulu,,Riau
60302983,SMA Negeri 6 Nabire,https://sekolah.data.kemdikbud.go.id/index.php/Chome/profil/B9694171-705E-4C56-84B6-8B6527600A5F,Jl. Galunggung Biha Kec. Makimi Kab. Nabire Prov. Papua Tengah,Kab. Nabire,,Papua Tengah
60702920,SMAN 11 KUPANG,https://sekolah.data.kemdikbud.go.id/index.php/Chome/profil/7B865301-477E-4B12-A485-8B658A6305F0,"Jln. Fetor Foenay - Kel Kolhua , Kec Mau... Kolhua Kec. Maulafa Kota Kupang Prov. Nusa Tenggara Timur",,Kota Kupang,Nusa Tenggara Timur
20539314,SMAS KARYA PEMBANGUNAN NGAWI,https://sekolah.data.kemdikbud.go.id/index.php/Chome/profil/60192E07-5048-46C8-9F71-8B7B1BC95C99,JL. A. YANI 546 Beran Kec. Ngawi Kab. Ngawi Prov. Jawa Timur,Kab. Ngawi,,Jawa Timur
69976812,SMA Kristen Maktihan,https://sekolah.data.kemdikbud.go.id/index.php/Chome/profil/60A25A33-21CF-4593-A8C7-8B7EA149F56B,"Dusun Laenleten, RT. 07 RW 04, Desa Makt... Maktihan Kec. Malaka Barat Kab. Malaka Prov. Nusa Tenggara Timur",Kab. Malaka,,Nusa Tenggara Timur
10609670,SMA NURUL AMAL PALEMBANG,https://sekolah.data.kemdikbud.go.id/index.php/Chome/profil/C859B9DD-1986-4053-B983-8B7F7086914D,Jl. Gersik Lr. Singkil/Selada No.127 9 Ilir Kec. Ilir Timur II Kota Palembang Prov. Sumatera Selatan,,Kota Palembang,Sumatera Selatan
10201339,SMA NEGERI 1 SALAPIAN,https://sekolah.data.kemdikbud.go.id/index.php/Chome/profil/AB8C6FB9-433F-4E3A-9BD1-8B8E7AAEED08,JL. KUALA - TANJUNG LANGKAT Naman Jahe Kec. Salapian Kab. Langkat Prov. Sumatera Utara,Kab. Langkat,,Sumatera Utara
10400844,SMAN 2 MANDAU,https://sekolah.data.kemdikbud.go.id/index.php/Chome/profil/B859ED11-94CD-47BD-A00D-8B8F38AC17C9,JL. JEND. SUDIRMAN Gajah Sakti Kec. Mandau Kab. Bengkalis Prov. Riau,Kab. Bengkalis,,Riau
70006451,SMA NEGERI SABUN,https://sekolah.data.kemdikbud.go.id/index.php/Chome/profil/7FDBC6BB-7755-4C7F-BD0B-8B8FA44BFF69,Jln Sabun-TTS Sabun Kec. Boking Kab. Timor Tengah Selatan Prov. Nusa Tenggara Timur,Kab. Timor Tengah Selatan,,Nusa Tenggara Timur
69903388,SMA NEGERI 1 PAGAI UTARA,https://sekolah.data.kemdikbud.go.id/index.php/Chome/profil/EF55EBF7-52C9-4CB0-B919-8B959DCC2CAE,Jl. Raya Saumanganya Kec. Pagai Utara Saumanganyak Kec. Pagai Utara Kab. Kepulauan Mentawai Prov. Sumatera Barat,Kab. Kepulauan Mentawai,,Sumatera Barat
20529937,SMA ANNUQAYAH,https://sekolah.data.kemdikbud.go.id/index.php/Chome/profil/41B7398C-D44C-49D2-B977-8B9969FF183C,JL.  BUKIT LANCARAN Guluk Guluk Kec. Guluk Guluk Kab. Sumenep Prov. Jawa Timur,Kab. Sumenep,,Jawa Timur
69831955,SMA AZIZIAH PALEMBANG,https://sekolah.data.kemdikbud.go.id/index.php/Chome/profil/6EECCDB9-EE8B-474D-81E6-8B9BE6CC2671,JL. TAMAN KENTEN 8 Ilir Kec. Ilir Timur II Kota Palembang Prov. Sumatera Selatan,,Kota Palembang,Sumatera Selatan
50220295,SMAN 2 GERUNG,https://sekolah.data.kemdikbud.go.id/index.php/Chome/profil/3CC32EAB-5AA5-4653-AF64-8BA43A594628,JL. IMAM BONJOL NO. 1 GERUNG Gerung Utara Kec. Gerung Kab. Lombok Barat Prov. Nusa Tenggara Barat,Kab. Lombok Barat,,Nusa Tenggara Barat
70045721,SMA Swasta Dharma Anugerah,https://sekolah.data.kemdikbud.go.id/index.php/Chome/profil/7CE4631D-B3A8-4200-B28D-8BB2C6D636B5,Jl. Babura lama no.7 Kel Darat Babura Kec. Medan Baru Kota Medan Prov. Sumatera Utara,,Kota Medan,Sumatera Utara
30105469,SMAS TALENTA SINGKAWANG,https://sekolah.data.kemdikbud.go.id/index.php/Chome/profil/F31E0D32-A82C-45BA-8DED-8BC3E86552AF,JL. NUSANTARA NO.1 SINGKAWANG Condong Kec. Singkawang Tengah Kota Singkawang Prov. Kalimantan Barat,,Kota Singkawang,Kalimantan Barat
70024552,SMA Swasta Jabal Rahmah Mulia,https://sekolah.data.kemdikbud.go.id/index.php/Chome/profil/9C02292A-41C3-4C9B-B463-8BC74FDF6E19,Jl. Balai Desa No. 24 H Sunggal Kec. Medan Sunggal Kota Medan Prov. Sumatera Utara,,Kota Medan,Sumatera Utara
70034539,SMAS GLOBE NATIONAL PLUS 3,https://sekolah.data.kemdikbud.go.id/index.php/Chome/profil/5167072F-95EE-4246-9A2A-8BCBF579FFC2,Komp. Mega Techno City Batu Besar Kec. Nongsa Kota Batam Prov. Kepulauan Riau,,Kota Batam,Kepulauan Riau
69758960,SMAS ISLAM AL-HASYIMIYYAH,https://sekolah.data.kemdikbud.go.id/index.php/Chome/profil/50863FB2-16EF-4DE0-B461-8BD11354A242,JL. AHMAD YANI KM.2 BARU Kec. Arut Selatan Kab. Kotawaringin Barat Prov. Kalimantan Tengah,Kab. Kotawaringin Barat,,Kalimantan Tengah
10800682,SMAN 1 TEGINENENG,https://sekolah.data.kemdikbud.go.id/index.php/Chome/profil/39E2C8CE-B43A-4449-8559-8BDD32E8D592,"JL. Kresno Aji, Desa Kresno Widodo, Kec.... Kresno Widodo Kec. Tegineneng Kab. Pesawaran Prov. Lampung",Kab. Pesawaran,,Lampung
20532108,SMAS WACHID HASYIM 1 SURABAYA,https://sekolah.data.kemdikbud.go.id/index.php/Chome/profil/9FDF0ADD-9E23-4ABF-9428-8BDD87B8C3C3,JL. SIDOTOPO  WETAN BARU NO.37 Sidotopo Wetan Kec. Kenjeran Kota Surabaya Prov. Jawa Timur,,Kota Surabaya,Jawa Timur
50307286,SMAS KRISTEN AMANATUN SELATAN,https://sekolah.data.kemdikbud.go.id/index.php/Chome/profil/32399D71-5C44-4EF0-8ACF-8BE2BFF58202,Jl. Tanis Banunek No. 03 Oinlasi Kec. Amanatun Selatan Kab. Timor Tengah Selatan Prov. Nusa Tenggara Timur,Kab. Timor Tengah Selatan,,Nusa Tenggara Timur
20231347,SMAS PGRI JASINGA,https://sekolah.data.kemdikbud.go.id/index.php/Chome/profil/751AEAEA-5E11-445E-8573-8BE65706A6F1,Jl. Raya Jasinga Koleang Km. 07 Ds. Kole... Koleang Kec. Jasinga Kab. Bogor Prov. Jawa Barat,Kab. Bogor,,Jawa Barat
10201989,SMA NEGERI 1 SIMPANGEMPAT,https://sekolah.data.kemdikbud.go.id/index.php/Chome/profil/0EAAFA7B-0EC5-4477-892C-8BE8BCB01001,"JL. TIGANDERKET, SIMPANG EMPAT di Begand... Beganding Kec. Simpangempat Kab. Karo Prov. Sumatera Utara",Kab. Karo,,Sumatera Utara
10805996,SMAN 1 KIBANG,https://sekolah.data.kemdikbud.go.id/index.php/Chome/profil/63087DB9-7192-40BC-8FB5-8BE8BEBDCE73,JL. RAYA KIBANG Kibang Kec. Metro Kibang Kab. Lampung Timur Prov. Lampung,Kab. Lampung Timur,,Lampung
30100359,SMAS MUHAMMADIYAH SAMBAS,https://sekolah.data.kemdikbud.go.id/index.php/Chome/profil/DCA04441-6081-48A6-B87A-8BFB9027B656,JL. MASUDI Tumuk Manggis Kec. Sambas Kab. Sambas Prov. Kalimantan Barat,Kab. Sambas,,Kalimantan Barat
10807026,SMAS BINA MULYA KEDATON,https://sekolah.data.kemdikbud.go.id/index.php/Chome/profil/1033C5FD-29BA-4033-8088-8C089AE24C06,JL. BADAK NO. 335 A KEDATON Sukamenanti Kec. Kedaton Kota Bandar Lampung Prov. Lampung,,Kota Bandar Lampung,Lampung
20566552,SMA AL HAMIDY,https://sekolah.data.kemdikbud.go.id/index.php/Chome/profil/1E96A0B6-65C6-45C5-98F8-8C09FADDFCD9,Jl. Raya Pakong KM. 13 Pamoroh Kec. Kadur Kab. Pamekasan Prov. Jawa Timur,Kab. Pamekasan,,Jawa Timur
40310361,SMAN 5 PALOPO,https://sekolah.data.kemdikbud.go.id/index.php/Chome/profil/E0F2AC56-080D-4B4D-A8B9-8C0E4763E937,JL. H ANDI KADDI RADJA - PALOPO Takkalala Kec. Wara Selatan Kota Palopo Prov. Sulawesi Selatan,,Kota Palopo,Sulawesi Selatan
10212098,SMA KATOLIK SIBOLGA,https://sekolah.data.kemdikbud.go.id/index.php/Chome/profil/C0EBE39F-0CC7-4A95-97D9-8C18D641E26F,JL. BRIGJEN KATAMSO NO. 19 SIBOLGA Pasar Baru Kec. Sibolga Kota Kota Sibolga Prov. Sumatera Utara,,Kota Sibolga,Sumatera Utara
69830406,SMA MUHAMMADIYAH PURUK CAHU,https://sekolah.data.kemdikbud.go.id/index.php/Chome/profil/F28346D9-0C6D-4476-9281-8C1C8EAA2358,JL. AHMAD YANI RT. 10 RW. 03 Beriwit Kec. Murung Kab. Murung Raya Prov. Kalimantan Tengah,Kab. Murung Raya,,Kalimantan Tengah
69953550,SMA SWASTA TAMAN SISWA PADANG TUALANG,https://sekolah.data.kemdikbud.go.id/index.php/Chome/profil/A1726E8D-7E17-4652-960C-8C1F2BA65D88,JL. BATANG SERANGAN Jati Sari Kec. Padang Tualang Kab. Langkat Prov. Sumatera Utara,Kab. Langkat,,Sumatera Utara
20329522,SMA Islam,https://sekolah.data.kemdikbud.go.id/index.php/Chome/profil/021E759E-4107-4E07-ADBC-8C275AAB129E,Jl. Abdullah Hamid Al Hinduan No. 1 Kota... Kauman Kec. Pekalongan Timur Kota Pekalongan Prov. Jawa Tengah,,Kota Pekalongan,Jawa Tengah
30105455,SMAS ADVENT SINGKAWANG,https://sekolah.data.kemdikbud.go.id/index.php/Chome/profil/44E28FC6-46D1-4F8C-BDCB-8C2F30EA1853,JL. RAYA PAJINTAN NO. 21 SINGKAWANG Pajintan Kec. Singkawang Timur Kota Singkawang Prov. Kalimantan Barat,,Kota Singkawang,Kalimantan Barat
10600526,SMAN 1 PEDAMARAN,https://sekolah.data.kemdikbud.go.id/index.php/Chome/profil/4757566D-7BE9-4ACA-B517-8C33D399B8A0,JL. SERSAN DAHLAN Menang Raya Kec. Pedamaran Kab. Ogan Komering Ilir Prov. Sumatera Selatan,Kab. Ogan Komering Ilir,,Sumatera Selatan
20222367,SMAN 4 CIREBON,https://sekolah.data.kemdikbud.go.id/index.php/Chome/profil/933065B8-CF48-4090-8EFD-8C371828319C,JL. PERJUANGAN NO. 01 Karyamulya Kec. Kesambi Kota Cirebon Prov. Jawa Barat,,Kota Cirebon,Jawa Barat
10210717,SMAS DHARMA PANCASILA,https://sekolah.data.kemdikbud.go.id/index.php/Chome/profil/B479D7FD-BDAA-4BB0-A4BB-8C390F6289A8,JL. DR. MANSYUR NO. 71 C MEDAN Padang Bulan Selayang I Kec. Medan Selayang Kota Medan Prov. Sumatera Utara,,Kota Medan,Sumatera Utara
69851470,SMAN 16 PANGKAJENE DAN KEPULAUAN,https://sekolah.data.kemdikbud.go.id/index.php/Chome/profil/EDCCCD7F-FA9D-44ED-A34D-8C392C978E5B,PULAU SARAPPO LOMPO Mattiro Langi Kec. Liukang Tapabbiring Kab. Pangkajene Dan Kepulauan Prov. Sulawesi Selatan,Kab. Pangkajene Dan Kepulauan,,Sulawesi Selatan
40401160,SMAN 1 LASALIMU SELATAN,https://sekolah.data.kemdikbud.go.id/index.php/Chome/profil/3BF8354A-43A6-4269-A6B9-8C3B3E4762FB,JL. Sumatera No.01 Ambuau Indah Kec. Lasalimu Selatan Kab. Buton Prov. Sulawesi Tenggara,Kab. Buton,,Sulawesi Tenggara
10643903,SMAN MEGANG SAKTI,https://sekolah.data.kemdikbud.go.id/index.php/Chome/profil/95270DEA-1AE5-4ABC-8D5E-8C3D242624CC,JL. KEBUN KULIM MEGANG SAKTI 5 Megang Sakti V Kec. Megang Sakti Kab. Musi Rawas Prov. Sumatera Selatan,Kab. Musi Rawas,,Sumatera Selatan
10206585,SMAS SW KELUARGA,https://sekolah.data.kemdikbud.go.id/index.php/Chome/profil/F3A5A886-62FF-4173-9617-8C3DBFE21C32,JL. PENDIDIKAN NO. 30 PO. MANDUAMAS Pasar Onan Manduamas Kec. Manduamas Kab. Tapanuli Tengah Prov. Sumatera Utara,Kab. Tapanuli Tengah,,Sumatera Utara
10104701,SMA NEGERI 2 SEUNAGAN,https://sekolah.data.kemdikbud.go.id/index.php/Chome/profil/F8F4449E-848F-4842-8939-8C4A4CA530D7,JL. KEUDE LINTEUNG NO.79 Keude Linteung Kec. Seunagan Timur Kab. Nagan Raya Prov. Aceh,Kab. Nagan Raya,,Aceh
60202072,SMAS MUHAMMADIYAH 1 TIDORE KEPULAUAN,https://sekolah.data.kemdikbud.go.id/index.php/Chome/profil/7216AD67-D045-4BD4-92DA-8C4C03BC996C,AKELAMO Akelamo Kec. Oba Tengah Kota Tidore Kepulauan Prov. Maluku Utara,,Kota Tidore Kepulauan,Maluku Utara
69970973,SMA Swasta Misbahud Dhulam Al Aziziyah,https://sekolah.data.kemdikbud.go.id/index.php/Chome/profil/FB402263-7318-4B9C-9505-8C4CEE43B8EB,Jl. Irigasi Mns. Keude Lueng Putu Kec. B... Meunasah Keude Kec. Bandar Baru Kab. Pidie Jaya Prov. Aceh,Kab. Pidie Jaya,,Aceh
20209193,SMAN 20 GARUT,https://sekolah.data.kemdikbud.go.id/index.php/Chome/profil/EA591A26-3C61-4442-886D-8C558E4E3F87,JL. SURAPATI NO. 19 Cigintung Kec. Singajaya Kab. Garut Prov. Jawa Barat,Kab. Garut,,Jawa Barat
30407660,SMA Negeri Khusus Olahragawan,https://sekolah.data.kemdikbud.go.id/index.php/Chome/profil/D44A3BDB-5442-4C89-AF8B-8C5701C053FD,JL. Stadion Utama Kaltim RT. 04 Kel. Sim... Simpang Pasir Kec. Palaran Kota Samarinda Prov. Kalimantan Timur,,Kota Samarinda,Kalimantan Timur
50205722,SMAS AL HAMZAR TEMBENG PUTIK,https://sekolah.data.kemdikbud.go.id/index.php/Chome/profil/3FA72762-EF04-4E54-808A-8C5A0E974C9A,JLN. SIMPANG TIGA TEMBENG PUTIK BENYER K... Tembeng Putik Kec. Wanasaba Kab. Lombok Timur Prov. Nusa Tenggara Barat,Kab. Lombok Timur,,Nusa Tenggara Barat
10807562,SMAS YOS SUDARSO,https://sekolah.data.kemdikbud.go.id/index.php/Chome/profil/43FF00AE-863E-41A9-9D67-8C5D69865D01,JL. KOI NO.25 Yosorejo Kec. Metro Timur Kota Metro Prov. Lampung,,Kota Metro,Lampung
69761850,SMA NEGERI 2 TORGAMBA,https://sekolah.data.kemdikbud.go.id/index.php/Chome/profil/3886CF4D-B18B-449C-9D31-8C6060579037,JALAN LINTAS SUMATERA ASAM JAWA Asam Jawa Kec. Torgamba Kab. Labuhanbatu Selatan Prov. Sumatera Utara,Kab. Labuhanbatu Selatan,,Sumatera Utara
60300488,SMA NEGERI 2 SERUI,https://sekolah.data.kemdikbud.go.id/index.php/Chome/profil/748F043C-5133-4CB2-B3BE-8C61C15744BA,JLN. FLAMBOYAN FAMBOAMAN Famboaman Kec. Yapen Selatan Kab. Kepulauan Yapen Prov. Papua,Kab. Kepulauan Yapen,,Papua
40310219,SMAN 22 MAKASSAR,https://sekolah.data.kemdikbud.go.id/index.php/Chome/profil/FC646AD2-F784-4F8B-B7FD-8C6C14756F15,JL. PAJJAIANG KOMP. KOR/KNPI  SUDIANG laikang Kec. Biringkanaya Kota Makassar Prov. Sulawesi Selatan,,Kota Makassar,Sulawesi Selatan
70002837,SMA AL- HIDAYAT ISLAMIC BOARDING SCHOOL,https://sekolah.data.kemdikbud.go.id/index.php/Chome/profil/91A7BF8D-E56D-4817-8417-8C6F36451361,"Desa Madya Mulya Rt.04 Rw.01, Kec Lalan MADYA MULYA Kec. Lalan Kab. Musi Banyuasin Prov. Sumatera Selatan",Kab. Musi Banyuasin,,Sumatera Selatan
20515473,SMA EMPAT LIMA BANDUNG,https://sekolah.data.kemdikbud.go.id/index.php/Chome/profil/21F5D787-42DC-49D0-9C47-8C725C251C09,Jl. Raya Suruhan Kidul Suruhan Kidul Kec. Bandung Kab. Tulungagung Prov. Jawa Timur,Kab. Tulungagung,,Jawa Timur
10807069,SMAN 8 BANDAR LAMPUNG,https://sekolah.data.kemdikbud.go.id/index.php/Chome/profil/FFD475C9-C936-4968-B1D0-8C7546EF62DF,JL.LAKS MALAHAYATI NO. 10 Talang Kec. Teluk Betung Selatan Kota Bandar Lampung Prov. Lampung,,Kota Bandar Lampung,Lampung
20520820,SMAN 2 LUMAJANG,https://sekolah.data.kemdikbud.go.id/index.php/Chome/profil/64256069-AF15-45C3-A7BF-8C76002AE93C,JL. HOS. COKROAMINOTO NO. 159 LUMAJANG Tompokersan Kec. Lumajang Kab. Lumajang Prov. Jawa Timur,Kab. Lumajang,,Jawa Timur
60400315,SMA NEGERI 4 SORONG,https://sekolah.data.kemdikbud.go.id/index.php/Chome/profil/3D4545F4-6A11-4207-ABCD-8C7857AF2CC4,JL. NOHO NO.2 DUM BARAT Dum Barat Kec. Sorong Kepulauan Kota Sorong Prov. Papua Barat Daya,,Kota Sorong,Papua Barat Daya
69822716,SMAN 12 Sarolangun,https://sekolah.data.kemdikbud.go.id/index.php/Chome/profil/5407761B-677D-4EA5-9B28-8C793FE5AB80,JL. RIO PAMUNCAK DUSUN BENSO Pemuncak Kec. Cermin Nan Gedang Kab. Sarolangun Prov. Jambi,Kab. Sarolangun,,Jambi
70049117,SMA AL QURAN TERPADU AL HAMIDIYAH,https://sekolah.data.kemdikbud.go.id/index.php/Chome/profil/912E3E19-6B8F-40C3-8E24-8C796AB0E85D,Jl. Wonojoyo RT 002 RW 004 Bulumanis Lor Kec. Margoyoso Kab. Pati Prov. Jawa Tengah,Kab. Pati,,Jawa Tengah
40313180,SMAN 7 ENREKANG,https://sekolah.data.kemdikbud.go.id/index.php/Chome/profil/1F1B00F5-2DB3-4FDD-BE44-8C7B3BBD11A3,JL. Poros Enrekang-Makassar Km.13 Pudukk... Pundilemo Kec. Cendana Kab. Enrekang Prov. Sulawesi Selatan,Kab. Enrekang,,Sulawesi Selatan
69900172,SMA PERADABAN,https://sekolah.data.kemdikbud.go.id/index.php/Chome/profil/18BA9C52-6EDC-489F-8AB8-8C7D75B15D00,Komp. Ciolang Jaya Panggungjati Kec. Taktakan Kota Serang Prov. Banten,,Kota Serang,Banten
10303443,SMAS PERTIWI 2,https://sekolah.data.kemdikbud.go.id/index.php/Chome/profil/49181F58-9D3C-41D3-9AC6-8C7F9250B160,JL. BANDAR BLK TANGSI / 14 Belakang Tangsi Kec. Padang Barat Kota Padang Prov. Sumatera Barat,,Kota Padang,Sumatera Barat
70006805,SMA KHALIFA INSAN MADANI SEJAHTERA,https://sekolah.data.kemdikbud.go.id/index.php/Chome/profil/1BE33580-4449-4491-AE56-8C81736D1622,Jl. Tentara Pelajar No. 75 RT 003 RW 001... Perigi Kec. Pondok Aren Kota Tangerang Selatan Prov. Banten,,Kota Tangerang Selatan,Banten
10103091,SMAN 2 KUTACANE,https://sekolah.data.kemdikbud.go.id/index.php/Chome/profil/E5021A7D-43A0-43E9-9698-8C8376A4F026,JL. KOMP. PELAJAR BABUSSALAM Gumpang Jaya Kec. Babussalam Kab. Aceh Tenggara Prov. Aceh,Kab. Aceh Tenggara,,Aceh
70051485,SMA IT AMANAH KABUPATEN BUNGO,https://sekolah.data.kemdikbud.go.id/index.php/Chome/profil/8D27F1F7-E83E-427C-8CF7-8C8E948ACD7B,Jl. Usman Suid KELURAHAN SUNGAI BINJAI Kec. Bathin III Kab. Bungo Prov. Jambi,Kab. Bungo,,Jambi
50200378,SMAN 1 SEKOTONG,https://sekolah.data.kemdikbud.go.id/index.php/Chome/profil/A2275C9B-B13E-432E-A88C-8C9014DA084B,JL.RAYA SEKOTONG CENDI MANIK Kec. Sekotong Kab. Lombok Barat Prov. Nusa Tenggara Barat,Kab. Lombok Barat,,Nusa Tenggara Barat
20102571,SMAN 66 JAKARTA,https://sekolah.data.kemdikbud.go.id/index.php/Chome/profil/70CCEBFD-DE48-48AB-BAB8-8C97CF1AA278,JL. BANGO III PONDOK LABU JAKARTA SELATA... Pondok Labu Kec. Cilandak Kota Adm. Jakarta Selatan Prov. D.K.I. Jakarta,,Kota Adm. Jakarta Selatan,D.K.I. Jakarta
69871144,SMAS DAARUL MUTTAQIEN,https://sekolah.data.kemdikbud.go.id/index.php/Chome/profil/1931CB63-0D8D-4C74-A07E-8C9A237F7546,JL. RAYA CADAS KUKUN ILLAT RT 02/03 Pangadegan Kec. Pasar Kemis Kab. Tangerang Prov. Banten,Kab. Tangerang,,Banten
40305166,SMAN 8 PINRANG,https://sekolah.data.kemdikbud.go.id/index.php/Chome/profil/37A3756E-293F-497D-9B79-8C9CA0F38CD4,JL.POROS PINRANG - POLMAN Tadokkong Kec. Lembang Kab. Pinrang Prov. Sulawesi Selatan,Kab. Pinrang,,Sulawesi Selatan
50305399,SMA TRI DHARMA ENDE,https://sekolah.data.kemdikbud.go.id/index.php/Chome/profil/11D882D1-6BF4-4FB2-BBC4-8CAD970B7E2D,JL. MELATI ATAS Kel. Paupire Kec. Ende Tengah Kab. Ende Prov. Nusa Tenggara Timur,Kab. Ende,,Nusa Tenggara Timur
20103210,SMAS CORPATARIN JAKARTA,https://sekolah.data.kemdikbud.go.id/index.php/Chome/profil/53D1F2D9-C522-491F-BC70-8CB361316688,JL. PONDOK KOPI NO. 87 Pondok Kopi Kec. Duren Sawit Kota Adm. Jakarta Timur Prov. D.K.I. Jakarta,,Kota Adm. Jakarta Timur,D.K.I. Jakarta
10201322,SMAS PERSIAPAN,https://sekolah.data.kemdikbud.go.id/index.php/Chome/profil/FCDEB287-E84D-43BE-8A01-8CB679BACAAE,JL. HIB TEMBELENG Pantai Gemi Kec. Stabat Kab. Langkat Prov. Sumatera Utara,Kab. Langkat,,Sumatera Utara
69888826,SMAN 10 PALANGKA RAYA,https://sekolah.data.kemdikbud.go.id/index.php/Chome/profil/3568938E-4E02-4D2B-9A90-8CB6B769995C,Jl. Petuk Katimpun Km. 10 Cilik riwut Petuk Katimpun Kec. Jekan Raya Kota Palangka Raya Prov. Kalimantan Tengah,,Kota Palangka Raya,Kalimantan Tengah
20303980,SMA NEGERI 1 PURWANEGARA,https://sekolah.data.kemdikbud.go.id/index.php/Chome/profil/E72900F6-606C-48B5-8B30-8CB729AE1D1F,JL. RAYA PURWANEGARA Purwonegoro Kec. Purwanegara Kab. Banjarnegara Prov. Jawa Tengah,Kab. Banjarnegara,,Jawa Tengah
70039833,SMA Negeri 1 Batang Serangan,https://sekolah.data.kemdikbud.go.id/index.php/Chome/profil/2841A9D5-8AF4-4AF5-B723-8CB7B6CD64F0,Jl. Dusun Aman Damai Kuala Musam Kec. Batang Serangan Kab. Langkat Prov. Sumatera Utara,Kab. Langkat,,Sumatera Utara
20244677,SMAS YADIKA KEDAWUNG,https://sekolah.data.kemdikbud.go.id/index.php/Chome/profil/4FD04868-6266-4908-BA77-8CBD3E3E6309,JL. KAPUK RAYA KEDAWUNG Kedawung Kec. Kedawung Kab. Cirebon Prov. Jawa Barat,Kab. Cirebon,,Jawa Barat
30204162,SMAN 1 TASIK PAYAWAN,https://sekolah.data.kemdikbud.go.id/index.php/Chome/profil/BDC58309-4DE4-426A-A92D-8CC51B13AC08,JL.MUHAMMAD DAMPE NO.203 Petak Bahandang Kec. Tasik Payawan Kab. Katingan Prov. Kalimantan Tengah,Kab. Katingan,,Kalimantan Tengah
69888718,SMAN 8 Poco Ranaka,https://sekolah.data.kemdikbud.go.id/index.php/Chome/profil/48DBE4AC-1EDE-4294-84D1-8CC7A4F789A9,Nul Pocolia Kec. Lamba Leda Selatan (Poco Ranaka) Kab. Manggarai Timur Prov. Nusa Tenggara Timur,Kab. Manggarai Timur,,Nusa Tenggara Timur
70042049,SMA NEGERI 1 KOKODA BARAT,https://sekolah.data.kemdikbud.go.id/index.php/Chome/profil/2E04BC21-9FE6-43A6-BE55-8CCB96355D02,Kampung Migori Distrik Kokoda Migori Kec. Kokoda Kab. Sorong Selatan Prov. Papua Barat Daya,Kab. Sorong Selatan,,Papua Barat Daya
69762635,SMAS AL MUNAWWIR,https://sekolah.data.kemdikbud.go.id/index.php/Chome/profil/D7F23077-17BC-4F4A-9515-8CCBF466AC98,PURWOSARI I RT. 09 KM. 06 RW. 03 TAMBAN ... Purwosari I Kec. Tamban Kab. Barito Kuala Prov. Kalimantan Selatan,Kab. Barito Kuala,,Kalimantan Selatan
10404017,SMA NEGERI 6 PEKANBARU,https://sekolah.data.kemdikbud.go.id/index.php/Chome/profil/C14FE770-D542-42C3-A649-8CD538099F8F,JL.Bambu Kuning No.28 Bambukuning Kec. Tenayan Raya Kota Pekanbaru Prov. Riau,,Kota Pekanbaru,Riau
40104644,SMAN 2 SIAU TIMUR,https://sekolah.data.kemdikbud.go.id/index.php/Chome/profil/50C74CFB-89D0-40DB-A285-8CD6DBA8422C,Jln Pantai Lia Kampung Lia Lia Kec. Siau Timur Kab. Kep. Siau Tagulandang Biaro Prov. Sulawesi Utara,Kab. Kep. Siau Tagulandang Biaro,,Sulawesi Utara
40313821,SMAS ABDI PEMBANGUNAN,https://sekolah.data.kemdikbud.go.id/index.php/Chome/profil/51F65250-B75F-4ADA-BC74-8CE33F9F3C9D,JL. KANGKUNG TIMUR NOL 38 Tompo Balang Kec. Bontoala Kota Makassar Prov. Sulawesi Selatan,,Kota Makassar,Sulawesi Selatan
50306188,SMAN 1 SOA,https://sekolah.data.kemdikbud.go.id/index.php/Chome/profil/EC84039B-ABA7-45F7-BDFA-8CE7A0128DF3,JURUSAN RIUNG KM. 16 Seso Kec. Soa Kab. Ngada Prov. Nusa Tenggara Timur,Kab. Ngada,,Nusa Tenggara Timur
20534392,SMA PAWYATAN DAHA KEDIRI,https://sekolah.data.kemdikbud.go.id/index.php/Chome/profil/BE80EA8B-5C0D-4DFD-BFE7-8CE7F3175A12,JL. Balowerti Gg.II No.37-A Kota Kediri Balowerti Kec. Kota Kediri Kota Kediri Prov. Jawa Timur,,Kota Kediri,Jawa Timur
10220292,SMAS ST MARIA TARUTUNG,https://sekolah.data.kemdikbud.go.id/index.php/Chome/profil/22D94614-CB02-43AC-A9D2-8CEB5866D9DC,JL. D.I. PANJAITAN II/39 Huta Toruan Vii Kec. Tarutung Kab. Tapanuli Utara Prov. Sumatera Utara,Kab. Tapanuli Utara,,Sumatera Utara
20606854,SMAS YUPPENTEK 4,https://sekolah.data.kemdikbud.go.id/index.php/Chome/profil/7D95AD8A-CE6A-47AD-B024-8CEFAE34BE9E,JL. P. KEMERDEKAAN I NO. 1 Cikokol Kec. Tangerang Kota Tangerang Prov. Banten,,Kota Tangerang,Banten
69978768,SMA Islam Ruhul Falah,https://sekolah.data.kemdikbud.go.id/index.php/Chome/profil/8B199C8F-B427-443B-B496-8CF69587D89D,"Jl. Medan-Banda Aceh Km. 18,5 Komplek Da... Leupung Riwat Kec. Kuta Malaka Kab. Aceh Besar Prov. Aceh",Kab. Aceh Besar,,Aceh
30304276,SMAS PGRI 3 BANJARMASIN,https://sekolah.data.kemdikbud.go.id/index.php/Chome/profil/5DB5BCAA-4BC9-44DC-BD6C-8CFB916B5897,JL. AMPERA NO. 53 RT. 16 Basirih Kec. Banjarmasin Barat Kota Banjarmasin Prov. Kalimantan Selatan,,Kota Banjarmasin,Kalimantan Selatan
40307350,SMAS IRNAS,https://sekolah.data.kemdikbud.go.id/index.php/Chome/profil/8945C134-ADB8-44D2-A9E0-8CFCD0DB6B2D,JL. KUBIS NO. 64 Tompo Balang Kec. Bontoala Kota Makassar Prov. Sulawesi Selatan,,Kota Makassar,Sulawesi Selatan
50305347,SMAS KRISTEN ITA ESA,https://sekolah.data.kemdikbud.go.id/index.php/Chome/profil/117255AF-8C09-4CD8-9F96-8D01A5F3F111,MUNDEK Lidor Kec. Rote Barat Laut Kab. Rote Ndao Prov. Nusa Tenggara Timur,Kab. Rote Ndao,,Nusa Tenggara Timur
20535043,SMAS MUHAMMADIYAH,https://sekolah.data.kemdikbud.go.id/index.php/Chome/profil/6056719F-826B-4F45-ABB0-8D114CC3E334,JL. COKROAMINOTO NO. 3 Kepanjenlor Kec. Kepanjenkidul Kota Blitar Prov. Jawa Timur,,Kota Blitar,Jawa Timur
69830492,SMA SULTHON AULIA BOARDING SCHOOL,https://sekolah.data.kemdikbud.go.id/index.php/Chome/profil/E9B34732-F415-4D86-9D7D-8D1432F9DF11,"JL Batu Tumbuh 1, RT 009 RW.005 Radar Se... Jaticempaka Kec. Pondokgede Kota Bekasi Prov. Jawa Barat",,Kota Bekasi,Jawa Barat
10208163,SMAN 1 KOTANOPAN,https://sekolah.data.kemdikbud.go.id/index.php/Chome/profil/AABFF0B1-2693-4AE9-BD04-8D194A0EF780,JL. PERINTIS KEMERDEKAAN NO. 220 KOTANOP... Pasar Kotanopan Kec. Kotanopan Kab. Mandailing Natal Prov. Sumatera Utara,Kab. Mandailing Natal,,Sumatera Utara
20216207,SMAS MUHAMMADIYAH HAURGEULIS,https://sekolah.data.kemdikbud.go.id/index.php/Chome/profil/8F743ED2-3500-4C28-A95B-8D2891251C13,JL. KH. AHMAD DAHLAN NO. 3 Haurgeulis Kec. Haurgeulis Kab. Indramayu Prov. Jawa Barat,Kab. Indramayu,,Jawa Barat
70043678,SMA ISLAM AL-MUSLIMUN,https://sekolah.data.kemdikbud.go.id/index.php/Chome/profil/CFE54E2F-6FA6-422F-8A47-8D2A0556662C,Jln. Jayeng Rane Marung Bunut Baok Kec. Praya Kab. Lombok Tengah Prov. Nusa Tenggara Barat,Kab. Lombok Tengah,,Nusa Tenggara Barat
20253848,SMAS ISLAM AN NUR,https://sekolah.data.kemdikbud.go.id/index.php/Chome/profil/71318909-0D3C-4360-ACB5-8D2C48D538F8,JL. KH. MUCHTAR TABRANI 51 KALIABANG Perwira Kec. Bekasi Utara Kota Bekasi Prov. Jawa Barat,,Kota Bekasi,Jawa Barat
69816807,SMA NEGERI 2 KUTA BARO,https://sekolah.data.kemdikbud.go.id/index.php/Chome/profil/F46C6F20-AE88-40A8-968C-8D2E07967CDD,JL. PS. COT KEUENG Cot Raya Kec. Kuta Baro Kab. Aceh Besar Prov. Aceh,Kab. Aceh Besar,,Aceh
70052335,SMA Swasta Islam Terpadu Baruna Sibuhuan,https://sekolah.data.kemdikbud.go.id/index.php/Chome/profil/CF3C6375-E185-4F07-A179-8D2E78B67BE2,Jl. Lintas Sibuhuan – Gunungtua Km.08 Sangkilon Kec. Lubuk Barumun Kab. Padang Lawas Prov. Sumatera Utara,Kab. Padang Lawas,,Sumatera Utara
70055449,Sekolah Rakyat Menengah Atas 35 Wonosobo,https://sekolah.data.kemdikbud.go.id/index.php/Chome/profil/28F2A1A9-3073-4CA1-B549-8D33BDB83848,Jl. Gatot Subroto Km. 05 Kec. Kertek Kab... Kertek Kec. Kertek Kab. Wonosobo Prov. Jawa Tengah,Kab. Wonosobo,,Jawa Tengah
10600560,SMAN 1 MESUJI,https://sekolah.data.kemdikbud.go.id/index.php/Chome/profil/7B591829-80BC-46B1-9B90-8D362E08BE66,JL. LINTAS TIMUR KM 173 Pematang Panggang Kec. Mesuji Kab. Ogan Komering Ilir Prov. Sumatera Selatan,Kab. Ogan Komering Ilir,,Sumatera Selatan
40310371,SMAN 9 SINJAI,https://sekolah.data.kemdikbud.go.id/index.php/Chome/profil/0517B6D9-A509-4267-83C5-8D3806A81959,JL. PENDIDIKAN Mannanti Kec. Tellu Limpoe Kab. Sinjai Prov. Sulawesi Selatan,Kab. Sinjai,,Sulawesi Selatan
70055416,Sekolah Rakyat Menengah Atas 2 Aceh Besar,https://sekolah.data.kemdikbud.go.id/index.php/Chome/profil/0D025A76-E23B-43DF-842E-8D3819BB7A09,"Jl. Medan - Banda Aceh 22,5 KM, Desa Lam... Lam Ilie Ganto Kec. Indrapuri Kab. Aceh Besar Prov. Aceh",Kab. Aceh Besar,,Aceh
10645761,SMAN 1 MUARA PAYANG,https://sekolah.data.kemdikbud.go.id/index.php/Chome/profil/D4FF95E5-AB1C-46AB-B753-8D3C5CF2D3B1,DESA LAWANG AGUNG LAMA Lawang Agung Lama Kec. Muara Payang Kab. Lahat Prov. Sumatera Selatan,Kab. Lahat,,Sumatera Selatan
69888668,SMA ISLAM AS SYUHADA`,https://sekolah.data.kemdikbud.go.id/index.php/Chome/profil/7872F6F9-59AE-40FA-A6F3-8D427BAD910C,JL. SERSAN ATMARI Curahpoh Kec. Curahdami Kab. Bondowoso Prov. Jawa Timur,Kab. Bondowoso,,Jawa Timur
20307632,SMAS MAARIF CANDIMULYO,https://sekolah.data.kemdikbud.go.id/index.php/Chome/profil/3E228000-E8F3-44ED-994C-8D44DE3E27C1,JL. BARISAN Candimulyo Kec. Candimulyo Kab. Magelang Prov. Jawa Tengah,Kab. Magelang,,Jawa Tengah
20233663,SMA PLUS ASTHA HANNAS,https://sekolah.data.kemdikbud.go.id/index.php/Chome/profil/A07F8F16-1072-4106-A099-8D4685075952,JL. RAYA BINONG KM. 65 KECAMATAN BINONG ... Binong Kec. Binong Kab. Subang Prov. Jawa Barat,Kab. Subang,,Jawa Barat
20253030,SMAS AL KHOLILIYAH,https://sekolah.data.kemdikbud.go.id/index.php/Chome/profil/88EA1D9E-E5C8-445E-A05B-8D52F79059F0,KP. CIKADU DESA SUKATANI KEC.PARAKAN SAL... Sukatani Kec. Parakansalak Kab. Sukabumi Prov. Jawa Barat,Kab. Sukabumi,,Jawa Barat
20253557,SMAS MATHLAHUL HUDA,https://sekolah.data.kemdikbud.go.id/index.php/Chome/profil/DB657671-ACED-44D0-8347-8D55BE6C44FD,JL.MOH.TOHA NO.10 DESA CIBUNAR Cibunar Kec. Parungpanjang Kab. Bogor Prov. Jawa Barat,Kab. Bogor,,Jawa Barat
60725087,SMA Negeri 9 Buru Selatan,https://sekolah.data.kemdikbud.go.id/index.php/Chome/profil/38FEBBA4-1DC5-4AF9-B685-8D55F99C01BF,WAEMALA Waemala Kec. Leksula Kab. Buru Selatan Prov. Maluku,Kab. Buru Selatan,,Maluku
20503599,SMA PGRI MEGALUH,https://sekolah.data.kemdikbud.go.id/index.php/Chome/profil/7654B463-994B-47AE-BF18-8D57B5ED3A4C,JL. HIRODINOTO 3 MEGALUH Megaluh Kec. Megaluh Kab. Jombang Prov. Jawa Timur,Kab. Jombang,,Jawa Timur
69948100,SMA Negeri 3 Manyak Payed,https://sekolah.data.kemdikbud.go.id/index.php/Chome/profil/0B6076F7-A796-46EE-9BCD-8D682DB73555,Seuneubok Cantek Seuneubok Cantek Kec. Manyak Payed Kab. Aceh Tamiang Prov. Aceh,Kab. Aceh Tamiang,,Aceh
69943660,SMA TERPADU RAUDHATUL ULUM,https://sekolah.data.kemdikbud.go.id/index.php/Chome/profil/6E16DDFE-CF14-4D9F-8B57-8D7693A4F8E0,Jalan Tutue Ara - Keude Parek Tanjong Ulim Kec. Ulim Kab. Pidie Jaya Prov. Aceh,Kab. Pidie Jaya,,Aceh
20549506,SMAN 1 KAUMAN,https://sekolah.data.kemdikbud.go.id/index.php/Chome/profil/48D45984-11A0-49A6-8115-8D774F944256,JL. KARTINI DS. CARAT KEC. KAUMAN PONORO... Carat Kec. Kauman Kab. Ponorogo Prov. Jawa Timur,Kab. Ponorogo,,Jawa Timur
70046801,SMA CINTA KASIH IMANDI,https://sekolah.data.kemdikbud.go.id/index.php/Chome/profil/EC617215-A94D-45C7-A083-8D77F0D68B22,Jln. PAUD Cinta Kasih Imandi Imandi Kec. Dumoga Timur Kab. Bolaang Mongondow Prov. Sulawesi Utara,Kab. Bolaang Mongondow,,Sulawesi Utara
10258258,SMA NEGERI 1 ARAMO,https://sekolah.data.kemdikbud.go.id/index.php/Chome/profil/30CC4678-4FA4-4101-89DE-8D7B81443F81,JL. NIAS TENGAH KM. 26 Sisobambowo Kec. Aramo Kab. Nias Selatan Prov. Sumatera Utara,Kab. Nias Selatan,,Sumatera Utara
30203098,SMAN 1 HANAU,https://sekolah.data.kemdikbud.go.id/index.php/Chome/profil/B7044A72-EF75-4604-A9C8-8D96980E8F3C,JL. BAKRI ENTONG Pembuang Hulu I Kec. Hanau Kab. Seruyan Prov. Kalimantan Tengah,Kab. Seruyan,,Kalimantan Tengah
10601359,SMAN 1 TANJUNG SAKTI PUMI,https://sekolah.data.kemdikbud.go.id/index.php/Chome/profil/05FFFAB1-B185-483B-B768-8D9959623883,JLN. LETDA. ABDUL KARIM NO. 02 DESA PENA... Penandingan Kec. Tanjung Sakti Pumi Kab. Lahat Prov. Sumatera Selatan,Kab. Lahat,,Sumatera Selatan
69886196,SMAS ISLAM AL-BINA,https://sekolah.data.kemdikbud.go.id/index.php/Chome/profil/FF8850AA-020E-42D0-A213-8DA5112758A2,JL. CIDAHU ABUYA BANGUN MESJID CADASARI Cadasari Kec. Cadasari Kab. Pandeglang Prov. Banten,Kab. Pandeglang,,Banten
10701817,SMA NEGERI 5 KAUR,https://sekolah.data.kemdikbud.go.id/index.php/Chome/profil/9EC9D23E-DD59-4444-8A73-8DA55371CDF7,JL.LINTAS BARAT AIR NUMAN SUKA MENANTI Suka Menanti Kec. Maje Kab. Kaur Prov. Bengkulu,Kab. Kaur,,Bengkulu
30401711,SMA NEGERI 3 TARAKAN,https://sekolah.data.kemdikbud.go.id/index.php/Chome/profil/A27274C3-FCA8-412E-BE5D-8DAA5897E2B9,JL. PANGERAN AJI ISKANDAR Juata Kerikil Kec. Tarakan Utara Kota Tarakan Prov. Kalimantan Utara,,Kota Tarakan,Kalimantan Utara
10603855,SMA NEGERI 08 PALEMBANG,https://sekolah.data.kemdikbud.go.id/index.php/Chome/profil/0C318513-BA1B-43B3-A5D3-8DB0972DEC08,JL.  PERTAHANAN PALEMBANG 16 Ulu Kec. Seberang Ulu II Kota Palembang Prov. Sumatera Selatan,,Kota Palembang,Sumatera Selatan
20318324,SMAS ISLAM AL HIKMAH,https://sekolah.data.kemdikbud.go.id/index.php/Chome/profil/497807BC-6973-408C-8C91-8DB2390ACB06,Desa Pelemkerep RT. 01 RW. 02 Pelemkerep Kec. Mayong Kab. Jepara Prov. Jawa Tengah,Kab. Jepara,,Jawa Tengah
10202762,SMA NEGERI 1 GIRSANG SIPANGAN BOLON,https://sekolah.data.kemdikbud.go.id/index.php/Chome/profil/E96F2A96-EA2A-4671-A25F-8DBAB541CCA6,JL. PENDIDIKAN NO. 59 Parapat Kec. Girsang Simpangan Bolon Kab. Simalungun Prov. Sumatera Utara,Kab. Simalungun,,Sumatera Utara
20330034,SMAS KATOLIK RANDUBLATUNG,https://sekolah.data.kemdikbud.go.id/index.php/Chome/profil/54B9CB92-2E34-4096-9434-8DBCEE688F5C,JL. DIPONEGORO NO. 21 RANDUBLATUNG Pilang Kec. Randublatung Kab. Blora Prov. Jawa Tengah,Kab. Blora,,Jawa Tengah
50103671,SMAN 1 RENDANG,https://sekolah.data.kemdikbud.go.id/index.php/Chome/profil/D1AD5B9B-583D-4851-AEC3-8DBE1C244175,JL. ASTINAPURA RENDANG KARANGASEM Rendang Kec. Rendang Kab. Karangasem Prov. Bali,Kab. Karangasem,,Bali
60100319,SMA Negeri 10 Maluku Tengah,https://sekolah.data.kemdikbud.go.id/index.php/Chome/profil/7674C9D5-34C2-4B9A-8422-8DBECBEC1D34,Jln. Tihu Negeri Lima Kec. Leihitu Kab. Maluku Tengah Prov. Maluku,Kab. Maluku Tengah,,Maluku
20320387,SMA NEGERI 1 AMBARAWA,https://sekolah.data.kemdikbud.go.id/index.php/Chome/profil/ABD5FD9A-9A3E-47C3-B7DE-8DC03D8DF090,JL. YOS SUDARSO NO.46 Kupang Kec. Ambarawa Kab. Semarang Prov. Jawa Tengah,Kab. Semarang,,Jawa Tengah
20506316,SMAS MUHAMMADIYAH 7 GLAGAH,https://sekolah.data.kemdikbud.go.id/index.php/Chome/profil/B3BEA496-9C6A-4650-8F55-8DC0CD560A6A,JL. RAYA GLAGAH NO. 21 Glagah Kec. Glagah Kab. Lamongan Prov. Jawa Timur,Kab. Lamongan,,Jawa Timur
70003968,SMA AL-MAAHIRA IIBS MALANG,https://sekolah.data.kemdikbud.go.id/index.php/Chome/profil/4A5C1BB5-CCFB-4A5A-A676-8DC46D83C4F9,Tirtasani Royal Resort Kepuharjo Kec. Karangploso Kab. Malang Prov. Jawa Timur,Kab. Malang,,Jawa Timur
10211586,SMA NEGERI 2 TEBING TINGGI,https://sekolah.data.kemdikbud.go.id/index.php/Chome/profil/EC5130F0-FED2-44BB-98EF-8DC9BE9FB1CD,JALAN K.L. YOS SUDARSO KM. 5 Rantau Laban Kec. Rambutan Kota Tebing Tinggi Prov. Sumatera Utara,,Kota Tebing Tinggi,Sumatera Utara
30107690,SMAN 4 SINTANG,https://sekolah.data.kemdikbud.go.id/index.php/Chome/profil/97CFD4B3-F9DD-4230-BEE3-8DD36EDA7D79,JL. Laksemana Dipa Kapuas Kiri Hilir Kec. Sintang Kab. Sintang Prov. Kalimantan Barat,Kab. Sintang,,Kalimantan Barat
10609654,SMA MARDI WACANA PALEMBANG,https://sekolah.data.kemdikbud.go.id/index.php/Chome/profil/9494389A-ABB0-48E6-A34F-8DD49887463C,JL. TANJUNG API-API NO 2594 PALEMBANG Kebun Bunga Kec. Sukarami Kota Palembang Prov. Sumatera Selatan,,Kota Palembang,Sumatera Selatan
20102211,SMAN 43 JAKARTA,https://sekolah.data.kemdikbud.go.id/index.php/Chome/profil/3EF448A3-BB0E-4618-BA66-8DDC7C9619F2,JL. MINANGKABAU DALAM Menteng Atas Kec. Setia Budi Kota Adm. Jakarta Selatan Prov. D.K.I. Jakarta,,Kota Adm. Jakarta Selatan,D.K.I. Jakarta
40318190,SMAN 25 BONE,https://sekolah.data.kemdikbud.go.id/index.php/Chome/profil/130094A4-3BA7-49DB-9F0D-8DE668552B9F,Jl. Poros Bone-Makassar KM.43 Bengo Kec.... Bengo Kec. Bengo Kab. Bone Prov. Sulawesi Selatan,Kab. Bone,,Sulawesi Selatan
70010638,SMA ADVENT PASIR PUTIH,https://sekolah.data.kemdikbud.go.id/index.php/Chome/profil/1F30EEDF-94A4-4322-A9BC-8DE8AEC19005,JL. PANDAU JAYA PASIR PUTIH DUSUN III Desa Baru Kec. Siak Hulu Kab. Kampar Prov. Riau,Kab. Kampar,,Riau
40306547,SMAN 3 TORAJA UTARA,https://sekolah.data.kemdikbud.go.id/index.php/Chome/profil/A4CFEBE2-2DAD-4C23-AD17-8DEA2A049548,JL. POROS RANTEPAO SADAN KM. 7 KELURAHAN PANGLI Kec. Sesean Kab. Toraja Utara Prov. Sulawesi Selatan,Kab. Toraja Utara,,Sulawesi Selatan
69725921,SMAS NUSA TIMOR KIUONI,https://sekolah.data.kemdikbud.go.id/index.php/Chome/profil/54F75BF3-5F18-4000-83EC-8DEA758E6D52,KIUONI Kiuoni Kec. Fatuleu Kab. Kupang Prov. Nusa Tenggara Timur,Kab. Kupang,,Nusa Tenggara Timur
70046754,SMA Putra 1,https://sekolah.data.kemdikbud.go.id/index.php/Chome/profil/0DF08BC3-B81C-4B2C-A809-8DF8D26C6794,Jl. Inspeksi Saluran Kalimalang No. 98 C... Pondok Kelapa Kec. Duren Sawit Kota Adm. Jakarta Timur Prov. D.K.I. Jakarta,,Kota Adm. Jakarta Timur,D.K.I. Jakarta
40400750,SMA NEGERI 1 TONGKUNO,https://sekolah.data.kemdikbud.go.id/index.php/Chome/profil/1D177306-5AC5-4F3F-97F4-8DFACB92922B,Jl. Pendidikan No. 2 Wakuru Lahontohe Kec. Tongkuno Kab. Muna Prov. Sulawesi Tenggara,Kab. Muna,,Sulawesi Tenggara
69901605,SMA TERUSAN BANGSA,https://sekolah.data.kemdikbud.go.id/index.php/Chome/profil/EB02E797-31D9-4E7C-8E43-8DFF6C27E76F,Jln. Raya Way Terusan SP 2 Mataram Udik Kec. Bandar Mataram Kab. Lampung Tengah Prov. Lampung,Kab. Lampung Tengah,,Lampung
70035800,SMA IT DARUL QUR`AN MULIA,https://sekolah.data.kemdikbud.go.id/index.php/Chome/profil/1C842A5C-FF34-4C28-B496-8E05C622B365,"Jl. Raya Puspitek Pembangunan, Kp. Cikar... Pabuaran Kec. Gunung Sindur Kab. Bogor Prov. Jawa Barat",Kab. Bogor,,Jawa Barat
40311958,SMAS UMMUL MUKMININ,https://sekolah.data.kemdikbud.go.id/index.php/Chome/profil/84E2C10D-9764-4A23-96E6-8E0664B4E643,JL. PERINTIS KEMERDEKAAN KM. 17 P A I Kec. Biringkanaya Kota Makassar Prov. Sulawesi Selatan,,Kota Makassar,Sulawesi Selatan
20307639,SMA MUHAMMADIYAH BOROBUDUR,https://sekolah.data.kemdikbud.go.id/index.php/Chome/profil/4DB4A35F-FE50-4528-8923-8E1441CADCEC,JL. SUDIRMAN BOROBUDUR MAGELANG Borobudur Kec. Borobudur Kab. Magelang Prov. Jawa Tengah,Kab. Magelang,,Jawa Tengah
20402808,SMA NEGERI 1 KOKAP,https://sekolah.data.kemdikbud.go.id/index.php/Chome/profil/668940BA-33FA-41AE-A066-8E154093FF99,"Jalan Jambon, Ngaseman Hargorejo Kec. Kokap Kab. Kulon Progo Prov. D.I. Yogyakarta",Kab. Kulon Progo,,D.I. Yogyakarta
10111579,SMAN 1 BAKONGAN TIMUR,https://sekolah.data.kemdikbud.go.id/index.php/Chome/profil/457262F9-C3D2-4B80-BC69-8E162DC3C3C8,JL. SAID CUT Pasi Seubadeh Kec. Bakongan Timur Kab. Aceh Selatan Prov. Aceh,Kab. Aceh Selatan,,Aceh
60100816,SMA SANATA KARYA LANGGUR,https://sekolah.data.kemdikbud.go.id/index.php/Chome/profil/86B488F3-A4ED-4FB7-8E2E-8E18D40A04B5,JL. JENDERAL SUDIRMAN 97611 - LANGGUR Langgur Kec. Kei Kecil Kab. Maluku Tenggara Prov. Maluku,Kab. Maluku Tenggara,,Maluku
20331094,SMAS NU MA ARIF 4 KANGKUNG,https://sekolah.data.kemdikbud.go.id/index.php/Chome/profil/14F5EE00-1E7F-48AC-A0D1-8E1A19D492C6,Jl. MASJID AL HUDA  DESA LABAN Laban Kec. Kangkung Kab. Kendal Prov. Jawa Tengah,Kab. Kendal,,Jawa Tengah
10258062,SMA SWASTA METHODIST,https://sekolah.data.kemdikbud.go.id/index.php/Chome/profil/7A82C092-063B-45E0-AEB9-8E213168178B,JL. IMAM BONJOL NO. 64 Karya Kec. Tanjung Balai Selatan Kota Tanjung Balai Prov. Sumatera Utara,,Kota Tanjung Balai,Sumatera Utara
10207085,SMAN 1 PORTIBI,https://sekolah.data.kemdikbud.go.id/index.php/Chome/profil/1D80D1AF-1400-43BA-8D1C-8E2142F4E674,JL. GUNUNGTUA-BINANGA KM. 9 PURBABANGUN Ronda Mandolok Kec. Portibi Kab. Padang Lawas Utara Prov. Sumatera Utara,Kab. Padang Lawas Utara,,Sumatera Utara
10815084,SMAN 2 GADINGREJO,https://sekolah.data.kemdikbud.go.id/index.php/Chome/profil/F3B40A56-D3FF-48CF-8A00-8E21A9335F8B,JLN. KI HAJAR DEWANTARA NO. 01 WONOSARI ... Wonosari Kec. Gadingrejo Kab. Pringsewu Prov. Lampung,Kab. Pringsewu,,Lampung
60403364,SMA NEGERI 4 KABUPATEN SORONG,https://sekolah.data.kemdikbud.go.id/index.php/Chome/profil/9DE03A00-5E94-4078-950F-8E2565B00E8A,JL. KLAMONO - SAIGUN MALASMILIY Kec. Klamono Kab. Sorong Prov. Papua Barat Daya,Kab. Sorong,,Papua Barat Daya
10609665,SMA MUHAMMADIYAH 08 PALEMBANG,https://sekolah.data.kemdikbud.go.id/index.php/Chome/profil/0FB7CEC0-6F94-48D4-B01A-8E29CD86861F,JL. TP.SOPYAN KENAWAS Gandus Kec. Gandus Kota Palembang Prov. Sumatera Selatan,,Kota Palembang,Sumatera Selatan
69929485,SMA AL-MUTTAQIEM,https://sekolah.data.kemdikbud.go.id/index.php/Chome/profil/D0FE5835-30D2-4100-80AD-8E2B4C4ADA75,Jl. Sultan Abdullah 1 RT.8 RW.2 Buloa Kec. Tallo Kota Makassar Prov. Sulawesi Selatan,,Kota Makassar,Sulawesi Selatan
10610277,SMAN 1 PULAU BERINGIN,https://sekolah.data.kemdikbud.go.id/index.php/Chome/profil/38503BFF-68EA-4131-B658-8E2B5A87BBFF,JL. TEDUNG SAWANGAN NO.360 Pul.Au Beringin Kec. Pulau Beringin Kab. Ogan Komering Ulu Selatan Prov. Sumatera Selatan,Kab. Ogan Komering Ulu Selatan,,Sumatera Selatan
69786982,SMAS PM AT TAQWA,https://sekolah.data.kemdikbud.go.id/index.php/Chome/profil/E8B98579-4118-4A28-B1D5-8E2C4516F123,JL. KH. RAFEI NO.15 RT 03/04 Nagrak Kec. Gunungputri Kab. Bogor Prov. Jawa Barat,Kab. Bogor,,Jawa Barat
20616379,SMA SWASTA ANDERSON SCHOOL,https://sekolah.data.kemdikbud.go.id/index.php/Chome/profil/A5750DD5-2102-47F1-A1F9-8E372DDB316A,Jl. KP. CIATER No.41 RT.03/02 Rawa Mekar Kec. Serpong Kota Tangerang Selatan Prov. Banten,,Kota Tangerang Selatan,Banten
50204016,SMAN 1 AMBALAWI,https://sekolah.data.kemdikbud.go.id/index.php/Chome/profil/6DBDC604-EBB8-4337-85C5-8E42152CFBB3,JL DANABURA NIPA AMBALAWI BIMA Nipa Kec. Ambalawi Kab. Bima Prov. Nusa Tenggara Barat,Kab. Bima,,Nusa Tenggara Barat
50302306,SMAN 1 MAUMERE,https://sekolah.data.kemdikbud.go.id/index.php/Chome/profil/904C248D-D9E0-43CA-ABCE-8E44964618B5,JL. MAWAR NO. 1 MAUMERE Madawat Kec. Alok Kab. Sikka Prov. Nusa Tenggara Timur,Kab. Sikka,,Nusa Tenggara Timur
20535050,SMAN 1 BLITAR,https://sekolah.data.kemdikbud.go.id/index.php/Chome/profil/5CA8A50F-948F-42C8-85F7-8E45216A49BD,JL. A. YANI  112 Sananwetan Kec. Sananwetan Kota Blitar Prov. Jawa Timur,,Kota Blitar,Jawa Timur
69969786,SMA PLUS ST. ALBERTUS AGUNG WELEUN,https://sekolah.data.kemdikbud.go.id/index.php/Chome/profil/7396EAFD-C2EA-4247-B3C8-8E4DD80FD529,JALAN JURUSAN BETUN - BESIKAMA Bakiruk Kec. Malaka Tengah Kab. Malaka Prov. Nusa Tenggara Timur,Kab. Malaka,,Nusa Tenggara Timur
10810983,SMAS PGRI PAGELARAN,https://sekolah.data.kemdikbud.go.id/index.php/Chome/profil/DCA5B90F-4B44-408C-872D-8E53CA68108F,JL. AMPERA GUMUKMAS Gumuk Mas Kec. Pagelaran Kab. Pringsewu Prov. Lampung,Kab. Pringsewu,,Lampung
70046926,SMA ISLAM EL SYIHAB,https://sekolah.data.kemdikbud.go.id/index.php/Chome/profil/E0570C2F-8350-4D52-834B-8E5E9F72665D,JL. Pulau NIas Gg. Kelurahan No. 2 Sukabumi Kec. Sukabumi Kota Bandar Lampung Prov. Lampung,,Kota Bandar Lampung,Lampung
30107278,SMAN 7 SINGKAWANG,https://sekolah.data.kemdikbud.go.id/index.php/Chome/profil/4E7610D1-FBFB-468B-B306-8E65A9C2F3F4,JL. RAYA BAGAK SAHWA Bagak Sahwa Kec. Singkawang Timur Kota Singkawang Prov. Kalimantan Barat,,Kota Singkawang,Kalimantan Barat
69755240,SMAS MUTIARA BUNDA,https://sekolah.data.kemdikbud.go.id/index.php/Chome/profil/7AC217B2-4910-44C3-B264-8E69D371FB3A,PONDOK MUTIARA BLOK MEC. 1-10 Jati Kec. Sidoarjo Kab. Sidoarjo Prov. Jawa Timur,Kab. Sidoarjo,,Jawa Timur
10204256,SMAS MUHAMMADIYAH 8 KISARAN ASAHAN,https://sekolah.data.kemdikbud.go.id/index.php/Chome/profil/65363796-7D47-4D72-8ACD-8E6C4F9449F1,JL. MADONG LUBIS NO. 8 KISARAN Selawan Kec. Kisaran Timur Kab. Asahan Prov. Sumatera Utara,Kab. Asahan,,Sumatera Utara
20238004,SMAS AL - MUTTAQIN,https://sekolah.data.kemdikbud.go.id/index.php/Chome/profil/CB62EE3B-DD36-46BB-A6CD-8E753B9D823F,JL. RAYA TAMBELANG BEKASI Sukarapih Kec. Tambelang Kab. Bekasi Prov. Jawa Barat,Kab. Bekasi,,Jawa Barat
70003976,SMAS MUHAMMADIYAH BOARDING SCHOOL AWWALUL ISLAM MAKASSAR,https://sekolah.data.kemdikbud.go.id/index.php/Chome/profil/92923B6C-0B2E-4A38-B340-8E85B9388A13,Jln.Tol Ir. Sutami KM.5 Parang Loe Kec. Tamalanrea Kota Makassar Prov. Sulawesi Selatan,,Kota Makassar,Sulawesi Selatan
10212557,SMAS PERGURUAN RAKYAT,https://sekolah.data.kemdikbud.go.id/index.php/Chome/profil/BB0A0170-8FC0-4563-9557-8E89A4CF8835,JL. PENDIDIKAN NO. 20 Ujung Padang Kec. Padang Sidimpuan Selatan Kota Padang Sidempuan Prov. Sumatera Utara,,Kota Padang Sidempuan,Sumatera Utara
10609618,SMA ADABIYAH PALEMBANG,https://sekolah.data.kemdikbud.go.id/index.php/Chome/profil/1C11FAFF-B232-47B3-BE78-8E8AF0651B38,JL. Punai II Lrg. Khotib Duku Kec. Ilir Timur II Kota Palembang Prov. Sumatera Selatan,,Kota Palembang,Sumatera Selatan
10806029,SMAS KOSGORO SRI BHAWONO,https://sekolah.data.kemdikbud.go.id/index.php/Chome/profil/B2DDB99B-BF16-4F0A-A80A-8E8CA327D127,JL. Ir. Soetami Km.60 Sri Bawono Kec. Bandar Sribhawono Kab. Lampung Timur Prov. Lampung,Kab. Lampung Timur,,Lampung
70055163,SMAN 11 TASIKMALAYA,https://sekolah.data.kemdikbud.go.id/index.php/Chome/profil/5AA6FB0E-BE4C-431F-8F33-8E93414CF6C0,"l. Gunung Cihcir, Rancasengang, RT.001, ... Bantarsari Kec. Bungursari Kota Tasikmalaya Prov. Jawa Barat",,Kota Tasikmalaya,Jawa Barat
69756316,SMAS AL KHOZIN,https://sekolah.data.kemdikbud.go.id/index.php/Chome/profil/8BB401CC-A34A-4FDA-A01F-8E96EDAAF3D9,DUSUN SABUNGAN TIMUR Ombul Kec. Kedungdung Kab. Sampang Prov. Jawa Timur,Kab. Sampang,,Jawa Timur
10643842,SMA NEGERI 1 LUBUK KELIAT,https://sekolah.data.kemdikbud.go.id/index.php/Chome/profil/44ACD664-A285-45FD-8FC0-8E9AD540BC69,DESA BETUNG Betung I Kec. Lubuk Keliat Kab. Ogan Ilir Prov. Sumatera Selatan,Kab. Ogan Ilir,,Sumatera Selatan
10609625,SMA BHAKTI NUSANTARA PALEMBANG,https://sekolah.data.kemdikbud.go.id/index.php/Chome/profil/A7B67A9D-9DEA-42ED-9942-8E9C180D78F3,JL. GOTONG ROYONG SUNGAI BUAH PLG Sungai Buah Kec. Ilir Timur II Kota Palembang Prov. Sumatera Selatan,,Kota Palembang,Sumatera Selatan
11002046,SMAN 1 PALMATAK,https://sekolah.data.kemdikbud.go.id/index.php/Chome/profil/A85E7254-3EBF-4722-8DC9-8EB2AC3CA6DD,JL M YUSUF Tebang Kec. Palmatak Kab. Kepulauan Anambas Prov. Kepulauan Riau,Kab. Kepulauan Anambas,,Kepulauan Riau
20219273,SMAS YPKKP BANDUNG,https://sekolah.data.kemdikbud.go.id/index.php/Chome/profil/563E3EB6-0F3B-4433-8CC6-8EB2EB24FBA8,Jl. Cijerah No. 230 Cijerah Kec. Bandung Kulon Kota Bandung Prov. Jawa Barat,,Kota Bandung,Jawa Barat
10645002,SMAN 1 MUARA PADANG,https://sekolah.data.kemdikbud.go.id/index.php/Chome/profil/D78BD41E-BAB7-4C13-87B5-8EB69E49A6EA,DESA SUMBER MAKMUR JALUR 20 KEC. MUARA P... Sumber Makmur Kec. Muara Padang Kab. Banyuasin Prov. Sumatera Selatan,Kab. Banyuasin,,Sumatera Selatan
69987305,SMA Islam Terpadu Qurrota Ayun Sigi,https://sekolah.data.kemdikbud.go.id/index.php/Chome/profil/1211CCEA-A844-481A-92A6-8EC405EA578A,Dusun 4 Binangga Kec. Marawola Kab. Sigi Prov. Sulawesi Tengah,Kab. Sigi,,Sulawesi Tengah
20217784,SMAN 1 CILAMAYA,https://sekolah.data.kemdikbud.go.id/index.php/Chome/profil/1FF3D5F1-89CC-473C-B016-8EC8FE317C81,Jl. Singaperbangsa Sukatani Kec. Cilamaya Wetan Kab. Karawang Prov. Jawa Barat,Kab. Karawang,,Jawa Barat
20341603,SMAS AL IRSYAD AL ISLAMIYYAH,https://sekolah.data.kemdikbud.go.id/index.php/Chome/profil/63C3FD20-DB79-4559-97B6-8ECC28B79C58,Jalan Prof. Dr. Suharso Arcawinangun Kec. Purwokerto Timur Kab. Banyumas Prov. Jawa Tengah,Kab. Banyumas,,Jawa Tengah
40300281,SMAN 5 MAROS,https://sekolah.data.kemdikbud.go.id/index.php/Chome/profil/8919D38D-3C02-4BA3-A71A-8ECDBDC8B634,POROS AMARANG - CARANGKI KAB.MAROS Damai Kec. Tanralili Kab. Maros Prov. Sulawesi Selatan,Kab. Maros,,Sulawesi Selatan
10303460,SMAS YAPI,https://sekolah.data.kemdikbud.go.id/index.php/Chome/profil/3844B8EC-2FC1-4CB5-8D7F-8ECE42B19EEC,JL. PURUS IV NO. 8 Purus Kec. Padang Barat Kota Padang Prov. Sumatera Barat,,Kota Padang,Sumatera Barat
50202413,SMAN 1 LABUHAN HAJI,https://sekolah.data.kemdikbud.go.id/index.php/Chome/profil/2E3E0063-4540-44DA-A15A-8ED2C042EE38,JL. HOS COKROAMINOTO LB.HAJI Labuhan Haji Kec. Labuhan Haji Kab. Lombok Timur Prov. Nusa Tenggara Barat,Kab. Lombok Timur,,Nusa Tenggara Barat
20614419,SMAS ISLAM DAARUL AHIBBAH,https://sekolah.data.kemdikbud.go.id/index.php/Chome/profil/BDC36858-B288-4D81-8BD9-8ED3F0EB7B35,JL. WARUNG SELIKUR KM 8 KP.CIGUHA Carenang Kec. Carenang Kab. Serang Prov. Banten,Kab. Serang,,Banten
20219804,SMAS MUHAMMADIYAH 4,https://sekolah.data.kemdikbud.go.id/index.php/Chome/profil/B0B08F16-C24E-4719-BE14-8ED7806E928D,JL. CILENGKRANG II NO. 7 Palasari Kec. Cibiru Kota Bandung Prov. Jawa Barat,,Kota Bandung,Jawa Barat
50302968,SMAS SETIAWAN NANGARORO,https://sekolah.data.kemdikbud.go.id/index.php/Chome/profil/4743D15F-1223-4142-B250-8EDDCD1F3432,"Jl. Raya Ende-Bajawa, Km. 43,0 Madambake... Nangaroro Kec. Nangaroro Kab. Nagekeo Prov. Nusa Tenggara Timur",Kab. Nagekeo,,Nusa Tenggara Timur
10803627,SMAS NUSANTARA SUOH,https://sekolah.data.kemdikbud.go.id/index.php/Chome/profil/A56E642E-6F41-4DA3-98E3-8EDF8740FD09,JL. WISATA SUOH TRI MEKARJAYA Kec. Bandar Negeri Suoh Kab. Lampung Barat Prov. Lampung,Kab. Lampung Barat,,Lampung
50100262,SMA Negeri 1 Sukasada,https://sekolah.data.kemdikbud.go.id/index.php/Chome/profil/FF217BFD-04EA-4420-B76C-8EE528876860,JL. JELANTIK GINGSIR NO. 81 B Sukasada Kec. Sukasada Kab. Buleleng Prov. Bali,Kab. Buleleng,,Bali
69774669,SMA Negeri 42 Maluku Tengah,https://sekolah.data.kemdikbud.go.id/index.php/Chome/profil/006BBD9A-1925-4EC7-A8A0-8EE52996B684,HARIA Haria Kec. Saparua Kab. Maluku Tengah Prov. Maluku,Kab. Maluku Tengah,,Maluku
70040371,SMA TERPADU DARUZZAHRA,https://sekolah.data.kemdikbud.go.id/index.php/Chome/profil/AB2AE24E-4943-46DF-A335-8EE8017FE127,Kp. Ciparanten RT.04 RW.02 Kurniabakti Kec. Ciawi Kab. Tasikmalaya Prov. Jawa Barat,Kab. Tasikmalaya,,Jawa Barat
10400349,SMA NEGERI 1 GUNUNG SAHILAN,https://sekolah.data.kemdikbud.go.id/index.php/Chome/profil/3BF441BE-5798-420C-A9DE-8EEC2A4549A4,Jl. Raya Pekanbaru - Taluk Kuantan Kebun Durian Kec. Gunung Sahilan Kab. Kampar Prov. Riau,Kab. Kampar,,Riau
20523808,SMAS 4 MA ARIF PERINTIS,https://sekolah.data.kemdikbud.go.id/index.php/Chome/profil/8F5B217E-87A0-4148-A5B2-8EF1033943E6,JL. KH. ABD RAHMAN 31 Tempurejo Kec. Tempurejo Kab. Jember Prov. Jawa Timur,Kab. Jember,,Jawa Timur
10505053,SMAN 9 MERANGIN,https://sekolah.data.kemdikbud.go.id/index.php/Chome/profil/59FE6680-4F49-4264-A859-8EFCE1D592EB,Jalan Lintas Bangko-Jangkat Muara Madras Kec. Jangkat Kab.  Merangin Prov. Jambi,Kab.  Merangin,,Jambi
69899173,SMA NEGERI 2 ALASA TALUMUZOI,https://sekolah.data.kemdikbud.go.id/index.php/Chome/profil/E321BC37-4A28-433A-9FC1-8F01ACF1329E,HAREFANAESE Harefanaese Kec. Alasa Talumuzoi Kab. Nias Utara Prov. Sumatera Utara,Kab. Nias Utara,,Sumatera Utara
60403526,SMAS KRISTEN SYALOM TERPADU,https://sekolah.data.kemdikbud.go.id/index.php/Chome/profil/1111E50D-40BE-4AA4-AC35-8F02446D49C5,JL. TRANS MANOKWARI-BINTUNI Dembek Kec. Momi Waren Kab. Manokwari Selatan Prov. Papua Barat,Kab. Manokwari Selatan,,Papua Barat
50201392,SMAN 1 KOPANG,https://sekolah.data.kemdikbud.go.id/index.php/Chome/profil/A54741F3-F847-4014-AEC1-8F0334BAE094,JLN. SEGARA ANAK NO. 5A KOPANG Kopang Rembiga Kec. Kopang Kab. Lombok Tengah Prov. Nusa Tenggara Barat,Kab. Lombok Tengah,,Nusa Tenggara Barat
10402937,SMA NEGERI 1 RAMBAH HILIR,https://sekolah.data.kemdikbud.go.id/index.php/Chome/profil/0CBF354A-DC25-470C-A548-8F042C542CCC,JLN. DIPONEGORO - MUARA RUMBAI Rambah Hilir Kec. Rambah Hilir Kab.  Rokan Hulu Prov. Riau,Kab.  Rokan Hulu,,Riau
30304274,SMAS MUHAMMADIYAH 1,https://sekolah.data.kemdikbud.go.id/index.php/Chome/profil/E7F13063-9C1B-4266-840A-8F0FD9F2FDCF,JL. S. PARMAN NO. 221 Belitung Utara Kec. Banjarmasin Barat Kota Banjarmasin Prov. Kalimantan Selatan,,Kota Banjarmasin,Kalimantan Selatan
69768164,SMAN 9 BORONG,https://sekolah.data.kemdikbud.go.id/index.php/Chome/profil/D317DDB7-A951-4A57-A697-8F10244B2A0E,"SITA, KECAMATAN RANA MESE, KABUPATEN MAN... Sita Kec. Rana Mese Kab. Manggarai Timur Prov. Nusa Tenggara Timur",Kab. Manggarai Timur,,Nusa Tenggara Timur
10210889,SMAS NURCAHAYA,https://sekolah.data.kemdikbud.go.id/index.php/Chome/profil/7898F3F2-3E47-4479-9378-8F18DDB77D96,JL. BUNGA CEMPAKA NO. 41 Padang Bulan Selayang Ii Kec. Medan Selayang Kota Medan Prov. Sumatera Utara,,Kota Medan,Sumatera Utara
30202960,SMA NEGERI 1 BATANG KAWA,https://sekolah.data.kemdikbud.go.id/index.php/Chome/profil/A701080D-7413-4553-8B28-8F29EE53F237,JL. MANTIKEI NO. 8 Kinipan Kec. Batang Kawa Kab. Lamandau Prov. Kalimantan Tengah,Kab. Lamandau,,Kalimantan Tengah
20602238,SMAS DAAR EL KUTUB BAYAH,https://sekolah.data.kemdikbud.go.id/index.php/Chome/profil/CFF7E2A5-D38E-47B6-8C7C-8F2B70FDADDE,JL. RAYA BAYAH - MALINGPING KM. 3 Bayah Barat Kec. Bayah Kab. Lebak Prov. Banten,Kab. Lebak,,Banten
30311443,SMAN 1 PANYIPATAN,https://sekolah.data.kemdikbud.go.id/index.php/Chome/profil/4A65ACE5-AE87-4D7D-930D-8F3496204D9C,JL. PENDIDIKAN Batu Mulya Kec. Panyipatan Kab. Tanah Laut Prov. Kalimantan Selatan,Kab. Tanah Laut,,Kalimantan Selatan
20229147,SMAS BINTARA DEPOK,https://sekolah.data.kemdikbud.go.id/index.php/Chome/profil/1257256F-99BC-47E9-9560-8F37A1172973,JL. RAYA SAWANGAN NO. 19 Pancoran Mas Kec. Pancoran Mas Kota Depok Prov. Jawa Barat,,Kota Depok,Jawa Barat
10220218,SMAN 1 SUNGGAL,https://sekolah.data.kemdikbud.go.id/index.php/Chome/profil/94FE84BE-5DEB-4F1C-B355-8F44680F3B63,JL. Sei Mencirim - Sei Semayang Sei Semayang Kec. Sunggal Kab. Deli Serdang Prov. Sumatera Utara,Kab. Deli Serdang,,Sumatera Utara
60201674,SMA NEGERI 23 HALMAHERA SELATAN,https://sekolah.data.kemdikbud.go.id/index.php/Chome/profil/EC3FD4DA-ED7E-41B7-9107-8F48CCDCBE36,Jln. Sungai Goha Bisui Kec. Gane Timur Tengah Kab. Halmahera Selatan Prov. Maluku Utara,Kab. Halmahera Selatan,,Maluku Utara
10610273,SMAN 1 RUNJUNG AGUNG,https://sekolah.data.kemdikbud.go.id/index.php/Chome/profil/EDBE44C7-852E-4E0A-A7F3-8F504D890A14,DESA GEDUNG WANI Gedung Wani Kec. Runjung Agung Kab. Ogan Komering Ulu Selatan Prov. Sumatera Selatan,Kab. Ogan Komering Ulu Selatan,,Sumatera Selatan
10496597,SMAN 1 PUSAKO,https://sekolah.data.kemdikbud.go.id/index.php/Chome/profil/464A5655-760E-401E-BA0B-8F51AC02532D,JL.DUBALANG MISAI Dosan Kec. Pusako Kab. Siak Prov. Riau,Kab. Siak,,Riau
20211504,SMAN 1 PAMARICAN,https://sekolah.data.kemdikbud.go.id/index.php/Chome/profil/0D3B279F-4D8A-40D0-B833-8F53F7B5BBC1,JL. PAMARICAN DS. NEGLASARI NO. 44 PAMAR... Neglasari Kec. Pamarican Kab. Ciamis Prov. Jawa Barat,Kab. Ciamis,,Jawa Barat
60303349,SMAN NINIA,https://sekolah.data.kemdikbud.go.id/index.php/Chome/profil/EF9C1E68-7DFB-47BF-AA3E-8F54C592AAEF,JL. Jendral Sudirman Dekai Kec. Dekai Kab. Yahukimo Prov. Papua Pegunungan,Kab. Yahukimo,,Papua Pegunungan
20540307,SMA A WAHID HASYIM TEBUIRENG,https://sekolah.data.kemdikbud.go.id/index.php/Chome/profil/B5E178C5-94E9-481C-B6F9-8F5A806703D1,JL.IRIAN JAYA NO.10 TEBUIRENG Cukir Kec. Diwek Kab. Jombang Prov. Jawa Timur,Kab. Jombang,,Jawa Timur
11002476,SMAS YEHONALA,https://sekolah.data.kemdikbud.go.id/index.php/Chome/profil/1D164541-C525-488C-BF37-8F5ED4CC3932,"KOMPLEK AKU TAHU I BLOK DD, SUNGAI PANAS Sungai Panas Kec. Batam Kota Kota Batam Prov. Kepulauan Riau",,Kota Batam,Kepulauan Riau
69948427,SMA ERENOS,https://sekolah.data.kemdikbud.go.id/index.php/Chome/profil/BED68AEE-8E09-48F9-8F29-8F65F126DE78,Jl. Palapa RT. 003 RW. 018 Serua - Ciput... Sarua Kec. Ciputat Kota Tangerang Selatan Prov. Banten,,Kota Tangerang Selatan,Banten
20100505,SMAS ISLAM AL - JIHAD JAKARTA,https://sekolah.data.kemdikbud.go.id/index.php/Chome/profil/C0A478B1-EA2A-4F19-BDFB-8F66EAB691E1,JL. KRAMAT JAYA BARU NO 38 Johar Baru Kec. Johar Baru Kota Adm. Jakarta Pusat Prov. D.K.I. Jakarta,,Kota Adm. Jakarta Pusat,D.K.I. Jakarta
10401517,SMAN 1 PERANAP,https://sekolah.data.kemdikbud.go.id/index.php/Chome/profil/9185540F-7A9A-4D4D-98E5-8F6C5DEE1645,JL. JEND. SUDIRMAN PERANAP Peranap Kec. Peranap Kab. Indragiri Hulu Prov. Riau,Kab. Indragiri Hulu,,Riau
69992293,SMA NEGERI 1 TAMPAHAN,https://sekolah.data.kemdikbud.go.id/index.php/Chome/profil/9E6906BA-0EF2-4E1D-8CE2-8F6E0FE7A3B7,Jl. SM. Simanjuntak Lintong Nihuta Kec. Tampahan Kab. Toba Prov. Sumatera Utara,Kab. Toba,,Sumatera Utara
69896536,SMA NEGERI 1 BALAESANG TANJUNG,https://sekolah.data.kemdikbud.go.id/index.php/Chome/profil/60F6C715-489F-4D97-88CB-8F6F971416EF,DESA MALEI Malei Kec. Balaesang Tanjung Kab. Donggala Prov. Sulawesi Tengah,Kab. Donggala,,Sulawesi Tengah
20321971,SMAS MUHAMMADIYAH 2 BOJA,https://sekolah.data.kemdikbud.go.id/index.php/Chome/profil/D20CFABE-6899-456C-82F5-8F700C3E0441,JL. PRAMUKA NO.104 Boja Kec. Boja Kab. Kendal Prov. Jawa Tengah,Kab. Kendal,,Jawa Tengah
60200796,SMAN 5 KOTA TERNATE,https://sekolah.data.kemdikbud.go.id/index.php/Chome/profil/A6E67CF3-A01A-4F40-9DB7-8F7B7FB71DD0,Jl. Batu Angus Kelurahan Dufa Dufa Kec. ... Dufa Dufa Kec. Ternate Utara Kota Ternate Prov. Maluku Utara,,Kota Ternate,Maluku Utara
20202265,SMAN 1 LENGKONG,https://sekolah.data.kemdikbud.go.id/index.php/Chome/profil/D0EF0229-023A-4405-AD5D-8F82AE28426A,JL. RAYA  TEGALLEGA Lengkong Kec. Lengkong Kab. Sukabumi Prov. Jawa Barat,Kab. Sukabumi,,Jawa Barat
10112901,SMAS DARUSS ADAH,https://sekolah.data.kemdikbud.go.id/index.php/Chome/profil/1E5682D4-495D-4697-B4D4-8F870A3CFC07,JL. KEUDE GEUREUBAK-JAMBO REUHAT Seuneubok Pangou Kec. Banda Alam Kab. Aceh Timur Prov. Aceh,Kab. Aceh Timur,,Aceh
10208943,SMAS ADVENT SIMBOLON,https://sekolah.data.kemdikbud.go.id/index.php/Chome/profil/217B3DBB-0F87-4291-88C2-8F8A77506CD1,Sigaol Simbolon Sigaol Simbolon Kec. Palipi Kab. Samosir Prov. Sumatera Utara,Kab. Samosir,,Sumatera Utara
69759180,SMA ISLAM SINAR CENDEKIA,https://sekolah.data.kemdikbud.go.id/index.php/Chome/profil/68EB4523-5894-45D2-82C5-8F8B8D89C64E,"JL. Swadaya No.20, Rawa Mekar jaya, Keca... Rawa Mekar Kec. Serpong Kota Tangerang Selatan Prov. Banten",,Kota Tangerang Selatan,Banten
10495164,SMAN 2 SUNGAI APIT,https://sekolah.data.kemdikbud.go.id/index.php/Chome/profil/BE7BA70D-EC5F-4F5E-A8D0-8F8F478349DA,"JL. Pendidikan Kampung Lalang, Kecamatan... Lalang Kec. Sungai Apit Kab. Siak Prov. Riau",Kab. Siak,,Riau
10701186,SMA NEGERI 3 MUKOMUKO,https://sekolah.data.kemdikbud.go.id/index.php/Chome/profil/0BE2B9FC-49B3-4870-ADB2-8F98FEFF7D86,JL. Poros Yamaja Rimba RT. 13 Agung Jaya Kec. Air Manjunto Kab. Mukomuko Prov. Bengkulu,Kab. Mukomuko,,Bengkulu
69759073,SMAS BIDAYATUL FAIZIN CIKAJANG,https://sekolah.data.kemdikbud.go.id/index.php/Chome/profil/F1A655C3-DC33-4D87-B90D-8F9F24C1459B,KP. NEGLA DESA CIPANGRAMATAN CIKAJANG - ... Cipangramatan Kec. Cikajang Kab. Garut Prov. Jawa Barat,Kab. Garut,,Jawa Barat
20319281,SMAS TAKHASSUS AL - QURAN BONANG,https://sekolah.data.kemdikbud.go.id/index.php/Chome/profil/896E3F44-38D5-4FBC-A3D4-8FA3ADDF1F59,JL. KRAJAN Serangan Kec. Bonang Kab. Demak Prov. Jawa Tengah,Kab. Demak,,Jawa Tengah
69727602,SMAS AL-IZZAH BATU,https://sekolah.data.kemdikbud.go.id/index.php/Chome/profil/DE82A731-2E19-415C-ABBC-8FA5B7280C1F,Jalan Indragiri Gg. Pangkur No.78 Sumberejo Kec. Batu Kota Batu Prov. Jawa Timur,,Kota Batu,Jawa Timur
70003098,SMAN 2 Karang Intan,https://sekolah.data.kemdikbud.go.id/index.php/Chome/profil/A4362AB7-1AEC-46B8-9827-8FA8F8ED839A,Jl. Pangeran Suryanata RT. 01 Desa Kiram... Karang Intan Kec. Karang Intan Kab. Banjar Prov. Kalimantan Selatan,Kab. Banjar,,Kalimantan Selatan
10107084,SMA NEGERI 1 GANDAPURA,https://sekolah.data.kemdikbud.go.id/index.php/Chome/profil/F659734A-48C8-4939-AA46-8FAF95E71A66,"JL. B. ACEH - MEDAN Km. 243, LAPANG TIMU Lapang Timur Kec. Ganda Pura Kab. Bireuen Prov. Aceh",Kab. Bireuen,,Aceh
20318344,SMA NEGERI 1 BANGSRI,https://sekolah.data.kemdikbud.go.id/index.php/Chome/profil/F94296A9-46DB-4FFF-8A7F-8FB0463A88F4,Desa Jerukwangi RT. 04 RW. 05 Jerukwangi Kec. Bangsri Kab. Jepara Prov. Jawa Tengah,Kab. Jepara,,Jawa Tengah
10401528,SMAN 1 SUNGAI LALA,https://sekolah.data.kemdikbud.go.id/index.php/Chome/profil/C622475D-A3A9-4247-A7B9-8FB90DFC150F,Jl. Jend. Sudirman Perk. Sei Lala Perkebunan Sungai Lala Kec. Sei Lala Kab. Indragiri Hulu Prov. Riau,Kab. Indragiri Hulu,,Riau
70005153,SMA IT AL FAHMI BS PALU,https://sekolah.data.kemdikbud.go.id/index.php/Chome/profil/9704F028-C0C4-4DED-AFF8-8FBAA98EE248,Blok G8 BTN Lasoani Bawah Kel . Lasoani Kelurahan Lasoani Kec. Mantikulore Kota Palu Prov. Sulawesi Tengah,,Kota Palu,Sulawesi Tengah
69966093,SMA ISLAM TERPADU ASY SYADZILI,https://sekolah.data.kemdikbud.go.id/index.php/Chome/profil/30DDCD69-3F0D-4967-AC5B-8FBF28FB2AAD,Jl. Pa. Hj. Khodijah No. 99b Sumberpasir Kec. Pakis Kab. Malang Prov. Jawa Timur,Kab. Malang,,Jawa Timur
69985321,SMA ISLAM TERPADU IBNU MASUD,https://sekolah.data.kemdikbud.go.id/index.php/Chome/profil/2D6DF150-E472-4A8E-9B69-8FBF62E15E09,JL. HOS COKROAMINOTO SURYA WANGI Surya Wangi Kec. Labuhan Haji Kab. Lombok Timur Prov. Nusa Tenggara Barat,Kab. Lombok Timur,,Nusa Tenggara Barat
20338494,SMAS COKROAMINOTO 1 BANJARNEGARA,https://sekolah.data.kemdikbud.go.id/index.php/Chome/profil/FE4D2413-5405-49B9-A29B-8FBF828F3C20,JL. PEMUDA NO. 63 Semarang Kec. Banjarnegara Kab. Banjarnegara Prov. Jawa Tengah,Kab. Banjarnegara,,Jawa Tengah
60300638,SMA NEGERI 1 MUTING,https://sekolah.data.kemdikbud.go.id/index.php/Chome/profil/B995BB98-4452-4D12-A3B6-8FC12D291EF8,JL.NDIWA KM 1 Muting Kec. Muting Kab. Merauke Prov. Papua Selatan,Kab. Merauke,,Papua Selatan
10307309,SMAN 1 PARIAMAN,https://sekolah.data.kemdikbud.go.id/index.php/Chome/profil/811185E7-F168-48E6-948A-8FC33348B142,JL. PROF. M. YAMIN SH NO. 38 Kampung Baru Kec. Pariaman Tengah Kota Pariaman Prov. Sumatera Barat,,Kota Pariaman,Sumatera Barat
20215020,SMAS PGRI KEDAWUNG,https://sekolah.data.kemdikbud.go.id/index.php/Chome/profil/5CC06FCF-6E40-4FDB-BDA8-8FCE27104CAD,JL. WIDARASARI TUPAREV NO 4 KEDAWUNG Sutawinangun Kec. Kedawung Kab. Cirebon Prov. Jawa Barat,Kab. Cirebon,,Jawa Barat
50301884,SMA NEGERI 1 ADONARA TIMUR,https://sekolah.data.kemdikbud.go.id/index.php/Chome/profil/F7D52E27-6FE1-44A0-A43D-8FCEFEE3F107,JL. TAMAN SISWA NO.1 Waiwerang Kota Kec. Adonara Timur Kab. Flores Timur Prov. Nusa Tenggara Timur,Kab. Flores Timur,,Nusa Tenggara Timur
11000436,SMAN 4 TANJUNGPINANG,https://sekolah.data.kemdikbud.go.id/index.php/Chome/profil/D1947FD2-FC19-48D5-B56F-8FD34923EBB6,JL. PEMUDA NO. 30 Tanjung Ayun Sakti Kec. Bukit Bestari Kota Tanjung Pinang Prov. Kepulauan Riau,,Kota Tanjung Pinang,Kepulauan Riau
40103172,SMAS KRISTEN 1 TOMOHON,https://sekolah.data.kemdikbud.go.id/index.php/Chome/profil/E2DAFE6D-86E8-446A-A00E-8FD4D9394DA8,KOTA TOMOHON Talete Dua Kec. Tomohon Tengah Kota Tomohon Prov. Sulawesi Utara,,Kota Tomohon,Sulawesi Utara
60300840,SMAS ADVENT TIMIKA,https://sekolah.data.kemdikbud.go.id/index.php/Chome/profil/AFE66359-9C71-4861-9B71-8FD828F7DD19,JLN. C. HEATUBUN NO. 3 Kwamki Kec. Mimika Baru Kab. Mimika Prov. Papua Tengah,Kab. Mimika,,Papua Tengah
20103192,SMA TELADAN 1 JAKARTA,https://sekolah.data.kemdikbud.go.id/index.php/Chome/profil/918A0C7A-F4B4-43EB-8B86-8FDBD61F39C2,JL. MADRASAH  NO.49 Susukan Kec. Ciracas Kota Adm. Jakarta Timur Prov. D.K.I. Jakarta,,Kota Adm. Jakarta Timur,D.K.I. Jakarta
69974040,SMAN 14 KERINCI,https://sekolah.data.kemdikbud.go.id/index.php/Chome/profil/F91456BC-CE68-417B-97BF-8FDC69A30C8E,Jln. Baru Desa Sungai Langkap Sungai Langkap Kec. Siulak Mukai Kab.  Kerinci Prov. Jambi,Kab.  Kerinci,,Jambi
70008586,SMA Plus Ulumul Qur’an Al Mustofa,https://sekolah.data.kemdikbud.go.id/index.php/Chome/profil/D24CA443-4F49-4669-B935-8FDEC4FA2EED,Lebak Cara RT 01 RW 04 Citali Kec. Pamulihan Kab. Sumedang Prov. Jawa Barat,Kab. Sumedang,,Jawa Barat
69934211,SMA DDI AIR HIDUP KERAMIAN,https://sekolah.data.kemdikbud.go.id/index.php/Chome/profil/07BE4CC5-218E-4948-8964-8FE8232B3DF9,DESA KERAMIAN Karamian Kec. Masalembu Kab. Sumenep Prov. Jawa Timur,Kab. Sumenep,,Jawa Timur
69896046,SMA SITI AISYAH KADUNGORA,https://sekolah.data.kemdikbud.go.id/index.php/Chome/profil/2ABE9F85-BC5B-452C-88FC-8FEA48F4C218,Jln. Raya Rancasalak No. 147 Mandalasari Kec. Kadungora Kab. Garut Prov. Jawa Barat,Kab. Garut,,Jawa Barat
30102513,SMAN 3 SINTANG,https://sekolah.data.kemdikbud.go.id/index.php/Chome/profil/15F7EEF3-E26F-46F5-92EF-8FEBCC99A04A,JL. PENDIDIKAN SINTANG Baning Kota Kec. Sintang Kab. Sintang Prov. Kalimantan Barat,Kab. Sintang,,Kalimantan Barat
20606832,SMAS SYEKH YUSUF,https://sekolah.data.kemdikbud.go.id/index.php/Chome/profil/7EDEAC4D-D275-47C3-83F5-8FF0333DCD11,JL. SYEKH YUSUF NO. 20 Sukasari Kec. Tangerang Kota Tangerang Prov. Banten,,Kota Tangerang,Banten
60101801,SMA Negeri 3 Kepulauan Aru,https://sekolah.data.kemdikbud.go.id/index.php/Chome/profil/29CF0695-9529-43DB-A5C1-8FFA63C80598,JLN. CENDRAWASIH RT 005 RW 005 Siwalima Kec. Pulau-Pulau Aru Kab. Kepulauan Aru Prov. Maluku,Kab. Kepulauan Aru,,Maluku
50304407,SMAS PGRI SWASTHIKA,https://sekolah.data.kemdikbud.go.id/index.php/Chome/profil/1C6F6D4E-0D32-4D54-8684-9003403AAEF7,JL. TRANS LEMBATA NO 12 Lewoleba Timur Kec. Nubatukan Kab. Lembata Prov. Nusa Tenggara Timur,Kab. Lembata,,Nusa Tenggara Timur
20237989,SMAN 1 KARANG BAHAGIA,https://sekolah.data.kemdikbud.go.id/index.php/Chome/profil/B7CF19C4-EBC5-4B2E-B3F8-900720C8AA8F,JL. BUYUT KAIPAH NO. 11 Karanganyar Kec. Karang Bahagia Kab. Bekasi Prov. Jawa Barat,Kab. Bekasi,,Jawa Barat
69981895,SMA AL-MASYHAD,https://sekolah.data.kemdikbud.go.id/index.php/Chome/profil/B75C5E05-66A3-4342-B3F4-900B18E2BAE2,Jl. Cijurai RT02/02 Sukabumi Cikurutug Kec. Cireunghas Kab. Sukabumi Prov. Jawa Barat,Kab. Sukabumi,,Jawa Barat
20340640,SMA NEGERI 1 BODEH,https://sekolah.data.kemdikbud.go.id/index.php/Chome/profil/8D326313-8B31-42F7-943E-900E4D0F21A7,JL. DESA BABAKAN - BODEH - PEMALANG Babakan Kec. Bodeh Kab. Pemalang Prov. Jawa Tengah,Kab. Pemalang,,Jawa Tengah
30102910,SMAN 1 EMBALOH HILIR,https://sekolah.data.kemdikbud.go.id/index.php/Chome/profil/705C8ADD-85AC-4400-8723-900F7D178E26,JL. LINTAS KAPUAS DESA NANGA PALIN KEC.E... Nanga Palin Kec. Embaloh Hilir Kab. Kapuas Hulu Prov. Kalimantan Barat,Kab. Kapuas Hulu,,Kalimantan Barat
10210806,SMA SWASTA AL-FATTAH MEDAN,https://sekolah.data.kemdikbud.go.id/index.php/Chome/profil/90A25429-0FBF-4A25-B9D7-901149DEA847,JL. CEMARA NO. 172 Pulo Brayan Darat Ii Kec. Medan Timur Kota Medan Prov. Sumatera Utara,,Kota Medan,Sumatera Utara
10303501,SMAN 4 PADANG,https://sekolah.data.kemdikbud.go.id/index.php/Chome/profil/879C42F1-F9DB-4381-8AA3-9013823C95AC,"JL. LINGGARJATI NO. 1, LUBUK BEGALUNG, P... Lubuk Begalung Nan XX Kec. Lubuk Begalung Kota Padang Prov. Sumatera Barat",,Kota Padang,Sumatera Barat
40402195,SMAN 1 BATU PUTIH,https://sekolah.data.kemdikbud.go.id/index.php/Chome/profil/41F96DD5-7606-43EC-B19C-9017A2969EBB,JL. TRANS SULAWESI Makkuaseng Kec. Batuputih Kab. Kolaka Utara Prov. Sulawesi Tenggara,Kab. Kolaka Utara,,Sulawesi Tenggara
10606613,SMAN 1 MADANG SUKU III,https://sekolah.data.kemdikbud.go.id/index.php/Chome/profil/C49E7687-6F96-4ED0-AE39-9017FB01CC45,Jl. Raya Batumarta VIII Karya Makmur Viii Kec. Madang Suku III Kab. Ogan Komering Ulu Timur Prov. Sumatera Selatan,Kab. Ogan Komering Ulu Timur,,Sumatera Selatan
40313182,SMAS MUHAMMADIYAH KALOSI,https://sekolah.data.kemdikbud.go.id/index.php/Chome/profil/756FF9FE-7E1A-4B17-87C8-9019CCA22812,JL. BELAJEN POROS MAKASSAR TATOR Kambiolangi Kec. Alla Kab. Enrekang Prov. Sulawesi Selatan,Kab. Enrekang,,Sulawesi Selatan
30404304,SMA Negeri 17 Samarinda,https://sekolah.data.kemdikbud.go.id/index.php/Chome/profil/7796ED6F-693C-44D8-A58B-901DA5C65866,Jl. Pattimura Mangkupalas Kec. Samarinda Seberang Kota Samarinda Prov. Kalimantan Timur,,Kota Samarinda,Kalimantan Timur
20400392,SMA PGRI KASIHAN,https://sekolah.data.kemdikbud.go.id/index.php/Chome/profil/7E52094A-D2CC-49DF-A59A-902311CB22BA,SONOSEWU Ngestiharjo Kec. Kasihan Kab. Bantul Prov. D.I. Yogyakarta,Kab. Bantul,,D.I. Yogyakarta
10302401,SMAN 2 BATU SANGKAR,https://sekolah.data.kemdikbud.go.id/index.php/Chome/profil/B29E5E3F-644F-4E71-B1BE-902A35DB4CDF,"JL. PINTU RAYO, SARUASO SARUASO Kec. Tanjung Emas Kab. Tanah Datar Prov. Sumatera Barat",Kab. Tanah Datar,,Sumatera Barat
30302135,SMAN 5 BARABAI,https://sekolah.data.kemdikbud.go.id/index.php/Chome/profil/F004D808-0C3A-4434-9DFE-902EF0949090,JL. DIVISI IV ALRI HARUYAN Lokbuntar Kec. Haruyan Kab. Hulu Sungai Tengah Prov. Kalimantan Selatan,Kab. Hulu Sungai Tengah,,Kalimantan Selatan
69923665,SMAS TUNAS MULIA,https://sekolah.data.kemdikbud.go.id/index.php/Chome/profil/570424AF-E7F9-4BEA-9447-90309FB165C2,JL. BOULEVARD RUSIA BLOK CB VI NO. 57 Pakulonan Barat Kec. Kelapa Dua Kab. Tangerang Prov. Banten,Kab. Tangerang,,Banten
20227919,SMA ASH-SHOPA MAJALAYA,https://sekolah.data.kemdikbud.go.id/index.php/Chome/profil/8737E2F8-5DD2-47BA-8235-9031B73684CC,JL. RAYA BIRU MAJALAYA Biru Kec. Majalaya Kab. Bandung Prov. Jawa Barat,Kab. Bandung,,Jawa Barat
30204461,SMAN 1 JENAMAS,https://sekolah.data.kemdikbud.go.id/index.php/Chome/profil/DD4EC129-58C3-4C13-B5EF-903590F25DA9,JL. PELAJAR NO. 66 RANTAU KUJANG Rantau Kujang Kec. Jenamas Kab. Barito Selatan Prov. Kalimantan Tengah,Kab. Barito Selatan,,Kalimantan Tengah
10495415,SMA NEGERI 2 RANGSANG PESISIR,https://sekolah.data.kemdikbud.go.id/index.php/Chome/profil/AD6B1D48-F5F1-4760-94B5-9035E5C6D2A1,Jl. Parit Besar Kedabu Rapat Kec. Rangsang Pesisir Kab. Kepulauan Meranti Prov. Riau,Kab. Kepulauan Meranti,,Riau
69978144,SMA Negeri Tolisu,https://sekolah.data.kemdikbud.go.id/index.php/Chome/profil/12F9FDA7-1CF2-4247-98CE-9038F55304F8,Jl. Bujangga No. 11 Desa Tolisu Tolisu Kec. Toili Kab. Banggai Prov. Sulawesi Tengah,Kab. Banggai,,Sulawesi Tengah
10400872,SMA NEGERI 1 TEBING TINGGI BARAT,https://sekolah.data.kemdikbud.go.id/index.php/Chome/profil/5572C631-8D9B-4715-BA72-9039110C8940,Jl. H. Suhul Alai Alai Kec. Tebing Tinggi Barat Kab. Kepulauan Meranti Prov. Riau,Kab. Kepulauan Meranti,,Riau
60403488,SMAN PERSIAPAN BABO,https://sekolah.data.kemdikbud.go.id/index.php/Chome/profil/CB85A1C5-0F02-4141-A381-9040CFF66B00,kasira KASIRA Kec. Babo Kab. Teluk Bintuni Prov. Papua Barat,Kab. Teluk Bintuni,,Papua Barat
69755543,SMAS PLUS PERSIS PAMEUNGPEUK,https://sekolah.data.kemdikbud.go.id/index.php/Chome/profil/3C904966-2B98-42A7-99E6-90413A75A73E,JL. TEGALGEDE Jatimulya Kec. Pameungpeuk Kab. Garut Prov. Jawa Barat,Kab. Garut,,Jawa Barat
20500475,SMAN 1 SANGKAPURA,https://sekolah.data.kemdikbud.go.id/index.php/Chome/profil/B85C2CC8-2EDE-450A-8DE4-90623BE14BF4,JL. Wiyatamandala No. 10 Sungairujing Kec. Sangkapura Kab. Gresik Prov. Jawa Timur,Kab. Gresik,,Jawa Timur
10100563,SMAN 1 PEUKAN BARO,https://sekolah.data.kemdikbud.go.id/index.php/Chome/profil/10C99AB3-D097-4BEB-9E0C-90644CA45AB3,JL. BANDA ACEH MEDAN KM. 121 Tanjong Hagu Kec. Peukan Baro Kab. Pidie Prov. Aceh,Kab. Pidie,,Aceh
30112048,SMA NEGERI 2 BUNUT HULU,https://sekolah.data.kemdikbud.go.id/index.php/Chome/profil/B5C11A3E-17FF-43A3-A2E4-906804ABBEB3,BERAUH JAYA Nanga Suruk Kec. Bunut Hulu Kab. Kapuas Hulu Prov. Kalimantan Barat,Kab. Kapuas Hulu,,Kalimantan Barat
70044352,SMA PUSAKA KABUPATEN TASIKMALAYA,https://sekolah.data.kemdikbud.go.id/index.php/Chome/profil/21FECA8B-2C9D-4BD0-9CB3-90709AE50687,Kp. Cihanja RT.001 RW.003 Cikeusal Kec. Tanjungjaya Kab. Tasikmalaya Prov. Jawa Barat,Kab. Tasikmalaya,,Jawa Barat
70005381,SMA IT QOSHRUL MUHAJIRIN,https://sekolah.data.kemdikbud.go.id/index.php/Chome/profil/6FA09B3C-8286-4DE6-B5CF-9071E523BBCE,Kampung Babakannangka RT. 01 RW. 08 Cilampunghilir Kec. Padakembang Kab. Tasikmalaya Prov. Jawa Barat,Kab. Tasikmalaya,,Jawa Barat
70030764,SMA ISLAM DARUSSALAM,https://sekolah.data.kemdikbud.go.id/index.php/Chome/profil/B0DCA2DD-DD59-4772-8DB0-9075BFC7DC33,"Jl. Raden Ronnggo KG-II/981, Prenggan, K... Prenggan Kec. Kotagede Kota Yogyakarta Prov. D.I. Yogyakarta",,Kota Yogyakarta,D.I. Yogyakarta
10104043,SMA NEGERI 1 GUNUNG MERIAH,https://sekolah.data.kemdikbud.go.id/index.php/Chome/profil/F9EBD454-1D9E-4D7B-A621-907C0699415E,JL. RAHMAT KP. SUKA MAKMUR Suka Makmur Kec. Gunung Mariah Kab. Aceh Singkil Prov. Aceh,Kab. Aceh Singkil,,Aceh
10210923,SMA SWASTA SANTO THOMAS 1 MEDAN,https://sekolah.data.kemdikbud.go.id/index.php/Chome/profil/0699C178-98CA-4C5C-A656-9080D9FBCB82,JL. LETJEN S. PARMAN NO. 109 Petisah Tengah Kec. Medan Petisah Kota Medan Prov. Sumatera Utara,,Kota Medan,Sumatera Utara
40300673,SMAS MUHAMMADIYAH PANGKAJENE,https://sekolah.data.kemdikbud.go.id/index.php/Chome/profil/37F26924-CE56-41BC-AF2A-9082E4AC9282,JL. A. MAURAGA PANGKAJENE Tumampua Kec. Pangkajene Kab. Pangkajene Dan Kepulauan Prov. Sulawesi Selatan,Kab. Pangkajene Dan Kepulauan,,Sulawesi Selatan
70036844,SMA DARUSSALAM,https://sekolah.data.kemdikbud.go.id/index.php/Chome/profil/08BAB9EB-9E4E-4EA0-AB69-90838EC440E3,JL. Dr. Sutomo RT. 029 Komplek Ponpes Da... Adi Jaya Kec. Terbanggi Besar Kab. Lampung Tengah Prov. Lampung,Kab. Lampung Tengah,,Lampung
69989359,SMA Negeri 16 Kepulauan Tanimbar,https://sekolah.data.kemdikbud.go.id/index.php/Chome/profil/926707A4-F9F0-4DFB-8CC6-908AA9128C21,Batu Putih Batu Putih Kec. Wer Maktian Kab. Kepulauan Tanimbar Prov. Maluku,Kab. Kepulauan Tanimbar,,Maluku
60728418,SMAN 16 BATAM,https://sekolah.data.kemdikbud.go.id/index.php/Chome/profil/1D5CEF20-0CEB-4EE3-B679-90906E86903F,Jl. S. Parman Mangsang Permai RT. 5 RW. ... Mangsang Kec. Sei Beduk Kota Batam Prov. Kepulauan Riau,,Kota Batam,Kepulauan Riau
60201145,SMAN 6 HALMAHERA TENGAH,https://sekolah.data.kemdikbud.go.id/index.php/Chome/profil/3FF56A1C-92EF-4790-B324-9091F34D1E1A,JL. BATU DUA TEPELEO Kec. Patani Utara Kab. Halmahera Tengah Prov. Maluku Utara,Kab. Halmahera Tengah,,Maluku Utara
20535051,SMAN 2 BLITAR,https://sekolah.data.kemdikbud.go.id/index.php/Chome/profil/A2D251DF-A88A-44C3-87CB-9092A9D03651,JL. Ciliwung No. 396 Tanggung Kec. Kepanjenkidul Kota Blitar Prov. Jawa Timur,,Kota Blitar,Jawa Timur
70011680,SMAN 4 RANGKASBITUNG,https://sekolah.data.kemdikbud.go.id/index.php/Chome/profil/93A80AD6-8EC7-4378-B8B9-90936BC495C5,Jl. Tutul - Cisalak KM.01 Citeras Kec. Rangkasbitung Kab. Lebak Prov. Banten,Kab. Lebak,,Banten
69967200,SMA NEGERI 2 TAYAN HULU,https://sekolah.data.kemdikbud.go.id/index.php/Chome/profil/5ED1594A-98AD-4F26-9BCB-909CEB390B3F,Jalan Raya Sosok-Ngabang Peruan Dalam Kec. Tayan Hulu Kab. Sanggau Prov. Kalimantan Barat,Kab. Sanggau,,Kalimantan Barat
20210780,SMAN 1 SARIWANGI,https://sekolah.data.kemdikbud.go.id/index.php/Chome/profil/9D0FE833-0133-4CEC-A9B4-90A065A3A57F,Jl. Sukajadi Desa Sukamulih Sukamulih Kec. Sariwangi Kab. Tasikmalaya Prov. Jawa Barat,Kab. Tasikmalaya,,Jawa Barat
10402059,SMAS KARYA PENGALIHAN,https://sekolah.data.kemdikbud.go.id/index.php/Chome/profil/5A572492-2BA6-4C25-8198-90A3F1E1E613,JL. LINTAS SAMUDERA PENGALIHAN KEC. KERI... Pengalihan Kec. Keritang Kab. Indragiri Hilir Prov. Riau,Kab. Indragiri Hilir,,Riau
30202752,SMAN 1 KATINGAN HULU,https://sekolah.data.kemdikbud.go.id/index.php/Chome/profil/C7CF5315-CF03-4353-8510-90A428B2AB7D,JL.HASANUDIN NO.25 Tumbang Sanamang Kec. Katingan Hulu Kab. Katingan Prov. Kalimantan Tengah,Kab. Katingan,,Kalimantan Tengah
69861086,SMA NURUSSHIBYAN,https://sekolah.data.kemdikbud.go.id/index.php/Chome/profil/8A84229A-5476-47E0-A72E-90A4CB551548,Jln. Santri Sekip Lama Kec. Singkawang Tengah Kota Singkawang Prov. Kalimantan Barat,,Kota Singkawang,Kalimantan Barat
10208714,SMAN 1 PARANGINAN,https://sekolah.data.kemdikbud.go.id/index.php/Chome/profil/D0B496D9-6B81-4632-93CA-90AEE4ABDF29,DESA PARANGINAN UTARA Paranginan Utara Kec. Paranginan Kab. Humbang Hasundutan Prov. Sumatera Utara,Kab. Humbang Hasundutan,,Sumatera Utara
10307602,SMAN 3 LENGAYANG,https://sekolah.data.kemdikbud.go.id/index.php/Chome/profil/F4CDDEB1-4005-4E4F-BA98-90B4DEC5DE6A,JL. KOTO BARU Kambang Kec. Lengayang Kab. Pesisir Selatan Prov. Sumatera Barat,Kab. Pesisir Selatan,,Sumatera Barat
69945961,SMA ENGLISH LEARNING AREA (ELA),https://sekolah.data.kemdikbud.go.id/index.php/Chome/profil/1C4370F9-4FBF-41C7-9AB6-90B8A8EACBD1,Parit Pak Sela Retok Kec. Kuala Mandor B Kab. Kubu Raya Prov. Kalimantan Barat,Kab. Kubu Raya,,Kalimantan Barat
20306807,SMA NEGERI 1 WONOSOBO,https://sekolah.data.kemdikbud.go.id/index.php/Chome/profil/276A9170-661A-4CB8-9FC3-90BA10861760,JL. JOGONEGORO KM. 2 Jaraksari Kec. Wonosobo Kab. Wonosobo Prov. Jawa Tengah,Kab. Wonosobo,,Jawa Tengah
10103103,SMAN 1 LAWE ALAS,https://sekolah.data.kemdikbud.go.id/index.php/Chome/profil/2B37AA40-4874-4387-A1D0-90BBC2ED9148,JL. CINGKAM MERANGGUN Cingkam Meranggun Kec. Lawe Alas Kab. Aceh Tenggara Prov. Aceh,Kab. Aceh Tenggara,,Aceh
10901409,SMAN 1 AIRGEGAS,https://sekolah.data.kemdikbud.go.id/index.php/Chome/profil/05BE0BC8-1588-403F-A9FE-90C23FD9B95A,JL. SMA Air Gegas Airgegas Airgegas Kab. Bangka Selatan Prov. Kepulauan Bangka Belitung,Kab. Bangka Selatan,,Kepulauan Bangka Belitung
69947991,SMAIT ASSALAM,https://sekolah.data.kemdikbud.go.id/index.php/Chome/profil/13BD43C9-6E88-4E2F-A047-90C24F4F6E6E,Jalan Paras Rejo RT 01/ RW 01 Paras Rejo Kec. Pohjentrek Kab. Pasuruan Prov. Jawa Timur,Kab. Pasuruan,,Jawa Timur
40304260,SMAN 1 BULUKUMBA,https://sekolah.data.kemdikbud.go.id/index.php/Chome/profil/07BD2222-EADA-42F5-9C4C-90C55B501862,JL. BUNG TOMO NO. 28 Terang-Terang Kec. Ujung Bulu Kab. Bulukumba Prov. Sulawesi Selatan,Kab. Bulukumba,,Sulawesi Selatan
