kode,nama,link_profil,alamat,kabupaten,kota,provinsi
30305425,SMAN 1 AWAYAN,https://sekolah.data.kemdikbud.go.id/index.php/Chome/profil/007BFA68-6154-43C6-AE45-9EC93A402E1D,JL. TUNDAKAN NO. 01 KEC. AWAYAN KAB. BAL... Piyait Kec. Awayan Kab. Balangan Prov. Kalimantan Selatan,Kab. Balangan,,Kalimantan Selatan
69900630,SMA ISLAM ANDALUSIA KEBASEN,https://sekolah.data.kemdikbud.go.id/index.php/Chome/profil/F31FDF13-AC56-4D40-82D1-9ED0C9926505,Desa Randegan RT 02 RW 01 Randegan Kec. Kebasen Kab. Banyumas Prov. Jawa Tengah,Kab. Banyumas,,Jawa Tengah
69903526,SMA WIDYA PRATAMA,https://sekolah.data.kemdikbud.go.id/index.php/Chome/profil/A7BF7977-86CC-410E-B575-9ED566A4507B,"JL. ADISUCIPTO Km.9,4 PARIT BARU Kec. Sungai Raya Kab. Kubu Raya Prov. Kalimantan Barat",Kab. Kubu Raya,,Kalimantan Barat
20341094,SMA NEGERI 1 WATUMALANG,https://sekolah.data.kemdikbud.go.id/index.php/Chome/profil/C76DE5AD-5581-4E28-96A7-9EDFF9E11428,DESA KURIPAN WATUMALANG Kuripan Kec. Watumalang Kab. Wonosobo Prov. Jawa Tengah,Kab. Wonosobo,,Jawa Tengah
69901284,SMA ISLAM TERPADU AL HUDA WONOGIRI,https://sekolah.data.kemdikbud.go.id/index.php/Chome/profil/884FB2B1-8301-4BF5-BF0D-9EE11A26ED7A,"Jl. Wonogiri - Ngadirojo, KM 3 Bulusulur... Bulusulur Kec. Wonogiri Kab. Wonogiri Prov. Jawa Tengah",Kab. Wonogiri,,Jawa Tengah
50307288,SMAS KRISTEN MANEKTO KUATNANA,https://sekolah.data.kemdikbud.go.id/index.php/Chome/profil/E4945EDA-6C1B-423A-926E-9EE16C2B02CA,JLN. SOSIAL Tetaf Kec. Kuatnana Kab. Timor Tengah Selatan Prov. Nusa Tenggara Timur,Kab. Timor Tengah Selatan,,Nusa Tenggara Timur
40401535,SMAN 1 POMALAA,https://sekolah.data.kemdikbud.go.id/index.php/Chome/profil/3C2BD3CC-3DDD-438A-BC3F-9EE33709E84F,JL. SALAK NO. 2 POMALAA Kumoro Kec. Pomalaa Kab. Kolaka Prov. Sulawesi Tenggara,Kab. Kolaka,,Sulawesi Tenggara
69762629,SMAN 1 BUNGURAN TENGAH,https://sekolah.data.kemdikbud.go.id/index.php/Chome/profil/BE98B884-FC08-4B3E-B068-9EE6311C3924,JL. PELAJAR NO.2 Harapan Jaya Kec. Bunguran Tengah Kab. Natuna Prov. Kepulauan Riau,Kab. Natuna,,Kepulauan Riau
70040223,SMA IT NURUL WASILAH,https://sekolah.data.kemdikbud.go.id/index.php/Chome/profil/4B4AB3C3-B287-4975-A9B3-9EECEC2C9E18,Kp. Kebon Kapas RT.02 RW.17 Waluya Kec. Cicalengka Kab. Bandung Prov. Jawa Barat,Kab. Bandung,,Jawa Barat
10502388,SMAN 8 KERINCI,https://sekolah.data.kemdikbud.go.id/index.php/Chome/profil/35A748B3-E681-4774-B583-9EED2D618E79,PULAU SANGKAR Dusun Baru Pulau Sangkar Kec. Batang Merangin Kab.  Kerinci Prov. Jambi,Kab.  Kerinci,,Jambi
70039700,SMA PASAK EMAS NUSANTARA,https://sekolah.data.kemdikbud.go.id/index.php/Chome/profil/3FB614DE-39DB-4F07-BC1D-9EEE3F536397,Jl. Raya Dusun Pasak Siji Kateng Kec. Praya Barat Kab. Lombok Tengah Prov. Nusa Tenggara Barat,Kab. Lombok Tengah,,Nusa Tenggara Barat
40300284,SMA - IT TIGO PUTERA,https://sekolah.data.kemdikbud.go.id/index.php/Chome/profil/E76019EA-AC4D-457C-A212-9EF05B83A024,JL. DUSUN TANGKURU Bonto Marannu Kec. Lau Kab. Maros Prov. Sulawesi Selatan,Kab. Maros,,Sulawesi Selatan
60404141,SMA NEGERI 12 RAJA AMPAT,https://sekolah.data.kemdikbud.go.id/index.php/Chome/profil/443A389B-3276-4DD9-BAFB-9EF12F9A2191,KAMPUNG FOLLEY Folley Kec. Misool Timur Kab. Raja Ampat Prov. Papua Barat Daya,Kab. Raja Ampat,,Papua Barat Daya
40304254,SMAN 8 BULUKUMBA,https://sekolah.data.kemdikbud.go.id/index.php/Chome/profil/D75E9261-0951-410D-9A6F-9EF40A72E434,JL. KH. MUKHTAR LUTFI NO. 32 BULUKUMBA Caile Kec. Ujung Bulu Kab. Bulukumba Prov. Sulawesi Selatan,Kab. Bulukumba,,Sulawesi Selatan
50202415,SMAN 1 JEROWARU,https://sekolah.data.kemdikbud.go.id/index.php/Chome/profil/D1339CAE-DDBD-4092-BF3D-9EFBB8F2BDBE,JLN. RAYA TANGUN - KERUAK Sukaraja Kec. Jerowaru Kab. Lombok Timur Prov. Nusa Tenggara Barat,Kab. Lombok Timur,,Nusa Tenggara Barat
40305081,SMAN  6 PINRANG,https://sekolah.data.kemdikbud.go.id/index.php/Chome/profil/CF81826F-D7D4-494F-8EAA-9F00B68E0CDD,JL. RAPPANG KM. 7 TIROANG Tiroang Kec. Tiroang Kab. Pinrang Prov. Sulawesi Selatan,Kab. Pinrang,,Sulawesi Selatan
50205411,SMAS DARUNNADWAH,https://sekolah.data.kemdikbud.go.id/index.php/Chome/profil/1866C4B1-D73A-492E-9351-9F04606122B1,JL. TGH. IHSAN ISMAIL MESANGGOK Kec. Gerung Kab. Lombok Barat Prov. Nusa Tenggara Barat,Kab. Lombok Barat,,Nusa Tenggara Barat
30400575,SMAN 1 LINGGANG BIGUNG,https://sekolah.data.kemdikbud.go.id/index.php/Chome/profil/A2D39302-F154-44BD-A040-9F050BC2A1D0,JL. AHMAD YANI RT 07 LINGGANG BIGUNG Kec. Linggang Bigung Kab. Kutai Barat Prov. Kalimantan Timur,Kab. Kutai Barat,,Kalimantan Timur
60101465,SMA Negeri 4 Kepulauan Tanimbar,https://sekolah.data.kemdikbud.go.id/index.php/Chome/profil/6CC1E8D8-93AD-43FE-B190-9F0687DD860A,JL. TRANS  YAMDENA - LORULUN Lorulun Kec. Wer Tamrian Kab. Kepulauan Tanimbar Prov. Maluku,Kab. Kepulauan Tanimbar,,Maluku
70049099,SMA NEGERI 4 KUBU,https://sekolah.data.kemdikbud.go.id/index.php/Chome/profil/25495614-F34D-4966-A12D-9F07D2679140,"Dusun Sidodadi, RT.003/RW.002 Teluk Nangka Kec. Kubu Kab. Kubu Raya Prov. Kalimantan Barat",Kab. Kubu Raya,,Kalimantan Barat
20271985,SMAS AL JIHAD,https://sekolah.data.kemdikbud.go.id/index.php/Chome/profil/674B8DD3-C5EC-464E-B34F-9F081562356C,JL. Desa Gunung Mulya GUNUNG MULYA Kec. Tenjolaya Kab. Bogor Prov. Jawa Barat,Kab. Bogor,,Jawa Barat
70040016,SMAN 1 PURING KENCANA,https://sekolah.data.kemdikbud.go.id/index.php/Chome/profil/9275860C-112E-43DD-8F1E-9F0FF041D042,JL. SUNGAI ANGKUNG Sungai Antu Kec. Puring Kencana Kab. Kapuas Hulu Prov. Kalimantan Barat,Kab. Kapuas Hulu,,Kalimantan Barat
10901104,SMAN 1 PANGKAL PINANG,https://sekolah.data.kemdikbud.go.id/index.php/Chome/profil/4920FE67-E4AF-40B5-BD0D-9F11A6B6B4AC,JL. USMAN AMBON Kel. Kejaksaan Kec. Taman Sari Kota Pangkal Pinang Prov. Kepulauan Bangka Belitung,,Kota Pangkal Pinang,Kepulauan Bangka Belitung
10202774,SMA NEGERI 1 SIDAMANIK,https://sekolah.data.kemdikbud.go.id/index.php/Chome/profil/6BD7A99F-E9A5-4F5A-8F2A-9F1345EAC204,JL. BESAR SIDAMANIK Sarimatondang Kec. Sidamanik Kab. Simalungun Prov. Sumatera Utara,Kab. Simalungun,,Sumatera Utara
20403180,SMAN 5 YOGYAKARTA,https://sekolah.data.kemdikbud.go.id/index.php/Chome/profil/B533D6E0-31CB-42D3-AF64-9F1F20DABD31,Jl. Nyi Pembayun No. 39 Yogyakarta Prenggan Kec. Kotagede Kota Yogyakarta Prov. D.I. Yogyakarta,,Kota Yogyakarta,D.I. Yogyakarta
70047497,SMA Swasta Bina Kasih Nusantara,https://sekolah.data.kemdikbud.go.id/index.php/Chome/profil/008EAC89-3548-4788-9C7F-9F251CACFB1F,Jl. Bunga Ncole No. 100 Kemenangan Tani Kec. Medan Tuntungan Kota Medan Prov. Sumatera Utara,,Kota Medan,Sumatera Utara
60205559,SMAN 6 HALMAHERA TIMUR,https://sekolah.data.kemdikbud.go.id/index.php/Chome/profil/A7ECA2F5-F60B-4D8E-858F-9F29C51BB724,Jl. Jati Bokimaake Bokimaake Kec. Wasile Tengah Kab. Halmahera Timur Prov. Maluku Utara,Kab. Halmahera Timur,,Maluku Utara
69968826,SMAN 1 MUARA SUNGKAI,https://sekolah.data.kemdikbud.go.id/index.php/Chome/profil/B13E88EF-05BC-4926-816A-9F31BFD201FA,Jl. Raya Negeri Ratu No.10 Negeri Ratu Kec. Muara Sungkai Kab. Lampung Utara Prov. Lampung,Kab. Lampung Utara,,Lampung
69760850,UPTD SMAN 4 POLEWALI,https://sekolah.data.kemdikbud.go.id/index.php/Chome/profil/BA45E7D6-A31E-470F-9C99-9F36B9D0E103,Jl. Pameran Pembangunan Darma Kec. Polewali Kab. Polewali Mandar Prov. Sulawesi Barat,Kab. Polewali Mandar,,Sulawesi Barat
20321836,SMA NEGERI 1 SINGOROJO,https://sekolah.data.kemdikbud.go.id/index.php/Chome/profil/AB5796BB-ED2F-46DF-962A-9F3A1BADB878,Jl. Raya Boja Singorojo Desa Kedungsari ... Kedungsari Kec. Singorojo Kab. Kendal Prov. Jawa Tengah,Kab. Kendal,,Jawa Tengah
10644909,SMAS KARYA 45 BANGUN REJO,https://sekolah.data.kemdikbud.go.id/index.php/Chome/profil/F7D11AC0-4FB0-4525-BA4A-9F4A19DEA2ED,JL. VETERAN DESA BANGUN REJO Bangun Rejo Kec. Suka Karya Kab. Musi Rawas Prov. Sumatera Selatan,Kab. Musi Rawas,,Sumatera Selatan
30202088,SMAN 1 MALIKU,https://sekolah.data.kemdikbud.go.id/index.php/Chome/profil/052CDD01-3411-4F51-9ED2-9F55DF9B1885,JL. POROS PANGKOH VI MALIKU Garantung Kec. Maliku Kab. Pulang Pisau Prov. Kalimantan Tengah,Kab. Pulang Pisau,,Kalimantan Tengah
10501831,SMAN 6 TANJUNG JABUNG  BARAT,https://sekolah.data.kemdikbud.go.id/index.php/Chome/profil/41CE565D-721E-4816-9FD8-9F586CF56984,PARIT TOMO Mekar Jaya Kec. Betara Kab. Tanjung Jabung Barat Prov. Jambi,Kab. Tanjung Jabung Barat,,Jambi
40316257,SMAN 13 TANA TORAJA,https://sekolah.data.kemdikbud.go.id/index.php/Chome/profil/84035997-B218-44E2-90F4-9F5BAA42147E,JL. Pendidikan No. 01 Puangbembe Lembang Puang Bembe Mesakada Kec. Simbuang Kab. Tana Toraja Prov. Sulawesi Selatan,Kab. Tana Toraja,,Sulawesi Selatan
70035073,SMA ISLAM AL AZHAR 28 IIBS KARANGANYAR,https://sekolah.data.kemdikbud.go.id/index.php/Chome/profil/1C87D18B-25FA-4690-9E84-9F5E9E9021FB,Jl. Raya Solo - Tawangmangu RT 02 RW 03 ... Salam Kec. Karangpandan Kab. Karanganyar Prov. Jawa Tengah,Kab. Karanganyar,,Jawa Tengah
50204735,SMAS SINAR JAYA,https://sekolah.data.kemdikbud.go.id/index.php/Chome/profil/1CBA2ADC-DC55-4BF3-8DAC-9F65DBE90F4C,JL. W. MONGINSIDI Sarae Kec. RasanaE Barat Kota Bima Prov. Nusa Tenggara Barat,,Kota Bima,Nusa Tenggara Barat
69757502,UPTD SMAN 2 BUNTU MALANGKA,https://sekolah.data.kemdikbud.go.id/index.php/Chome/profil/D8833DC3-AD9E-4BB3-B742-9F678CAE7BC6,SODANGAN Buntu Malangka Kec. Buntumalangka Kab. Mamasa Prov. Sulawesi Barat,Kab. Mamasa,,Sulawesi Barat
20500660,SMAS AL FURQON,https://sekolah.data.kemdikbud.go.id/index.php/Chome/profil/6D847DDB-E19B-4D71-A66D-9F6F4BC3049A,WEDOROANOM DRIYOREJO Wedoroanom Kec. Driyorejo Kab. Gresik Prov. Jawa Timur,Kab. Gresik,,Jawa Timur
10101183,SMA NEGERI 1 NISAM,https://sekolah.data.kemdikbud.go.id/index.php/Chome/profil/ECD71030-4FDA-4CB1-B04F-9F794EC763AE,JL. COT MAMBONG KM 8 KEUDE.AMPLAH Mns Meucat Kec. Nisam Kab. Aceh Utara Prov. Aceh,Kab. Aceh Utara,,Aceh
20566155,SMAS ISLAM ALHIDAYAH,https://sekolah.data.kemdikbud.go.id/index.php/Chome/profil/15F4C7D5-1CE6-4E9C-A535-9F7EA04AAEB2,JL. UDANG WINDU NO. 67 Mangli Kec. Kaliwates Kab. Jember Prov. Jawa Timur,Kab. Jember,,Jawa Timur
30200734,SMAS ADVENT TAMPARAK LAYUNG,https://sekolah.data.kemdikbud.go.id/index.php/Chome/profil/8AD60EAC-A016-4644-A89C-9F866A73625F,JL. AMPAH-MUARA TEWEH Tamparak Layung Kec. Dusun Utara Kab. Barito Selatan Prov. Kalimantan Tengah,Kab. Barito Selatan,,Kalimantan Tengah
40501680,SMAN 1 BOTUMOITO,https://sekolah.data.kemdikbud.go.id/index.php/Chome/profil/E1DB0285-E677-4931-94D1-9F927314C47E,JL. SMA Tutulo Kec. Botumoito Kab. Boalemo Prov. Gorontalo,Kab. Boalemo,,Gorontalo
70049979,SMA NEGERI 2 BINTUNI,https://sekolah.data.kemdikbud.go.id/index.php/Chome/profil/54879739-F890-40F1-9195-9F93D3555796,jl. Raya Bintuni - Kampung Idut Banjar Ausoy Kec. Manimeri Kab. Teluk Bintuni Prov. Papua Barat,Kab. Teluk Bintuni,,Papua Barat
60300928,SMAN 1 SARMI,https://sekolah.data.kemdikbud.go.id/index.php/Chome/profil/C2FB791C-882B-4AE0-A104-9F946BF46396,Jl. Inpres Mararena Mararena Kec. Sarmi Kab. Sarmi Prov. Papua,Kab. Sarmi,,Papua
69972352,SMA TARUNA BANGSA,https://sekolah.data.kemdikbud.go.id/index.php/Chome/profil/C290AF88-0B9A-4F39-97B6-9F977607222D,JL. Raya Babakan Madang No. 101 Sentul Babakan Madang Kec. Babakan Madang Kab. Bogor Prov. Jawa Barat,Kab. Bogor,,Jawa Barat
30104457,SMAS MANIAMAS NGABANG,https://sekolah.data.kemdikbud.go.id/index.php/Chome/profil/BFAD9B6D-90CA-426A-8250-9F9B4948D9E8,JL.KARYA NGABANG Hilir Kantor Kec. Ngabang Kab. Landak Prov. Kalimantan Barat,Kab. Landak,,Kalimantan Barat
70027727,SMA ISLAM TERPADU (SMA-IT) IBNU KHALDUN,https://sekolah.data.kemdikbud.go.id/index.php/Chome/profil/B02A5F6F-3982-4D1D-8E7D-9F9BBC71DD57,"JALAN TERNATE, GANG EVEDEKAI, KELURAHAN ... Seringgu Jaya Kec. Merauke Kab. Merauke Prov. Papua Selatan",Kab. Merauke,,Papua Selatan
69903983,SMA LIFE SKILLS KESUMA BANGSA,https://sekolah.data.kemdikbud.go.id/index.php/Chome/profil/C3C9C01D-6331-40D3-9358-9F9DBE435FED,Kecamatan Natar Kabupaten Lampung Selata... Tanjungsari Kec. Natar Kab. Lampung Selatan Prov. Lampung,Kab. Lampung Selatan,,Lampung
70046541,SMA PONDOK SCHOOLING DARUL ILMI,https://sekolah.data.kemdikbud.go.id/index.php/Chome/profil/5552307E-C40A-443B-8EDA-9FA34DC6BAA7,Jl. Kp. Cijambe Komplek Baitul Mansyurin... Cinunuk Kec. Cileunyi Kab. Bandung Prov. Jawa Barat,Kab. Bandung,,Jawa Barat
30403011,SMA Katolik Santo Fransiskus Assisi,https://sekolah.data.kemdikbud.go.id/index.php/Chome/profil/A1DAF140-FF68-450A-9D02-9FA5B724DC6B,Jalan Belatuk No. 23 RT. 18 Temindung Permai Kec. Sungai Pinang Kota Samarinda Prov. Kalimantan Timur,,Kota Samarinda,Kalimantan Timur
69954817,SMA AL-ISHLAH,https://sekolah.data.kemdikbud.go.id/index.php/Chome/profil/27FA0A05-42CF-408C-9A46-9FAD505A722F,KP.KEBON CAU RT.02/01 Mekar Kondang Kec. Sukadiri Kab. Tangerang Prov. Banten,Kab. Tangerang,,Banten
20522655,SMAN 1 ASEMBAGUS,https://sekolah.data.kemdikbud.go.id/index.php/Chome/profil/4D8F8363-4A51-4B98-BB2F-9FAFC72531B0,JL. AWAR - AWAR NO. 999 Awar-Awar Kec. Asembagus Kab. Situbondo Prov. Jawa Timur,Kab. Situbondo,,Jawa Timur
20331978,SMAN 2 MAGELANG,https://sekolah.data.kemdikbud.go.id/index.php/Chome/profil/146EAD11-F478-4002-B872-9FB4884A59C7,JL. JEND. URIP SUMOHARJO Wates Kec. Magelang Utara Kota Magelang Prov. Jawa Tengah,,Kota Magelang,Jawa Tengah
69734160,SMAN 7 KOTA SERANG,https://sekolah.data.kemdikbud.go.id/index.php/Chome/profil/11DE1AEB-0F05-4605-AD6A-9FB848980888,KP LIMPAR RT 001/006 Curug Kec. Curug Kota Serang Prov. Banten,,Kota Serang,Banten
20103204,SMAS DIPONEGORO 2 JAKARTA,https://sekolah.data.kemdikbud.go.id/index.php/Chome/profil/FC9CEF13-EB00-490C-A8C0-9FBC23562FF9,JL. KAYU TINGGI CAKUNG Cakung Timur Kec. Cakung Kota Adm. Jakarta Timur Prov. D.K.I. Jakarta,,Kota Adm. Jakarta Timur,D.K.I. Jakarta
10303445,SMAS PERTIWI 1,https://sekolah.data.kemdikbud.go.id/index.php/Chome/profil/3040886D-543C-4436-9C8C-9FC1287370E6,JL. CENDRAWASIH NO. 7 Air Tawar Barat Kec. Padang Utara Kota Padang Prov. Sumatera Barat,,Kota Padang,Sumatera Barat
20517841,SMA KRISTEN YBPK SITIARJO,https://sekolah.data.kemdikbud.go.id/index.php/Chome/profil/39F87B08-9C36-4C3A-B672-9FC57FBF6B0D,JL. RAYA SITIARJO Sitiarjo Kec. Sumber Manjing Wetan Kab. Malang Prov. Jawa Timur,Kab. Malang,,Jawa Timur
69755973,SMAS SANUR KAPASA,https://sekolah.data.kemdikbud.go.id/index.php/Chome/profil/DBB7EC72-FF04-4B72-8F14-9FC6FF46CF73,Jl. Pendidikan Kapasa Dusun Bontoloe Kassi Kec. Rumbia Kab. Jeneponto Prov. Sulawesi Selatan,Kab. Jeneponto,,Sulawesi Selatan
69725965,SMAS ISLAM MIFTAHUL ULUM OPO OPO,https://sekolah.data.kemdikbud.go.id/index.php/Chome/profil/0656563B-BB36-4CF0-9F2E-9FC765287E78,JL. PP. MIFTAHUL ULUM DESA OPO-OPO KREJE... Opo - Opo Kec. Krejengan Kab. Probolinggo Prov. Jawa Timur,Kab. Probolinggo,,Jawa Timur
20107313,SMA LABSCHOOL KEBAYORAN,https://sekolah.data.kemdikbud.go.id/index.php/Chome/profil/693ABA2B-4133-4ABA-A7FF-9FCB33098608,JL. KH. AHMAD DAHLAN NO. 14 Telp. 021 73... Kramat Pela Kec. Kebayoran Baru Kota Adm. Jakarta Selatan Prov. D.K.I. Jakarta,,Kota Adm. Jakarta Selatan,D.K.I. Jakarta
70038576,SMA Negeri 28 Seram Bagian Barat,https://sekolah.data.kemdikbud.go.id/index.php/Chome/profil/693F7281-9812-43A5-B317-9FCE2511A0D0,Jl. Pendidikan Dusun Tapinalu Desa Luhu Kec. Huamual Kab. Seram Bagian Barat Prov. Maluku,Kab. Seram Bagian Barat,,Maluku
50202504,SMAN 1 SIKUR,https://sekolah.data.kemdikbud.go.id/index.php/Chome/profil/8A3F5C52-D8DF-4D87-926B-9FD15D095C95,GERAMI GELORA Kec. Sikur Kab. Lombok Timur Prov. Nusa Tenggara Barat,Kab. Lombok Timur,,Nusa Tenggara Barat
20401132,SMAN 2 NGAGLIK,https://sekolah.data.kemdikbud.go.id/index.php/Chome/profil/91F118B7-8636-4A69-A631-9FD1C8ECCDED,Jl. Besi - Jangkang Km 2 Sukoharjo Kec. Ngaglik Kab. Sleman Prov. D.I. Yogyakarta,Kab. Sleman,,D.I. Yogyakarta
70033847,SMA IT AL-LAUZAH,https://sekolah.data.kemdikbud.go.id/index.php/Chome/profil/E6D28422-FADB-4D70-916C-9FD28E01C610,Jl. Palapa Raya RT.03 RW.18 Parung Beuny... Sarua Kec. Ciputat Kota Tangerang Selatan Prov. Banten,,Kota Tangerang Selatan,Banten
10809509,SMAS LKMD A TIMUR,https://sekolah.data.kemdikbud.go.id/index.php/Chome/profil/088C71F8-6A57-43EB-B4D4-9FD809832891,JL. JEND. A. YANI NO. 100 SIDOMUKTI Kec. Abung Timur Kab. Lampung Utara Prov. Lampung,Kab. Lampung Utara,,Lampung
20532246,SMAN 13 SURABAYA,https://sekolah.data.kemdikbud.go.id/index.php/Chome/profil/1F302BEC-2333-4263-B129-9FDAFF442443,JL. LIDAH KULON LAKARSANTRI Lidah Kulon Kec. Lakarsantri Kota Surabaya Prov. Jawa Timur,,Kota Surabaya,Jawa Timur
10110488,SMA NEGERI 1 SAMPOINIET,https://sekolah.data.kemdikbud.go.id/index.php/Chome/profil/CDF75A28-169C-484B-968D-9FE0DFD4C178,JL. TEUKU UMAR DESA LHOK KRUET Lhok Kruet Kec. Sampoiniet Kab. Aceh Jaya Prov. Aceh,Kab. Aceh Jaya,,Aceh
69765018,SMAN 1 TATAPAAN,https://sekolah.data.kemdikbud.go.id/index.php/Chome/profil/E66B70B3-8851-44E0-B8C2-9FE13A2B6323,RAP-RAP RAP-RAP Kec. Tatapan Kab. Minahasa Selatan Prov. Sulawesi Utara,Kab. Minahasa Selatan,,Sulawesi Utara
20215985,SMAS YAPIN KERTASEMAYA,https://sekolah.data.kemdikbud.go.id/index.php/Chome/profil/A01C77FD-D453-4A6E-A633-9FE245FB8C7D,JL. RAYA TULUNGAGUNG NO 76 Tulungagung Kec. Kertasemaya Kab. Indramayu Prov. Jawa Barat,Kab. Indramayu,,Jawa Barat
10208457,SMA SWASTA BINTANG TIMUR 1 BALIGE,https://sekolah.data.kemdikbud.go.id/index.php/Chome/profil/3D25D7F7-54C1-4686-BE1F-9FE350C0C3F3,JL. PASTOR SYBRANDUS VAN ROSSUM Sangkar Nihuta Kec. Balige Kab. Toba Prov. Sumatera Utara,Kab. Toba,,Sumatera Utara
70029938,SMA ISLAM TERPADU ULIL ALBAB,https://sekolah.data.kemdikbud.go.id/index.php/Chome/profil/4725AD8A-07D0-45A2-B6CF-9FE35A3B0AFC,"Jalan Bossih Raya, RT. 05 RW. 02 Wanasari Kec. Cibitung Kab. Bekasi Prov. Jawa Barat",Kab. Bekasi,,Jawa Barat
40306916,SMAN 5 LUWU UTARA,https://sekolah.data.kemdikbud.go.id/index.php/Chome/profil/364792DE-D600-4CBB-8D39-9FEBE40C560A,JL PENDIDIKAN KELURAHAN MAROBO  KECAMATA... Marobo Kec. Sabbang Kab. Luwu Utara Prov. Sulawesi Selatan,Kab. Luwu Utara,,Sulawesi Selatan
70031615,SMA NEGERI 4 NGABANG,https://sekolah.data.kemdikbud.go.id/index.php/Chome/profil/BE4177A0-926F-4D6D-A3BB-9FEF64D9A0F1,JL. ABDULKAHAR Munggu Kec. Ngabang Kab. Landak Prov. Kalimantan Barat,Kab. Landak,,Kalimantan Barat
10100179,SMA NEGERI 1 PULO ACEH,https://sekolah.data.kemdikbud.go.id/index.php/Chome/profil/D867249E-41EB-4C94-A630-9FF17437D069,JL. RAJA KANDANG Alue Riyeung Kec. Pulo Aceh Kab. Aceh Besar Prov. Aceh,Kab. Aceh Besar,,Aceh
30204467,SMA NEGERI  3 DUSUN UTARA,https://sekolah.data.kemdikbud.go.id/index.php/Chome/profil/492D912A-FACA-46D7-BC03-9FF1D0BF222E,JL. PT SINDO LUMBER Bundar Kec. Dusun Utara Kab. Barito Selatan Prov. Kalimantan Tengah,Kab. Barito Selatan,,Kalimantan Tengah
20214992,SMAN 1 PABEDILAN,https://sekolah.data.kemdikbud.go.id/index.php/Chome/profil/8E5B648F-11CB-4545-AB54-9FF2C17C3459,JL. MAYJEND SUTOYO NO. 1 Silihasih Kec. Pabedilan Kab. Cirebon Prov. Jawa Barat,Kab. Cirebon,,Jawa Barat
20541227,SMAS MUHAMMADIYAH 7 KEPOHBARU,https://sekolah.data.kemdikbud.go.id/index.php/Chome/profil/DBF29E3A-4E98-4E86-BE66-9FFCFA9325DE,JL. RAYA 640 SIDOMUKTI Sidomukti Kec. Kepohbaru Kab. Bojonegoro Prov. Jawa Timur,Kab. Bojonegoro,,Jawa Timur
30400217,SMA NEGERI 1 MUARA MUNTAI,https://sekolah.data.kemdikbud.go.id/index.php/Chome/profil/D08DD0F3-C246-46F7-BC5C-A00AEBABA391,JL. DR. FL TOBING RT 03 NO.53 Muara Muntai Ilir Kec. Muara Muntai Kab. Kutai Kartanegara Prov. Kalimantan Timur,Kab. Kutai Kartanegara,,Kalimantan Timur
69824839,SMA NEGERI 1 SAGULING,https://sekolah.data.kemdikbud.go.id/index.php/Chome/profil/648E3AAF-4D24-401F-87D5-A01293A51629,Jl. Jalupang Kidul GIRIMUKTI Kec. Saguling Kab. Bandung Barat Prov. Jawa Barat,Kab. Bandung Barat,,Jawa Barat
69786406,SMAS KRISTEN BALA KESELAMATAN,https://sekolah.data.kemdikbud.go.id/index.php/Chome/profil/546FB7DA-3748-4BF0-8A28-A0155D978889,Jl. Pendidikan RT. III No. 38 Muara Mujan Kec. Tering Kab. Kutai Barat Prov. Kalimantan Timur,Kab. Kutai Barat,,Kalimantan Timur
10108101,SMA NEGERI 1 PAYA BAKONG,https://sekolah.data.kemdikbud.go.id/index.php/Chome/profil/B098ACEC-AEE5-4722-85E4-A015EB2710D7,JL. KEBUN PIRAK DESA BLANG GUNCI Blang Gunci Kec. Paya Bakong Kab. Aceh Utara Prov. Aceh,Kab. Aceh Utara,,Aceh
40102023,SMAS KRISTEN RATATOTOK,https://sekolah.data.kemdikbud.go.id/index.php/Chome/profil/943388C6-0A35-4193-A277-A01FF74A0A5D,JL. J. W. LASUT Ratatotok Dua Kec. Ratatotok Kab. Minahasa Tenggara Prov. Sulawesi Utara,Kab. Minahasa Tenggara,,Sulawesi Utara
30405878,SMAN 1 BUSANG,https://sekolah.data.kemdikbud.go.id/index.php/Chome/profil/CF0EB5D8-8ABA-4AB2-B172-A022245F6BD3,Jl. Apau Belawing Long Lees Kec. Busang Kab. Kutai Timur Prov. Kalimantan Timur,Kab. Kutai Timur,,Kalimantan Timur
70003426,SMA ISLAM AL BAYYINAH,https://sekolah.data.kemdikbud.go.id/index.php/Chome/profil/4F3ABAB5-BCF8-493A-A033-A02631EDC39F,Jln. AP Pettarani II A4 Karampuang Kec. Panakukkang Kota Makassar Prov. Sulawesi Selatan,,Kota Makassar,Sulawesi Selatan
20523835,SMAN BALUNG,https://sekolah.data.kemdikbud.go.id/index.php/Chome/profil/84339CDB-95B4-4B45-A1FA-A02D7B1169AA,Jl. PB. Sudirman No. 126 Balung Kulon Kec. Balung Kab. Jember Prov. Jawa Timur,Kab. Jember,,Jawa Timur
69833165,UPTD SMA NEGERI 2 PASANGKAYU,https://sekolah.data.kemdikbud.go.id/index.php/Chome/profil/6128F40C-8D59-4000-B8E1-A03290A86BEE,JL. Jendral Ahmad Yani Kab. Pasangkayu Pasangkayu Kec. Pasangkayu Kab. Pasangkayu Prov. Sulawesi Barat,Kab. Pasangkayu,,Sulawesi Barat
20300629,SMA NASIONAL SIDAREJA,https://sekolah.data.kemdikbud.go.id/index.php/Chome/profil/28C449E9-4880-4FE9-92C3-A042A126DD25,JL. JEND. SUDIRMAN NO. 30 Sidareja Kec. Sidareja Kab. Cilacap Prov. Jawa Tengah,Kab. Cilacap,,Jawa Tengah
69959262,SMA IT AL-FATH PAYAKUMBUH,https://sekolah.data.kemdikbud.go.id/index.php/Chome/profil/C85FACDE-C3C5-4931-A105-A047368EEB48,Jl. Kantor Lurah Balai Nan duo Padang Tangah Kec. Payakumbuh Barat Kota Payakumbuh Prov. Sumatera Barat,,Kota Payakumbuh,Sumatera Barat
40313197,SMAS NAHDIYAT MAKASSAR,https://sekolah.data.kemdikbud.go.id/index.php/Chome/profil/281F3BD3-17AF-4EDD-9227-A049EF57DC5B,JL. RAPPOCINI RAYA LR. 9 D NO.16 Buakana Kec. Rappocini Kota Makassar Prov. Sulawesi Selatan,,Kota Makassar,Sulawesi Selatan
69979164,SMA HARAPAN KASIH,https://sekolah.data.kemdikbud.go.id/index.php/Chome/profil/A19C5C59-B51F-4009-8A94-A0515C2333DC,Jl. Mekar Kencana No. 2A Komplek Mekar W... Mekar Wangi Kec. Bojong Loa Kidul Kota Bandung Prov. Jawa Barat,,Kota Bandung,Jawa Barat
40313185,SMAN 5 ENREKANG,https://sekolah.data.kemdikbud.go.id/index.php/Chome/profil/6F034151-C8B5-459E-B36D-A0538D5ABFAF,Jl. Kemakmuran No. 1 Baraka Baraka Kec. Baraka Kab. Enrekang Prov. Sulawesi Selatan,Kab. Enrekang,,Sulawesi Selatan
10305562,SMAN 1 IV KOTO AUR MALINTANG,https://sekolah.data.kemdikbud.go.id/index.php/Chome/profil/53D7CAA6-4487-4D0E-B67F-A0568E337398,JL. RAYA BATU BASA III KOTO AUR MALINTANG Kec. IV Koto Aur Malintang Kab. Padang Pariaman Prov. Sumatera Barat,Kab. Padang Pariaman,,Sumatera Barat
70012063,SMA SAHABATQU,https://sekolah.data.kemdikbud.go.id/index.php/Chome/profil/118A755C-CC35-4BD5-9219-A056F122A738,Jalan Nusa Indah No. 38 Gandok Condong Catur Kec. Depok Kab. Sleman Prov. D.I. Yogyakarta,Kab. Sleman,,D.I. Yogyakarta
10812424,SMAN BHAKTI MULYA BUNGA MAYANG,https://sekolah.data.kemdikbud.go.id/index.php/Chome/profil/07395742-E3DE-480B-A7A7-A05DA0971FAF,JL. RAYA MAKARTI No. 33 Rt. 09 Rw. 01 Mulyo Rejo Ii Kec. Bunga Mayang Kab. Lampung Utara Prov. Lampung,Kab. Lampung Utara,,Lampung
20532124,SMAS TARUNA SURABAYA,https://sekolah.data.kemdikbud.go.id/index.php/Chome/profil/EE4AB516-5FCB-405D-B8F0-A0623F240177,JL. KALIRUNGKUT MEJOYO I / 2 Kali Rungkut Kec. Rungkut Kota Surabaya Prov. Jawa Timur,,Kota Surabaya,Jawa Timur
10258260,SMA NEGERI 1 LAHUSA,https://sekolah.data.kemdikbud.go.id/index.php/Chome/profil/778CA668-623B-48F3-919A-A063ABD01A67,HILIGAMBUKHA HILIGAMBUKHA Kec. Lahusa Kab. Nias Selatan Prov. Sumatera Utara,Kab. Nias Selatan,,Sumatera Utara
50103667,SMAS JAGADITHA BUGBUG,https://sekolah.data.kemdikbud.go.id/index.php/Chome/profil/AD81284E-0836-455D-8CD5-A06AC0BFA92E,JL. RAYA BUGBUG KARANGASEM Bugbug Kec. Karangasem Kab. Karangasem Prov. Bali,Kab. Karangasem,,Bali
69754593,SMAS NURUL IMAN,https://sekolah.data.kemdikbud.go.id/index.php/Chome/profil/25D5E625-1A34-4552-9D32-A06BCD2F5C3C,DUSUN RANON RANUWURUNG Kec. Gading Kab. Probolinggo Prov. Jawa Timur,Kab. Probolinggo,,Jawa Timur
69873999,SMA KRISTEN PENABUR KOTA WISATA,https://sekolah.data.kemdikbud.go.id/index.php/Chome/profil/C6B300E4-690C-479F-8A05-A06C64EF06F8,JL. TRANSYOGI KM 6 PERUMAHAN KOTA WISATA... Ciangsana Kec. Gunungputri Kab. Bogor Prov. Jawa Barat,Kab. Bogor,,Jawa Barat
20307641,SMA TARUNA NUSANTARA,https://sekolah.data.kemdikbud.go.id/index.php/Chome/profil/6C8A87ED-4C3B-480A-A0E0-A06F4BE39FE2,JL. RAYA MAGELANG PURWOREJO KM 5 Banyurojo Kec. Mertoyudan Kab. Magelang Prov. Jawa Tengah,Kab. Magelang,,Jawa Tengah
69759260,SMAN 2 WAY SERDANG,https://sekolah.data.kemdikbud.go.id/index.php/Chome/profil/DA555FBA-2A19-49D7-AD1F-A074031FC848,JL. MERDEKA NO.07 DESA HADI MULYO Hadi Mulyo Kec. Way Serdang Kab. Mesuji Prov. Lampung,Kab. Mesuji,,Lampung
10701796,SMA NEGERI 3 KAUR,https://sekolah.data.kemdikbud.go.id/index.php/Chome/profil/4F231962-4223-46DC-837B-A07467F6882A,JL. TANJUNG IMAN Tanjung Iman Kec. Kaur Tengah Kab. Kaur Prov. Bengkulu,Kab. Kaur,,Bengkulu
30104504,SMAN 1 MENYUKE,https://sekolah.data.kemdikbud.go.id/index.php/Chome/profil/E7506DFC-A4CF-4FB8-9B78-A0757CF2C02A,JL. RAYA DARIT Mamek Kec. Menyuke Kab. Landak Prov. Kalimantan Barat,Kab. Landak,,Kalimantan Barat
70055444,Sekolah Rakyat Menengah Atas 30 Padang Sidempuan,https://sekolah.data.kemdikbud.go.id/index.php/Chome/profil/C9A67453-04D1-475B-A54D-A077C5D05661,"Jl. Perintis Kemerdekaan  No.58, Padang ... Padang Matinggi Kec. Padang Sidimpuan Selatan Kota Padang Sidempuan Prov. Sumatera Utara",,Kota Padang Sidempuan,Sumatera Utara
20606297,SMAS AL KHAIRIYAH 2,https://sekolah.data.kemdikbud.go.id/index.php/Chome/profil/622A68A5-0096-4592-B470-A07C16C8F84D,JL. PINTU TOL CILEGON BARAT LINK. GUNUNG... Kotasari Kec. Grogol Kota Cilegon Prov. Banten,,Kota Cilegon,Banten
20551898,SMAS TARBIYATUS SHIBYAN,https://sekolah.data.kemdikbud.go.id/index.php/Chome/profil/F7F065B2-0CAA-412F-A22D-A07FB5FA365B,Jl. Raya Dungkek km.21 Jadung Kec. Dungkek Kab. Sumenep Prov. Jawa Timur,Kab. Sumenep,,Jawa Timur
10220615,SMAN 1 DOLOK SIGOMPULON,https://sekolah.data.kemdikbud.go.id/index.php/Chome/profil/A269440E-EF35-4AC3-A349-A0869B17948B,SIMUNDOL SIMUNDOL Kec. Dolok Sigompulon Kab. Padang Lawas Utara Prov. Sumatera Utara,Kab. Padang Lawas Utara,,Sumatera Utara
20219765,SMAS PASUNDAN 3 BANDUNG,https://sekolah.data.kemdikbud.go.id/index.php/Chome/profil/9E4EABA1-AB8A-4EEE-84F0-A08CE45DD3F6,JL. KEBON JATI NO. 31 KEBON JERUK Kec. Andir Kota Bandung Prov. Jawa Barat,,Kota Bandung,Jawa Barat
20324304,SMAS PGRI 3 RANDUDONGKAL,https://sekolah.data.kemdikbud.go.id/index.php/Chome/profil/736A422C-C52B-43EE-A994-A096A0916F31,JL. LAPANGAN OLAHRAGA RANDUDONGKAL Randudongkal Kec. Randudongkal Kab. Pemalang Prov. Jawa Tengah,Kab. Pemalang,,Jawa Tengah
50305120,SMAN 4 KUPANG,https://sekolah.data.kemdikbud.go.id/index.php/Chome/profil/3CFE1FAE-D66D-412A-98E2-A09B220AA203,JL. ADISUCIPTO Kelapa Lima Kec. Kelapa Lima Kota Kupang Prov. Nusa Tenggara Timur,,Kota Kupang,Nusa Tenggara Timur
40101437,SMA NEGERI 1 TABUKAN UTARA,https://sekolah.data.kemdikbud.go.id/index.php/Chome/profil/04C0CF69-9FDF-45B1-BB11-A0A059BA9439,KAMPUNG LIKUANG Likuang Kec. Tabukan Utara Kab. Kepulauan Sangihe Prov. Sulawesi Utara,Kab. Kepulauan Sangihe,,Sulawesi Utara
10303465,SMA PEMBANGUNAN LABORATORIUM UNP,https://sekolah.data.kemdikbud.go.id/index.php/Chome/profil/456C547D-2559-49F8-B259-A0A558D95FD8,KOMPLEK KAMPUS UNP Air Tawar Barat Kec. Padang Utara Kota Padang Prov. Sumatera Barat,,Kota Padang,Sumatera Barat
20539237,SMAS KR PIRNGADI,https://sekolah.data.kemdikbud.go.id/index.php/Chome/profil/788D8901-CCA8-4955-B762-A0A63CC48C94,JL. PIRNGADI 12 - 14 Bubutan Kec. Bubutan Kota Surabaya Prov. Jawa Timur,,Kota Surabaya,Jawa Timur
20403140,SMAS PERAK,https://sekolah.data.kemdikbud.go.id/index.php/Chome/profil/90DF09A1-C790-4A62-BDB3-A0A9AF03A46F,JL. VETERAN WARUNGBOTO UH IV/970 Warungboto Kec. Umbulharjo Kota Yogyakarta Prov. D.I. Yogyakarta,,Kota Yogyakarta,D.I. Yogyakarta
10645176,SMAN 1 LAWANG KIDUL,https://sekolah.data.kemdikbud.go.id/index.php/Chome/profil/A98F7D50-15F0-4D23-9D13-A0B0E8490510,JL. BATURAJA KEBAN AGUNG Keban Agung Kec. Lawang Kidul Kab. Muara Enim Prov. Sumatera Selatan,Kab. Muara Enim,,Sumatera Selatan
50300583,SMAN 1 AMANUBAN SELATAN,https://sekolah.data.kemdikbud.go.id/index.php/Chome/profil/9CD8D045-C796-443E-A13C-A0B15703CFF6,Jl. Esa Nabuasa No.- Dusun Toikola Pollo Kec. Amanuban Selatan Kab. Timor Tengah Selatan Prov. Nusa Tenggara Timur,Kab. Timor Tengah Selatan,,Nusa Tenggara Timur
20253894,SMAK GAMALIEL,https://sekolah.data.kemdikbud.go.id/index.php/Chome/profil/FF546DEE-1B9C-44C6-A20A-A0B1D55F6A75,JL. JEND SUDIRMAN NO. 205-207 Cibadak Kec. Astanaanyar Kota Bandung Prov. Jawa Barat,,Kota Bandung,Jawa Barat
10901434,SMAN 1 LUBUK BESAR,https://sekolah.data.kemdikbud.go.id/index.php/Chome/profil/7BD80517-48A1-418D-BBDC-A0B3151EA403,JL. RAYA LUBUK BESAR Lubuk Lingkuk Kec. Lubuk Besar Kab. Bangka Tengah Prov. Kepulauan Bangka Belitung,Kab. Bangka Tengah,,Kepulauan Bangka Belitung
20220323,SMAS BINA SEJAHTERA,https://sekolah.data.kemdikbud.go.id/index.php/Chome/profil/FC863544-899B-4787-8890-A0B90E5D0DBA,JL. LEDENG SINDANGSARINO.5 Kebonkelapa Kec. Kota Bogor Tengah Kota Bogor Prov. Jawa Barat,,Kota Bogor,Jawa Barat
10301578,SMAN 1 X KT SINGKARAK,https://sekolah.data.kemdikbud.go.id/index.php/Chome/profil/CA1ACD06-EBC0-4A6F-942D-A0BC49DE730A,JL. LINTAS SUMATERA SINGKARAK KM13 SINGKARAK Kec. X Koto Singkarak Kab. Solok Prov. Sumatera Barat,Kab. Solok,,Sumatera Barat
20200604,SMAN 1 TAMANSARI,https://sekolah.data.kemdikbud.go.id/index.php/Chome/profil/58B0343F-1533-4105-BB1C-A0BCBAFD7AD7,JL.. JAGA KARSA DESA TAMAN SARI Taman Sari Kec. Tamansari Kab. Bogor Prov. Jawa Barat,Kab. Bogor,,Jawa Barat
50101699,SMAS DWIJENDRA BUALU,https://sekolah.data.kemdikbud.go.id/index.php/Chome/profil/E9FA148B-0934-4D5C-8178-A0C9ECD1BB99,JL. I GST. NGURAH RAI NUSA DUA Benoa Kec. Kuta Selatan Kab. Badung Prov. Bali,Kab. Badung,,Bali
20508493,SMAN 1 WIDODAREN,https://sekolah.data.kemdikbud.go.id/index.php/Chome/profil/563D9101-47A7-481F-BEF6-A0CF89CAF443,JL. DR. RAJIMAN NO.30 Kauman Kec. Widodaren Kab. Ngawi Prov. Jawa Timur,Kab. Ngawi,,Jawa Timur
69912450,SMA ISLAM TERPADU NURUL ILMI,https://sekolah.data.kemdikbud.go.id/index.php/Chome/profil/9D2F01C9-55CF-4A19-B87B-A0D52C4B0352,JL. Pendidikan No. 1 KM 12 Perawang Barat Kec. Tualang Kab. Siak Prov. Riau,Kab. Siak,,Riau
20360534,SMA ADH-DHUHAA SUKOHARJO,https://sekolah.data.kemdikbud.go.id/index.php/Chome/profil/FE7AA3F8-8BA6-4736-A185-A0DC58DDC44C,JL. MANGESTI LUHUR NO. 10 Gentan Kec. Baki Kab. Sukoharjo Prov. Jawa Tengah,Kab. Sukoharjo,,Jawa Tengah
10807589,SMAS KRISTEN 1 METRO,https://sekolah.data.kemdikbud.go.id/index.php/Chome/profil/AA8C1A32-8F80-427B-85A0-A0DCF45742BC,JL FLORES NO. 21 Ganjarasri Kec. Metro Barat Kota Metro Prov. Lampung,,Kota Metro,Lampung
10402938,SMA NEGERI 1 RAMBAH SAMO,https://sekolah.data.kemdikbud.go.id/index.php/Chome/profil/B651DE24-2EBB-4357-8967-A0E709645DB6,JL.TUANKU TAMBUSAI KM.11 RAMBAH SAMO Rambah Samo Barat Kec. Rambah Samo Kab.  Rokan Hulu Prov. Riau,Kab.  Rokan Hulu,,Riau
20224548,SMAS MUHAMMADIYAH TASIKMALAYA,https://sekolah.data.kemdikbud.go.id/index.php/Chome/profil/A63A4864-D798-4096-B490-A0F0B5E5F03A,JL. RUMAH SAKIT UMUM NO. 29 Empangsari Kec. Tawang Kota Tasikmalaya Prov. Jawa Barat,,Kota Tasikmalaya,Jawa Barat
69975091,SMA IT BAITURRAHMAN BUNTOK,https://sekolah.data.kemdikbud.go.id/index.php/Chome/profil/5DC39E08-D5A1-448A-8E6A-A0F297235136,JL PELITA RAYA NO 641 BUNTOK Buntok Kota Kec. Dusun Selatan Kab. Barito Selatan Prov. Kalimantan Tengah,Kab. Barito Selatan,,Kalimantan Tengah
69934569,SMA Negeri 1 Tugala Oyo,https://sekolah.data.kemdikbud.go.id/index.php/Chome/profil/F55EBC5D-E38B-44FE-903B-A0F5D9468FAB,Desa Botonaai Botona ai Kec. Tugala Oyo Kab. Nias Utara Prov. Sumatera Utara,Kab. Nias Utara,,Sumatera Utara
70013115,SMA Negeri 11 Denpasar,https://sekolah.data.kemdikbud.go.id/index.php/Chome/profil/0E9C67E7-FDFE-4E68-8BF9-A0F6CA9B5C6B,"Jalan Tangkuban Perahu, Padangsambian Kl... Padangsambian Klod Kec. Denpasar Barat Kota Denpasar Prov. Bali",,Kota Denpasar,Bali
40100310,SMAS ISLAM BAITUL HIKMAH KOTAMOBAGU,https://sekolah.data.kemdikbud.go.id/index.php/Chome/profil/878DE387-B6E7-4B71-BD60-A0F6CB9E273A,JL. SUTOYO NO. 11 KOTAMOBAGU Kotamobagu Kec. Kotamobagu Barat Kota Kotamobagu Prov. Sulawesi Utara,,Kota Kotamobagu,Sulawesi Utara
70050919,SMA NEGERI KURI,https://sekolah.data.kemdikbud.go.id/index.php/Chome/profil/9D5DBD53-A080-4BAC-8789-A105DEDD8D22,KAMPUNG SARBE Kuri / Sarbei Kec. Kuri Kab. Teluk Bintuni Prov. Papua Barat,Kab. Teluk Bintuni,,Papua Barat
10810509,SMAN 1 CANDIPURO,https://sekolah.data.kemdikbud.go.id/index.php/Chome/profil/66AF8DF9-92AD-4D40-8991-A107A5D52416,JL. MAJAPAHIT DS. TITIWANGI Candipuro/Titiwangi Kec. Candipuro Kab. Lampung Selatan Prov. Lampung,Kab. Lampung Selatan,,Lampung
70029070,SMA Al-Qur`an Wahdah Islamiyah Cibinong,https://sekolah.data.kemdikbud.go.id/index.php/Chome/profil/4DF5C0C6-F947-416B-ACBA-A10DC409905A,Jl. Gor Barat Pemda Kp. Cikempong Pakansari Kec. Cibinong Kab. Bogor Prov. Jawa Barat,Kab. Bogor,,Jawa Barat
10700284,SMA Negeri 3 BENGKULU UTARA,https://sekolah.data.kemdikbud.go.id/index.php/Chome/profil/744223FD-C941-4984-9486-A10E199A7085,JALAN PEMBANGUNAN Pal Tiga Puluh Kec. Lais Kab. Bengkulu Utara Prov. Bengkulu,Kab. Bengkulu Utara,,Bengkulu
40605303,UPTD SMAN 1 KALUMPANG,https://sekolah.data.kemdikbud.go.id/index.php/Chome/profil/832F98B9-656D-452C-BD8F-A1128A1ECD41,KARAMA Karama Kec. Kalumpang Kab. Mamuju Prov. Sulawesi Barat,Kab. Mamuju,,Sulawesi Barat
50306170,SMAN 10 KUPANG,https://sekolah.data.kemdikbud.go.id/index.php/Chome/profil/97FED8F9-7702-4BAE-8B5A-A1130BB2A343,JALAN SIKIB 2 Fatukoa Kec. Maulafa Kota Kupang Prov. Nusa Tenggara Timur,,Kota Kupang,Nusa Tenggara Timur
30208765,SMAN 1 PETAK MALAI,https://sekolah.data.kemdikbud.go.id/index.php/Chome/profil/BDBD5063-BD5A-4DC6-922E-A115DD3F02BC,Jl. Pendidikan no 1 Tumbang Baraoi Tumbang Baraoi Kec. Petak Malai Kab. Katingan Prov. Kalimantan Tengah,Kab. Katingan,,Kalimantan Tengah
69786332,SMA ISLAM TERPADU AL USWAH,https://sekolah.data.kemdikbud.go.id/index.php/Chome/profil/D21B89E7-D46D-4518-A864-A116165D3F9D,Jl.Medokan Semampir Indah No.127 Surabay... Medokan Semampir Kec. Sukolilo Kota Surabaya Prov. Jawa Timur,,Kota Surabaya,Jawa Timur
50200369,SMAS NW NARMADA,https://sekolah.data.kemdikbud.go.id/index.php/Chome/profil/ADF419C4-3165-47B1-924B-A11844D47741,JL. WIRABAKTI NARMADA Kec. Narmada Kab. Lombok Barat Prov. Nusa Tenggara Barat,Kab. Lombok Barat,,Nusa Tenggara Barat
10207078,SMAN 1 DOLOK,https://sekolah.data.kemdikbud.go.id/index.php/Chome/profil/BD9F9714-7B6B-4C50-AE0D-A11922F467DC,PIJOR KOLING Pijor Koling Kec. Dolok Kab. Padang Lawas Utara Prov. Sumatera Utara,Kab. Padang Lawas Utara,,Sumatera Utara
40401877,SMAN 1 KONAWE SELATAN,https://sekolah.data.kemdikbud.go.id/index.php/Chome/profil/942B0492-CD1F-40FE-A521-A11A2C2DB74E,JL. RA KARTINI NO. 420 Tinanggea Kec. Tinanggea Kab. Konawe Selatan Prov. Sulawesi Tenggara,Kab. Konawe Selatan,,Sulawesi Tenggara
69900098,SMAN 1 BANDAR MATARAM,https://sekolah.data.kemdikbud.go.id/index.php/Chome/profil/3431F28C-20F9-40CE-8366-A11DC35A50DA,"Jln. Veteran, Mataram Udik, Bandar Matar... Mataram Udik Kec. Bandar Mataram Kab. Lampung Tengah Prov. Lampung",Kab. Lampung Tengah,,Lampung
69964173,SMA IT Quran Qordhova,https://sekolah.data.kemdikbud.go.id/index.php/Chome/profil/CCC08260-5B4A-4A10-8B9E-A1216A981150,Jl. Purnawirawan Raya Gg. Swadaya VIB No... Gunung Terang Kec. Langkapura Kota Bandar Lampung Prov. Lampung,,Kota Bandar Lampung,Lampung
20251918,SMAS SABILUL MUHTADIN,https://sekolah.data.kemdikbud.go.id/index.php/Chome/profil/138A158D-7B9A-485A-8CC6-A122D03AE059,JL. RAYA PASAR BABELAN (SAMPING KORAMIL)... Babelan Kota Kec. Babelan Kab. Bekasi Prov. Jawa Barat,Kab. Bekasi,,Jawa Barat
70031492,SMA GOLDEN GATE MERAUKE,https://sekolah.data.kemdikbud.go.id/index.php/Chome/profil/75D7FD95-EBEE-4F55-9A63-A122E9CBBB30,Jalan Peternakan Rimba Jaya Merauke Rimba Jaya Kec. Merauke Kab. Merauke Prov. Papua Selatan,Kab. Merauke,,Papua Selatan
30201454,SMAN 1 MENTAYA HILIR SELATAN,https://sekolah.data.kemdikbud.go.id/index.php/Chome/profil/F7B5807D-B128-40F8-856F-A1242BD6CFF3,Jl. Padat Karya Basirih Hilir Samuda Basirih Hilir Kec. Mentaya Hilir Selatan Kab. Kotawaringin Timur Prov. Kalimantan Tengah,Kab. Kotawaringin Timur,,Kalimantan Tengah
20613804,SMAS AL KHAIRIYAH KELAPIAN,https://sekolah.data.kemdikbud.go.id/index.php/Chome/profil/BA9F0FDA-8867-4325-9198-A127B3890138,JL.KH SYANWANI KM 6 Kelapian Kec. Pontang Kab. Serang Prov. Banten,Kab. Serang,,Banten
69893468,SMA ADVENT UREI FAISEI WAROPEN,https://sekolah.data.kemdikbud.go.id/index.php/Chome/profil/967B19D3-7A4E-44E2-8BC9-A127ED66F869,Jl. Inpres Waren Nubuai Kec. Ureifaisei Kab. Waropen Prov. Papua,Kab. Waropen,,Papua
69991115,SMA S IT CITRA UMMAT,https://sekolah.data.kemdikbud.go.id/index.php/Chome/profil/7B89F7EA-A244-4B32-88F6-A1280B5D1F77,Jln. Timore I  Kel. Tuguwaji Topo Tiga Kec. Tidore Kota Tidore Kepulauan Prov. Maluku Utara,,Kota Tidore Kepulauan,Maluku Utara
10209388,SMAS DHARMA UTAMA,https://sekolah.data.kemdikbud.go.id/index.php/Chome/profil/AFCB56AE-EB9F-43FD-9FE8-A12AF66BC9A7,JL. SUKA MAJU NO.1 SUKASARI SUKASARI Kec. Pegajahan Kab. Serdang Bedagai Prov. Sumatera Utara,Kab. Serdang Bedagai,,Sumatera Utara
10602504,SMAN 1 BANYUASIN I,https://sekolah.data.kemdikbud.go.id/index.php/Chome/profil/2D90D8BB-55A0-443B-BE11-A138E49E2C2C,JL. SEPAKAT NO.96 Mariana Ilir Kec. Banyuasin I Kab. Banyuasin Prov. Sumatera Selatan,Kab. Banyuasin,,Sumatera Selatan
69901471,SMAN 3 TUNGKAL JAYA,https://sekolah.data.kemdikbud.go.id/index.php/Chome/profil/4ECF9F56-2958-427F-AA2F-A13951AA1517,"Jl. Merdeka No 9, Desa Beji Mulyo Beji Mulyo Kec. Tungkal Jaya Kab. Musi Banyuasin Prov. Sumatera Selatan",Kab. Musi Banyuasin,,Sumatera Selatan
10814059,SMAN 1 WAWAY KARYA,https://sekolah.data.kemdikbud.go.id/index.php/Chome/profil/C1836326-9B40-48A7-B750-A1452AA7BD4A,JL. RAYA DS. KARYA BASUKI Karya Basuki Kec. Waway Karya Kab. Lampung Timur Prov. Lampung,Kab. Lampung Timur,,Lampung
60304836,SMAN 2 DABRA,https://sekolah.data.kemdikbud.go.id/index.php/Chome/profil/811F14B6-2340-4B95-9A93-A1487FCB78F2,jln pendidikan Taiyeve Kec. Mamberamo Ulu (hulu) Kab. Mamberamo Raya Prov. Papua,Kab. Mamberamo Raya,,Papua
70028272,SMA ISLAM AL AZHAR 30 SALATIGA,https://sekolah.data.kemdikbud.go.id/index.php/Chome/profil/F12345E8-97F0-4691-8BB3-A14C71D910E4,Dk. Ngemplak RT 03 RW 09 Kumpulrejo Kec. Argomulyo Kota Salatiga Prov. Jawa Tengah,,Kota Salatiga,Jawa Tengah
10700994,SMA NEGERI 5 BENGKULU SELATAN,https://sekolah.data.kemdikbud.go.id/index.php/Chome/profil/96967704-678E-4FCD-B698-A1539D37A4A6,JL.VETERAN NO. 56 Padang Kapuk Kec. Kota Manna Kab. Bengkulu Selatan Prov. Bengkulu,Kab. Bengkulu Selatan,,Bengkulu
20558929,SMAS CENDEKIA,https://sekolah.data.kemdikbud.go.id/index.php/Chome/profil/52476D99-83A2-4D58-9AC3-A15662DFA795,JL. RAYA LINGKAR TIMUR Rangkahkidul Kec. Sidoarjo Kab. Sidoarjo Prov. Jawa Timur,Kab. Sidoarjo,,Jawa Timur
40305146,SMAS AL - MAZAAKIRAH,https://sekolah.data.kemdikbud.go.id/index.php/Chome/profil/4CB7877D-C36D-475A-8267-A158F1447AE7,JL. POLE BARAMULI Macinnae Kec. Paleteang Kab. Pinrang Prov. Sulawesi Selatan,Kab. Pinrang,,Sulawesi Selatan
70055420,Sekolah Rakyat Menengah Atas 6 Bengkulu,https://sekolah.data.kemdikbud.go.id/index.php/Chome/profil/0E63A522-D782-4DF7-BF09-A159E10E2FF9,"Jl. Raden Fatah No. 45, Kel. Sumur Dewa,... Sumur Dewa Kec. Selebar Kota Bengkulu Prov. Bengkulu",,Kota Bengkulu,Bengkulu
20328939,SMA NEGERI 9 SEMARANG,https://sekolah.data.kemdikbud.go.id/index.php/Chome/profil/6BC9B0A8-40CB-413C-A4FF-A15DE08FEC3D,Jl. Cemara Raya Padangsari Kec. Banyumanik Kota Semarang Prov. Jawa Tengah,,Kota Semarang,Jawa Tengah
20532136,SMAS KRISTEN PETRA 2 SURABAYA,https://sekolah.data.kemdikbud.go.id/index.php/Chome/profil/A93DC5D4-96B0-4984-BCF6-A15F59E53D32,JL. MANYAR TIRTOASRI RAYA 1 - 3 Manyar Sabrangan Kec. Mulyorejo Kota Surabaya Prov. Jawa Timur,,Kota Surabaya,Jawa Timur
20102216,SMAN 3 JAKARTA,https://sekolah.data.kemdikbud.go.id/index.php/Chome/profil/D95F7DD9-BF45-4531-A1E6-A1605AF465A3,SETIABUDI II Setia Budi Kec. Setia Budi Kota Adm. Jakarta Selatan Prov. D.K.I. Jakarta,,Kota Adm. Jakarta Selatan,D.K.I. Jakarta
70043850,SMA ISLAM AN NURU ALAN NURI,https://sekolah.data.kemdikbud.go.id/index.php/Chome/profil/B5BD403D-6330-469F-806F-A166CD6203D1,Jl. Pengembur - Kateng Pengembur Kec. Pujut Kab. Lombok Tengah Prov. Nusa Tenggara Barat,Kab. Lombok Tengah,,Nusa Tenggara Barat
69977033,SMA Islam Al Azhar 19,https://sekolah.data.kemdikbud.go.id/index.php/Chome/profil/D355FE90-8753-467C-AE67-A167DE452E49,Jl. Centex Rt 08/010 Ciracas Kec. Ciracas Kota Adm. Jakarta Timur Prov. D.K.I. Jakarta,,Kota Adm. Jakarta Timur,D.K.I. Jakarta
40310147,SMAS INTEGRAL DARUL ILMI HIDAYATULLAH,https://sekolah.data.kemdikbud.go.id/index.php/Chome/profil/9041480B-9598-443C-934C-A16C191CAD10,"JL. DANAU TONDANO, DESA ASULI Asuli Kec. Towuti Kab. Luwu Timur Prov. Sulawesi Selatan",Kab. Luwu Timur,,Sulawesi Selatan
20320371,SMA KANISIUS AMBARAWA,https://sekolah.data.kemdikbud.go.id/index.php/Chome/profil/82944715-4EBE-4565-B159-A16CF11F19BE,JL. MGR. SUGIYOPRANOTO NO. 226 Panjang Kec. Ambarawa Kab. Semarang Prov. Jawa Tengah,Kab. Semarang,,Jawa Tengah
10204084,SMAN 1 BP MANDOGE,https://sekolah.data.kemdikbud.go.id/index.php/Chome/profil/0DE85BCF-756F-4006-9459-A1701A7F3B04,JL. BESAR DESA SUKA MAKMUR Bandar Pasir Mandoge Kec. Bandar Pasir Mandoge Kab. Asahan Prov. Sumatera Utara,Kab. Asahan,,Sumatera Utara
10801962,SMAN 1 PUNGGUR,https://sekolah.data.kemdikbud.go.id/index.php/Chome/profil/040F7416-08BC-4724-A8E6-A17459D82703,JL. RAYA NUNGGALREJO Nunggal Rejo Kec. Punggur Kab. Lampung Tengah Prov. Lampung,Kab. Lampung Tengah,,Lampung
69927177,SMAS KRISTEN IPEKA GRAND WISATA,https://sekolah.data.kemdikbud.go.id/index.php/Chome/profil/FBAE3AAA-08EF-4CD6-82AA-A176DD34D532,Jl. Sunset Avenue Grand Wisata Lambangsari Kec. Tambun Selatan Kab. Bekasi Prov. Jawa Barat,Kab. Bekasi,,Jawa Barat
20101334,SMAS BUDI MURNI 2,https://sekolah.data.kemdikbud.go.id/index.php/Chome/profil/29E94A7C-6402-40C6-AEED-A177AD7C374F,JL. PURI KEMBANGAN NO. 2 Kedoya Selatan Kec. Kebon Jeruk Kota Adm. Jakarta Barat Prov. D.K.I. Jakarta,,Kota Adm. Jakarta Barat,D.K.I. Jakarta
20353971,SMA PERMATA BANGSA,https://sekolah.data.kemdikbud.go.id/index.php/Chome/profil/DFC3519B-EC5F-431F-97BC-A17BC6C18174,Jl. Setia Budi No 209A Banyumanik Kec. Banyumanik Kota Semarang Prov. Jawa Tengah,,Kota Semarang,Jawa Tengah
69843546,SMA 45 GRESIK,https://sekolah.data.kemdikbud.go.id/index.php/Chome/profil/539DDEF0-8041-4F0E-8685-A17C1906F28E,Jl. Raya Jatirembe No. 09 Benjeng Jatirembe Kec. Benjeng Kab. Gresik Prov. Jawa Timur,Kab. Gresik,,Jawa Timur
20605330,SMAS PLUS AL-MA ARIF,https://sekolah.data.kemdikbud.go.id/index.php/Chome/profil/F9D22312-A9FE-4389-9D8B-A17E9371D516,JL. CIKANDE-CARENANG Songgom Jaya Kec. Cikande Kab. Serang Prov. Banten,Kab. Serang,,Banten
20327981,SMA MUHAMMADIYAH 2 SURAKARTA,https://sekolah.data.kemdikbud.go.id/index.php/Chome/profil/EDA23E64-72FE-4E79-9A30-A18832F371D5,JL. YOSODIPURO NO. 95 Mangkubumen Kec. Banjarsari Kota Surakarta Prov. Jawa Tengah,,Kota Surakarta,Jawa Tengah
50302295,SMAN 2 MAUMERE,https://sekolah.data.kemdikbud.go.id/index.php/Chome/profil/AF82802D-3386-4BF5-BF29-A18AE887E4C1,JL. BALITBANG Kota Uneng Kec. Alok Kab. Sikka Prov. Nusa Tenggara Timur,Kab. Sikka,,Nusa Tenggara Timur
50304773,SMAS SANTU KLAUS WERANG,https://sekolah.data.kemdikbud.go.id/index.php/Chome/profil/2EFCD106-3D3F-4358-8F2F-A18BFB262A08,Teong Toda Golo Ndaring Kec. Sano Nggoang Kab. Manggarai Barat Prov. Nusa Tenggara Timur,Kab. Manggarai Barat,,Nusa Tenggara Timur
20614415,SMAS NUR EL BANTANY KOTA SRG,https://sekolah.data.kemdikbud.go.id/index.php/Chome/profil/BBC8C109-E743-4E23-961B-A18E77BA8D02,JL. RAYA SAYABULU DALUNG SERANG Serang Kec. Serang Kota Serang Prov. Banten,,Kota Serang,Banten
70037269,SMA Jarinabi Tanjung Jabung Timur,https://sekolah.data.kemdikbud.go.id/index.php/Chome/profil/936BACAA-6B01-4AA2-A08A-A1992B12AB27,Jln. RA. Kartini Kelurahan Rano Muaro Sa... Rano Kec. Muara Sabak Barat Kab. Tanjung Jabung Timur Prov. Jambi,Kab. Tanjung Jabung Timur,,Jambi
69786634,SMAS PGRI CIDAUN,https://sekolah.data.kemdikbud.go.id/index.php/Chome/profil/040A636D-1C7C-45E8-B76F-A1A0375626CA,Jl. Patriot No.10 Desa Cimaragang Cimaragang Kec. Cidaun Kab. Cianjur Prov. Jawa Barat,Kab. Cianjur,,Jawa Barat
20337795,SMA ISLAM TERPADU AL HIKMAH KARANGGEDE,https://sekolah.data.kemdikbud.go.id/index.php/Chome/profil/4A3D083A-958C-4862-92F4-A1A113071262,"Trayon, Kebonan, Karanggede, Boyolali Kebonan Kec. Karanggede Kab. Boyolali Prov. Jawa Tengah",Kab. Boyolali,,Jawa Tengah
40310157,SMAN 8 LUWU TIMUR,https://sekolah.data.kemdikbud.go.id/index.php/Chome/profil/7C9715D6-9BB5-4C9A-9566-A1A444E83796,JL. PENDIDIKAN NO. 3 DS. MANDIRI Mandiri Kec. Tomoni Kab. Luwu Timur Prov. Sulawesi Selatan,Kab. Luwu Timur,,Sulawesi Selatan
50204502,SMAS TRISAKTI MATARAM,https://sekolah.data.kemdikbud.go.id/index.php/Chome/profil/5906166E-4A5F-4A87-860D-A1AB92F1C978,JL. INDUSTRI NO. 4 Taman Sari Kec. Ampenan Kota Mataram Prov. Nusa Tenggara Barat,,Kota Mataram,Nusa Tenggara Barat
40312577,SMAN 11 LUWU UTARA,https://sekolah.data.kemdikbud.go.id/index.php/Chome/profil/DD5E5BE7-B6B2-4CC2-9360-A1B5A21CF939,JL. DG. MANGATTA Desa tolada Kecamatan M... Tolada Kec. Malangke Kab. Luwu Utara Prov. Sulawesi Selatan,Kab. Luwu Utara,,Sulawesi Selatan
20229182,SMAS TUBAGUS PANGELING,https://sekolah.data.kemdikbud.go.id/index.php/Chome/profil/40015F67-2978-4983-A1A2-A1BA5B2C603D,JL. BAKTI ABRI NO. 147 RT. 01/10 KEL. SU... Sukamaju Baru Kec. Tapos Kota Depok Prov. Jawa Barat,,Kota Depok,Jawa Barat
30303325,SMAN 1 PAMUKAN UTARA,https://sekolah.data.kemdikbud.go.id/index.php/Chome/profil/153ECD29-A4DD-487B-AC83-A1BCDC6BE380,JL. SERDANG BAKAU Bakau Kec. Pamukan Utara Kab. Kotabaru Prov. Kalimantan Selatan,Kab. Kotabaru,,Kalimantan Selatan
20224115,SMA BUDI LUHUR,https://sekolah.data.kemdikbud.go.id/index.php/Chome/profil/F3C4ED09-C00E-432D-BEFD-A1BD588BC29C,JL. KERKOF NO. 214 RT. 10/08 KP. PADAKAS... Cibeber Kec. Cimahi Selatan Kota Cimahi Prov. Jawa Barat,,Kota Cimahi,Jawa Barat
20107383,SMA KRISTEN IPEKA SUNTER,https://sekolah.data.kemdikbud.go.id/index.php/Chome/profil/6CFEC88B-B014-41F4-9C51-A1BE838B80F6,"Jl. Baru RT 15/07 Sunter Agung, Kec. Tan... Sunter Agung Kec. Tanjung Priok Kota Adm. Jakarta Utara Prov. D.K.I. Jakarta",,Kota Adm. Jakarta Utara,D.K.I. Jakarta
10402076,SMAN 1 KATEMAN,https://sekolah.data.kemdikbud.go.id/index.php/Chome/profil/F480BFD0-EFD8-4A4D-B478-A1CAC88885D6,JL. PENDIDIKAN SUNGAI GUNTUNG BANDAR SRI GEMILANG Kec. Kateman Kab. Indragiri Hilir Prov. Riau,Kab. Indragiri Hilir,,Riau
69963748,SMA IT Nurul Falah,https://sekolah.data.kemdikbud.go.id/index.php/Chome/profil/5FD9B87E-BD17-4147-A267-A1DDFAE48EDC,Jl. WA. Rahman Parendoan1 RT 006 Lk 03 BATU PUTU Kec. Teluk Betung Barat Kota Bandar Lampung Prov. Lampung,,Kota Bandar Lampung,Lampung
10505785,SMA JAMBI  IX LURAH,https://sekolah.data.kemdikbud.go.id/index.php/Chome/profil/7F78556E-C572-4351-A5E1-A1E2CDAEB66F,JL. KOL. AMIR HAMZAH NO.20 Selamat Kec. Danau Sipin Kota Jambi Prov. Jambi,,Kota Jambi,Jambi
10403001,SMA NEGERI 1 TAMBUSAI UTARA,https://sekolah.data.kemdikbud.go.id/index.php/Chome/profil/FFB06F6C-8BB4-4FEF-BE68-A1E5FD70047A,JL. PELAJAR RANTAU KASAI Tambusai Utara Kec. Tambusai Utara Kab.  Rokan Hulu Prov. Riau,Kab.  Rokan Hulu,,Riau
69899515,SMA NEGERI 3 RAMBAH,https://sekolah.data.kemdikbud.go.id/index.php/Chome/profil/6D8B4EEB-0DD2-4C37-8EFB-A1E6CB99DEBD,JL. Diponegoro KM 7 Pasir Pengaraian Suka Maju Kec. Rambah Kab.  Rokan Hulu Prov. Riau,Kab.  Rokan Hulu,,Riau
20616487,SMAS AL AZKIYA,https://sekolah.data.kemdikbud.go.id/index.php/Chome/profil/15C17100-DC19-4A55-B27B-A1ED9045441B,KP MUNCANG RT/RW 01/01 Muncang Kec. Muncang Kab. Lebak Prov. Banten,Kab. Lebak,,Banten
20328931,SMA PANCASILA,https://sekolah.data.kemdikbud.go.id/index.php/Chome/profil/140038F8-1B43-4458-891F-A1EDEABB2A3E,JL. BRIGJEND KATAMSO NO. 24 Karangtempel Kec. Semarang Timur Kota Semarang Prov. Jawa Tengah,,Kota Semarang,Jawa Tengah
69943795,SMA Islam Al Azhar 15 Semarang,https://sekolah.data.kemdikbud.go.id/index.php/Chome/profil/7CB9E6F6-F7C6-4345-90D0-A1EF39620FDF,Jl. Sri Kuncoro III No. 5 Kalibanteng Kulon Kec. Semarang Barat Kota Semarang Prov. Jawa Tengah,,Kota Semarang,Jawa Tengah
30202439,SMAN 1 DUSUN TENGAH,https://sekolah.data.kemdikbud.go.id/index.php/Chome/profil/FF1EA509-3C84-4802-B012-A1F29C0978ED,"JL. AMPAH - MUARA TEWEH KM. 3,5 Ampah Kota Kec. Dusun Tengah Kab. Barito Timur Prov. Kalimantan Tengah",Kab. Barito Timur,,Kalimantan Tengah
70032008,SMAIT Al Hasanah,https://sekolah.data.kemdikbud.go.id/index.php/Chome/profil/1934F1D9-0084-4796-BA74-A1F460CBAA72,Jl. Soeprapto Dalam RT 7 RW 4 Betungan Kec. Selebar Kota Bengkulu Prov. Bengkulu,,Kota Bengkulu,Bengkulu
50309195,SMAN OELEU,https://sekolah.data.kemdikbud.go.id/index.php/Chome/profil/05DE852E-2CFB-44A2-880E-A1F53B9A4EA4,"Jalan Raya Oeleu, RT:005/RW:003, Desa Oe... Oeleu Kec. Toianas Kab. Timor Tengah Selatan Prov. Nusa Tenggara Timur",Kab. Timor Tengah Selatan,,Nusa Tenggara Timur
69774849,SMAN PUREMAN,https://sekolah.data.kemdikbud.go.id/index.php/Chome/profil/2C4BC696-8C6B-4A86-B790-A1FBAC2E896D,MADEMANG Langkuru Kec. Pureman Kab. Alor Prov. Nusa Tenggara Timur,Kab. Alor,,Nusa Tenggara Timur
60729099,SMA LIMA NEGERI,https://sekolah.data.kemdikbud.go.id/index.php/Chome/profil/3C3B1584-BA13-4DF3-B06E-A1FD74E01E5B,JL. WOSI Wosi Kec. Gane Timur Kab. Halmahera Selatan Prov. Maluku Utara,Kab. Halmahera Selatan,,Maluku Utara
60100979,SMA NEGERI 4 BURU,https://sekolah.data.kemdikbud.go.id/index.php/Chome/profil/F41BA96C-8EED-439B-90C9-A20199CF977E,JL. PENDIDIKAN Ilath Kec. Batabual Kab. Buru Prov. Maluku,Kab. Buru,,Maluku
40301033,SMAN 6 GOWA,https://sekolah.data.kemdikbud.go.id/index.php/Chome/profil/4F6C292E-818F-4DA9-BB30-A20313E07C1D,JL. POROS MALINO KM. 40 PARANG Lanna Kec. Parang Loe Kab. Gowa Prov. Sulawesi Selatan,Kab. Gowa,,Sulawesi Selatan
20330037,SMAS MIFTAHUL ULUM NGAWEN,https://sekolah.data.kemdikbud.go.id/index.php/Chome/profil/8DE974CC-74D8-4B49-A118-A2139B7542A5,Jalan Masjid Al-Badar Rt 4 Rw 6 Ngawen B... Ngawen Kec. Ngawen Kab. Blora Prov. Jawa Tengah,Kab. Blora,,Jawa Tengah
10201988,SMA NEGERI 1 TIGANDERKET,https://sekolah.data.kemdikbud.go.id/index.php/Chome/profil/5FB603EA-C4B4-4726-903D-A2157BE220D1,"JL. PENDIDIKAN, TIGANDERKET Tiganderket Kec. Tiganderket Kab. Karo Prov. Sumatera Utara",Kab. Karo,,Sumatera Utara
20101311,SMAS KATOLIK RICCI,https://sekolah.data.kemdikbud.go.id/index.php/Chome/profil/A0EB88C4-B76B-4E80-B1E7-A21634B69F90,JL. KEMENANGAN 3 NO. 47 Glodok Kec. Taman Sari Kota Adm. Jakarta Barat Prov. D.K.I. Jakarta,,Kota Adm. Jakarta Barat,D.K.I. Jakarta
60404175,SMAN NEGRI 1 SAUSAPOR,https://sekolah.data.kemdikbud.go.id/index.php/Chome/profil/C4B8F0ED-B013-4796-B20B-A21A84110D89,Uigwem Uigwem Kec. Sausapor Kab. Tambrauw Prov. Papua Barat Daya,Kab. Tambrauw,,Papua Barat Daya
10212243,SMAN 3 PADANG SIDEMPUAN,https://sekolah.data.kemdikbud.go.id/index.php/Chome/profil/1F3E788A-059B-4165-A462-A21EA2610764,JL. PERINTIS KEMERDEKAAN NO : 56 PADANGMATINGGI Kec. Padang Sidimpuan Selatan Kota Padang Sidempuan Prov. Sumatera Utara,,Kota Padang Sidempuan,Sumatera Utara
10814058,SMAN 1 SUKADANA,https://sekolah.data.kemdikbud.go.id/index.php/Chome/profil/58F8AF7E-7E0A-4D68-881E-A21F128F5437,JL. KI HAJAR DEWANTARA NO. 1 Pasar Sukadana Kec. Sukadana Kab. Lampung Timur Prov. Lampung,Kab. Lampung Timur,,Lampung
20208419,SMAN 1 SUMEDANG,https://sekolah.data.kemdikbud.go.id/index.php/Chome/profil/DECA4B87-8AD1-4113-A8D4-A221330B32EA,JL. P. GEUSAN ULUN NO.39 KOTA KULON- SUM... Kotakulon Kec. Sumedang Selatan Kab. Sumedang Prov. Jawa Barat,Kab. Sumedang,,Jawa Barat
10646503,SMAN RAKSA BUDI,https://sekolah.data.kemdikbud.go.id/index.php/Chome/profil/12069B78-8F06-4E4E-A8AA-A2263C880181,JL. LASKAR PELANGI Raksa Budi Kec. Bulan Tengah Suku Ulu Kab. Musi Rawas Prov. Sumatera Selatan,Kab. Musi Rawas,,Sumatera Selatan
20551894,SMAS SAYYID YUSUF,https://sekolah.data.kemdikbud.go.id/index.php/Chome/profil/991A9749-B5D2-4A6F-BA99-A226854FC363,JL.ASTA SAYYID YUSUF NO. 10 Padike Kec. Talango Kab. Sumenep Prov. Jawa Timur,Kab. Sumenep,,Jawa Timur
40300278,SMAN 2 MAROS,https://sekolah.data.kemdikbud.go.id/index.php/Chome/profil/C1279077-0479-450E-8E2B-A22A68B4EF1B,JL. LAPPA MARIO CAMBA Mario Pulana Kec. Camba Kab. Maros Prov. Sulawesi Selatan,Kab. Maros,,Sulawesi Selatan
69971102,SMA NEGERI WAIBLAMA,https://sekolah.data.kemdikbud.go.id/index.php/Chome/profil/1CF061F1-804D-4487-9E32-A22B5931578D,TANARAWA Tanarawa Kec. Waiblama Kab. Sikka Prov. Nusa Tenggara Timur,Kab. Sikka,,Nusa Tenggara Timur
69928455,SMA PEDULI BANGSA MANATAHAN,https://sekolah.data.kemdikbud.go.id/index.php/Chome/profil/6A285E77-9088-4A24-BE23-A231D79366B9,Jln. Permata Indah Manatahan Kec. Obi Barat Kab. Halmahera Selatan Prov. Maluku Utara,Kab. Halmahera Selatan,,Maluku Utara
30203500,SMA NEGERI 6 PALANGKA RAYA,https://sekolah.data.kemdikbud.go.id/index.php/Chome/profil/45463AAE-7DA8-41B4-B7BD-A232F77F684A,"JL. TJILIK RIWUT KM 29,5 Tumbang Tahai Kec. Bukit Batu Kota Palangka Raya Prov. Kalimantan Tengah",,Kota Palangka Raya,Kalimantan Tengah
20222149,SMAN 7 CIREBON,https://sekolah.data.kemdikbud.go.id/index.php/Chome/profil/68517E75-2779-494F-9B3A-A2334230234D,JL. PERJUANGAN Karyamulya Kec. Kesambi Kota Cirebon Prov. Jawa Barat,,Kota Cirebon,Jawa Barat
20525837,SMAS MUHAMMADIYAH 3 GENTENG,https://sekolah.data.kemdikbud.go.id/index.php/Chome/profil/D75909BB-D7A1-4196-ADAF-A2367F874627,JL.GAJAHMADA NO.185 Genteng Kulon Kec. Genteng Kab. Banyuwangi Prov. Jawa Timur,Kab. Banyuwangi,,Jawa Timur
10210752,SMAS IRA MEDAN,https://sekolah.data.kemdikbud.go.id/index.php/Chome/profil/F7556F3F-2B4C-4DEC-B193-A23DD9CFFD04,JL. PERTIWI NO. 111/ 53 B MEDAN B A N T A N Kec. Medan Tembung Kota Medan Prov. Sumatera Utara,,Kota Medan,Sumatera Utara
60302991,SMAN ABENAHO,https://sekolah.data.kemdikbud.go.id/index.php/Chome/profil/01A222EA-8CF5-4892-B115-A2425A672628,JL. WAMENA - TENGON PASVALLEY Dosumo Kec. Abenaho Kab. Yalimo Prov. Papua Pegunungan,Kab. Yalimo,,Papua Pegunungan
69980329,SMAN OLAHRAGA MUHAMMAD NOER,https://sekolah.data.kemdikbud.go.id/index.php/Chome/profil/10B799B0-0A86-44C2-BD35-A248C53A2A94,Jalan Lepar Padang Baru Kec. Pangkalan Baru Kab. Bangka Tengah Prov. Kepulauan Bangka Belitung,Kab. Bangka Tengah,,Kepulauan Bangka Belitung
10104883,SMA NEGERI 9 ACEH BARAT DAYA,https://sekolah.data.kemdikbud.go.id/index.php/Chome/profil/873721B1-83B9-4945-87C6-A24A31C40C21,JL. H.HANAFIAH SANANY NO. 2 KAYE ACEH Kec. Lembah Sabil Kab. Aceh Barat Daya Prov. Aceh,Kab. Aceh Barat Daya,,Aceh
20613531,SMAN 4 CILEGON,https://sekolah.data.kemdikbud.go.id/index.php/Chome/profil/EFEF5F5A-1582-4784-AEC6-A24B4B574708,JL. KI KAHAL PRINGORI SURALAYA PULOMERAK Suralaya Kec. Pulomerak Kota Cilegon Prov. Banten,,Kota Cilegon,Banten
60724833,SMAS ISLAM ATTAROQQI TSANI,https://sekolah.data.kemdikbud.go.id/index.php/Chome/profil/360EA716-030F-4B42-9648-A24C1717A881,JL. RAYA PANGILEN Pangelen Kec. Sampang Kab. Sampang Prov. Jawa Timur,Kab. Sampang,,Jawa Timur
69733774,SMA NURUL HASANAH MEDAN,https://sekolah.data.kemdikbud.go.id/index.php/Chome/profil/95351C9D-8DED-45DA-9813-A24DE5DAF72F,JL. LETJEND JAMIN GINTING NO. 314 MEDAN Padang Bulan Kec. Medan Baru Kota Medan Prov. Sumatera Utara,,Kota Medan,Sumatera Utara
10303504,SMAN 7 PADANG,https://sekolah.data.kemdikbud.go.id/index.php/Chome/profil/38799F46-7FB0-4ED5-B521-A2558E469E02,JL. BUNGA TANJUNG Batipuh Panjang Kec. Koto Tangah Kota Padang Prov. Sumatera Barat,,Kota Padang,Sumatera Barat
69944313,SMA BUDI UTAMA,https://sekolah.data.kemdikbud.go.id/index.php/Chome/profil/EBE97DB2-D6F6-4535-8617-A259CC2F035B,"Jl. Wijayakusuma 122, Kutu Dukuh Sinduadi Kec. Mlati Kab. Sleman Prov. D.I. Yogyakarta",Kab. Sleman,,D.I. Yogyakarta
30401067,SMA Negeri 10 Samarinda,https://sekolah.data.kemdikbud.go.id/index.php/Chome/profil/C3389A2C-4FB1-491B-8DCD-A25A918E03E8,Jl. P.M. Noor No.1 RT. 52 Sempaja Timur Kec. Samarinda Utara Kota Samarinda Prov. Kalimantan Timur,,Kota Samarinda,Kalimantan Timur
10302397,SMAN 1 SALIMPAUNG,https://sekolah.data.kemdikbud.go.id/index.php/Chome/profil/1086071A-137B-48EF-8914-A261D4E06867,JL. RAYA TABEK PATAH TABEK PATAH Kec. Salimpaung Kab. Tanah Datar Prov. Sumatera Barat,Kab. Tanah Datar,,Sumatera Barat
20324216,SMA NEGERI 1 PEMALANG,https://sekolah.data.kemdikbud.go.id/index.php/Chome/profil/EECFEF7F-C139-4FDC-87DB-A2665EFCBFFD,JL. JEND. GATOT SUBROTO PEMALANG Bojongbata Kec. Pemalang Kab. Pemalang Prov. Jawa Tengah,Kab. Pemalang,,Jawa Tengah
10301187,SMAN 1 KEC. GUGUAK,https://sekolah.data.kemdikbud.go.id/index.php/Chome/profil/62492896-DB94-44DF-99F4-A26A975C92DD,JL. TAN MALAKA Guguak VIII Koto Kec. Guguak Kab. Lima Puluh Kota Prov. Sumatera Barat,Kab. Lima Puluh Kota,,Sumatera Barat
40102763,SMAN 9 MANADO,https://sekolah.data.kemdikbud.go.id/index.php/Chome/profil/E29BB04B-F308-401D-9278-A26F94EAAD82,JL. JUSUF HASIRU Kleak Kec. Malalayang Kota Manado Prov. Sulawesi Utara,,Kota Manado,Sulawesi Utara
20231720,SMAN 14 BEKASI,https://sekolah.data.kemdikbud.go.id/index.php/Chome/profil/27DF69B2-EF54-4AE9-B009-A271EA649113,JL. CERI RAYA PERUM ALINDA KENCANA PERMA... Kaliabang Tengah Kec. Bekasi Utara Kota Bekasi Prov. Jawa Barat,,Kota Bekasi,Jawa Barat
70008261,SMA ALQURAN DAN DAKWAH ALAM NASAL,https://sekolah.data.kemdikbud.go.id/index.php/Chome/profil/179B1FCB-25C8-451C-A914-A27603D52557,JL. Lintas Barat Sumatra Desa Ulak Pndan Ulak Pandan Kec. Nasal Kab. Kaur Prov. Bengkulu,Kab. Kaur,,Bengkulu
70033780,SMA BINTANG PERSADA,https://sekolah.data.kemdikbud.go.id/index.php/Chome/profil/580BEF6C-E3CC-4208-BB24-A28BEF6FC837,Jalan Kebo Iwa No.9 Desa Mengwitani Kec.... Mengwitani Kec. Mengwi Kab. Badung Prov. Bali,Kab. Badung,,Bali
20542494,SMAS MUHAMMADIYAH 2 WATULIMO,https://sekolah.data.kemdikbud.go.id/index.php/Chome/profil/26AB3101-BF56-49AA-ABB8-A28FFE033F06,JL. RAYA PANTAI PRIGI Watulimo Kec. Watulimo Kab. Trenggalek Prov. Jawa Timur,Kab. Trenggalek,,Jawa Timur
20502727,SMAN 1 SOOKO,https://sekolah.data.kemdikbud.go.id/index.php/Chome/profil/B74561B0-386F-43B9-97F4-A291359DAEAD,JL. R. AKHMAD BASUNI NO. 361 Japan Kec. Sooko Kab. Mojokerto Prov. Jawa Timur,Kab. Mojokerto,,Jawa Timur
20317494,SMA NEGERI 1 KUDUS,https://sekolah.data.kemdikbud.go.id/index.php/Chome/profil/A69C65B5-63F8-449D-8A9C-A2A00324C4BB,JL. PRAMUKA 41 KUDUS Mlati Lor Kec. Kota Kudus Kab. Kudus Prov. Jawa Tengah,Kab. Kudus,,Jawa Tengah
20531153,SMAS ISLAM ANNAFIIYAH,https://sekolah.data.kemdikbud.go.id/index.php/Chome/profil/5B78C784-D267-431D-ABA3-A2A00A9C3143,JL.KH. NAFI`I 11 BATUKAPAH KAMPAK GEGER Kampak Kec. Geger Kab. Bangkalan Prov. Jawa Timur,Kab. Bangkalan,,Jawa Timur
10206129,SMAN 1 ADIANKOTING,https://sekolah.data.kemdikbud.go.id/index.php/Chome/profil/984008A5-2ABE-4374-9B32-A2A8867B58C4,JL. TARUTUNG SIBOLGA KM 25 Adian Koting Kec. Adian Koting Kab. Tapanuli Utara Prov. Sumatera Utara,Kab. Tapanuli Utara,,Sumatera Utara
30203693,SMAS PGRI 5 PIRSUS,https://sekolah.data.kemdikbud.go.id/index.php/Chome/profil/FFA465C1-CCB7-4A17-8F0E-A2AA9441AAE8,PIRSUS 2 PANGKALAN BANTENG Sido Mulyo Kec. Pangkalan Banteng Kab. Kotawaringin Barat Prov. Kalimantan Tengah,Kab. Kotawaringin Barat,,Kalimantan Tengah
20107281,SMAS BAKTI MULYA 400,https://sekolah.data.kemdikbud.go.id/index.php/Chome/profil/6C5D0A88-F056-409C-9DC8-A2B2DE95B4BB,JL.LINGKAR SELATAN Pondok Pinang Kec. Kebayoran Lama Kota Adm. Jakarta Selatan Prov. D.K.I. Jakarta,,Kota Adm. Jakarta Selatan,D.K.I. Jakarta
70033826,SMA AMAL MULIA BOARDING SCHOOL PEKANBARU,https://sekolah.data.kemdikbud.go.id/index.php/Chome/profil/8744A70F-12AA-493B-B9B5-A2B44DFCC46E,JALAN SETIA NO. 1 H. IMAM MUNANDAR RT.1 ... Tengkerang Utara Kec. Bukit Raya Kota Pekanbaru Prov. Riau,,Kota Pekanbaru,Riau
50302620,SMA NEGERI MAUROLE,https://sekolah.data.kemdikbud.go.id/index.php/Chome/profil/FC1A48D1-C9B3-44BA-8E1F-A2B9513D2765,JL. TRANS UTARA ENDE - MAUMERE KM. 81 Mausambi Kec. Maurole Kab. Ende Prov. Nusa Tenggara Timur,Kab. Ende,,Nusa Tenggara Timur
70052474,SMA Fathussibyan,https://sekolah.data.kemdikbud.go.id/index.php/Chome/profil/AD4D46C6-8968-48C1-9FAB-A2BA35BC0A26,Jl. Palka Kp. Cibawang  RT. 01 RW. 06 Kubang Baros Kec. Cinangka Kab. Serang Prov. Banten,Kab. Serang,,Banten
10220228,SMAS HARAPAN PAYA BAKUNG,https://sekolah.data.kemdikbud.go.id/index.php/Chome/profil/0E539679-24F4-4011-8D32-A2BAED010AA0,Jl. Pelajar Paya Bakung Kec. Hamparan Perak Kab. Deli Serdang Prov. Sumatera Utara,Kab. Deli Serdang,,Sumatera Utara
40202633,SMAN 1 BUNGKU UTARA,https://sekolah.data.kemdikbud.go.id/index.php/Chome/profil/99392669-561B-4965-86FF-A2BB15429294,JL. NANGKA NO. 35 Desa Tirongan Bawah Kec. Bungku Utara Kab. Morowali Utara Prov. Sulawesi Tengah,Kab. Morowali Utara,,Sulawesi Tengah
20570413,SMAN 1 TOSARI,https://sekolah.data.kemdikbud.go.id/index.php/Chome/profil/4D3208D1-9EF0-4763-A6EB-A2C9C9113B35,Jl. Masjid Besar Al-Mujahiddin No.7 Tosari Kec. Tosari Kab. Pasuruan Prov. Jawa Timur,Kab. Pasuruan,,Jawa Timur
20231710,SMAS ISLAM ASSYAFIIYAH 02,https://sekolah.data.kemdikbud.go.id/index.php/Chome/profil/3AC663C1-C1B4-4F6E-ACC0-A2CD3F3F8B03,JL. JATIWARINGIN NO. 8 Jaticempaka Kec. Pondokgede Kota Bekasi Prov. Jawa Barat,,Kota Bekasi,Jawa Barat
10211406,SMAN 3 BINJAI,https://sekolah.data.kemdikbud.go.id/index.php/Chome/profil/D3D2E00E-3FC9-46A2-8B85-A2CEFD572AF3,JL. PADANG SIDEMPUAN NO. 24 BINJAI Rambung Barat Kec. Binjai Selatan Kota Binjai Prov. Sumatera Utara,,Kota Binjai,Sumatera Utara
20227819,SMA AL-HUDA ARJASARI,https://sekolah.data.kemdikbud.go.id/index.php/Chome/profil/02143336-6DA6-46A2-96A3-A2D63FB5716F,JL. BABAKAN MANTRI PINGGIRSARI ARJASARI Pinggirsari Kec. Arjasari Kab. Bandung Prov. Jawa Barat,Kab. Bandung,,Jawa Barat
10646296,SMAS HANURA,https://sekolah.data.kemdikbud.go.id/index.php/Chome/profil/1EB8215D-F2C6-472C-A92C-A2DE45E71522,jln. Bintang Alam Tanjung Jaya Kec. Buay Pemaca Kab. Ogan Komering Ulu Selatan Prov. Sumatera Selatan,Kab. Ogan Komering Ulu Selatan,,Sumatera Selatan
69978863,SMA ISLAM TERPADU HIDAYAH KLATEN,https://sekolah.data.kemdikbud.go.id/index.php/Chome/profil/B0D1CFBD-7433-430E-ACE5-A2E7CB4A699E,"Jl. Klaten -  Boyolali KM. 3,5 Ngawen Ngawen Kec. Ngawen Kab. Klaten Prov. Jawa Tengah",Kab. Klaten,,Jawa Tengah
50304066,SMAS KARANU WAIKABUBAK,https://sekolah.data.kemdikbud.go.id/index.php/Chome/profil/61B4F6D5-BD70-406B-8529-A2EB6E23B444,JL.KODAKA Kodaka Kec. Kota Waikabubak Kab. Sumba Barat Prov. Nusa Tenggara Timur,Kab. Sumba Barat,,Nusa Tenggara Timur
10809287,SMAN 1 GEDUNG AJI,https://sekolah.data.kemdikbud.go.id/index.php/Chome/profil/D4FF52EE-D3F0-4859-9BDF-A2F1D1643781,Jl. Poros Desa Kecubung Jaya Kecubung Jaya Kec. Gedung Aji Kab. Tulang Bawang Prov. Lampung,Kab. Tulang Bawang,,Lampung
70038561,SMA Swasta Maitreyawira Kisaran,https://sekolah.data.kemdikbud.go.id/index.php/Chome/profil/E6696DB0-9434-4414-A457-A2F5907AD624,Jl. Pramuka No. 19 Lk. V Tebing Kisaran Kec. Kisaran Barat Kab. Asahan Prov. Sumatera Utara,Kab. Asahan,,Sumatera Utara
69984097,SMA NEGERI 13 KEPULAUAN SULA,https://sekolah.data.kemdikbud.go.id/index.php/Chome/profil/0A9157A9-6CC4-46DB-88F8-A2FAF4F9CB29,Jln Fatparoma desa Nahi kec Sulabesi Bar... NAHI Kec. Sula Besi Barat Kab. Kepulauan Sula Prov. Maluku Utara,Kab. Kepulauan Sula,,Maluku Utara
10202764,SMA NEGERI 1 DOLOK PANRIBUAN,https://sekolah.data.kemdikbud.go.id/index.php/Chome/profil/9D5B446E-8CDB-468D-ADED-A3003429B98E,JL. BESAR PARAPAT TIGA DOLOK Dolok Parmonangan Kec. Dolok Panribuan Kab. Simalungun Prov. Sumatera Utara,Kab. Simalungun,,Sumatera Utara
70055744,SEKOLAH MENENGAH ATAS NEGERI 1 PONDOKSALAM,https://sekolah.data.kemdikbud.go.id/index.php/Chome/profil/C8734175-4B1D-4DDD-849A-A3082D0D6E6F,Kp. Krajan RT 032 RW 009 Tanjungsari Kec. Pondok Salam Kab. Purwakarta Prov. Jawa Barat,Kab. Purwakarta,,Jawa Barat
10205373,SMAS PELITA AEKKANOPAN,https://sekolah.data.kemdikbud.go.id/index.php/Chome/profil/AF765BD5-10D2-445E-AF90-A30E486DE389,JL. JENDERAL SUDIRMAN UJUNG AEKKANOPAN Aek Kanopan Kec. Kualuh Hulu Kab. Labuhanbatu Utara Prov. Sumatera Utara,Kab. Labuhanbatu Utara,,Sumatera Utara
20227911,SMA AL-FALAH BANJARAN,https://sekolah.data.kemdikbud.go.id/index.php/Chome/profil/81967438-8340-4F80-8F94-A30E4B8E8A8A,JL. KACA-KACA DUA RT 03 RW 03 PASIRMULYA... Pasirmulya Kec. Banjaran Kab. Bandung Prov. Jawa Barat,Kab. Bandung,,Jawa Barat
40103298,SMA NEGERI MARORE,https://sekolah.data.kemdikbud.go.id/index.php/Chome/profil/8A20DC41-42A7-4928-A033-A313AFA774E9,KAMPUNG MARORE Marore Kec. Kepulauan Marore Kab. Kepulauan Sangihe Prov. Sulawesi Utara,Kab. Kepulauan Sangihe,,Sulawesi Utara
10258425,SMAN 2 MANDREHE,https://sekolah.data.kemdikbud.go.id/index.php/Chome/profil/31206ED9-7FE2-4430-BE1A-A314D2453B59,JL. DESA SISOBAMBOWO Sisobambowo Kec. Mandrehe Kab. Nias Barat Prov. Sumatera Utara,Kab. Nias Barat,,Sumatera Utara
69756683,SMA AZ-ZUHRA ISLAMIC SCHOOL,https://sekolah.data.kemdikbud.go.id/index.php/Chome/profil/A561F1F6-AADA-448C-AC79-A31FD6B842A4,JL. KETITIRAN Simpaagbaru Kec. Binawidya Kota Pekanbaru Prov. Riau,,Kota Pekanbaru,Riau
50205317,SMAN 1 ALAS BARAT,https://sekolah.data.kemdikbud.go.id/index.php/Chome/profil/864E58D9-CCCF-405C-B20F-A3275D7801DA,JL. RAYA SIMPANG LEKONG Lekong Kec. Alas Barat Kab. Sumbawa Prov. Nusa Tenggara Barat,Kab. Sumbawa,,Nusa Tenggara Barat
70023899,SMA MUHAMMADIYAH AHMAD DAHLAN METRO,https://sekolah.data.kemdikbud.go.id/index.php/Chome/profil/657B32FE-25B4-49A1-9E22-A3284DF1824E,JL. KH. AHMAD DAHLAN REJOMULYO METRO Rejomulyo Kec. Metro Selatan Kota Metro Prov. Lampung,,Kota Metro,Lampung
30104087,SMAS HARAPAN BANGSA SAMALANTAN,https://sekolah.data.kemdikbud.go.id/index.php/Chome/profil/059909B0-7891-45B7-8E10-A329956188CD,JL. RAYA SAMALANTAN Samalantan Kec. Samalantan Kab. Bengkayang Prov. Kalimantan Barat,Kab. Bengkayang,,Kalimantan Barat
10208952,SMAS ST PETRUS URAT,https://sekolah.data.kemdikbud.go.id/index.php/Chome/profil/9F6F0164-9F9F-4A48-A5BD-A329BEC9DF25,URAT TIMUR Urat Timur Kec. Palipi Kab. Samosir Prov. Sumatera Utara,Kab. Samosir,,Sumatera Utara
69821180,SMAN 6 TAMBUN SELATAN,https://sekolah.data.kemdikbud.go.id/index.php/Chome/profil/BBFE0ACE-476C-4D88-8903-A32BEEECF30A,Jl. Jatimulya Raya Rt. 01 Rw.13 Kel. Jat... Jatimulya Kec. Tambun Selatan Kab. Bekasi Prov. Jawa Barat,Kab. Bekasi,,Jawa Barat
10498734,SMAN 3 BANTAN,https://sekolah.data.kemdikbud.go.id/index.php/Chome/profil/3433C5C5-77E2-4046-BEE2-A32DC32A6A7A,Jl. Perkebunan IV Teluk Lancar Kec. Bantan Kab. Bengkalis Prov. Riau,Kab. Bengkalis,,Riau
20238006,SMAS ISLAM ASY SYIFA,https://sekolah.data.kemdikbud.go.id/index.php/Chome/profil/B325302E-4DB0-40F7-A8F5-A3332D2A38AC,KP. SAMPORA  DS. JAYA SAMPURNA KEC.SERAN... Jayasampurna Kec. Serang Baru Kab. Bekasi Prov. Jawa Barat,Kab. Bekasi,,Jawa Barat
60403525,SMAN ORANSBARI,https://sekolah.data.kemdikbud.go.id/index.php/Chome/profil/90BF7BC6-8123-4DF1-A37E-A338F17059B3,JL. GUNUNG WONDIF Waroser Kec. Oransbari Kab. Manokwari Selatan Prov. Papua Barat,Kab. Manokwari Selatan,,Papua Barat
20549657,SMAN JENGGAWAH,https://sekolah.data.kemdikbud.go.id/index.php/Chome/profil/F967CCA7-B40F-4195-8FD8-A33BF2C9B7AB,Jalan Tempurejo Nomor 76 Wonojati Kec. Jenggawah Kab. Jember Prov. Jawa Timur,Kab. Jember,,Jawa Timur
20314906,SMA NEGERI 2 CEPU,https://sekolah.data.kemdikbud.go.id/index.php/Chome/profil/8731E1A1-4988-4FA1-80D5-A33D69704C4F,JALAN RANDUBLATUNG KM. 5 CEPU Mernung Kec. Cepu Kab. Blora Prov. Jawa Tengah,Kab. Blora,,Jawa Tengah
10102729,SMA NEGERI 1 TAPAKTUAN,https://sekolah.data.kemdikbud.go.id/index.php/Chome/profil/B3690249-6B5E-4499-AB88-A34164D453BD,JL. JENDRAL SUDIRMAN NO. 5 TAPAKTUAN Hilir Kec. Tapak Tuan Kab. Aceh Selatan Prov. Aceh,Kab. Aceh Selatan,,Aceh
20309679,SMA NEGERI 1 KARANGDOWO,https://sekolah.data.kemdikbud.go.id/index.php/Chome/profil/10510F69-7FEC-4A2C-ABD0-A34445507DFB,JL. SENTONO KARANGDOWO Sentono Kec. Karangdowo Kab. Klaten Prov. Jawa Tengah,Kab. Klaten,,Jawa Tengah
10609317,SMAS DARUL FALAH KEMANG INDAH,https://sekolah.data.kemdikbud.go.id/index.php/Chome/profil/D950AE15-4DB7-4D7E-9B11-A3499C0F9663,JL. BANI ISRAIL Kemang Indah Kec. Mesuji Raya Kab. Ogan Komering Ilir Prov. Sumatera Selatan,Kab. Ogan Komering Ilir,,Sumatera Selatan
70028505,SMA IT AL-KHOLIS,https://sekolah.data.kemdikbud.go.id/index.php/Chome/profil/4422C5C4-E2F6-4B98-B7B7-A34FEF3B1711,JL. Karya Dusun Pati Sidodadi Kec. Sidomulyo Kab. Lampung Selatan Prov. Lampung,Kab. Lampung Selatan,,Lampung
70002048,SMA GHOZALIYYAH SYAFI IYYAH,https://sekolah.data.kemdikbud.go.id/index.php/Chome/profil/55F1E613-B0B0-49FF-BBFD-A351FA461F79,Dusun IV RT/RW 001/004 Gaya Baru Enam Kec. Seputih Surabaya Kab. Lampung Tengah Prov. Lampung,Kab. Lampung Tengah,,Lampung
69879766,SMA KRISTEN ANUGERAH,https://sekolah.data.kemdikbud.go.id/index.php/Chome/profil/81D0939E-0DAB-46AE-B46D-A352575ACB10,Jl. Ohoibun Barat Desa Langgur Langgur Kec. Kei Kecil Kab. Maluku Tenggara Prov. Maluku,Kab. Maluku Tenggara,,Maluku
69815459,SMA NEGERI 3 SAWAHLUNTO,https://sekolah.data.kemdikbud.go.id/index.php/Chome/profil/EC194056-EAE5-4871-AD4F-A35E472B52B9,JL. SIMPANG JAGUNG KOLOK MUDIK Kec. Barangin Kota Sawahlunto Prov. Sumatera Barat,,Kota Sawahlunto,Sumatera Barat
10503256,SMAN 9 TEBO,https://sekolah.data.kemdikbud.go.id/index.php/Chome/profil/6E2526A4-8CC3-4739-B2BA-A367F99FA20A,Jalan Lawu Suka Maju Kec. Rimbo Ulu Kab. Tebo Prov. Jambi,Kab. Tebo,,Jambi
10505725,SMAN 11 KERINCI,https://sekolah.data.kemdikbud.go.id/index.php/Chome/profil/FB9BB6B9-77AF-4121-ABE0-A3689A0F5ACB,UJUNG PASIR Ujung Pasir Kec. Danau Kerinci Kab.  Kerinci Prov. Jambi,Kab.  Kerinci,,Jambi
69763289,SMAN 16 BULUKUMBA,https://sekolah.data.kemdikbud.go.id/index.php/Chome/profil/B0DF492F-307C-4DEF-91C5-A3742DE079E2,ARA A R A Kec. Bontobahari Kab. Bulukumba Prov. Sulawesi Selatan,Kab. Bulukumba,,Sulawesi Selatan
20400380,SMA NEGERI 2 BANGUNTAPAN,https://sekolah.data.kemdikbud.go.id/index.php/Chome/profil/27B4FA4C-8DA4-456F-91A7-A374F655DC38,"Glondong, Wirokerten, Banguntapan, Bantu... Wirokerten Kec. Banguntapan Kab. Bantul Prov. D.I. Yogyakarta",Kab. Bantul,,D.I. Yogyakarta
20210748,SMAS AL HIDAYAH PUSPAHIANG,https://sekolah.data.kemdikbud.go.id/index.php/Chome/profil/4A2D3C22-B4F4-4C4B-86B9-A37DB0D45C6F,Jl.Cicanir Kp Sindanglengo Desa Luyubakt... Luyubakti Kec. Puspahiang Kab. Tasikmalaya Prov. Jawa Barat,Kab. Tasikmalaya,,Jawa Barat
20531155,SMAS ATTHOLHAWIYAH,https://sekolah.data.kemdikbud.go.id/index.php/Chome/profil/2B1438D2-E261-410F-842E-A3851DFFD842,Jl. PP. Sumurnangka PO. Box 05 Modung Ba... Suwaan Kec. Modung Kab. Bangkalan Prov. Jawa Timur,Kab. Bangkalan,,Jawa Timur
60400313,SMAS PGRI SORONG,https://sekolah.data.kemdikbud.go.id/index.php/Chome/profil/5B0ABB1B-3777-4F2C-8AEA-A38AFFE03D94,JL. DANAU SIDI Klawasi Kec. Sorong Barat Kota Sorong Prov. Papua Barat Daya,,Kota Sorong,Papua Barat Daya
20203722,SMA NEGERI 1 warungkondang,https://sekolah.data.kemdikbud.go.id/index.php/Chome/profil/0F3408BF-14D7-4BC5-A740-A38D27209765,JL. PASIRHUNI NO.15 GEKBRONG Cintaasih Kec. Gekbrong Kab. Cianjur Prov. Jawa Barat,Kab. Cianjur,,Jawa Barat
60401962,SMAS YPK BINTUNI,https://sekolah.data.kemdikbud.go.id/index.php/Chome/profil/29AD294A-696C-4925-AF2C-A391CB2FB48D,JL. RAYA BINTUNI Bintuni Timur Kec. Bintuni Kab. Teluk Bintuni Prov. Papua Barat,Kab. Teluk Bintuni,,Papua Barat
20221587,SMAS PESANTREN TERPADU HAYATAN THAYYIBAH,https://sekolah.data.kemdikbud.go.id/index.php/Chome/profil/8F825B02-6486-47D3-AA8A-A39631C1D0EE,JL. KARAMAT NO. 123 SUKABUMI Gunung Puyuh Kec. Gunung Puyuh Kota Sukabumi Prov. Jawa Barat,,Kota Sukabumi,Jawa Barat
20400865,SMAS ANGKASA ADISUCIPTO,https://sekolah.data.kemdikbud.go.id/index.php/Chome/profil/AF297FE6-CEA5-4B13-93E7-A396D22F1CB9,"JL. JANTI, MAGUWOHARJO Maguwoharjo Kec. Depok Kab. Sleman Prov. D.I. Yogyakarta",Kab. Sleman,,D.I. Yogyakarta
40101775,SMA NEGERI 1 ESSANG,https://sekolah.data.kemdikbud.go.id/index.php/Chome/profil/9539A8E3-84DF-4E17-94D6-A39C8EFA0F6B,JL. KAMPUNG BARU Essang Kec. Essang Kab. Kepulauan Talaud Prov. Sulawesi Utara,Kab. Kepulauan Talaud,,Sulawesi Utara
69963098,SMAN 1 Cidahu,https://sekolah.data.kemdikbud.go.id/index.php/Chome/profil/9B4F6DB2-4009-4C80-94DD-A39E57D8A835,Kp. Pasireungit RT. 03 RW.08 Jayabakti Kec. Cidahu Kab. Sukabumi Prov. Jawa Barat,Kab. Sukabumi,,Jawa Barat
69978355,SMAN 2 TAPUNG HULU,https://sekolah.data.kemdikbud.go.id/index.php/Chome/profil/F6306C33-5134-4192-848D-A3A2EB6A4D00,Jl. Desa Dusun 1 Sidomulyo Kusau Makmur Kusau Makmur Kec. Tapung Hulu Kab. Kampar Prov. Riau,Kab. Kampar,,Riau
69900056,SMA IT JANNATUL FIRDAUS,https://sekolah.data.kemdikbud.go.id/index.php/Chome/profil/8B545E1E-2DC4-4079-8C0A-A3A331B90D4B,Dusun IV Maur Baru MAUR BARU Kec. Rupit Kab. Musi Rawas Utara Prov. Sumatera Selatan,Kab. Musi Rawas Utara,,Sumatera Selatan
20309677,SMA NEGERI 1 KARANGNONGKO,https://sekolah.data.kemdikbud.go.id/index.php/Chome/profil/CCC54CD7-3026-4340-9EC4-A3A415C4EF1C,Jl. Deles Somokaton Kec. Karangnongko Kab. Klaten Prov. Jawa Tengah,Kab. Klaten,,Jawa Tengah
69880558,SMA IT RUHUL JADID,https://sekolah.data.kemdikbud.go.id/index.php/Chome/profil/4EECFB03-AA72-4198-997F-A3AA40295F6A,JL. RAYA KUTRUK NAGRAK MARGASARI. Marga Sari Kec. Tiga raksa Kab. Tangerang Prov. Banten,Kab. Tangerang,,Banten
20219262,SMA Santo Aloysius2,https://sekolah.data.kemdikbud.go.id/index.php/Chome/profil/AAACD037-F1DA-45CA-B077-A3B08D309023,JL. BATUNUNGGAL INDAH II NO. 30 Mengger Kec. Bandung Kidul Kota Bandung Prov. Jawa Barat,,Kota Bandung,Jawa Barat
10258264,SMA NEGERI 1 ULU IDANOTAE,https://sekolah.data.kemdikbud.go.id/index.php/Chome/profil/2B5FC76E-F8C3-4394-B1A7-A3B0EF4E3523,Fanedanu Fanedanu Kec. Ulu Idanotae Kab. Nias Selatan Prov. Sumatera Utara,Kab. Nias Selatan,,Sumatera Utara
10201997,SMA SWASTA GBKP KABANJAHE,https://sekolah.data.kemdikbud.go.id/index.php/Chome/profil/C7E0A1F4-27C4-41F5-B52E-A3B95A39B636,JL. MARIAM GINTING NO.3 KABANJAHE Gung Leto Kec. Kabanjahe Kab. Karo Prov. Sumatera Utara,Kab. Karo,,Sumatera Utara
20104433,SMAS MUHAMMADIYAH 15,https://sekolah.data.kemdikbud.go.id/index.php/Chome/profil/4C31296B-6AA1-49FF-9F7A-A3BB1D8A3843,JL. ANGGREK NELI MURNI BC Kemanggisan Kec. Palmerah Kota Adm. Jakarta Barat Prov. D.K.I. Jakarta,,Kota Adm. Jakarta Barat,D.K.I. Jakarta
20237389,SMAS PGRI CIKAMPEK,https://sekolah.data.kemdikbud.go.id/index.php/Chome/profil/C91DFA7E-88C2-4DD6-A1B8-A3BC754C55A8,JL. IR. H. JUANDA Jomin Barat Kec. Kotabaru Kab. Karawang Prov. Jawa Barat,Kab. Karawang,,Jawa Barat
50205208,SMAS ARRAHMAN LINGKOK GODAK KOPANG,https://sekolah.data.kemdikbud.go.id/index.php/Chome/profil/1BC1EA65-7D8F-4CCE-958A-A3BDAC732977,JL. NYEREDEP LINGKOK-GODAK Waja Geseng Kec. Kopang Kab. Lombok Tengah Prov. Nusa Tenggara Barat,Kab. Lombok Tengah,,Nusa Tenggara Barat
70034784,SMA Negeri 16 Seram Bagian Timur,https://sekolah.data.kemdikbud.go.id/index.php/Chome/profil/65EC0AFD-8A78-437E-A0D8-A3BE44EB67A0,Jl. Hi. Muhammad Dahlan- Desa Afang Defo... Afang Defol Kec. Kilmury Kab. Seram Bagian Timur Prov. Maluku,Kab. Seram Bagian Timur,,Maluku
69896282,SMAN 1 DUKUN,https://sekolah.data.kemdikbud.go.id/index.php/Chome/profil/0AFA1F54-51B2-44D1-9B69-A3C482A50627,Jl. Raya Mentaras Dukun Mentaras Kec. Dukun Kab. Gresik Prov. Jawa Timur,Kab. Gresik,,Jawa Timur
10206583,SMAN 1 TUKKA,https://sekolah.data.kemdikbud.go.id/index.php/Chome/profil/2B75B151-7ECC-40B6-B3B2-A3C6B5531FEF,JL. PENDIDIKAN NO. 2 TUKKA Tukka Kec. Tukka Kab. Tapanuli Tengah Prov. Sumatera Utara,Kab. Tapanuli Tengah,,Sumatera Utara
69940471,SMA PGRI MIRAH LESTARI,https://sekolah.data.kemdikbud.go.id/index.php/Chome/profil/16BF98A5-2ED9-4BAC-9B5A-A3CBF306B117,Jl. Poros BHL Mirah Estate 02 Desa Mirah... Mirah Kalanaman Kec. Katingan Tengah Kab. Katingan Prov. Kalimantan Tengah,Kab. Katingan,,Kalimantan Tengah
40501796,SMA NEGERI 4 GORONTALO UTARA,https://sekolah.data.kemdikbud.go.id/index.php/Chome/profil/A40A762E-CA7D-4C9D-8E40-A3D048245792,JL. TRANS SULAWESI Tolinggula Pantai Kec. Tolinggula Kab. Gorontalo Utara Prov. Gorontalo,Kab. Gorontalo Utara,,Gorontalo
10494088,SMAS AL MUSLIMUN,https://sekolah.data.kemdikbud.go.id/index.php/Chome/profil/547BB736-F595-46F2-A7D4-A3E064EF29BE,"JL. LINTAS TIMUR KM 29,5 Muda Setia Kec. Bandar Sei Kijang Kab.  Pelalawan Prov. Riau",Kab.  Pelalawan,,Riau
70040090,SMA Negeri Poga,https://sekolah.data.kemdikbud.go.id/index.php/Chome/profil/6A25FD78-9372-427A-A09B-A3E10DBD1F11,Kampung Lugobak Lugobak Kec. Poga Kab. Lanny Jaya Prov. Papua Pegunungan,Kab. Lanny Jaya,,Papua Pegunungan
69947165,SMAN 3 SEKADAU HULU,https://sekolah.data.kemdikbud.go.id/index.php/Chome/profil/5517019A-B8D5-412F-A432-A3E652BED51D,Jl. Raya Tapang Perodah Tapang Perodah Kec. Sekadau Hulu Kab. Sekadau Prov. Kalimantan Barat,Kab. Sekadau,,Kalimantan Barat
69761963,SMAN 2 SINGINGI HILIR,https://sekolah.data.kemdikbud.go.id/index.php/Chome/profil/7C6344AA-8BFB-4199-94AA-A3EE1E08F8B2,JL JEND SUDIRMAN DESA BERINGIN JAYA Beringin Jaya Kec. Singingi Hilir Kab. Kuantan Singingi Prov. Riau,Kab. Kuantan Singingi,,Riau
69987979,SMA ISLAM SABILUL HIDAYAH,https://sekolah.data.kemdikbud.go.id/index.php/Chome/profil/E1692FBA-B8D0-4E9B-9132-A3EF66ECEF65,Gunung Sangkaran Gunung Sangkaran Kec. Blambangan Umpu Kab. Way Kanan Prov. Lampung,Kab. Way Kanan,,Lampung
60202793,SMA NEGERI 1 HALMAHERA BARAT,https://sekolah.data.kemdikbud.go.id/index.php/Chome/profil/250A2ADD-C9AC-4C34-806C-A4003DF838E0,JL. Drs. B. Th. MALESSY - SOAKONORA Soakonora Kec. Jailolo Kab. Halmahera Barat Prov. Maluku Utara,Kab. Halmahera Barat,,Maluku Utara
60301896,SMA Negeri 3 Nabire,https://sekolah.data.kemdikbud.go.id/index.php/Chome/profil/98465876-2B72-49D1-9FEA-A404CE6D5160,Jl Padat Karya Sanoba Sanoba Kec. Nabire Kab. Nabire Prov. Papua Tengah,Kab. Nabire,,Papua Tengah
69857939,SMAN 13 Kota Depok,https://sekolah.data.kemdikbud.go.id/index.php/Chome/profil/63050206-A9B6-4793-A4F6-A40E262E2973,Jl. Pedurenan Cisalak Pasar Cisalak Pasar Kec. Cimanggis Kota Depok Prov. Jawa Barat,,Kota Depok,Jawa Barat
69822832,SMAS AL - AFLAH,https://sekolah.data.kemdikbud.go.id/index.php/Chome/profil/420B740B-3614-4938-8062-A40E2D5BE497,Ds. Banjar Kec. Kedungdung Kab. Sampang Banjar Kec. Kedungdung Kab. Sampang Prov. Jawa Timur,Kab. Sampang,,Jawa Timur
20265517,SMAS AL ISLAM,https://sekolah.data.kemdikbud.go.id/index.php/Chome/profil/AE53BBC9-8452-4E13-9A38-A40E5A6AF9CF,JL. CILENGKRANG I Cisurupan Kec. Cibiru Kota Bandung Prov. Jawa Barat,,Kota Bandung,Jawa Barat
10609664,SMA AISYIYAH 01 PALEMBANG,https://sekolah.data.kemdikbud.go.id/index.php/Chome/profil/9CA86A04-C8AF-4F97-8B11-A40F5A0FDC0C,JL. BALAYUDHA KM. 4.5 PLG Ario Kemuning Kec. Kemuning Kota Palembang Prov. Sumatera Selatan,,Kota Palembang,Sumatera Selatan
70014745,SMA NEGERI FAUTMOLO,https://sekolah.data.kemdikbud.go.id/index.php/Chome/profil/76D0F3EF-8EE4-4B93-9AA9-A4108B17CA95,Jalan Raya Oeleon Oeleon Kec. Fautmolo Kab. Timor Tengah Selatan Prov. Nusa Tenggara Timur,Kab. Timor Tengah Selatan,,Nusa Tenggara Timur
70055674,SEKOLAH MENENGAH ATAS ISLAM TERPADU ZEINTA CENDIKIA,https://sekolah.data.kemdikbud.go.id/index.php/Chome/profil/9076FB1F-D537-4804-ABD4-A41212CAE737,Jln. Sweta - Mantang Km. 20 Dasan Cermen Aik Dareq Kec. Batukliang Kab. Lombok Tengah Prov. Nusa Tenggara Barat,Kab. Lombok Tengah,,Nusa Tenggara Barat
20202261,SMAN 1 CISAAT,https://sekolah.data.kemdikbud.go.id/index.php/Chome/profil/72896E4B-8BA5-4C25-AB5B-A415D2F816F8,JL. VETERAN KM. 3 KAB.SUKABUMI Mangkalaya Kec. Gunung Guruh Kab. Sukabumi Prov. Jawa Barat,Kab. Sukabumi,,Jawa Barat
69880590,SMA NEGERI ILUGUA,https://sekolah.data.kemdikbud.go.id/index.php/Chome/profil/694EA033-BB20-4729-B88D-A4191FB8C753,WIRIMA Ilugwa Kec. Ilugwa Kab. Mamberamo Tengah Prov. Papua Pegunungan,Kab. Mamberamo Tengah,,Papua Pegunungan
69774800,SMAS AT TAUFIQIYAH,https://sekolah.data.kemdikbud.go.id/index.php/Chome/profil/261C563F-B20A-403E-868F-A41BF77DC757,Jl. RAYA BATOKABAN Batokaban Kec. Konang Kab. Bangkalan Prov. Jawa Timur,Kab. Bangkalan,,Jawa Timur
10259584,SMA SWASTA AL MAKSUM,https://sekolah.data.kemdikbud.go.id/index.php/Chome/profil/8ED5C2C8-7609-4985-93AE-A41D7DA0B10D,JL. SATRIA GG. AL MAKSUM DUSUN XI Cinta Rakyat Kec. Percut Sei Tuan Kab. Deli Serdang Prov. Sumatera Utara,Kab. Deli Serdang,,Sumatera Utara
69943283,SMA IT PLUS BAZMA BRILLIANT,https://sekolah.data.kemdikbud.go.id/index.php/Chome/profil/C9709AFE-0D83-4C2E-A691-A421494E2393,"Jl. Sekolah, Komplek Perumahan Pertamina Bukit Datuk Kec. Dumai Selatan Kota Dumai Prov. Riau",,Kota Dumai,Riau
10493902,SMAS HARAPAN PUJUD,https://sekolah.data.kemdikbud.go.id/index.php/Chome/profil/516E1454-4922-4F3E-B6F9-A428864C64F9,TANJUNG MAKMUR Tanjung Medan Kec. Pujud Kab.  Rokan Hilir Prov. Riau,Kab.  Rokan Hilir,,Riau
30106139,SMAN 4 SEKADAU,https://sekolah.data.kemdikbud.go.id/index.php/Chome/profil/1FCCC3B2-7B3A-486E-94D0-A42FD0EBB489,JL. Poros Setor Karya Timpuk Kec. Sekadau Hilir Kab. Sekadau Prov. Kalimantan Barat,Kab. Sekadau,,Kalimantan Barat
10505057,SMAN 13 MERANGIN,https://sekolah.data.kemdikbud.go.id/index.php/Chome/profil/836CCD3E-C61D-4FFA-8937-A430C818B018,Jln. Pendidikan No.1 Suko Rejo Kec. Margo Tabir Kab.  Merangin Prov. Jambi,Kab.  Merangin,,Jambi
10400840,SMAN 1 BUKIT BATU,https://sekolah.data.kemdikbud.go.id/index.php/Chome/profil/A0E7D885-F4D9-4EE6-A156-A4337B7754A0,JL. AHMAD YANI Sejangat Kec. Bukit Batu Kab. Bengkalis Prov. Riau,Kab. Bengkalis,,Riau
20209187,SMAS YASTIC KARANGTENGAH,https://sekolah.data.kemdikbud.go.id/index.php/Chome/profil/794FD72F-5815-40E8-9E49-A4374F2F47D8,JL. KARANGTENGAH NO. 69 Caringin Kec. Karangtengah Kab. Garut Prov. Jawa Barat,Kab. Garut,,Jawa Barat
40404159,SMAN 1 KAPOIALA,https://sekolah.data.kemdikbud.go.id/index.php/Chome/profil/62243443-45BA-4F4B-9429-A437B2BB745E,Jln. Poros Kendari Kapoiala KM.14 Desa L... Labotoy Kec. Kapoiala Kab. Konawe Prov. Sulawesi Tenggara,Kab. Konawe,,Sulawesi Tenggara
20551902,SMAS MAMBAUL ULUM,https://sekolah.data.kemdikbud.go.id/index.php/Chome/profil/222C6332-4E10-45AA-9053-A43B6C01BABD,JL. RAYA PANGOLANGAN Pangolangan Kec. Burneh Kab. Bangkalan Prov. Jawa Timur,Kab. Bangkalan,,Jawa Timur
10646266,SMA MUHAMMADIYAH 3 MUARA ENIM,https://sekolah.data.kemdikbud.go.id/index.php/Chome/profil/2A843BF9-C33C-4780-A6B7-A44671130E49,JL. JEND. SUDIRMAN PELAWARAN Muara Enim Kec. Muara Enim Kab. Muara Enim Prov. Sumatera Selatan,Kab. Muara Enim,,Sumatera Selatan
30105467,SMAN 2 SINGKAWANG,https://sekolah.data.kemdikbud.go.id/index.php/Chome/profil/CCFB27DB-FF90-4919-BB6E-A4477E817C23,JL. CIMANDIRI NO. 43 Pasiran Kec. Singkawang Barat Kota Singkawang Prov. Kalimantan Barat,,Kota Singkawang,Kalimantan Barat
30202454,SMAN 1 PEMATANG KARAU,https://sekolah.data.kemdikbud.go.id/index.php/Chome/profil/2A46512F-2D0B-40DA-92B5-A449242A02FA,JL. NEGARA -AMPAH BUNTOK KM. 16 BAMBULUN... Bambulung Kec. Pematang Karau Kab. Barito Timur Prov. Kalimantan Tengah,Kab. Barito Timur,,Kalimantan Tengah
20215984,SMAN 1 ANJATAN,https://sekolah.data.kemdikbud.go.id/index.php/Chome/profil/3945C135-DC63-49E8-A520-A45FFEF5CFE1,Jalan Jenderal Ahmad Yani Km. 8 Kecamata... Lempuyang Kec. Anjatan Kab. Indramayu Prov. Jawa Barat,Kab. Indramayu,,Jawa Barat
40310158,SMAN 3 LUWU TIMUR,https://sekolah.data.kemdikbud.go.id/index.php/Chome/profil/4051F894-EDF2-458A-B49A-A461801546AB,JL. KASUARI NO. 2 WAWONDULA Langkea Raya Kec. Towuti Kab. Luwu Timur Prov. Sulawesi Selatan,Kab. Luwu Timur,,Sulawesi Selatan
20539851,SMAN SENDURO,https://sekolah.data.kemdikbud.go.id/index.php/Chome/profil/DDE2F0C9-473F-48AC-A161-A4635ECBDC50,JL. RAYA SENDURO Senduro Kec. Senduro Kab. Lumajang Prov. Jawa Timur,Kab. Lumajang,,Jawa Timur
10810335,SMAN 1 SENDANG AGUNG,https://sekolah.data.kemdikbud.go.id/index.php/Chome/profil/8EADE41D-596B-4B4A-9D69-A46654D9F7F6,JL. RAYA SENDANG REJO Sendang Rejo Kec. Sendang Agung Kab. Lampung Tengah Prov. Lampung,Kab. Lampung Tengah,,Lampung
20537013,SMAS NUSANTARA BUNGAH,https://sekolah.data.kemdikbud.go.id/index.php/Chome/profil/B24C6FC1-4368-4ADE-9CD5-A468A9D9E475,JL. MERDEKA NO. 05 MOJOPURO BUNGAH Mojopuro Wetan Kec. Bungah Kab. Gresik Prov. Jawa Timur,Kab. Gresik,,Jawa Timur
20360268,SMAS MUBAROKUL ULUM BANJARHARJO,https://sekolah.data.kemdikbud.go.id/index.php/Chome/profil/7FF76A05-FBE0-44A6-B879-A468F320AE63,Jalan Suka Asih Nomor 8 Penanggapan Kec. Banjarharjo Kab. Brebes Prov. Jawa Tengah,Kab. Brebes,,Jawa Tengah
20263276,SMAS AL MUMINUN CIPAKU,https://sekolah.data.kemdikbud.go.id/index.php/Chome/profil/E527A20E-C921-4517-A693-A469A6112940,RT 07/01 PANYINGKIRAN MUKTISARI CIPAKU Muktisari Kec. Cipaku Kab. Ciamis Prov. Jawa Barat,Kab. Ciamis,,Jawa Barat
20203736,SMA PLUS PGRI CIRANJANG,https://sekolah.data.kemdikbud.go.id/index.php/Chome/profil/76B32C46-DFE1-4EE8-AF89-A46A423EBF18,JL. JATI SINDANGRERET Ciranjang Kec. Ciranjang Kab. Cianjur Prov. Jawa Barat,Kab. Cianjur,,Jawa Barat
70027332,SMA PLUS BUDI LUHUR MANDIRI,https://sekolah.data.kemdikbud.go.id/index.php/Chome/profil/055A9B9A-6232-4B71-B46D-A46C1F4A254C,"Jl. Permai Raya,RT 020 SANGATTA UTARA Kec. Sangatta Utara Kab. Kutai Timur Prov. Kalimantan Timur",Kab. Kutai Timur,,Kalimantan Timur
69870904,SMA PLUS MASA DEPAN MANDIRI,https://sekolah.data.kemdikbud.go.id/index.php/Chome/profil/0329919D-3389-4EEC-93D0-A46F1D9EC064,JL. UNTUNG SURAPATI  RT 06 RW 02 Manulai Ii Kec. Alak Kota Kupang Prov. Nusa Tenggara Timur,,Kota Kupang,Nusa Tenggara Timur
10609694,SMA TARUNA INDONESIA PALEMBANG,https://sekolah.data.kemdikbud.go.id/index.php/Chome/profil/978B1124-2359-4097-95DB-A470204B6444,JL. PENDIDIKAN SUKABANGUN II PLG Sukajaya Kec. Sukarami Kota Palembang Prov. Sumatera Selatan,,Kota Palembang,Sumatera Selatan
70031817,SMA TERPADU RIYADLUL HUDA,https://sekolah.data.kemdikbud.go.id/index.php/Chome/profil/CFE54C2C-B939-433B-A40B-A4711E5BA179,Jl. Ngamprah No. 2 RT.01/02 Ngamprah Kec. Ngamprah Kab. Bandung Barat Prov. Jawa Barat,Kab. Bandung Barat,,Jawa Barat
40401875,SMAN 3 KONAWE SELATAN,https://sekolah.data.kemdikbud.go.id/index.php/Chome/profil/BF562576-6641-4A7A-B054-A4715F387A43,Jl. Lamangga No. 79 Punggaluku Kec. Laeya Kab. Konawe Selatan Prov. Sulawesi Tenggara,Kab. Konawe Selatan,,Sulawesi Tenggara
10258034,SMAS SWAKARYA,https://sekolah.data.kemdikbud.go.id/index.php/Chome/profil/0C59A7AA-75EB-4EED-8C1B-A4749D97049A,JL. SAMAN HUDI NO 17 BINJAI Berngam Kec. Binjai Kota Kota Binjai Prov. Sumatera Utara,,Kota Binjai,Sumatera Utara
20233658,SMAS PGRI 1 SUBANG,https://sekolah.data.kemdikbud.go.id/index.php/Chome/profil/0CF9451A-42B4-48B8-94F7-A4784841F7BC,JL. OTO ISKANDARDINATA NO. 83 Karanganyar Kec. Subang Kab. Subang Prov. Jawa Barat,Kab. Subang,,Jawa Barat
10210814,SMAS ADVENT 1 MEDAN,https://sekolah.data.kemdikbud.go.id/index.php/Chome/profil/C197AEB9-68D6-4F55-97F6-A47A235529DD,JL. VETERAN NO. 34 Gang Buntu Kec. Medan Timur Kota Medan Prov. Sumatera Utara,,Kota Medan,Sumatera Utara
70054855,SMA BAHAGIA PANGKALPINANG,https://sekolah.data.kemdikbud.go.id/index.php/Chome/profil/E9A8F775-38E6-4B9B-95E0-A480BD8C0F10,Jl. Basuki Rahmat Rt.005 Rw.002 Sriwijaya Kec. Girimaya Kota Pangkal Pinang Prov. Kepulauan Bangka Belitung,,Kota Pangkal Pinang,Kepulauan Bangka Belitung
20220331,SMAS PUI,https://sekolah.data.kemdikbud.go.id/index.php/Chome/profil/F49CAEEB-4726-49BE-BDE5-A482DE0DEBEB,JL. PAHLAWAN NO. 57 B Bondongan Kec. Kota Bogor Selatan Kota Bogor Prov. Jawa Barat,,Kota Bogor,Jawa Barat
60402072,SMA NEGERI 1 AITINYO,https://sekolah.data.kemdikbud.go.id/index.php/Chome/profil/E62D31CF-FEC8-4D45-BAF8-A484BE9CA90B,Kampung Irohe Aitinyo Kec. Aitinyo Kab. Maybrat Prov. Papua Barat Daya,Kab. Maybrat,,Papua Barat Daya
20510140,SMAS MERDEKA PONOROGO,https://sekolah.data.kemdikbud.go.id/index.php/Chome/profil/D353B6CF-71B1-4CD0-9839-A48584E3BBB4,"JL. PACAR 30, Tonatan, Ponorogo Tonatan Kec. Ponorogo Kab. Ponorogo Prov. Jawa Timur",Kab. Ponorogo,,Jawa Timur
40313414,SMAN 2 BULUKUMBA,https://sekolah.data.kemdikbud.go.id/index.php/Chome/profil/50B99D22-8384-4F6A-9A5D-A485FB125DE6,JL. KEMAKMURAN NO. 27A TANETE Tanete Kec. Bulukumpa Kab. Bulukumba Prov. Sulawesi Selatan,Kab. Bulukumba,,Sulawesi Selatan
30101107,SMAN 1 SUNGAI KAKAP,https://sekolah.data.kemdikbud.go.id/index.php/Chome/profil/256B51D8-9815-4511-9BF1-A486655E7222,JL. RAYA SUNGAI KAKAP Sungai Kakap Kec. Sungai Kakap Kab. Kubu Raya Prov. Kalimantan Barat,Kab. Kubu Raya,,Kalimantan Barat
20339013,SMA PGRI 3 TAYU,https://sekolah.data.kemdikbud.go.id/index.php/Chome/profil/4BFE5293-67A2-4C26-830D-A48B84946D8B,DS. JEPAT LOR Jepat Lor Kec. Tayu Kab. Pati Prov. Jawa Tengah,Kab. Pati,,Jawa Tengah
69902577,SMA SIROJUL HUDA SUKAWENING,https://sekolah.data.kemdikbud.go.id/index.php/Chome/profil/7A987BA0-DF1F-4105-958F-A492F29A22C1,Kp. Babakan Pasanggrahan Kec. Sukawening Kab. Garut Prov. Jawa Barat,Kab. Garut,,Jawa Barat
20521729,SMAN GRUJUGAN,https://sekolah.data.kemdikbud.go.id/index.php/Chome/profil/018B3048-4B59-4DE3-962E-A49528A21BB5,JL. JEMBER SUMBER PANDAN Sumberpandan Kec. Grujugan Kab. Bondowoso Prov. Jawa Timur,Kab. Bondowoso,,Jawa Timur
70016004,SMAN 1 Piani,https://sekolah.data.kemdikbud.go.id/index.php/Chome/profil/8C9A6EA9-CE51-4D7C-926D-A4991A25AD28,Jl. Telaga Minyak RT. 01 RW. 01 Baramban Kec. Piani Kab. Tapin Prov. Kalimantan Selatan,Kab. Tapin,,Kalimantan Selatan
20551895,SMA AT TA AWUN,https://sekolah.data.kemdikbud.go.id/index.php/Chome/profil/ABF54AD3-4587-4324-8387-A4A0A0A37849,JL. AIR TAWAR NO.02 Legung Barat Kec. Batang-Batang Kab. Sumenep Prov. Jawa Timur,Kab. Sumenep,,Jawa Timur
20100802,SMAN 110 JAKARTA,https://sekolah.data.kemdikbud.go.id/index.php/Chome/profil/43D70233-6A21-4FCF-A89B-A4A3A828AE1E,JL. BENDUNGAN MELAYU NO 80 Tugu Selatan Kec. Koja Kota Adm. Jakarta Utara Prov. D.K.I. Jakarta,,Kota Adm. Jakarta Utara,D.K.I. Jakarta
50304943,SMAN 9 KUPANG,https://sekolah.data.kemdikbud.go.id/index.php/Chome/profil/5C42B2B9-C56D-4228-8FFE-A4A79E669ACE,Jalan Prof. Dr. Herman Yohanes Lasiana Kec. Kelapa Lima Kota Kupang Prov. Nusa Tenggara Timur,,Kota Kupang,Nusa Tenggara Timur
10308231,SMAN 1 SILAUT,https://sekolah.data.kemdikbud.go.id/index.php/Chome/profil/EC1417DA-D768-4D2C-B93F-A4A801E6D068,JL.TANJUNG MAKMUR Silaut Kec. Silaut Kab. Pesisir Selatan Prov. Sumatera Barat,Kab. Pesisir Selatan,,Sumatera Barat
70006117,SMA NU 1 TARAKAN,https://sekolah.data.kemdikbud.go.id/index.php/Chome/profil/621183F3-4A0B-4BDA-AB0A-A4A8C4B4EDCF,"Jl.Yos Sudarso, Ponpes DDI Jembatan Besi... Lingkas Ujung Kec. Tarakan Timur Kota Tarakan Prov. Kalimantan Utara",,Kota Tarakan,Kalimantan Utara
70048756,SMA Muhammadiyah Gayo Lues,https://sekolah.data.kemdikbud.go.id/index.php/Chome/profil/E51EEE6D-F981-4E4B-95EC-A4AC8487E3C3,Jl. Blangkejeren - Takengon No. 199 Kuta Lintang Kec. Blangkejeren Kab. Gayo Lues Prov. Aceh,Kab. Gayo Lues,,Aceh
20229161,SMAS MARDI YUANA PANCORAN MAS,https://sekolah.data.kemdikbud.go.id/index.php/Chome/profil/5668BC75-3CDA-4CBE-A1D5-A4AE744C95E0,JL. CEMPAKA NO. 4 Depok Kec. Pancoran Mas Kota Depok Prov. Jawa Barat,,Kota Depok,Jawa Barat
10400348,SMA NEGERI 2 KAMPAR,https://sekolah.data.kemdikbud.go.id/index.php/Chome/profil/88D61162-B435-4C56-AFF0-A4AF2179CA2D,JL. RUMBIO KEBUN DURIAN KM 1 Padang Mutung Kec. Kampar Kab. Kampar Prov. Riau,Kab. Kampar,,Riau
40100314,SMAN 1 SANG TOMBOLANG,https://sekolah.data.kemdikbud.go.id/index.php/Chome/profil/B2CC7220-B82E-402F-8C1A-A4B040D3BEA1,DESA LOLANAN KEC SANG TOMBOLANG Lolanan Kec. Sangtombolang Kab. Bolaang Mongondow Prov. Sulawesi Utara,Kab. Bolaang Mongondow,,Sulawesi Utara
40306131,SMAS YPN NOLING,https://sekolah.data.kemdikbud.go.id/index.php/Chome/profil/5A2D3107-CCFB-4FD8-B622-A4B3879E9035,YPN NOLING Noling Kec. Bua Ponrang (Bupon) Kab. Luwu Prov. Sulawesi Selatan,Kab. Luwu,,Sulawesi Selatan
20509321,SMAN 1 BARAT,https://sekolah.data.kemdikbud.go.id/index.php/Chome/profil/AD4063A8-2C86-40FA-9B22-A4B4913455D5,JL. PASAR LEGI BARAT BLARAN Kec. Barat Kab. Magetan Prov. Jawa Timur,Kab. Magetan,,Jawa Timur
70003419,SMA NURUL HAYAH KETANGGUNGAN,https://sekolah.data.kemdikbud.go.id/index.php/Chome/profil/D57C0457-F144-4597-991C-A4B52B8E4D19,Jl. Lingkar Provinsi RT 001 RW 03 Bulakelor Kec. Ketanggungan Kab. Brebes Prov. Jawa Tengah,Kab. Brebes,,Jawa Tengah
10806761,SMAN 1 WAY TUBA,https://sekolah.data.kemdikbud.go.id/index.php/Chome/profil/63C61DCC-309A-4166-9500-A4BAE4E31A34,JL. CHAIRIL ANWAR NO. 03 Way Tuba Kec. Way Tuba Kab. Way Kanan Prov. Lampung,Kab. Way Kanan,,Lampung
20102574,SMAN 6 JAKARTA,https://sekolah.data.kemdikbud.go.id/index.php/Chome/profil/31AB26E0-5D14-4BEE-BF0D-A4BB7791C479,Jl. Mahakam I Blok C No. 2 Kramat Pela Kec. Kebayoran Baru Kota Adm. Jakarta Selatan Prov. D.K.I. Jakarta,,Kota Adm. Jakarta Selatan,D.K.I. Jakarta
20532219,SMAN 19 SURABAYA,https://sekolah.data.kemdikbud.go.id/index.php/Chome/profil/16CF3850-8426-40CA-98DA-A4BF28CB54AB,JL. KEDUNG COWEK NO. 390 TANAH KALIKEDINDING Kec. Kenjeran Kota Surabaya Prov. Jawa Timur,,Kota Surabaya,Jawa Timur
20219306,SMAN 6 BANDUNG,https://sekolah.data.kemdikbud.go.id/index.php/Chome/profil/F194F695-EFDE-4020-94FE-A4CAF166B903,JL. PASIR KALIKI NO. 51 Arjuna Kec. Cicendo Kota Bandung Prov. Jawa Barat,,Kota Bandung,Jawa Barat
50307302,SMAS PGRI MNELALETE,https://sekolah.data.kemdikbud.go.id/index.php/Chome/profil/19E62972-8657-43A3-A061-A4CCC4C01F25,JL.LADA Mnelalete Kec. Amanuban Barat Kab. Timor Tengah Selatan Prov. Nusa Tenggara Timur,Kab. Timor Tengah Selatan,,Nusa Tenggara Timur
60101803,SMAS PGRI DOBO,https://sekolah.data.kemdikbud.go.id/index.php/Chome/profil/914A5A27-590D-4C24-B2FF-A4CF5CF80571,JL. JALABIL Siwalima Kec. Pulau-Pulau Aru Kab. Kepulauan Aru Prov. Maluku,Kab. Kepulauan Aru,,Maluku
10258462,SMA NEGERI 1 GUNUNGSITOLI,https://sekolah.data.kemdikbud.go.id/index.php/Chome/profil/7B5807DF-01CC-4423-869E-A4D074109A90,JL. PENDIDIKAN NO. 3 GUNUNGSITOLI ILIR Kec. Gunungsitoli Kota Gunungsitoli Prov. Sumatera Utara,,Kota Gunungsitoli,Sumatera Utara
20549904,SMAS PGRI BLULUK,https://sekolah.data.kemdikbud.go.id/index.php/Chome/profil/BD0B0CE0-2B21-4C2C-B3E9-A4D2F8263F23,JL.RAYA BLULUK-SUKORAME N0.133 Bluluk Kec. Bluluk Kab. Lamongan Prov. Jawa Timur,Kab. Lamongan,,Jawa Timur
10504156,SMAN 4 TANJUNG JABUNG TIMUR,https://sekolah.data.kemdikbud.go.id/index.php/Chome/profil/3C23EE5C-36E5-4C43-8013-A4D483B984AB,JL. SULTAN THAHA SK.4 KIRI Sido Mukti Kec. Dendang Kab. Tanjung Jabung Timur Prov. Jambi,Kab. Tanjung Jabung Timur,,Jambi
70051043,SMA Global Bina Aswaja,https://sekolah.data.kemdikbud.go.id/index.php/Chome/profil/DBA39AA3-A480-4A21-9768-A4DA8C88CFB0,Jl. Raya Takisung Matah Bakunci RT. 9 Karang Taruna Kec. Pelaihari Kab. Tanah Laut Prov. Kalimantan Selatan,Kab. Tanah Laut,,Kalimantan Selatan
10700973,SMA NEGERI 1 BENGKULU SELATAN,https://sekolah.data.kemdikbud.go.id/index.php/Chome/profil/21129E62-1723-4DA4-BC9A-A4DAB2C4DFC6,JL. PANGERAN DUAYU Padang Sialang Kec. Pasar Manna Kab. Bengkulu Selatan Prov. Bengkulu,Kab. Bengkulu Selatan,,Bengkulu
30109805,SMAN 3 TELUK KERAMAT,https://sekolah.data.kemdikbud.go.id/index.php/Chome/profil/1AB90684-E62E-403C-8CD1-A4E38C1D932E,Jalan Desa Sungai Baru Sungai Baru Kec. Teluk Keramat Kab. Sambas Prov. Kalimantan Barat,Kab. Sambas,,Kalimantan Barat
20340959,SMAS AL MUAWANAH,https://sekolah.data.kemdikbud.go.id/index.php/Chome/profil/43D202E7-8986-43A2-8272-A4E8AE5B150E,JL. DESA HARJAWINANGUN Harjowinangun Kec. Balapulang Kab. Tegal Prov. Jawa Tengah,Kab. Tegal,,Jawa Tengah
20329521,SMA Hasyim Asy`ari,https://sekolah.data.kemdikbud.go.id/index.php/Chome/profil/4078212C-B987-4715-A8ED-A4E95D58AB02,Jl. Dr. Wahidin No. 104 Kota Pekalongan Noyontaansari Kec. Pekalongan Timur Kota Pekalongan Prov. Jawa Tengah,,Kota Pekalongan,Jawa Tengah
70041416,SMA Negeri 1 Kutambaru,https://sekolah.data.kemdikbud.go.id/index.php/Chome/profil/4024EF7F-1346-4469-877A-A4E99E988AB5,"Jl. Maryke, Desa Kutambaru, Kec.Kutambar... Kutambaru Kec. Kutambaru Kab. Langkat Prov. Sumatera Utara",Kab. Langkat,,Sumatera Utara
70051948,SMA IT BABUL JANNAH,https://sekolah.data.kemdikbud.go.id/index.php/Chome/profil/34F0FCAF-76B3-4A85-8DA9-A4F8078F2C2F,Jl. Sidorejo No. 02 Ratu Sima Kec. Dumai Selatan Kota Dumai Prov. Riau,,Kota Dumai,Riau
10214107,SMA SWASTA BAYU PERTIWI,https://sekolah.data.kemdikbud.go.id/index.php/Chome/profil/816241D2-512A-4D40-8133-A4FD5FA50499,JL. INPRES KM 16 Sei Semayang Kec. Sunggal Kab. Deli Serdang Prov. Sumatera Utara,Kab. Deli Serdang,,Sumatera Utara
60730230,SMAS MIFTHAUSSAADAH,https://sekolah.data.kemdikbud.go.id/index.php/Chome/profil/3A85C3AE-F053-4482-BB29-A509FF9E3570,KP.SALIMAH RT 04/01 DESA GINTUNG CILEJET Gintung Cilejet Kec. Parungpanjang Kab. Bogor Prov. Jawa Barat,Kab. Bogor,,Jawa Barat
10605584,SMAN 1 BAYUNG LENCIR,https://sekolah.data.kemdikbud.go.id/index.php/Chome/profil/AB74CB95-A638-4DF7-8484-A50D0E4917ED,Jln Raya Palembang -Jambi KM 209 Bayung ... Bayung Lencir Kec. Bayung Lencir Kab. Musi Banyuasin Prov. Sumatera Selatan,Kab. Musi Banyuasin,,Sumatera Selatan
40100911,SMAS D W PINELENG,https://sekolah.data.kemdikbud.go.id/index.php/Chome/profil/0B6CB21E-F6FC-40DF-B9BB-A513589A5FAA,JL. MANADO - TOMOHON PINELENG DUA Kec. Pineleng Kab. Minahasa Prov. Sulawesi Utara,Kab. Minahasa,,Sulawesi Utara
10802968,SMAN 1 ABUNG TIMUR,https://sekolah.data.kemdikbud.go.id/index.php/Chome/profil/BB882843-0E4E-4C17-B774-A515908C8716,JL.RAYA ABUNG TIMUR No. 25 Bumi Agung Marga Kec. Abung Timur Kab. Lampung Utara Prov. Lampung,Kab. Lampung Utara,,Lampung
30304600,SMAN 4 BANJARBARU,https://sekolah.data.kemdikbud.go.id/index.php/Chome/profil/9A39E0B2-CCF3-4B0F-97F6-A51644A6BAC4,"JL. JENDERAL A. YANI KM. 21,600 Landasan Ulin Utara Kec. Liang Anggang Kota Banjarbaru Prov. Kalimantan Selatan",,Kota Banjarbaru,Kalimantan Selatan
10257308,SMAS DHARMA PATRA P BRANDAN,https://sekolah.data.kemdikbud.go.id/index.php/Chome/profil/B6C3AF2B-4791-41DD-9EE0-A5169F5703C8,JL. BALIK PAPAN  KOMP. PURAKA-I P. BRAND... Puraka I Pertamina Kec. Sei Lepan Kab. Langkat Prov. Sumatera Utara,Kab. Langkat,,Sumatera Utara
20231338,SMAN 1 TENJO,https://sekolah.data.kemdikbud.go.id/index.php/Chome/profil/E8870AC1-3391-43B3-8FB1-A519218ABED3,JL. Raya Tenjo - Parung Panjang KM. 03 Babakan Kec. Tenjo Kab. Bogor Prov. Jawa Barat,Kab. Bogor,,Jawa Barat
