kode,nama,link_profil,alamat,kabupaten,kota,provinsi
70029377,SMA IT AL-KAUTSAR,https://sekolah.data.kemdikbud.go.id/index.php/Chome/profil/9CCE9961-9914-4133-894E-3E1EF3B26867,"Jl. Talas III, Gg. Labu IV Pondok Cabe Ilir Kec. Pamulang Kota Tangerang Selatan Prov. Banten",,Kota Tangerang Selatan,Banten
10261032,SMAN 1 TEBING SYAHBANDAR,https://sekolah.data.kemdikbud.go.id/index.php/Chome/profil/90B20D17-9D69-4B13-9415-3E1FEB4ECAD9,JL. TEBING TINGGI - INDRAPURA DESA PAYA ... Paya Pasir Kec. Tebing Syahbandar Kab. Serdang Bedagai Prov. Sumatera Utara,Kab. Serdang Bedagai,,Sumatera Utara
10496886,SMAN 2 KAMPAR TIMUR,https://sekolah.data.kemdikbud.go.id/index.php/Chome/profil/A91B9060-B3E7-4FB8-91B9-3E29DF3758F9,JL. CEMPAKA DESA PULAU BIRANDANG Pulau Birandang Kec. Kampa Kab. Kampar Prov. Riau,Kab. Kampar,,Riau
10805049,SMAN 2 KOTA AGUNG,https://sekolah.data.kemdikbud.go.id/index.php/Chome/profil/CB31461B-3880-4A0D-B2EE-3E2AB1E2AC81,JL. SOEKARNO HATTA NO. 2 KOMPLEK ISLAMIC... Kedamaian Kec. Kota Agung Kab. Tanggamus Prov. Lampung,Kab. Tanggamus,,Lampung
10600481,SMAN 1 SIRAH PULAU PADANG,https://sekolah.data.kemdikbud.go.id/index.php/Chome/profil/F37CAB33-C590-465E-8820-3E2C4B9F7BC4,JL. RAYA DESA BUNGIN TINGGI Bungin Tinggi Kec. Sirah Pulau Padang Kab. Ogan Komering Ilir Prov. Sumatera Selatan,Kab. Ogan Komering Ilir,,Sumatera Selatan
69982228,SMA IT DARUN NIKMAH KOTARAJA,https://sekolah.data.kemdikbud.go.id/index.php/Chome/profil/33998B3E-79A9-44AC-9C0E-3E2FDC3E40A1,Desa Kotaraja Kotaraja Kec. Sikur Kab. Lombok Timur Prov. Nusa Tenggara Barat,Kab. Lombok Timur,,Nusa Tenggara Barat
20246479,SMAS AZZAHIRIYAH,https://sekolah.data.kemdikbud.go.id/index.php/Chome/profil/1A8E304F-136E-4354-A06A-3E34EC2F2539,KP. BALEKER RT01/03 DS. WARINGIN JAYA KD... Waringinjaya Kec. Kedung Waringin Kab. Bekasi Prov. Jawa Barat,Kab. Bekasi,,Jawa Barat
10504684,SMAN 1 KOTA JAMBI,https://sekolah.data.kemdikbud.go.id/index.php/Chome/profil/B9A59CD6-8473-483E-B670-3E4203F460AD,JL. URIP SUMOHARJO NO. 15 Sungai Putri Kec. Danau Sipin Kota Jambi Prov. Jambi,,Kota Jambi,Jambi
10113243,SMA NEGERI 6 DARUL MAKMUR,https://sekolah.data.kemdikbud.go.id/index.php/Chome/profil/9A72FFB2-C907-46A0-9094-3E434294D42C,Jln. PT. Socfindo Pulo Tengah Kec. Darul Makmur Kab. Nagan Raya Prov. Aceh,Kab. Nagan Raya,,Aceh
20107307,SMAS ISLAM AL-KHOLIDIN JAKARTA,https://sekolah.data.kemdikbud.go.id/index.php/Chome/profil/8D59115B-6375-428E-BD8A-3E498D4458FC,Jalan Wijaya I Blok O Komp Masjid Syarif... Melawai Kec. Kebayoran Baru Kota Adm. Jakarta Selatan Prov. D.K.I. Jakarta,,Kota Adm. Jakarta Selatan,D.K.I. Jakarta
20233652,SMAN 1 BLANAKAN,https://sekolah.data.kemdikbud.go.id/index.php/Chome/profil/003C6303-0F45-4616-A8FA-3E4C4F8BD809,JL. RAYA BLANAKAN 1.5 Blanakan Kec. Blanakan Kab. Subang Prov. Jawa Barat,Kab. Subang,,Jawa Barat
69935579,SMA TUNAS KARYA,https://sekolah.data.kemdikbud.go.id/index.php/Chome/profil/0D4F9474-6EAA-4394-9DF9-3E61BAFCB382,Kp. Cirata RT 01 RW 04 Sukahurip Kec. Cigedug Kab. Garut Prov. Jawa Barat,Kab. Garut,,Jawa Barat
50308598,SMAN 1 SAMBI RAMPAS,https://sekolah.data.kemdikbud.go.id/index.php/Chome/profil/1EA5AE13-0894-4305-ABC1-3E6595B6193C,WATUNGGONG Satar Nawang Kec. Sambi Rampas Kab. Manggarai Timur Prov. Nusa Tenggara Timur,Kab. Manggarai Timur,,Nusa Tenggara Timur
20227874,SMA PELITA BUNGA BANGSA,https://sekolah.data.kemdikbud.go.id/index.php/Chome/profil/B3C49702-365E-4B3D-BF5A-3E6A02D0B0C8,JL.RAYA ARJASARI NO 05  ARJASARI Arjasari Kec. Arjasari Kab. Bandung Prov. Jawa Barat,Kab. Bandung,,Jawa Barat
20605095,SMAN 1 TIRTAYASA,https://sekolah.data.kemdikbud.go.id/index.php/Chome/profil/A2D395D5-D166-40A8-9B52-3E781520B31B,Jln. Sultan Agung Tirtayasa Tirtayasa Kec. Tirtayasa Kab. Serang Prov. Banten,Kab. Serang,,Banten
70047000,SMA Swasta Plus Ulul Ilmi,https://sekolah.data.kemdikbud.go.id/index.php/Chome/profil/8286C1BA-6B00-4F1D-A4B7-3E7E543D1EA4,Jl. Jermal 2 D E N A I Kec. Medan Denai Kota Medan Prov. Sumatera Utara,,Kota Medan,Sumatera Utara
10495716,SMA NEGERI 1 KEPENUHAN HULU,https://sekolah.data.kemdikbud.go.id/index.php/Chome/profil/3CD7F734-699D-428E-B2AE-3E86C8FCEEBC,JL.JENDRAL SUDIRMAN Kepenuhan Hulu Kec. Kepenuhan Hulu Kab.  Rokan Hulu Prov. Riau,Kab.  Rokan Hulu,,Riau
20253857,SMAS AL HASANAH,https://sekolah.data.kemdikbud.go.id/index.php/Chome/profil/4E5EF380-2096-4119-974D-3E8C61F4E6B6,JL. STASIUN KA CIGOMBONG RT 02/01 Cigombong Kec. Cigombong Kab. Bogor Prov. Jawa Barat,Kab. Bogor,,Jawa Barat
10402728,SMAN 1 PANGKALAN KURAS,https://sekolah.data.kemdikbud.go.id/index.php/Chome/profil/C7DA98A9-56EC-4F2F-87F8-3E94A72EDFB5,JL. PASIR PUTIH No 40 Sorek Satu Kec. Pangkalan Kuras Kab.  Pelalawan Prov. Riau,Kab.  Pelalawan,,Riau
70005818,SMAS IT AL-HIKMAH AMANAH UMMAH MAROS,https://sekolah.data.kemdikbud.go.id/index.php/Chome/profil/3287AC80-73F7-46CE-8C65-3E96B0FCCBAB,Jl. Garuda Poros Maccopa Tanralili Komp.... Taroada Kec. Turikale Kab. Maros Prov. Sulawesi Selatan,Kab. Maros,,Sulawesi Selatan
50300585,SMAN 1 MOLLO SELATAN,https://sekolah.data.kemdikbud.go.id/index.php/Chome/profil/27F55FCB-9DA7-4C55-A708-3E9A9D2A4CCD,"JLN. JURUSAN KAPAN, KM.06 Klani/Noinbila Kec. Mollo Selatan Kab. Timor Tengah Selatan Prov. Nusa Tenggara Timur",Kab. Timor Tengah Selatan,,Nusa Tenggara Timur
50305384,SMAS SUDIRMAN,https://sekolah.data.kemdikbud.go.id/index.php/Chome/profil/ED58E58B-584D-47D0-A287-3E9D681F0194,JL. SALAK Oepura Kec. Maulafa Kota Kupang Prov. Nusa Tenggara Timur,,Kota Kupang,Nusa Tenggara Timur
40400766,SMA NEGERI 1 KABAWO,https://sekolah.data.kemdikbud.go.id/index.php/Chome/profil/415A47B8-1A9E-4F83-B50A-3EA6ADD8AB64,JL. LOMBULALO NO. 16 Kontumere Kec. Kabawo Kab. Muna Prov. Sulawesi Tenggara,Kab. Muna,,Sulawesi Tenggara
20506321,SMA WAHID HASYIM MODEL KARANGGENENG,https://sekolah.data.kemdikbud.go.id/index.php/Chome/profil/43C19632-638A-4D5A-B974-3EAAAED1330C,"Desa Sumberwudi, Kec. Karanggeneng, Kabu... Sumberwudi Kec. Karang Geneng Kab. Lamongan Prov. Jawa Timur",Kab. Lamongan,,Jawa Timur
40501068,SMA NEGERI 4 GORONTALO,https://sekolah.data.kemdikbud.go.id/index.php/Chome/profil/F5B8FE62-7D57-4988-8B64-3EAEB176707C,JL. BRIGJEN PIOLA ISA WONGKADITI TIMUR Kec. Kota Utara Kota Gorontalo Prov. Gorontalo,,Kota Gorontalo,Gorontalo
50202410,SMAN 1 PRINGGASELA,https://sekolah.data.kemdikbud.go.id/index.php/Chome/profil/43E65D91-910C-4B6E-BC4A-3EB0E45DBA93,Jalan H. Mayor Ahmad BA Pringgasela Pringgasela Kec. Pringgasela Kab. Lombok Timur Prov. Nusa Tenggara Barat,Kab. Lombok Timur,,Nusa Tenggara Barat
20540300,SMA PGRI PETERONGAN,https://sekolah.data.kemdikbud.go.id/index.php/Chome/profil/C67522FF-DB63-420C-B4EE-3EB32C9A2E92,JL.BALAIDESA MOROSUNGGINGAN Morosunggingan Kec. Peterongan Kab. Jombang Prov. Jawa Timur,Kab. Jombang,,Jawa Timur
20401165,SMAS SANTO MIKAEL MLATI,https://sekolah.data.kemdikbud.go.id/index.php/Chome/profil/150B489B-C458-4040-BFE8-3EB3B1515846,JL. P. PURBOYO Sumberadi Kec. Mlati Kab. Sleman Prov. D.I. Yogyakarta,Kab. Sleman,,D.I. Yogyakarta
50303445,SMAS BUDI DHARMA,https://sekolah.data.kemdikbud.go.id/index.php/Chome/profil/A9A988B7-1287-4896-B688-3EB7131262B6,CANCAR Wae Belang Kec. Ruteng Kab. Manggarai Prov. Nusa Tenggara Timur,Kab. Manggarai,,Nusa Tenggara Timur
69888448,SMA PUTRA JUANG,https://sekolah.data.kemdikbud.go.id/index.php/Chome/profil/EFC590E3-FE23-4998-8583-3EB9E0B1908F,Jl Cipetir Rt 02/06 Ds Sukatani Sukatani Kec. Haurwangi Kab. Cianjur Prov. Jawa Barat,Kab. Cianjur,,Jawa Barat
69963113,SMA AISYIYAH BOARDING SCHOOL,https://sekolah.data.kemdikbud.go.id/index.php/Chome/profil/A5C502EF-4A72-441C-A4DB-3EBA8C41E8B1,"JL. ANJASMORO NO. 34, TURIREJO, LAWANG, ... Turirejo Kec. Lawang Kab. Malang Prov. Jawa Timur",Kab. Malang,,Jawa Timur
20213877,SMAS PGRI 1 MAJALENGKA,https://sekolah.data.kemdikbud.go.id/index.php/Chome/profil/A0F0164F-425A-4FBB-9C6C-3EBC034EED30,JL. KH. ABDUL HALIM NO. 77 MAJALENGKA Majalengka Kulon Kec. Majalengka Kab. Majalengka Prov. Jawa Barat,Kab. Majalengka,,Jawa Barat
69786312,SMAS LABS SCHOOL KAIZEN,https://sekolah.data.kemdikbud.go.id/index.php/Chome/profil/880F26F3-D512-40C6-8BF3-3EC239254D8E,PERUM BUMI MUTIARA BLOK JB Bojong Kulur Kec. Gunungputri Kab. Bogor Prov. Jawa Barat,Kab. Bogor,,Jawa Barat
70023548,SMA BUDI UTOMO SURAKARTA,https://sekolah.data.kemdikbud.go.id/index.php/Chome/profil/0C66773E-CB2D-418F-A763-3ED25F25B9BA,Jl. Bromo RT 04 RW 03 Banjarsari Kec. Banjarsari Kota Surakarta Prov. Jawa Tengah,,Kota Surakarta,Jawa Tengah
70032152,SMAIT BUKIT QURAN NUSANTARA,https://sekolah.data.kemdikbud.go.id/index.php/Chome/profil/5B6BFB6A-4297-4D0A-8892-3EDD4E763E07,JL Gili Air I Blok A1 Nomor 5 Gatep Perm... Taman Sari Kec. Ampenan Kota Mataram Prov. Nusa Tenggara Barat,,Kota Mataram,Nusa Tenggara Barat
10646369,SMA PGRI SIALINGAN,https://sekolah.data.kemdikbud.go.id/index.php/Chome/profil/68505B4B-4D84-47D4-8D6C-3EDF4453A008,Desa Sialingan Kec. Belida Darat Kab. Mu... Kemang Kec. Lembak Kab. Muara Enim Prov. Sumatera Selatan,Kab. Muara Enim,,Sumatera Selatan
20307650,SMAS ISLAM SECANG,https://sekolah.data.kemdikbud.go.id/index.php/Chome/profil/7688D953-C359-4AC4-8520-3EE496C53407,JL. TEMANGGUNG NO. 28 Secang Kec. Secang Kab. Magelang Prov. Jawa Tengah,Kab. Magelang,,Jawa Tengah
10900457,SMAS MUHAMMADIYAH TG PANDAN,https://sekolah.data.kemdikbud.go.id/index.php/Chome/profil/C31B5926-BD1F-4395-A594-3EE667015AD5,JL. JEND SUDIRMAN KM. 4 AIR RAYA AIK RAYAK Kec. Tanjung Pandan Kab. Belitung Prov. Kepulauan Bangka Belitung,Kab. Belitung,,Kepulauan Bangka Belitung
60103506,SMA Negeri 24 Maluku Tengah,https://sekolah.data.kemdikbud.go.id/index.php/Chome/profil/43B914C9-6FB2-4962-9879-3EED6F85A946,JL.RAYA  SILALOW NO 2 Sepa Kec. Amahai Kab. Maluku Tengah Prov. Maluku,Kab. Maluku Tengah,,Maluku
20532381,SMAS ANTARTIKA,https://sekolah.data.kemdikbud.go.id/index.php/Chome/profil/05AB0959-D217-4C34-BFE0-3EF335D4EABD,JL. BANYU URIP KIDUL II / 37 Banyu Urip Kec. Sawahan Kota Surabaya Prov. Jawa Timur,,Kota Surabaya,Jawa Timur
30303658,SMAN 2 SATUI,https://sekolah.data.kemdikbud.go.id/index.php/Chome/profil/BFB4CCA0-B8B8-468D-BDB5-3EF9471E5F51,Jalan Provinsi Km. 167 Makmur Mulia Kec. Satui Kab. Tanah Bumbu Prov. Kalimantan Selatan,Kab. Tanah Bumbu,,Kalimantan Selatan
69768158,SMAN 4 LAMBA LEDA,https://sekolah.data.kemdikbud.go.id/index.php/Chome/profil/CC3ECE27-4DDC-4941-AB86-3EF9809B9AF1,WAE TUA Golo Mangung Kec. Lamba Leda Kab. Manggarai Timur Prov. Nusa Tenggara Timur,Kab. Manggarai Timur,,Nusa Tenggara Timur
20214995,SMAN 1 LEMAHABANG,https://sekolah.data.kemdikbud.go.id/index.php/Chome/profil/478FC44A-6D5A-42D7-BE02-3EFB11C658A0,JL. KH. WAHID HASYIM NO. 70 Cipeujeuh Wetan Kec. Lemah Abang Kab. Cirebon Prov. Jawa Barat,Kab. Cirebon,,Jawa Barat
30104901,SMAS PGRI ELLA HILIR,https://sekolah.data.kemdikbud.go.id/index.php/Chome/profil/20E51FC1-02DF-4268-A552-3EFC9CA0BB94,JL. ELLA PINOH KM 1 ELLA HILIR Nanga Ella Hilir Kec. Ella Hilir Kab. Melawi Prov. Kalimantan Barat,Kab. Melawi,,Kalimantan Barat
20511864,SMAS DHARMA WANITA PARE,https://sekolah.data.kemdikbud.go.id/index.php/Chome/profil/B87FA5CA-C4F0-4918-9DE7-3EFF1D9E5359,JL. JEND. A. YANI NO.1  PARE Pare Kec. Pare Kab. Kediri Prov. Jawa Timur,Kab. Kediri,,Jawa Timur
20219781,SMA PGII 2,https://sekolah.data.kemdikbud.go.id/index.php/Chome/profil/D05E28C9-B24B-4A15-8FCA-3F00984D5A2F,Jl. Pahlawan Blk. No. 17 Cihaurgeulis Kec. Cibeunying Kaler Kota Bandung Prov. Jawa Barat,,Kota Bandung,Jawa Barat
20533641,SMA NEGERI 9 KOTA MALANG,https://sekolah.data.kemdikbud.go.id/index.php/Chome/profil/DF1CD6CA-B7C5-4DFC-86FC-3F012325A075,JL. PUNCAK BOROBUDUR 1 Mojolangu Kec. Lowokwaru Kota Malang Prov. Jawa Timur,,Kota Malang,Jawa Timur
10300834,SMAS PGRI RAO SELATAN,https://sekolah.data.kemdikbud.go.id/index.php/Chome/profil/48C3407C-D218-474A-9A79-3F07667FC4E4,JL. PADANG-KAUMAN-MEDAN NAGARI TANJUNG BETUNG Kec. Rao Selatan Kab. Pasaman Prov. Sumatera Barat,Kab. Pasaman,,Sumatera Barat
30401504,SMAN 7 BALIKPAPAN TIMUR,https://sekolah.data.kemdikbud.go.id/index.php/Chome/profil/62DE2294-1B55-48FB-8C12-3F0CEBA7874C,JL. MULAWARMAN Lemaru Kec. Balikpapan Timur Kota Balikpapan Prov. Kalimantan Timur,,Kota Balikpapan,Kalimantan Timur
20339056,SMA MUHAMMADIYAH 3 KAYEN,https://sekolah.data.kemdikbud.go.id/index.php/Chome/profil/AB520DE2-4CB5-4261-8F38-3F12BAF2391B,"JL. PERHUTANI, RT 02 RW 04, DESA KAYEN Kayen Kec. Kayen Kab. Pati Prov. Jawa Tengah",Kab. Pati,,Jawa Tengah
70055448,Sekolah Rakyat Menengah Atas 34 Lebak,https://sekolah.data.kemdikbud.go.id/index.php/Chome/profil/7AB8BCB2-357B-4181-B4F3-3F1438FE258A,"Jl. Siliwangi No.208, Rangkasbitung  Tim... Rangkasbitung Timur Kec. Rangkasbitung Kab. Lebak Prov. Banten",Kab. Lebak,,Banten
69829361,SMA IT MIFTAHUL JANNAH,https://sekolah.data.kemdikbud.go.id/index.php/Chome/profil/84C04C0C-88B9-4749-9DEE-3F150C6E59AA,Jl. Bhayangkara Gg. Kutilang LK.I No.41 Rajabasa Raya Kec. Rajabasa Kota Bandar Lampung Prov. Lampung,,Kota Bandar Lampung,Lampung
10648130,SMA NEGERI 8 LUBUKLINGGAU,https://sekolah.data.kemdikbud.go.id/index.php/Chome/profil/5A104FFB-03A3-41E6-A461-3F18EBE61309,JL. Fatmawati soekarno Taba Jemekeh Kec. Lubuk Linggau Timur I Kota Lubuk Linggau Prov. Sumatera Selatan,,Kota Lubuk Linggau,Sumatera Selatan
69733944,SMAN 1 LEMBOR,https://sekolah.data.kemdikbud.go.id/index.php/Chome/profil/C6B72022-11F7-48E3-B4D3-3F2581D88EAD,NDERU Wae Kanta Kec. Lembor Kab. Manggarai Barat Prov. Nusa Tenggara Timur,Kab. Manggarai Barat,,Nusa Tenggara Timur
10500384,SMAS ZULHIJJAH MA BULIAN,https://sekolah.data.kemdikbud.go.id/index.php/Chome/profil/4BE341B2-713C-431C-A075-3F28242E5265,JLN. GAJAH MADA Teratai Kec. Muara Bulian Kab. Batanghari Prov. Jambi,Kab. Batanghari,,Jambi
20566152,SMAS ASSYABROWIYAH,https://sekolah.data.kemdikbud.go.id/index.php/Chome/profil/A2462E91-E944-44FB-86F4-3F2B4C92443F,JL. PP MIFTAHUL ULUM DERBING Pancor Kec. Ketapang Kab. Sampang Prov. Jawa Timur,Kab. Sampang,,Jawa Timur
10609638,SMA DIPONEGORO PALEMBANG,https://sekolah.data.kemdikbud.go.id/index.php/Chome/profil/54ED06E1-E049-4E31-832B-3F3B9434099B,36 ILIR PLG 36 Ilir Kec. Gandus Kota Palembang Prov. Sumatera Selatan,,Kota Palembang,Sumatera Selatan
60103517,SMA Negeri 29 Maluku Tengah,https://sekolah.data.kemdikbud.go.id/index.php/Chome/profil/419D6263-5363-445E-837A-3F42F4909A82,Jln. Trans Seram KM 138 - Laimu Kode Pos... Laimu Kec. Telutih Kab. Maluku Tengah Prov. Maluku,Kab. Maluku Tengah,,Maluku
11002184,SMAS DJUWITA,https://sekolah.data.kemdikbud.go.id/index.php/Chome/profil/7010432C-6B98-4E2F-B9C8-3F47FBD64E73,KOMP. ANGGREK MAS BATAM CENTRE Taman Baloi Kec. Batam Kota Kota Batam Prov. Kepulauan Riau,,Kota Batam,Kepulauan Riau
20552082,SMAS KOSGORO,https://sekolah.data.kemdikbud.go.id/index.php/Chome/profil/8F916E3E-D925-47BE-B4BE-3F4A9AA2E981,JL. SEMBOJA NO.1 DUSUN NGRAPAH DESA SEWO... SEWOR Kec. Sukorame Kab. Lamongan Prov. Jawa Timur,Kab. Lamongan,,Jawa Timur
10802973,SMAS WIYATA KARYA,https://sekolah.data.kemdikbud.go.id/index.php/Chome/profil/DD7568D1-5AAE-4974-9A31-3F4CE18711ED,JL. GANESA NO. 76 KOTABUMI Tanjung Aman Kec. Kotabumi Selatan Kab. Lampung Utara Prov. Lampung,Kab. Lampung Utara,,Lampung
40403974,SMA NEGERI 2 RAHA,https://sekolah.data.kemdikbud.go.id/index.php/Chome/profil/D13E3B3D-30AE-4FC5-899A-3F649D365826,JL. PENDIDIKAN NO. 2 RAHA Mangga Kuning Kec. Katobu Kab. Muna Prov. Sulawesi Tenggara,Kab. Muna,,Sulawesi Tenggara
20252047,SMAS MAARIF PACET,https://sekolah.data.kemdikbud.go.id/index.php/Chome/profil/F5AE20A9-E8D3-4080-9B7A-3F6B6E86B615,JL. RAYA PACET NO.30 Cipendawa Kec. Pacet Kab. Cianjur Prov. Jawa Barat,Kab. Cianjur,,Jawa Barat
69830402,SMA ISLAM TERPADU AL-FALAH BUNGBULANG,https://sekolah.data.kemdikbud.go.id/index.php/Chome/profil/F0E31A2F-D382-49D6-9924-3F73E1474A61,JL. CITALAHAB DESA MEKARJAYA KEC. BUNGBU... Mekarjaya Kec. Bungbulang Kab. Garut Prov. Jawa Barat,Kab. Garut,,Jawa Barat
10205362,SMAN 3 RANTAU UTARA,https://sekolah.data.kemdikbud.go.id/index.php/Chome/profil/59978947-987C-4574-8E44-3F8027DDE0BA,JL. W.R. SUPRATMAN RANTAUPRAPAT PADANG MATINGGI Kec. Rantau Utara Kab. Labuhanbatu Prov. Sumatera Utara,Kab. Labuhanbatu,,Sumatera Utara
69992187,SMA AL WAFI IBS,https://sekolah.data.kemdikbud.go.id/index.php/Chome/profil/6C639338-0659-451D-A7DF-3F8060AE2E62,Arco Raya No.1 RT.02 RW. 01 Ragamukti 16... Citayam Kec. Tajurhalang Kab. Bogor Prov. Jawa Barat,Kab. Bogor,,Jawa Barat
10210905,SMAS METHODIST 7 MEDAN,https://sekolah.data.kemdikbud.go.id/index.php/Chome/profil/8BE3ECBF-7740-43E4-8415-3F845EFF985C,Jalan Madong Lubis No. 7 Medan Sidodadi Kec. Medan Timur Kota Medan Prov. Sumatera Utara,,Kota Medan,Sumatera Utara
20107367,SMAS AL JIHAD JAKARTA,https://sekolah.data.kemdikbud.go.id/index.php/Chome/profil/2E6BA939-0D9C-477C-A3AE-3F8CE93D3FDE,JL. JIHAD PAPANGGO I Papango Kec. Tanjung Priok Kota Adm. Jakarta Utara Prov. D.K.I. Jakarta,,Kota Adm. Jakarta Utara,D.K.I. Jakarta
69969250,SMA KRISTEN PETRA,https://sekolah.data.kemdikbud.go.id/index.php/Chome/profil/AB913ED9-DF7B-439A-8560-3F8D409FAD0C,JALAN MAYJEND. EL TARI Kefamenanu Selatan Kec. Kota Kefamenanu Kab. Timor Tengah Utara Prov. Nusa Tenggara Timur,Kab. Timor Tengah Utara,,Nusa Tenggara Timur
20615882,SMA BINA INSANI ANYER,https://sekolah.data.kemdikbud.go.id/index.php/Chome/profil/FA37AE49-AB73-4097-83CA-3F8EBAE08F74,JL. JAHA KUBAR Mekarsari Kec. Anyar Kab. Serang Prov. Banten,Kab. Serang,,Banten
20542507,SMAN 1 PANGGUL,https://sekolah.data.kemdikbud.go.id/index.php/Chome/profil/7899AF46-AB7A-4A51-B441-3F8EEACC97CE,JL. P.SUDIRMAN 87 PANGGUL Bodag Kec. Panggul Kab. Trenggalek Prov. Jawa Timur,Kab. Trenggalek,,Jawa Timur
69772943,SMAS Nusantara,https://sekolah.data.kemdikbud.go.id/index.php/Chome/profil/6218A9A3-28C4-4DAA-9108-3F91ED9D1F73,Jl. Transmigrasi Manunggal Kec. Karang Bintang Kab. Tanah Bumbu Prov. Kalimantan Selatan,Kab. Tanah Bumbu,,Kalimantan Selatan
10210922,SMA SWASTA SANTA MARIA MEDAN,https://sekolah.data.kemdikbud.go.id/index.php/Chome/profil/A5EB6D2B-AC2D-47F7-982F-3F9724EEBC61,JL. PALANG MERAH No. 15 A U R Kec. Medan Maimun Kota Medan Prov. Sumatera Utara,,Kota Medan,Sumatera Utara
69931908,SMA SABILUTH THOYYIB,https://sekolah.data.kemdikbud.go.id/index.php/Chome/profil/39F2CD61-FB2B-41A8-9ED9-3F99B35AFA21,Jl. Cemara No. 38 Bugul Lor Panggungrejo Kec. Panggungrejo Kota Pasuruan Prov. Jawa Timur,,Kota Pasuruan,Jawa Timur
10301576,SMAN 1 PANTAI CERMIN,https://sekolah.data.kemdikbud.go.id/index.php/Chome/profil/8F192281-482A-43F2-93A1-3F99C01A2F7F,JL. PADANG - MUARA LABUH KM 99 SURIAN SURIAN Kec. Pantai Cermin Kab. Solok Prov. Sumatera Barat,Kab. Solok,,Sumatera Barat
10104041,SMA HIDAYATULLAH,https://sekolah.data.kemdikbud.go.id/index.php/Chome/profil/322C3D74-2D31-4E9D-85ED-3F9F07AD0221,Jln. Hamzah Fansyuri No. 86 Subulussalam Selatan Kec. Simpang Kiri Kota Subulussalam Prov. Aceh,,Kota Subulussalam,Aceh
30100389,SMAN 1 TEBAS,https://sekolah.data.kemdikbud.go.id/index.php/Chome/profil/62C67D5D-2BFA-4C07-B5C7-3FA09DFBA5C0,JL. PEMBANGUNAN TEBAS Tebas Kuala Kec. Tebas Kab. Sambas Prov. Kalimantan Barat,Kab. Sambas,,Kalimantan Barat
10259099,SMAN 1 LAHOMI,https://sekolah.data.kemdikbud.go.id/index.php/Chome/profil/E9F47E89-7D9D-47A8-BC88-3FAF93A79E1A,ONOLIMBU-LAHOMI Lolowau Kec. Lahomi Kab. Nias Barat Prov. Sumatera Utara,Kab. Nias Barat,,Sumatera Utara
60303261,SMA NEGERI 1 OBAA,https://sekolah.data.kemdikbud.go.id/index.php/Chome/profil/9DF08C7E-D092-41A7-B839-3FB6A069C5F8,JL. AGHAM NO. 40 KEPI Kepi Kec. Obaa Kab. Mappi Prov. Papua Selatan,Kab. Mappi,,Papua Selatan
70055419,Sekolah Rakyat Menengah Atas 5 Jambi,https://sekolah.data.kemdikbud.go.id/index.php/Chome/profil/1B853F28-1E41-4907-B1F1-3FB72E124679,"Jl. Sultan Hasanudin No. 3, Kel. Talang ... Talang Bakung Kec. Jambi Selatan Kota Jambi Prov. Jambi",,Kota Jambi,Jambi
10805047,SMAN 2 PRINGSEWU,https://sekolah.data.kemdikbud.go.id/index.php/Chome/profil/782D4279-95C9-41AF-B41A-3FB840988518,Jl. Mekarsari No. 288 PODOSARI Kec. Pringsewu Kab. Pringsewu Prov. Lampung,Kab. Pringsewu,,Lampung
10105735,SMA N 1 LANGSA,https://sekolah.data.kemdikbud.go.id/index.php/Chome/profil/E721EBB6-45F2-48A3-A15A-3FB91AE99EE6,JL. JENDERAL A. YANI Paya Bujok Seuleumak Kec. Langsa Baro Kota Langsa Prov. Aceh,,Kota Langsa,Aceh
50102786,SMAS PARISADHA AMLAPURA,https://sekolah.data.kemdikbud.go.id/index.php/Chome/profil/B2F87C34-3004-497F-AA78-3FB936B052E1,JL. NGURAH RAI AMLAPURA Karangasem Kec. Karangasem Kab. Karangasem Prov. Bali,Kab. Karangasem,,Bali
20101627,SMAN 101 JAKARTA,https://sekolah.data.kemdikbud.go.id/index.php/Chome/profil/0A9F939B-CAB9-41F3-940A-3FC1E9F288D7,JL. KOMPLEK JOGLO BARU Joglo Kec. Kembangan Kota Adm. Jakarta Barat Prov. D.K.I. Jakarta,,Kota Adm. Jakarta Barat,D.K.I. Jakarta
10113602,SMA NEGERI 2 RANTAU SELAMAT,https://sekolah.data.kemdikbud.go.id/index.php/Chome/profil/767E9793-B5B1-46AD-9254-3FC2C8F8512C,Jln. Bayeun Alue Punti Simpang IV Desa A... Alue Punti Kec. Rantau Selamat Kab. Aceh Timur Prov. Aceh,Kab. Aceh Timur,,Aceh
30405319,SMA NEGERI 1 SEBULU,https://sekolah.data.kemdikbud.go.id/index.php/Chome/profil/376B57E9-FAE5-4B0F-A164-3FCAF15D3E6D,JL. LATSITARDA RT. IV Sebulu Ulu Kec. Sebulu Kab. Kutai Kartanegara Prov. Kalimantan Timur,Kab. Kutai Kartanegara,,Kalimantan Timur
40305844,SMAN 1 ENREKANG,https://sekolah.data.kemdikbud.go.id/index.php/Chome/profil/161875AE-CE83-419D-8512-3FD316BFDBF6,JLN JENDERAL SUDIRMAN NO 123 RT 2 RW 1 Tanete Kec. Anggeraja Kab. Enrekang Prov. Sulawesi Selatan,Kab. Enrekang,,Sulawesi Selatan
70046756,SMA PUTRI MAZAYA ASSUNNAH,https://sekolah.data.kemdikbud.go.id/index.php/Chome/profil/ADF100F4-2618-4656-B573-3FD3B8B418F3,Jl. Raya Leuwinanggung Kp. Kebayunan Tapos Kec. Tapos Kota Depok Prov. Jawa Barat,,Kota Depok,Jawa Barat
20103178,SMAS NURUL HUDA JAKARTA,https://sekolah.data.kemdikbud.go.id/index.php/Chome/profil/62CEDBF7-5EA0-4E92-A2DA-3FE3D2181343,JL. TIPAR CAKUNG Cakung Barat Kec. Cakung Kota Adm. Jakarta Timur Prov. D.K.I. Jakarta,,Kota Adm. Jakarta Timur,D.K.I. Jakarta
20251783,SMA PASUNDAN BANJARAN,https://sekolah.data.kemdikbud.go.id/index.php/Chome/profil/DA36759F-34AD-423B-A5E7-3FE71D833242,JL.RAYA STASIUN TIMUR NO.63 BANJARAN Banjaran Kec. Banjaran Kab. Bandung Prov. Jawa Barat,Kab. Bandung,,Jawa Barat
20339053,SMA NEGERI 1 BANTARSARI,https://sekolah.data.kemdikbud.go.id/index.php/Chome/profil/F0FDB855-DA2A-410F-A68C-3FFA1AEEFD93,JL. KH. SYARBINI HASAN NO. 2 Bulaksari Kec. Bantarsari Kab. Cilacap Prov. Jawa Tengah,Kab. Cilacap,,Jawa Tengah
20101173,SMAS 1 BARUNAWATI,https://sekolah.data.kemdikbud.go.id/index.php/Chome/profil/BDE37CEE-4CEC-448A-B7C0-3FFBB8F1D149,JL. X -III AIPDA KS TUBUN II - III NO. 7 Slipi Kec. Palmerah Kota Adm. Jakarta Barat Prov. D.K.I. Jakarta,,Kota Adm. Jakarta Barat,D.K.I. Jakarta
20401130,SMAN 1 MLATI,https://sekolah.data.kemdikbud.go.id/index.php/Chome/profil/F4ACF502-D6BF-48B2-ADF0-3FFE2601A7CA,JL. CEBONGAN Tlogoadi Kec. Mlati Kab. Sleman Prov. D.I. Yogyakarta,Kab. Sleman,,D.I. Yogyakarta
20401986,SMA PGRI PLAYEN,https://sekolah.data.kemdikbud.go.id/index.php/Chome/profil/5EBF3300-2488-479C-8E9E-400533B40078,PLAYEN 55861 Playen Kec. Playen Kab. Gunungkidul Prov. D.I. Yogyakarta,Kab. Gunungkidul,,D.I. Yogyakarta
40200752,SMAS ALKHAIRAAT KALUKUBULA,https://sekolah.data.kemdikbud.go.id/index.php/Chome/profil/D5227E13-FB87-4DD4-B12C-40077BBB7C39,JL. GURU TUA NO.234 Kalukubula Kec. Sigibiromaru Kab. Sigi Prov. Sulawesi Tengah,Kab. Sigi,,Sulawesi Tengah
50309377,SMAS SEMINARI LALIAN,https://sekolah.data.kemdikbud.go.id/index.php/Chome/profil/79CA4667-92C8-46CC-A4EA-400BBE0326F6,JL. NELA RAYA Naekasa Kec. Tasifeto Barat Kab. Belu Prov. Nusa Tenggara Timur,Kab. Belu,,Nusa Tenggara Timur
30303323,SMAN 1 KOTABARU,https://sekolah.data.kemdikbud.go.id/index.php/Chome/profil/E3119AC0-60C3-478E-8496-400D19E75B85,"JL. BERANGAS KM. 4,5 NO 39 A Sigam Kec. Pulaulaut Sigam Kab. Kotabaru Prov. Kalimantan Selatan",Kab. Kotabaru,,Kalimantan Selatan
50102568,SMA Negeri 1 Bangli,https://sekolah.data.kemdikbud.go.id/index.php/Chome/profil/F41E08F7-27D8-4263-A8DD-4012C8CFDC5C,JL. BRIGJEN NGURAH RAI NO. 36 BANGLI Kawan Kec. Bangli Kab. Bangli Prov. Bali,Kab. Bangli,,Bali
10204067,SMAN 3 KISARAN,https://sekolah.data.kemdikbud.go.id/index.php/Chome/profil/891925A0-C17F-4F91-8272-40158A6D99E8,JL. S PARMAN KISARAN Bunut Barat Kec. Kisaran Barat Kab. Asahan Prov. Sumatera Utara,Kab. Asahan,,Sumatera Utara
60100819,SMAN 1 TUAL,https://sekolah.data.kemdikbud.go.id/index.php/Chome/profil/14D6FE96-645A-4E5B-B95F-4016FBE4C5AC,Jl. Pattimura Kel. Lodar El Kec. Pulau Dullah Selatan Kota Tual Prov. Maluku,,Kota Tual,Maluku
10505954,SMAS YADIKA,https://sekolah.data.kemdikbud.go.id/index.php/Chome/profil/DDA11A2B-A2F0-45EA-AFB7-401CDAD408A4,JL. Mulya No. 50 RT.38 Lingkar Selatan Kec. Paal Merah Kota Jambi Prov. Jambi,,Kota Jambi,Jambi
69814064,SMAS KRISTEN 2 RANTEPAO,https://sekolah.data.kemdikbud.go.id/index.php/Chome/profil/02A6DD78-B44E-4542-9473-401D023BAF1E,RANTEPAO KELURAHAN PASELE Kec. Rantepao Kab. Toraja Utara Prov. Sulawesi Selatan,Kab. Toraja Utara,,Sulawesi Selatan
30107569,SMAN 1 SANDAI,https://sekolah.data.kemdikbud.go.id/index.php/Chome/profil/00958427-C9D3-440F-9496-40201673C64D,JL. JENDRAL SUDIRMAN SANDAI Sandai Kec. Sandai Kab. Ketapang Prov. Kalimantan Barat,Kab. Ketapang,,Kalimantan Barat
10214149,SMAS PAB 9 PATUMBAK,https://sekolah.data.kemdikbud.go.id/index.php/Chome/profil/1FE65836-1B94-49BC-97E8-4021E0FC1717,JL. PERTAHANAN UJUNG PATUMBAK Patumbak Satu Kec. Patumbak Kab. Deli Serdang Prov. Sumatera Utara,Kab. Deli Serdang,,Sumatera Utara
10105387,SMA NEGERI 4 BANDA ACEH,https://sekolah.data.kemdikbud.go.id/index.php/Chome/profil/EE988528-BAEC-4B35-A0EA-4029FEDE4973,JL. PANGLIMA NYAK MAKAM NO. 19 Kota Baru Kec. Kuta Alam Kota Banda Aceh Prov. Aceh,,Kota Banda Aceh,Aceh
20402127,SMAN 2 PLAYEN,https://sekolah.data.kemdikbud.go.id/index.php/Chome/profil/B8007E17-E5A2-42ED-9F35-4032009E4E55,"LOGANDENG, PLAYEN 55801 Logandeng Kec. Playen Kab. Gunungkidul Prov. D.I. Yogyakarta",Kab. Gunungkidul,,D.I. Yogyakarta
10108100,SMA NEGERI 1 MUARA BATU,https://sekolah.data.kemdikbud.go.id/index.php/Chome/profil/ACAAF3BB-5D3A-4B4F-B78D-40330E69D166,JL. PENDIDIKAN NO.5 KRUENG MANE Cot Seurani Kec. Muara Batu Kab. Aceh Utara Prov. Aceh,Kab. Aceh Utara,,Aceh
69759070,SMAN 2 NARMADA,https://sekolah.data.kemdikbud.go.id/index.php/Chome/profil/5ED98C7F-869B-4FCF-9A76-4037E34C16EF,JL. AHMAD YANI NO. 5 NARMADA Nyur Lembang Kec. Narmada Kab. Lombok Barat Prov. Nusa Tenggara Barat,Kab. Lombok Barat,,Nusa Tenggara Barat
69822745,SMAS  KATOLIK ST. FRANSISKUS DE SALLES KOKLEH,https://sekolah.data.kemdikbud.go.id/index.php/Chome/profil/C0893B13-A23D-4989-BAB1-4038A72E73D4,KOKOLEH SATU Kokoleh Satu Kec. Likupang Selatan Kab. Minahasa Utara Prov. Sulawesi Utara,Kab. Minahasa Utara,,Sulawesi Utara
69822776,SMAS PERSIAPAN LALANMATLEAN,https://sekolah.data.kemdikbud.go.id/index.php/Chome/profil/8358EE33-09F6-418E-A2DC-403E3899ECEB,JL. Imam Kadir SERA Kec. Pulau Gorom Kab. Seram Bagian Timur Prov. Maluku,Kab. Seram Bagian Timur,,Maluku
70055747,SEKOLAH MENENGAH ATAS NEGERI 1 CIBITUNG,https://sekolah.data.kemdikbud.go.id/index.php/Chome/profil/7162FDA4-F588-43F9-8E84-40408271F50E,Kp. Kubang RT 6 RW 3 Cibitung Kec. Cibitung Kab. Sukabumi Prov. Jawa Barat,Kab. Sukabumi,,Jawa Barat
20258065,SMAS TERPADU DARUSSALAM,https://sekolah.data.kemdikbud.go.id/index.php/Chome/profil/383730A8-B62F-4A5C-B003-404172261286,KP.NARUNGGUL Tanjungpura Kec. Rajapolah Kab. Tasikmalaya Prov. Jawa Barat,Kab. Tasikmalaya,,Jawa Barat
30102511,SMAN 1 SEI TEBELIAN,https://sekolah.data.kemdikbud.go.id/index.php/Chome/profil/25A975C1-F1E3-4CA8-B97C-40449B319E57,"JL. Sintang - Nanga Pinoh KM 21, Provins... Sungai Ukoi Kec. Sungai Tebelian Kab. Sintang Prov. Kalimantan Barat",Kab. Sintang,,Kalimantan Barat
70026791,SMA Juara Wirautama,https://sekolah.data.kemdikbud.go.id/index.php/Chome/profil/B5FF39C9-D505-4424-B1BA-404F2AA7D0C9,Jl. Raya Patrol No. 29 Patrol Kec. Patrol Kab. Indramayu Prov. Jawa Barat,Kab. Indramayu,,Jawa Barat
20325282,SMAS DAARU ULIL AL BAAB WARUREJA,https://sekolah.data.kemdikbud.go.id/index.php/Chome/profil/1E55C1C7-C7F9-4A64-82B2-404F5455DB4B,JL. RAYA KEDUNGKELOR No. 1 Warureja Kec. Warureja Kab. Tegal Prov. Jawa Tengah,Kab. Tegal,,Jawa Tengah
20553941,SMAS DARUL ULUM,https://sekolah.data.kemdikbud.go.id/index.php/Chome/profil/8037315F-7962-4910-A851-40536BEA477C,Jl. H. Samanhudi No. 39 Poncol Magetan Poncol Kec. Poncol Kab. Magetan Prov. Jawa Timur,Kab. Magetan,,Jawa Timur
20328879,SMA NEGERI 11 SEMARANG,https://sekolah.data.kemdikbud.go.id/index.php/Chome/profil/8BB4BA5B-53DE-4F7D-8610-40538768E4C5,Jl. Lamper Tengah Lamper Tengah Kec. Semarang Selatan Kota Semarang Prov. Jawa Tengah,,Kota Semarang,Jawa Tengah
30104494,SMAN 2 SENGAH TEMILA,https://sekolah.data.kemdikbud.go.id/index.php/Chome/profil/E7070F1C-A3A0-4DC7-8F6C-405C67233F6C,JL.RAYA PAHAUMAN Pahauman Kec. Sengah Temila Kab. Landak Prov. Kalimantan Barat,Kab. Landak,,Kalimantan Barat
20103256,SMAN 99 JAKARTA,https://sekolah.data.kemdikbud.go.id/index.php/Chome/profil/9BFA8A15-C816-4D45-B079-4060855BDAC8,JL.Cibubur  II Cibubur Kec. Ciracas Kota Adm. Jakarta Timur Prov. D.K.I. Jakarta,,Kota Adm. Jakarta Timur,D.K.I. Jakarta
10404030,SMAS WIDYA GRAHA,https://sekolah.data.kemdikbud.go.id/index.php/Chome/profil/6C2C5A46-375C-4EBA-A856-4060B952CFA5,JL. BANDA  ACEH GG. NANGKA Tengkerang Utara Kec. Bukit Raya Kota Pekanbaru Prov. Riau,,Kota Pekanbaru,Riau
69774667,SMA Negeri 40 Maluku Tengah,https://sekolah.data.kemdikbud.go.id/index.php/Chome/profil/8EE78486-77EB-4558-BE3E-4062BA679F50,Jln. Nn Saar Sopacua Ouw Kec. Saparua Timur Kab. Maluku Tengah Prov. Maluku,Kab. Maluku Tengah,,Maluku
10307524,SMAN 2 BUKITTINGGI,https://sekolah.data.kemdikbud.go.id/index.php/Chome/profil/5710EDC4-E97B-415C-A61F-40630424979E,JL. SUDIRMAN NO. 5 Sapiran Kec. Aur Birugo Tigo Baleh Kota Bukittinggi Prov. Sumatera Barat,,Kota Bukittinggi,Sumatera Barat
20606679,SMAS PGRI 109,https://sekolah.data.kemdikbud.go.id/index.php/Chome/profil/449B86C7-DCF2-4A74-9738-4064FA198BF5,JL UNTUNG SUROPATI NO. 14 Cimone Jaya Kec. Karawaci Kota Tangerang Prov. Banten,,Kota Tangerang,Banten
40202638,SMAN 1 PETASIA,https://sekolah.data.kemdikbud.go.id/index.php/Chome/profil/9A10CF96-DC36-4090-9744-4065CE8162BB,JL. PATIMURA NO. 8 KOLONODALE Kolonodale Kec. Petasia Kab. Morowali Utara Prov. Sulawesi Tengah,Kab. Morowali Utara,,Sulawesi Tengah
69888490,SMA SWASTA AL - FATTAH,https://sekolah.data.kemdikbud.go.id/index.php/Chome/profil/C4E484D0-4417-40FF-A543-406E7F910B92,Jl. Desa Lama Dusun II Kampung Lama Kec. Hamparan Perak Kab. Deli Serdang Prov. Sumatera Utara,Kab. Deli Serdang,,Sumatera Utara
50301898,SMAN 1 SOLOR BARAT,https://sekolah.data.kemdikbud.go.id/index.php/Chome/profil/5C60CB76-45CE-4325-9E55-406F2666C48B,NUSADANI Nusadani Kec. Solor Barat Kab. Flores Timur Prov. Nusa Tenggara Timur,Kab. Flores Timur,,Nusa Tenggara Timur
20321439,SMA NEGERI 2 TEMANGGUNG,https://sekolah.data.kemdikbud.go.id/index.php/Chome/profil/65E7F758-5713-4C28-A1EA-40752B6D3E95,JL. PAHLAWAN TEMANGGUNG Giyanti Kec. Temanggung Kab. Temanggung Prov. Jawa Tengah,Kab. Temanggung,,Jawa Tengah
70035989,SMA INTEGRAL BUNDA TANAH MELAYU,https://sekolah.data.kemdikbud.go.id/index.php/Chome/profil/A13466A8-2856-44B0-8B63-407F001A9045,JL. BUKIT CENING NO.02 RT.006 RW.002 DES... DAIK Kec. Lingga Kab. Lingga Prov. Kepulauan Riau,Kab. Lingga,,Kepulauan Riau
69820649,SMAS EHIPASSIKO SCHOOL,https://sekolah.data.kemdikbud.go.id/index.php/Chome/profil/DF998B20-C49D-40F8-ACE9-407F063B3319,Jl. Letnan Sutopo Kav.B2 No.1-2 Sektor X... Rawa Mekar Kec. Serpong Kota Tangerang Selatan Prov. Banten,,Kota Tangerang Selatan,Banten
69950587,SMA YAYASAN ABDI KARYA (YADIKA) TORGANDA,https://sekolah.data.kemdikbud.go.id/index.php/Chome/profil/7766B9B8-65A5-4CDB-BE61-407F799D732C,SIBISA MANGATUR Torganda Kec. Torgamba Kab. Labuhanbatu Selatan Prov. Sumatera Utara,Kab. Labuhanbatu Selatan,,Sumatera Utara
30104085,SMAS ST FRANS ASISI BENGKAYANG,https://sekolah.data.kemdikbud.go.id/index.php/Chome/profil/6F79148B-1A81-4A27-84E1-408538BD78B8,JL. SULENCO NO.31 Bumi Emas Kec. Bengkayang Kab. Bengkayang Prov. Kalimantan Barat,Kab. Bengkayang,,Kalimantan Barat
20310495,SMA ASSALAAM,https://sekolah.data.kemdikbud.go.id/index.php/Chome/profil/83CE6312-CC42-4BCA-8ED0-408B34D87C21,PABELAN KARTASURA SUKOHARJO PO BOX 286 Pabelan Kec. Kartasura Kab. Sukoharjo Prov. Jawa Tengah,Kab. Sukoharjo,,Jawa Tengah
69990897,SMA NEGERI PINOLOSIAN TIMUR,https://sekolah.data.kemdikbud.go.id/index.php/Chome/profil/40D8BE94-E513-4BFE-8250-4091F870E8ED,Jalan Desa Onggunoi Onggunoi Kec. Pinolosian Timur Kab. Bolaang Mongondow Selatan Prov. Sulawesi Utara,Kab. Bolaang Mongondow Selatan,,Sulawesi Utara
20401162,SMAN 1 CANGKRINGAN,https://sekolah.data.kemdikbud.go.id/index.php/Chome/profil/54D7A405-2118-4D81-9941-40940977788E,"Jalan Merapi Golf, Bedoyo Wukir Sari Kec. Cangkringan Kab. Sleman Prov. D.I. Yogyakarta",Kab. Sleman,,D.I. Yogyakarta
10802068,SMAN 1 SEPUTIH RAMAN,https://sekolah.data.kemdikbud.go.id/index.php/Chome/profil/3FA6C6B9-17B3-4CB4-89F7-409773606DAA,JL. RAYA SEPUTIH RAMAN Rama Murti Kec. Seputih Raman Kab. Lampung Tengah Prov. Lampung,Kab. Lampung Tengah,,Lampung
10202662,SMA SWASTA ABDI SEJATI PERDAGANGAN,https://sekolah.data.kemdikbud.go.id/index.php/Chome/profil/8D42FDFF-C7C6-4091-A002-4097A76035E9,JL. JENDERAL SUDIRMAN NO.275 PERDAGANGAN Perdagangan Iii Kec. Bandar Kab. Simalungun Prov. Sumatera Utara,Kab. Simalungun,,Sumatera Utara
20603383,SMAS YADIKA 6 PONDOK AREN,https://sekolah.data.kemdikbud.go.id/index.php/Chome/profil/F0F9A795-4174-49C8-B248-409ED69BD4D5,JURANG MANGU BARAT RAYA NO.25 A Jurang Manggu Barat Kec. Pondok Aren Kota Tangerang Selatan Prov. Banten,,Kota Tangerang Selatan,Banten
20273960,SMAS ISLAM TERPADU SASAMA,https://sekolah.data.kemdikbud.go.id/index.php/Chome/profil/4F61D215-6963-4677-977C-40A70CE3DFC5,JL. BOJONG MUNCANG Pangguh Kec. Ibun Kab. Bandung Prov. Jawa Barat,Kab. Bandung,,Jawa Barat
20221561,SMAN 3 SUKABUMI,https://sekolah.data.kemdikbud.go.id/index.php/Chome/profil/9B38FC9F-DC10-487F-9640-40AAF7DCC557,Jalan Ciaul Baru No.21 Subangjaya Kec. Cikole Kota Sukabumi Prov. Jawa Barat,,Kota Sukabumi,Jawa Barat
30102906,SMAS KARYA BUDI PUTUSSIBAU,https://sekolah.data.kemdikbud.go.id/index.php/Chome/profil/8AA94BE6-D2EE-4486-B1A2-40ADE9D4C5E0,JL. A. YANI NO. 35 PUTUSSIBAU Putussibau Kota Kec. Putussibau Utara Kab. Kapuas Hulu Prov. Kalimantan Barat,Kab. Kapuas Hulu,,Kalimantan Barat
69790724,SMA DARUL HADITS,https://sekolah.data.kemdikbud.go.id/index.php/Chome/profil/D325D174-8941-453A-9A62-40B4658EF3B9,KAMP. TEREM Klapayan Kec. Sepulu Kab. Bangkalan Prov. Jawa Timur,Kab. Bangkalan,,Jawa Timur
20523802,SMAS PANCASILA AMBULU,https://sekolah.data.kemdikbud.go.id/index.php/Chome/profil/AAE28D5D-AC6D-4033-BF38-40B478177500,JL. RONGGOLAWE 5 Ambulu Kec. Ambulu Kab. Jember Prov. Jawa Timur,Kab. Jember,,Jawa Timur
69822724,SMAS BINA SETIA SEKILAP,https://sekolah.data.kemdikbud.go.id/index.php/Chome/profil/28486FAE-1A8A-418E-A4D2-40BE3D975A83,SEKILAP-MANDOR Sekilap Kec. Mandor Kab. Landak Prov. Kalimantan Barat,Kab. Landak,,Kalimantan Barat
50220467,SMAN 2 BOLO,https://sekolah.data.kemdikbud.go.id/index.php/Chome/profil/55F6F295-53CF-4CC9-B728-40C1E68A34F0,JL. LINTAS SUMBAWA Sondosia Kec. Bolo Kab. Bima Prov. Nusa Tenggara Barat,Kab. Bima,,Nusa Tenggara Barat
30300239,SMAN 1 MARTAPURA,https://sekolah.data.kemdikbud.go.id/index.php/Chome/profil/C6577951-E46B-4A9B-A374-40C5E555B04E,JL. JENDERAL A. YANI 59 A Keraton Kec. Martapura Kab. Banjar Prov. Kalimantan Selatan,Kab. Banjar,,Kalimantan Selatan
20232391,SMAS PGRI JONGGOL,https://sekolah.data.kemdikbud.go.id/index.php/Chome/profil/B0F9ACB1-684B-481B-99E2-40C8563DC30C,JL. M. BAKRI KAUM JONGGOL Singajaya Kec. Jonggol Kab. Bogor Prov. Jawa Barat,Kab. Bogor,,Jawa Barat
69756264,SMAS IHYAUL IMAN,https://sekolah.data.kemdikbud.go.id/index.php/Chome/profil/D06817A8-CBBA-4B59-89B5-40CDBDDB3EA6,DS. RENTENG RENTENG Kec. Gading Kab. Probolinggo Prov. Jawa Timur,Kab. Probolinggo,,Jawa Timur
30203479,SMAN 1 PALANGKA RAYA,https://sekolah.data.kemdikbud.go.id/index.php/Chome/profil/08C13965-4E2D-4BFA-8F59-40D00BA7615C,JL. A.I.S. NASUTION NO.02 Langkai Kec. Pahandut Kota Palangka Raya Prov. Kalimantan Tengah,,Kota Palangka Raya,Kalimantan Tengah
40601309,UPTD SMAN 1 PAMBOANG,https://sekolah.data.kemdikbud.go.id/index.php/Chome/profil/B54DD064-AAB8-4CB8-9C85-40D45602912C,Jl. Pendidikan Pamboang Lalampanua Kec. Pamboang Kab. Majene Prov. Sulawesi Barat,Kab. Majene,,Sulawesi Barat
70053591,SMA NU DARUSSALAMAH SELEBAH,https://sekolah.data.kemdikbud.go.id/index.php/Chome/profil/CD4300DB-0F30-476E-8D99-40D86FDE5E9C,JL. Mahad RT/RW 009/002 Braja Harjosari Kec. Braja Selebah Kab. Lampung Timur Prov. Lampung,Kab. Lampung Timur,,Lampung
20522642,SMAN 1 PANARUKAN,https://sekolah.data.kemdikbud.go.id/index.php/Chome/profil/C361147A-13CA-41E3-986C-40DA4B822B10,Jalan Baluran No. 4 Sumber Kolak Kec. Panarukan Kab. Situbondo Prov. Jawa Timur,Kab. Situbondo,,Jawa Timur
20338215,SMAS DIPONEGORO SUMPIUH,https://sekolah.data.kemdikbud.go.id/index.php/Chome/profil/DBAA24F2-4B39-4C38-9A98-40FC50FE127C,JL. Bong Cina Kradenan Kradenan Kec. Sumpiuh Kab. Banyumas Prov. Jawa Tengah,Kab. Banyumas,,Jawa Tengah
60302885,SMAS HMM AL FALAH TIMIKA,https://sekolah.data.kemdikbud.go.id/index.php/Chome/profil/552665D3-1035-4031-A759-40FCF717666A,JL. PEMUDA - SP. I Kamoro Jaya Kec. Wania Kab. Mimika Prov. Papua Tengah,Kab. Mimika,,Papua Tengah
40400241,SMAN 1 SAMPARA,https://sekolah.data.kemdikbud.go.id/index.php/Chome/profil/6B367409-C385-46F4-A03D-410D56CC0533,JL. POROS KDI - KOLAKA KM. 21 Andaroa Kec. Sampara Kab. Konawe Prov. Sulawesi Tenggara,Kab. Konawe,,Sulawesi Tenggara
40307359,SMAS WAHYU,https://sekolah.data.kemdikbud.go.id/index.php/Chome/profil/67E1E7D2-C34E-458F-AF60-4111222A344C,JL. ABDULLAH DG SIRUA Paropo Kec. Panakukkang Kota Makassar Prov. Sulawesi Selatan,,Kota Makassar,Sulawesi Selatan
20320390,SMA TUNAS PATRIA UNGARAN,https://sekolah.data.kemdikbud.go.id/index.php/Chome/profil/28AD2D88-1751-4758-A0B4-4112EA593CA1,JL. DIPONEGORO UNGARAN Candirejo Kec. Ungaran Barat Kab. Semarang Prov. Jawa Tengah,Kab. Semarang,,Jawa Tengah
69988970,SMA IT CINTA ILLAHI,https://sekolah.data.kemdikbud.go.id/index.php/Chome/profil/2701CBEE-A24D-40FF-9A3F-4114E246F5BD,Jl. Lintas Sumatera Dusun Panggungan Gunung Sugih Raya Kec. Gunung Sugih Kab. Lampung Tengah Prov. Lampung,Kab. Lampung Tengah,,Lampung
20532380,SMAS ANAJIYAH,https://sekolah.data.kemdikbud.go.id/index.php/Chome/profil/66E16D55-1CB3-4D49-B506-411B712AEA18,JL. SIDOSERMO IV / 7 Sidosermo Kec. Wonocolo Kota Surabaya Prov. Jawa Timur,,Kota Surabaya,Jawa Timur
10210746,SMAS KARTIKA 1 -1 MEDAN,https://sekolah.data.kemdikbud.go.id/index.php/Chome/profil/63B58E9E-6A67-4433-9B8D-4120362EB364,JL. S. PARMAN NO. 240 MEDAN Petisah Tengah Kec. Medan Petisah Kota Medan Prov. Sumatera Utara,,Kota Medan,Sumatera Utara
69970378,SMAS QUEEN,https://sekolah.data.kemdikbud.go.id/index.php/Chome/profil/BA3CAA7A-2107-45D4-9DE4-412076F9423D,Jl. KH. Moh. Dahlan Rt.07/03 Tanjakan Kec. Rajeg Kab. Tangerang Prov. Banten,Kab. Tangerang,,Banten
69978354,SMA SWASTA CENDANA BOAS,https://sekolah.data.kemdikbud.go.id/index.php/Chome/profil/75336EE1-4016-4A7C-8FDF-4126494A17D4,DESA DIRMA Dirma Kec. Malaka Timur Kab. Malaka Prov. Nusa Tenggara Timur,Kab. Malaka,,Nusa Tenggara Timur
20214996,SMAN 1 JAMBLANG,https://sekolah.data.kemdikbud.go.id/index.php/Chome/profil/E97E48F8-14B3-490D-9413-412654FD5303,JL. NYI MAS RARAKERTA NO.33 JAMBLANG Sitiwinangun Kec. Jamblang Kab. Cirebon Prov. Jawa Barat,Kab. Cirebon,,Jawa Barat
69775582,SMAS IT ASSOHWAH TOILI,https://sekolah.data.kemdikbud.go.id/index.php/Chome/profil/4CA12297-275B-4D29-8359-4131B3118BF1,JL. DURIAN NO.44 TANAH ABANG Kec. Toili Kab. Banggai Prov. Sulawesi Tengah,Kab. Banggai,,Sulawesi Tengah
30100339,SMAS AMKUR PEMANGKAT,https://sekolah.data.kemdikbud.go.id/index.php/Chome/profil/A3282F3F-1956-4B73-BA5E-4134BB2A09E7,JL.GEREJA PEMANGKAT Gugah Sejahtera Kec. Pemangkat Kab. Sambas Prov. Kalimantan Barat,Kab. Sambas,,Kalimantan Barat
10609711,SMA PATRA MANDIRI 02 PALEMBANG,https://sekolah.data.kemdikbud.go.id/index.php/Chome/profil/205FF920-5E34-4C9C-B868-4134F3E15876,JL FLAMBOYAN KOMPERTA SUNGAI GERONG Plaju Ilir Kec. Plaju Kota Palembang Prov. Sumatera Selatan,,Kota Palembang,Sumatera Selatan
69973275,SMA SWASTA BANGUN INSAN MANDIRI,https://sekolah.data.kemdikbud.go.id/index.php/Chome/profil/E82B2797-1B8D-4A25-8EA1-4136840D8D43,Jl. Bambu II No. 62 Durian Kec. Medan Timur Kota Medan Prov. Sumatera Utara,,Kota Medan,Sumatera Utara
20315697,SMA NEGERI 1 REMBANG,https://sekolah.data.kemdikbud.go.id/index.php/Chome/profil/0BB369A0-2421-4A7A-B668-4138A82C66CE,JL. GAJAH MADA NO. 5 REMBANG Magersari Kec. Rembang Kab. Rembang Prov. Jawa Tengah,Kab. Rembang,,Jawa Tengah
70054975,SMA PLUS AL-HAMIDY PRINGSEWU,https://sekolah.data.kemdikbud.go.id/index.php/Chome/profil/EB9D9075-1574-47A7-AE0E-413D719A32D7,JL. Lkr. Utara RT.05 RW.02 Pekon Podomor... Podomoro Kec. Pringsewu Kab. Pringsewu Prov. Lampung,Kab. Pringsewu,,Lampung
50304607,SMAN 1 ROTE BARAT LAUT,https://sekolah.data.kemdikbud.go.id/index.php/Chome/profil/624A806D-99CF-4D62-B6CD-4140384E4AA6,Saindule Oetutulu Kec. Rote Barat Laut Kab. Rote Ndao Prov. Nusa Tenggara Timur,Kab. Rote Ndao,,Nusa Tenggara Timur
70013505,SMAS IT QURRATU AYUN AL-ISLAMI,https://sekolah.data.kemdikbud.go.id/index.php/Chome/profil/A056D1E0-C1B0-482D-9322-41429C59C1D4,Jl. Poros Makassar-Maros KM. 26 Maros Taroada Kec. Turikale Kab. Maros Prov. Sulawesi Selatan,Kab. Maros,,Sulawesi Selatan
20219266,SMAS ST ANGELA,https://sekolah.data.kemdikbud.go.id/index.php/Chome/profil/F083DC19-938D-49CA-9723-414E0DB80AA0,"JL. MERDEKA NO. 24, Bandung - Jawa Barat Babakan Ciamis Kec. Sumur Bandung Kota Bandung Prov. Jawa Barat",,Kota Bandung,Jawa Barat
69905423,SMAS AL ITTIHAD,https://sekolah.data.kemdikbud.go.id/index.php/Chome/profil/F418C0A7-D324-4CA7-A014-415754E27CA4,Dusun Bindang Timur Pajeruan Kec. Kedungdung Kab. Sampang Prov. Jawa Timur,Kab. Sampang,,Jawa Timur
20607819,SMAN 1 CILELES,https://sekolah.data.kemdikbud.go.id/index.php/Chome/profil/DD2EBBC4-EFF7-4985-A4AD-4160AA3E7A39,JL. RAYA SAMPAY GUNUNG KENCANA KM. 25 CI... Prabugantungan Kec. Cileles Kab. Lebak Prov. Banten,Kab. Lebak,,Banten
69950277,SMA IT MEKARJAYA,https://sekolah.data.kemdikbud.go.id/index.php/Chome/profil/F5ECC0AC-5F4B-4521-B12A-41636EBC210F,Kp. Lebaksueti RT 02 RW 01 Mekarjaya Kec. Sukaresmi Kab. Garut Prov. Jawa Barat,Kab. Garut,,Jawa Barat
10214147,SMAS PAB 6 HELVETIA,https://sekolah.data.kemdikbud.go.id/index.php/Chome/profil/AB081A96-37C5-406A-82EC-4165883BF0F0,JL. VETERAN PSR 4 HELVETIA Helvetia Kec. Labuhan Deli Kab. Deli Serdang Prov. Sumatera Utara,Kab. Deli Serdang,,Sumatera Utara
69990974,SMA BINTANG TIMUR,https://sekolah.data.kemdikbud.go.id/index.php/Chome/profil/20AB2B62-7F61-46D3-9325-416CA78C4C9E,Jl. Raya Tambun Tambelang Bekasi Sumberjaya Kec. Tambun Selatan Kab. Bekasi Prov. Jawa Barat,Kab. Bekasi,,Jawa Barat
10303089,SMA N 1 LEMBAH MELINTANG,https://sekolah.data.kemdikbud.go.id/index.php/Chome/profil/A5F1F7BE-360F-4714-B37C-417380C73D55,Jl. KAMPUNG JUAR UJUANG GADIANG Kec. Lembah Melintang Kab. Pasaman Barat Prov. Sumatera Barat,Kab. Pasaman Barat,,Sumatera Barat
60302283,SMA YPPGI KARUBAGA,https://sekolah.data.kemdikbud.go.id/index.php/Chome/profil/1277C363-94DB-47B6-A9BC-417B0EA7E0E9,AMPERA Ampera Kec. Karubaga Kab. Tolikara Prov. Papua Pegunungan,Kab. Tolikara,,Papua Pegunungan
70039870,SMA NEGERI 1 TANGARAN,https://sekolah.data.kemdikbud.go.id/index.php/Chome/profil/78DAEF15-8483-4B47-86D4-418297A2FDD9,JL. SAHARA Merpati Kec. Tangaran Kab. Sambas Prov. Kalimantan Barat,Kab. Sambas,,Kalimantan Barat
10402060,SMAS AL HUSNIYAH,https://sekolah.data.kemdikbud.go.id/index.php/Chome/profil/5256A104-59E2-4C73-B1B5-41844B423A11,Kampus Alhusniyah 3 Jalan Kelapa Gading ... Pulau Kijang Kec. Reteh Kab. Indragiri Hilir Prov. Riau,Kab. Indragiri Hilir,,Riau
40311896,SMAN 9 MAKASSAR,https://sekolah.data.kemdikbud.go.id/index.php/Chome/profil/CF77C7F6-C615-435B-A0E2-41879D5CE28E,JL.KARUNRUNG RAYA NO.37 Karunrung Kec. Rappocini Kota Makassar Prov. Sulawesi Selatan,,Kota Makassar,Sulawesi Selatan
69922305,SMA DARUL ULUM KADUPANDAK,https://sekolah.data.kemdikbud.go.id/index.php/Chome/profil/C5F4B425-050C-4F4E-9EC5-4188D3468430,Kp. Caringin Rt/Rw 03/04 Wargaasih Kec. Kadupandak Kab. Cianjur Prov. Jawa Barat,Kab. Cianjur,,Jawa Barat
70054986,SMA HighScope Indonesia Denpasar,https://sekolah.data.kemdikbud.go.id/index.php/Chome/profil/79DB0FCC-8B1B-4048-BB28-418E7D772538,Jl. Tukad Buaji No. 2 Sesetan Kec. Denpasar Selatan Kota Denpasar Prov. Bali,,Kota Denpasar,Bali
20100782,SMAN 92 JAKARTA,https://sekolah.data.kemdikbud.go.id/index.php/Chome/profil/A947DBEF-A026-47B5-B55C-418F277AF822,KOMP. PEMADAM KEBAKARAN Semper Barat Kec. Cilincing Kota Adm. Jakarta Utara Prov. D.K.I. Jakarta,,Kota Adm. Jakarta Utara,D.K.I. Jakarta
10111681,SMA NEGERI 1 TEUPAH SELATAN,https://sekolah.data.kemdikbud.go.id/index.php/Chome/profil/F8A9415C-FA28-4EDE-AFC4-41951B67E388,Jln. Sinabang-Batu Berlayar Km. 42 Labuhan Bakti Kec. Teupah Selatan Kab. Simeulue Prov. Aceh,Kab. Simeulue,,Aceh
20614834,SMAS ADZKIA ISLAMIC SCHOOL,https://sekolah.data.kemdikbud.go.id/index.php/Chome/profil/9BD740E7-EC9B-4B64-90BE-419864BB720E,PAMULANG Pondok Benda Kec. Pamulang Kota Tangerang Selatan Prov. Banten,,Kota Tangerang Selatan,Banten
30401828,SMAS ISLAM TERPADU YABIS BONTANG,https://sekolah.data.kemdikbud.go.id/index.php/Chome/profil/345B4433-29B2-4015-B250-41A32335DEBB,JL. BRIGJEND KATAMSO NO.40 RT 45 Belimbing Kec. Bontang Barat Kota Bontang Prov. Kalimantan Timur,,Kota Bontang,Kalimantan Timur
60403661,SMAN MEYADO,https://sekolah.data.kemdikbud.go.id/index.php/Chome/profil/6E3A17A6-C63D-4EC5-B967-41A82BF53B8B,Jln.Raya Pasir Putih Meyado Meyado Kec. Meyado Kab. Teluk Bintuni Prov. Papua Barat,Kab. Teluk Bintuni,,Papua Barat
30204231,SMAN 2 KATINGAN KUALA,https://sekolah.data.kemdikbud.go.id/index.php/Chome/profil/174B726B-EB36-4CB6-BDFB-41AB8BBDAFBD,JL.PEMBANGUNAN NOMOR 250B Kampung Baru Kec. Katingan Kuala Kab. Katingan Prov. Kalimantan Tengah,Kab. Katingan,,Kalimantan Tengah
10610272,SMAN 1 BUAY PEMACA,https://sekolah.data.kemdikbud.go.id/index.php/Chome/profil/CA8FABF1-E6EB-4977-9A1D-41AF903FB9CF,Jln. Lingkar Desa Talang Padang Kec. Bua... Talang Padang Kec. Buay Pemaca Kab. Ogan Komering Ulu Selatan Prov. Sumatera Selatan,Kab. Ogan Komering Ulu Selatan,,Sumatera Selatan
30107297,SMAS SENTOSA PEMANGKAT,https://sekolah.data.kemdikbud.go.id/index.php/Chome/profil/35760003-B6DD-4EF5-B09E-41AFA7C734BD,JL. GEREJA GG. ABADI Harapan Kec. Pemangkat Kab. Sambas Prov. Kalimantan Barat,Kab. Sambas,,Kalimantan Barat
50308601,SMAN 2 ELAR,https://sekolah.data.kemdikbud.go.id/index.php/Chome/profil/A1BBB0AE-6932-4DBD-BDEB-41BBD53FC10D,WUKIR SANGAN KALO Kec. Elar Selatan Kab. Manggarai Timur Prov. Nusa Tenggara Timur,Kab. Manggarai Timur,,Nusa Tenggara Timur
10105182,SMA NEGERI 1 BANDAR,https://sekolah.data.kemdikbud.go.id/index.php/Chome/profil/7B75B0CC-E9B2-4392-B10B-41C0DF3350BB,JL. REDELONG-PONDOK BARU Simpang Utama Kec. Bandar Kab. Bener Meriah Prov. Aceh,Kab. Bener Meriah,,Aceh
69763264,SMAN 2 ABUNG SEMULI,https://sekolah.data.kemdikbud.go.id/index.php/Chome/profil/DCCF8B07-4D8E-46F4-B404-41C87DA2799B,JL. LADA  NO 94 Papan Asri Kec. Abung Semuli Kab. Lampung Utara Prov. Lampung,Kab. Lampung Utara,,Lampung
69770333,SMA Negeri 36 Maluku Tengah,https://sekolah.data.kemdikbud.go.id/index.php/Chome/profil/E257B636-1CA9-4693-A1AE-41C94E4DBC4C,Jl. Lintas Seram - Malaku Malaku Kec. Seram Utara Kab. Maluku Tengah Prov. Maluku,Kab. Maluku Tengah,,Maluku
60101542,SMA Negeri 5 Seram Bagian Barat,https://sekolah.data.kemdikbud.go.id/index.php/Chome/profil/2B9CFF3D-A09A-4669-AAB4-41CBA6F722F4,LUHU Desa Luhu Kec. Huamual Kab. Seram Bagian Barat Prov. Maluku,Kab. Seram Bagian Barat,,Maluku
20540175,SMA ROUDLATUS SALAM,https://sekolah.data.kemdikbud.go.id/index.php/Chome/profil/BA913337-DF48-4899-A710-41CCF06645A3,JL.P.B.SUDIRMAN Sumbergondo Kec. Glenmore Kab. Banyuwangi Prov. Jawa Timur,Kab. Banyuwangi,,Jawa Timur
20554166,SMAS ISLAM DARUL FIKRI,https://sekolah.data.kemdikbud.go.id/index.php/Chome/profil/18FD3F2E-DA74-4210-B320-41CEAA7DD127,JL JATISARI-WRINGIN NO.1 Jatisari Kec. Wringin Kab. Bondowoso Prov. Jawa Timur,Kab. Bondowoso,,Jawa Timur
20535049,SMAS YP KOTAMADYA,https://sekolah.data.kemdikbud.go.id/index.php/Chome/profil/6279625B-96A2-4FD6-AD1E-41DCE50936C8,JL. TANJUNG  NO. 1 Turi Kec. Sukorejo Kota Blitar Prov. Jawa Timur,,Kota Blitar,Jawa Timur
40306543,SMAN 3 TANA TORAJA,https://sekolah.data.kemdikbud.go.id/index.php/Chome/profil/9F96E57A-6956-4A29-8F54-41DDAF94EFF4,JL. SITARDA KELURAHAN  RANTE KALUA Kec. Mengkendek Kab. Tana Toraja Prov. Sulawesi Selatan,Kab. Tana Toraja,,Sulawesi Selatan
20510138,SMAS MUHAMMADIYAH 3 JETIS PONOROGO,https://sekolah.data.kemdikbud.go.id/index.php/Chome/profil/9D22D575-9E79-4075-8123-41E7776DE8B2,Jl. Jenderal Sudirman No.72 Turi Kec. Jetis Kab. Ponorogo Prov. Jawa Timur,Kab. Ponorogo,,Jawa Timur
70038412,SMA ‘AISYIYAH BOARDING SCHOOL BANDUNG,https://sekolah.data.kemdikbud.go.id/index.php/Chome/profil/732A2374-B7AC-4CFE-BF09-41E9A6BA4A52,Jl. Raya Laswi No. 308 Baleendah Kec. Baleendah Kab. Bandung Prov. Jawa Barat,Kab. Bandung,,Jawa Barat
70055762,SMA TUMBUH,https://sekolah.data.kemdikbud.go.id/index.php/Chome/profil/385DBD00-C7E8-4338-BB3F-41ED63C74F2E,Jl. KH Ali Maksum Panggungharjo Kec. Sewon Kab. Bantul Prov. D.I. Yogyakarta,Kab. Bantul,,D.I. Yogyakarta
50103673,SMAS PARIWISATA MAHARDIKA ABANG,https://sekolah.data.kemdikbud.go.id/index.php/Chome/profil/89C8832B-F409-4261-9527-41F229DE0600,"Desa Datah, Kec. Abang, Kab. Karangasem,... Datah Kec. Abang Kab. Karangasem Prov. Bali",Kab. Karangasem,,Bali
40310162,SMAS YAPMAN SOROAKO,https://sekolah.data.kemdikbud.go.id/index.php/Chome/profil/1FBE5A55-1F6B-4E18-89A8-41F76531B079,SAPUTAN FS. 16 SOROAKO Magani Kec. Nuha Kab. Luwu Timur Prov. Sulawesi Selatan,Kab. Luwu Timur,,Sulawesi Selatan
10208956,SMAS HKBP PANGURURAN,https://sekolah.data.kemdikbud.go.id/index.php/Chome/profil/B8C9E70E-35C2-4302-9E35-41F8DC9CA562,JL. GEREJA NO. 9 A Pasar Pangururan Kec. Pangururan Kab. Samosir Prov. Sumatera Utara,Kab. Samosir,,Sumatera Utara
20303230,SMA NEGERI 1 BUKATEJA,https://sekolah.data.kemdikbud.go.id/index.php/Chome/profil/15662F40-01CA-4018-8E43-41F96A0405E7,JL. RAYA PURWANDARU BUKATEJA Bukateja Kec. Bukateja Kab. Purbalingga Prov. Jawa Tengah,Kab. Purbalingga,,Jawa Tengah
30107260,SMAS MIFTAHUL HUDA SUI RAYA,https://sekolah.data.kemdikbud.go.id/index.php/Chome/profil/B716B08A-EA94-4245-A048-41FBE866F2DB,JL. RAYA KUMPAI Madu Sari Kec. Sungai Raya Kab. Kubu Raya Prov. Kalimantan Barat,Kab. Kubu Raya,,Kalimantan Barat
70011533,SMA Laboratorium Universitas Pattimura,https://sekolah.data.kemdikbud.go.id/index.php/Chome/profil/1A0C306C-BB8C-4A93-A134-41FC4B07B8E4,Jln. Mr. Soplanit Rumah Tiga Kota Ambon Rumah Tiga Kec. Teluk Ambon Kota Ambon Prov. Maluku,,Kota Ambon,Maluku
20531150,SMAS SAIDIYAH,https://sekolah.data.kemdikbud.go.id/index.php/Chome/profil/39A0C63C-0039-49FB-807F-41FE47BC3E61,JL. AERMATA BUDURAN AROSBAYA Buduran Kec. Arosbaya Kab. Bangkalan Prov. Jawa Timur,Kab. Bangkalan,,Jawa Timur
10208161,SMAN 1 SINUNUKAN,https://sekolah.data.kemdikbud.go.id/index.php/Chome/profil/F91C6F46-2739-4F42-98F1-420329AB8498,Jl. Lintas Batahan - Sinunukan III Wido Daren Kec. Sinunukan Kab. Mandailing Natal Prov. Sumatera Utara,Kab. Mandailing Natal,,Sumatera Utara
10600908,SMAN 1 TANAH ABANG,https://sekolah.data.kemdikbud.go.id/index.php/Chome/profil/53B0ADB0-85E0-4F05-B020-42091A03FB7A,JL. PENDOPO TANAH ABANG Tanah Abang Selatan KEC. TANAH ABANG Kab. Penukal Abab Lematang Ilir Prov. Sumatera Selatan,Kab. Penukal Abab Lematang Ilir,,Sumatera Selatan
20219807,SMAS MUHAMMADIYAH 1,https://sekolah.data.kemdikbud.go.id/index.php/Chome/profil/A8CA5806-8CDF-4426-A888-420D6C997285,Jl. Kancil No. 1 Malabar Kec. Lengkong Kota Bandung Prov. Jawa Barat,,Kota Bandung,Jawa Barat
20551737,SMAS KH AGUS SALIM,https://sekolah.data.kemdikbud.go.id/index.php/Chome/profil/96A90FBE-76CA-4B2C-B754-42130DC56D4A,JL. SRI TANJUNG RT 02 RW 10 KALIWINING J... Wirolegi Kec. Sumbersari Kab. Jember Prov. Jawa Timur,Kab. Jember,,Jawa Timur
20200603,SMAN 1 CITEUREUP,https://sekolah.data.kemdikbud.go.id/index.php/Chome/profil/8C4695B4-2781-48A5-91F6-42198B73ABB8,Jl. Alternatif Tengsaw-Tajur No.1 Tarikolot Kec. Citeureup Kab. Bogor Prov. Jawa Barat,Kab. Bogor,,Jawa Barat
20203723,SMAN 2 CIANJUR,https://sekolah.data.kemdikbud.go.id/index.php/Chome/profil/DED33437-88C5-4265-8088-421A62FCF765,JL. Pangeran Hidayatullah No.121 Limbangan Sari Kec. Cianjur Kab. Cianjur Prov. Jawa Barat,Kab. Cianjur,,Jawa Barat
69762711,SMAS KATOLIK SANTA MARIA,https://sekolah.data.kemdikbud.go.id/index.php/Chome/profil/42B59717-B536-4074-B379-42202DB2119E,JLN. BUSIRI SEMPAN TIMIKA Inauga Kec. Wania Kab. Mimika Prov. Papua Tengah,Kab. Mimika,,Papua Tengah
40402859,SMAN 1 WAWONII TIMUR,https://sekolah.data.kemdikbud.go.id/index.php/Chome/profil/B6F63133-F789-4EC3-943B-42257018DAC4,JL. MUNSE Munse Indah Kec. Wawonii Timur Kab. Konawe Kepulauan Prov. Sulawesi Tenggara,Kab. Konawe Kepulauan,,Sulawesi Tenggara
60303590,SMA PERSIAPAN KEMTUK GRESI,https://sekolah.data.kemdikbud.go.id/index.php/Chome/profil/9C658AC0-B42B-4B50-A073-4229B08B8962,JL. KAMPUNG IBUB KEMTUK GRESI Bring Kec. Kemtuk Gresi Kab. Jayapura Prov. Papua,Kab. Jayapura,,Papua
70005737,SMA Swasta Darul Ulum,https://sekolah.data.kemdikbud.go.id/index.php/Chome/profil/333EB282-6C43-4E2B-89B9-422B1D07D6F8,Jln. Engkeran Darul Amin Kec. Lawe Alas Kab. Aceh Tenggara Prov. Aceh,Kab. Aceh Tenggara,,Aceh
69947005,UPTD SMAN 1 MEHALAAN,https://sekolah.data.kemdikbud.go.id/index.php/Chome/profil/DC152744-2586-4EA6-8AE8-422B3496190B,Jl. Poros Salukonta Salukonta Kec. Mehalaan Kab. Mamasa Prov. Sulawesi Barat,Kab. Mamasa,,Sulawesi Barat
50205410,SMAS ISLAM ABHARIAH,https://sekolah.data.kemdikbud.go.id/index.php/Chome/profil/AC790080-20E7-42FF-92FC-422B4C4F1C99,JL. RENGGANIS RAYA Terong Tawah Kec. Labuapi Kab. Lombok Barat Prov. Nusa Tenggara Barat,Kab. Lombok Barat,,Nusa Tenggara Barat
50228887,SMAN 2 LANGGUDU,https://sekolah.data.kemdikbud.go.id/index.php/Chome/profil/DACAE465-3588-44EA-8858-423305D6059E,JL. LINTAS LAMBU - LANGGUDU Rupe Kec. Langgudu Kab. Bima Prov. Nusa Tenggara Barat,Kab. Bima,,Nusa Tenggara Barat
69987033,SMA SWASTA IT DARUL HASAN,https://sekolah.data.kemdikbud.go.id/index.php/Chome/profil/AD7D8DCD-CA95-4B25-9FE5-42357C3DA93A,Jl. Ompu Huta Tunjul Gg. Attaubah Hutaimbaru Kec. Hutaimbaru Kota Padang Sidempuan Prov. Sumatera Utara,,Kota Padang Sidempuan,Sumatera Utara
70054920,SMA Swasta IT Nahdhatul Ulum,https://sekolah.data.kemdikbud.go.id/index.php/Chome/profil/79409EC8-CAC9-40BF-A6F5-423589270C81,"Kampung Wonosari, Aek Paing B II Kel. Ae... Aek Paing Kec. Rantau Utara Kab. Labuhanbatu Prov. Sumatera Utara",Kab. Labuhanbatu,,Sumatera Utara
20224549,SMAS ISLAM IBNU SIENA,https://sekolah.data.kemdikbud.go.id/index.php/Chome/profil/257B1703-E0EF-44E6-AC75-423B4C09D2BF,JL. SILIWANGI NO. 41 Kahuripan Kec. Tawang Kota Tasikmalaya Prov. Jawa Barat,,Kota Tasikmalaya,Jawa Barat
69883603,SMA NEGERI 1 ONOLALU,https://sekolah.data.kemdikbud.go.id/index.php/Chome/profil/52938BB1-F1CB-4DAF-BBF7-423D814756E3,Jl. Onolalu komplek inpres Hilifalago Kec. Onolalu Kab. Nias Selatan Prov. Sumatera Utara,Kab. Nias Selatan,,Sumatera Utara
69889024,SMA Swasta Islam Zulkifliyah,https://sekolah.data.kemdikbud.go.id/index.php/Chome/profil/782B5215-7DD0-4FAB-8740-4246DA125768,Jln. Banda Aceh - Medan Blang Tambue Kec. Simpang Mamplam Kab. Bireuen Prov. Aceh,Kab. Bireuen,,Aceh
10644647,SMAN 13 OGAN KOMERING ULU,https://sekolah.data.kemdikbud.go.id/index.php/Chome/profil/16593C60-A69B-4D49-B83A-424FBA7C3025,JL. BATURAJA - MUARADUA PENYANDINGAN PENYANDINGAN Kec. Sosoh Buay Rayap Kab. Ogan Komering Ulu Prov. Sumatera Selatan,Kab. Ogan Komering Ulu,,Sumatera Selatan
40400242,SMAN 1 UNAAHA,https://sekolah.data.kemdikbud.go.id/index.php/Chome/profil/3A0EA5AC-6454-4AE1-B756-42588790410B,JL. IMAM BONJOL NO.171 Ambekairi Kec. Unaaha Kab. Konawe Prov. Sulawesi Tenggara,Kab. Konawe,,Sulawesi Tenggara
69944090,SMAS IT TRIO BATANG HARI,https://sekolah.data.kemdikbud.go.id/index.php/Chome/profil/1BD6A9DF-619E-47ED-AD5B-4264129C37DC,Sridadi Sri Dadi Kec. Muara Bulian Kab. Batanghari Prov. Jambi,Kab. Batanghari,,Jambi
40305499,SMAN 2 SIDENRENG RAPPANG,https://sekolah.data.kemdikbud.go.id/index.php/Chome/profil/5BC08CA8-91B7-44DC-A584-426EDBAF1FF3,Jl. Wolter Monginsidi No. 4 Rijang Pittu Kec. Maritengae Kab. Sidenreng Rappang Prov. Sulawesi Selatan,Kab. Sidenreng Rappang,,Sulawesi Selatan
10111943,SMA NEGERI 1 JEUNIEB,https://sekolah.data.kemdikbud.go.id/index.php/Chome/profil/191414E2-DEDA-49E3-86EB-4274CDEC1B69,JL. BANDA ACEH - MEDAN SP. MTB KM. 191 Dayah Baro Kec. Jeunib Kab. Bireuen Prov. Aceh,Kab. Bireuen,,Aceh
40102408,SMA NEGERI 1 AIRMADIDI,https://sekolah.data.kemdikbud.go.id/index.php/Chome/profil/C474AABF-2B72-4D59-AC35-4276D1A9260F,JL. PROF. ARNOLD MONONUTU Sarongsong Satu Kec. Airmadidi Kab. Minahasa Utara Prov. Sulawesi Utara,Kab. Minahasa Utara,,Sulawesi Utara
40310832,SMAN 5 PAREPARE,https://sekolah.data.kemdikbud.go.id/index.php/Chome/profil/BC1BD7DD-E5AF-40C4-B530-427B425D7318,JL. KELAPA GADING NO. 69 Bumi Harapan Kec. Bacukiki Barat Kota Parepare Prov. Sulawesi Selatan,,Kota Parepare,Sulawesi Selatan
20227457,SMAN 25 GARUT,https://sekolah.data.kemdikbud.go.id/index.php/Chome/profil/B0A453DA-4753-4BEE-8EF5-427B6553E2C0,JL. RAYA KH. HASAN ARIEF Banyuresmi Kec. Banyuresmi Kab. Garut Prov. Jawa Barat,Kab. Garut,,Jawa Barat
50205211,SMAS DARUL MUHAJIRIN PRAYA,https://sekolah.data.kemdikbud.go.id/index.php/Chome/profil/0CAB3920-0C70-45A7-9FB1-42851CA4435E,JLN. DIPONEGORO NO. 40 PRAYA Praya Kec. Praya Kab. Lombok Tengah Prov. Nusa Tenggara Barat,Kab. Lombok Tengah,,Nusa Tenggara Barat
70038322,SMA NEGERI 19 PEKANBARU,https://sekolah.data.kemdikbud.go.id/index.php/Chome/profil/8959D404-05EE-4910-BC36-4287DEC7D471,JL. GARUDA RT.004 RW.002 Tobekgodang Kec. Binawidya Kota Pekanbaru Prov. Riau,,Kota Pekanbaru,Riau
10648826,SMAN 2 TUNGKAL JAYA,https://sekolah.data.kemdikbud.go.id/index.php/Chome/profil/6D4169C7-B274-4798-A849-428CCBBBA155,JL. MERDEKA No 99 Sumber Harum Kec. Tungkal Jaya Kab. Musi Banyuasin Prov. Sumatera Selatan,Kab. Musi Banyuasin,,Sumatera Selatan
20403227,SMAS BOPKRI 1,https://sekolah.data.kemdikbud.go.id/index.php/Chome/profil/F8073837-24FC-4694-8D9B-428E13E70D11,JL. WARDANI NO. 2 YOGYAKARTA Kotabaru Kec. Gondokusuman Kota Yogyakarta Prov. D.I. Yogyakarta,,Kota Yogyakarta,D.I. Yogyakarta
69946498,SMAN 3 BANYUASIN I,https://sekolah.data.kemdikbud.go.id/index.php/Chome/profil/A5F528DA-8ABE-4BF8-96D9-42933DC15C72,"JALAN BELITUNG, DESA MERAH MATA Merah Mata Kec. Banyuasin I Kab. Banyuasin Prov. Sumatera Selatan",Kab. Banyuasin,,Sumatera Selatan
10604726,SMAN 4 OGAN KOMERING ULU,https://sekolah.data.kemdikbud.go.id/index.php/Chome/profil/57F8DB21-E960-4620-B58B-42953E7D8EA6,JL. KOL.H. WAHAB SAROBU Sekar Jaya Kec. Baturaja Timur Kab. Ogan Komering Ulu Prov. Sumatera Selatan,Kab. Ogan Komering Ulu,,Sumatera Selatan
69799872,SMA NEGERI 2 TANJUNG SELOR,https://sekolah.data.kemdikbud.go.id/index.php/Chome/profil/3B2C0B58-1566-46A4-9E8C-42962551A700,Jl. Perdamaian Sabanar Baru Tanjung Selor Hilir Kec. Tanjung Selor Kab. Bulungan Prov. Kalimantan Utara,Kab. Bulungan,,Kalimantan Utara
69987076,SMAN 2 Linggo Sari Baganti,https://sekolah.data.kemdikbud.go.id/index.php/Chome/profil/105DA055-E847-4FFF-A57C-429A1176047E,Jl. Balah Rambahan Punggasan Kec. Linggo Saribaganti Kab. Pesisir Selatan Prov. Sumatera Barat,Kab. Pesisir Selatan,,Sumatera Barat
20102217,SMAN 29 JAKARTA,https://sekolah.data.kemdikbud.go.id/index.php/Chome/profil/CD55A3A7-52A9-40E4-9C2F-42A225189920,Jl. Kramat No.6 Kebayoran Lama Utara Kec. Kebayoran Lama Kota Adm. Jakarta Selatan Prov. D.K.I. Jakarta,,Kota Adm. Jakarta Selatan,D.K.I. Jakarta
60724954,SMAS MUCHTAR ISLAMIC,https://sekolah.data.kemdikbud.go.id/index.php/Chome/profil/227D363A-341E-4786-9B9C-42A835D25B87,JL.PAHLAWAN NO.7 LABUAH BASILANG PAYAKUM... Padang Tiakar Hilir Kec. Payakumbuh Timur Kota Payakumbuh Prov. Sumatera Barat,,Kota Payakumbuh,Sumatera Barat
69946466,SMA NEGERI 5 SAMPOLAWA,https://sekolah.data.kemdikbud.go.id/index.php/Chome/profil/B5003F4F-320D-4143-9DF9-42A8A5DFB553,JALAN POROS KAOENGKEONGKEA-SAMPOLAWA Sandang Pangan Kec. Sampolawa Kab. Buton Selatan Prov. Sulawesi Tenggara,Kab. Buton Selatan,,Sulawesi Tenggara
70055435,Sekolah Rakyat Menengah Atas 21 Surabaya,https://sekolah.data.kemdikbud.go.id/index.php/Chome/profil/CAE17D7C-AAA7-41F4-A14A-42B723863FDB,"Jl Kampus Unesa, Lidah Wetan, Kec. Lakar... Lidah Wetan Kec. Lakarsantri Kota Surabaya Prov. Jawa Timur",,Kota Surabaya,Jawa Timur
69904671,SMA IT KHAIRUL UMMAH,https://sekolah.data.kemdikbud.go.id/index.php/Chome/profil/B2BCA081-3CB6-4AA2-9286-42B97E83DA12,Karampung Bella Pattallassang Kec. Tompobulu Kab. Bantaeng Prov. Sulawesi Selatan,Kab. Bantaeng,,Sulawesi Selatan
30105082,SMAS ISLAM HARUNIYAH PONTIANAK,https://sekolah.data.kemdikbud.go.id/index.php/Chome/profil/E0577521-6DD4-40B4-95C1-42C37CE137FE,JL. TANJUNG RAYA I Tambelan Sampit Kec. Pontianak Timur Kota Pontianak Prov. Kalimantan Barat,,Kota Pontianak,Kalimantan Barat
50201395,SMAN 1 BATUKLIANG UTARA,https://sekolah.data.kemdikbud.go.id/index.php/Chome/profil/B6C39057-037F-41BE-BB5C-42C441937071,JL. PARIWISATA AIK BUKAK TERATAK Teratak Kec. Batukliang Utara Kab. Lombok Tengah Prov. Nusa Tenggara Barat,Kab. Lombok Tengah,,Nusa Tenggara Barat
69948161,SMA ROUDHOTUL ULUM AL BAKHAR,https://sekolah.data.kemdikbud.go.id/index.php/Chome/profil/A88BC21E-3380-4463-9AB0-42CA49B8FB14,DESA CINTA KARYA Cinta Karya (C3) Kec. Plakat Tinggi Kab. Musi Banyuasin Prov. Sumatera Selatan,Kab. Musi Banyuasin,,Sumatera Selatan
20319299,SMAN 3 DEMAK,https://sekolah.data.kemdikbud.go.id/index.php/Chome/profil/C696BD90-C6C6-44A4-B1F1-42CCC28E71BE,JL. SULTAN TRENGGONO NO.81 Kalikondang Kec. Demak Kab. Demak Prov. Jawa Tengah,Kab. Demak,,Jawa Tengah
20579334,SMAS AL-KHOZINY,https://sekolah.data.kemdikbud.go.id/index.php/Chome/profil/FE02E03B-8075-4BE2-BDEF-42CE16D37387,DSN. BINDUNG Banjar Kec. Kedungdung Kab. Sampang Prov. Jawa Timur,Kab. Sampang,,Jawa Timur
10809885,SMA S DARMA BANGSA,https://sekolah.data.kemdikbud.go.id/index.php/Chome/profil/38D008A3-D286-44E2-9D94-42D0564DFD3C,JL ZA PAGAR  ALAM 93 A Gedong Meneng Kec. Rajabasa Kota Bandar Lampung Prov. Lampung,,Kota Bandar Lampung,Lampung
20521461,SMAN 1 YOSOWILANGUN,https://sekolah.data.kemdikbud.go.id/index.php/Chome/profil/F4A38B65-0273-4495-9F36-42D40952957E,JL. RAYA KEBON SARI YOSOWILANGUN Kebonsari Kec. Yosowilangun Kab. Lumajang Prov. Jawa Timur,Kab. Lumajang,,Jawa Timur
60102002,SMAN 5 AMBON,https://sekolah.data.kemdikbud.go.id/index.php/Chome/profil/75540494-D9AD-49AE-9A52-42D450E5FCD4,JL. WOLTER MONGINSIDI Lateri Kec. Baguala Kota Ambon Prov. Maluku,,Kota Ambon,Maluku
30205494,SMAN 5 MUARA TEWEH,https://sekolah.data.kemdikbud.go.id/index.php/Chome/profil/F34E5FCE-2376-4F3A-ABE7-42D711E3E29C,Jl. Padat Karya Lemo II Kec. Teweh Tengah Kab. Barito Utara Prov. Kalimantan Tengah,Kab. Barito Utara,,Kalimantan Tengah
30101070,SMAS HIDAYATUL MUBTADIIN,https://sekolah.data.kemdikbud.go.id/index.php/Chome/profil/2D5620D0-2B0D-4AAE-909B-42E05F376B3B,JL. RAYA KUALA DUA Kuala Dua Kec. Sungai Raya Kab. Kubu Raya Prov. Kalimantan Barat,Kab. Kubu Raya,,Kalimantan Barat
70047575,SMA AL-WILDAN ISLAMIC SCHOOL 14 BUMI MUTIARA,https://sekolah.data.kemdikbud.go.id/index.php/Chome/profil/5FBFFA0A-7476-4B84-BE95-42E844FAABA7,Jl. Majlis Taklim Al-Mansyuriah No. 8 Bojong Kulur Kec. Gunungputri Kab. Bogor Prov. Jawa Barat,Kab. Bogor,,Jawa Barat
69958816,SMA AL QURAN NURHASANAT,https://sekolah.data.kemdikbud.go.id/index.php/Chome/profil/F54E3BBD-1F04-436A-88EE-42EA951F5643,"Jl. Cikalongsari,Cilamaya Kp. Qatar RT 0... Jatiragas Kec. Jatisari Kab. Karawang Prov. Jawa Barat",Kab. Karawang,,Jawa Barat
69870898,SMA Negeri 52 Maluku Tengah,https://sekolah.data.kemdikbud.go.id/index.php/Chome/profil/1C78F596-69DC-40B4-A15D-42F077337CB7,Jl. Durian Kote Rt-03 Desa Waer Waer Kec. Banda Kab. Maluku Tengah Prov. Maluku,Kab. Maluku Tengah,,Maluku
20603362,SMAN 10 KABUPATEN TANGERANG,https://sekolah.data.kemdikbud.go.id/index.php/Chome/profil/49F56C8B-007D-4FC4-A0E7-42F0AD5AD985,Jl. Raya Daru Desa Tipar Raya Kecamatan ... Tiparraya Kec. Jambe Kab. Tangerang Prov. Banten,Kab. Tangerang,,Banten
10301573,SMAN 1 KUBUNG,https://sekolah.data.kemdikbud.go.id/index.php/Chome/profil/841D4C15-FE65-4135-8B12-42F610BE24AF,JL. RAWANG SARI - SELAYO SELAYO Kec. Kubung Kab. Solok Prov. Sumatera Barat,Kab. Solok,,Sumatera Barat
20605337,SMAS AL HUSEN,https://sekolah.data.kemdikbud.go.id/index.php/Chome/profil/ABD26266-6B06-4F06-B62D-42F6165BD265,JL. KH. Abdul Kabier Km. 02 Tunjung Teja Tunjung Jaya Kec. Tunjung Teja Kab. Serang Prov. Banten,Kab. Serang,,Banten
10802955,SMAN 1 KOTABUMI,https://sekolah.data.kemdikbud.go.id/index.php/Chome/profil/AA347414-709E-4962-B5A9-430001A35EE9,JL. GANESA 5A Tanjung Aman Kec. Kotabumi Selatan Kab. Lampung Utara Prov. Lampung,Kab. Lampung Utara,,Lampung
69759212,SMAN MAUTA,https://sekolah.data.kemdikbud.go.id/index.php/Chome/profil/09AB2D0E-B81C-4EE3-8FA6-43152488F7AB,JL NA ILLU NO 1 KAKA MAUTA Mauta Kec. Pantar Tengah Kab. Alor Prov. Nusa Tenggara Timur,Kab. Alor,,Nusa Tenggara Timur
50101122,SMAN 1 SELEMADEG,https://sekolah.data.kemdikbud.go.id/index.php/Chome/profil/5B2AB73E-3D65-47AF-8A1C-431B43937427,JL. GELOGOR Bajera Kec. Selemadeg Kab. Tabanan Prov. Bali,Kab. Tabanan,,Bali
50203685,SMAN 1 WOJA,https://sekolah.data.kemdikbud.go.id/index.php/Chome/profil/B85AA1A3-54C3-41A0-8C54-431D966919F6,Jln. Kakatua No. 7 Kec. Woja Kab. Dompu ... Kandai Dua Kec. Woja Kab. Dompu Prov. Nusa Tenggara Barat,Kab. Dompu,,Nusa Tenggara Barat
20533639,SMA NEGERI 7 KOTA MALANG,https://sekolah.data.kemdikbud.go.id/index.php/Chome/profil/FDD56F79-41E7-48B1-888C-432847AB0439,JL. CENGGER AYAM I/14 Tulusrejo Kec. Lowokwaru Kota Malang Prov. Jawa Timur,,Kota Malang,Jawa Timur
30203695,SMAN 1 ARUT UTARA,https://sekolah.data.kemdikbud.go.id/index.php/Chome/profil/2D73EEA0-0138-4820-9A82-4328F3D506C5,JL. MANJUNG HINGKAT Pangkut Kec. Arut Utara Kab. Kotawaringin Barat Prov. Kalimantan Tengah,Kab. Kotawaringin Barat,,Kalimantan Tengah
10502393,SMAN 3 KERINCI,https://sekolah.data.kemdikbud.go.id/index.php/Chome/profil/71911DAF-928D-4D32-A777-432BEE63BAF8,Jl. Raya Pulau Tengah L I M OK MANAIH P U L AU TENGAH Kec. Keliling Danau Kab.  Kerinci Prov. Jambi,Kab.  Kerinci,,Jambi
10404020,SMA NEGERI 10 PEKANBARU,https://sekolah.data.kemdikbud.go.id/index.php/Chome/profil/0B44FBCA-4916-4269-AA09-432EE3EB660E,JL.BUKIT BARISAN Tengkerang Timur Kec. Tenayan Raya Kota Pekanbaru Prov. Riau,,Kota Pekanbaru,Riau
69906703,SMA NEGERI 1 DEMON PAGONG,https://sekolah.data.kemdikbud.go.id/index.php/Chome/profil/B76B95C2-C91C-4C28-88A9-43301075E191,Jln. Pati Beda Lewokluok Kec. Demon Pagong Kab. Flores Timur Prov. Nusa Tenggara Timur,Kab. Flores Timur,,Nusa Tenggara Timur
10202003,SMA SWASTA MASEHI GBKP BERASTAGI,https://sekolah.data.kemdikbud.go.id/index.php/Chome/profil/04597194-4CAA-4C13-BFAB-4339D1BAF2F6,JL. MERDEKA NO. 119 BERASTAGI Gundaling I Kec. Berastagi Kab. Karo Prov. Sumatera Utara,Kab. Karo,,Sumatera Utara
20213897,SMAN 1 KADIPATEN,https://sekolah.data.kemdikbud.go.id/index.php/Chome/profil/5826CD01-EBB5-49EA-B435-4340537A5E29,JL. LAPANGSARI NO. 61 KADIPATEN Liangjulang Kec. Kadipaten Kab. Majalengka Prov. Jawa Barat,Kab. Majalengka,,Jawa Barat
20101584,SMAN 95 JAKARTA,https://sekolah.data.kemdikbud.go.id/index.php/Chome/profil/96E735F9-2762-4107-A6B5-43414537DB33,JL. SATU MARET NO. 49 Pegadungan Kec. Kali Deres Kota Adm. Jakarta Barat Prov. D.K.I. Jakarta,,Kota Adm. Jakarta Barat,D.K.I. Jakarta
69948065,SMA NEGERI 02 NANGA TAYAP,https://sekolah.data.kemdikbud.go.id/index.php/Chome/profil/88971AF2-F1E0-4365-90C8-43489CA9F9FC,Jalan Tanah Merah - Tanjungpura. Dusun T... Sungai Kelik Kec. Nanga Tayap Kab. Ketapang Prov. Kalimantan Barat,Kab. Ketapang,,Kalimantan Barat
69988512,SMA Alkhairaat Taopa,https://sekolah.data.kemdikbud.go.id/index.php/Chome/profil/C5F9CB3F-9BAD-4D58-A359-4351E1837F06,Desa Palapi Palapi Kec. Taopa Kab. Parigi Moutong Prov. Sulawesi Tengah,Kab. Parigi Moutong,,Sulawesi Tengah
70029445,SMA NEGERI 17 KEPULAUAN TANIMBAR,https://sekolah.data.kemdikbud.go.id/index.php/Chome/profil/39F31047-236D-43A9-B7D0-435D09F7B468,Lingat Lingat Kec. Selaru Kab. Kepulauan Tanimbar Prov. Maluku,Kab. Kepulauan Tanimbar,,Maluku
20523836,SMAN 3 JEMBER,https://sekolah.data.kemdikbud.go.id/index.php/Chome/profil/351B7F97-0A03-4233-A505-43610AB44798,JL. JEND BASUKI RAHMAT 26 TEGAL BESAR Kec. Kaliwates Kab. Jember Prov. Jawa Timur,Kab. Jember,,Jawa Timur
30305020,SMAS MUHAMMADIYAH 2,https://sekolah.data.kemdikbud.go.id/index.php/Chome/profil/42DF1A5E-4D1B-47A1-90DE-43627C6B3E8A,JL.  MANGGA 3 RT. 22 NO. 47 Kebun Bunga Kec. Banjarmasin Timur Kota Banjarmasin Prov. Kalimantan Selatan,,Kota Banjarmasin,Kalimantan Selatan
40405055,SMAN 17 KONAWE SELATAN,https://sekolah.data.kemdikbud.go.id/index.php/Chome/profil/9BA2A279-8007-4C8E-AA9F-43656A9B8485,Jalan Poros Kendari - Torobulu Laeya Kec. Laeya Kab. Konawe Selatan Prov. Sulawesi Tenggara,Kab. Konawe Selatan,,Sulawesi Tenggara
20319282,SMAS PGRI DEMAK,https://sekolah.data.kemdikbud.go.id/index.php/Chome/profil/E1C099FF-15F3-49A6-823D-43690008A1B8,JL. SULTAN HADIWIJAYA N0. 13 DEMAK Mangunjiwan Kec. Demak Kab. Demak Prov. Jawa Tengah,Kab. Demak,,Jawa Tengah
10498719,SMA NEGERI 2 TEBING TINGGI TIMUR,https://sekolah.data.kemdikbud.go.id/index.php/Chome/profil/19C5B3C7-FD77-415E-8073-43698523E9E1,Jl. Kampung Lama Tanjung Gadai Kec. Tebing Tinggi Timur Kab. Kepulauan Meranti Prov. Riau,Kab. Kepulauan Meranti,,Riau
40102417,SMAS KATOLIK ST F X KEMA,https://sekolah.data.kemdikbud.go.id/index.php/Chome/profil/FBF09A46-BFB6-4D36-A626-436FAE7AB73E,JL. KABIMA PASAR Kema Tiga Kec. Kema Kab. Minahasa Utara Prov. Sulawesi Utara,Kab. Minahasa Utara,,Sulawesi Utara
60300611,SMA NEGERI 4 MERAUKE,https://sekolah.data.kemdikbud.go.id/index.php/Chome/profil/223DD484-DB4D-48B0-A1A4-437431ACFB68,Jalan Kartini No.1 Gurinda Jaya Kec. Jagebob Kab. Merauke Prov. Papua Selatan,Kab. Merauke,,Papua Selatan
40500178,SMAN 1 PAGUYAMAN,https://sekolah.data.kemdikbud.go.id/index.php/Chome/profil/31FCFEA3-1972-4F52-87A1-437B94660E59,JL. TRANS SULAWESI Sosial Kec. Paguyaman Kab. Boalemo Prov. Gorontalo,Kab. Boalemo,,Gorontalo
20233668,SMAS SUDIRMAN PURWADADI,https://sekolah.data.kemdikbud.go.id/index.php/Chome/profil/030FA368-65D7-49E6-ADD4-437CE4D8C3B4,JL. RAYA PASIRBUNGUR NO.66 PURWADADI Pasirbungur Kec. Purwadadi Kab. Subang Prov. Jawa Barat,Kab. Subang,,Jawa Barat
69984571,SMA AL-HIKMAH,https://sekolah.data.kemdikbud.go.id/index.php/Chome/profil/82CD6337-6BBB-43BA-A2E1-438260251600,"RT. 08, RW 05 Desa Cinta Karya Cinta Karya (C3) Kec. Plakat Tinggi Kab. Musi Banyuasin Prov. Sumatera Selatan",Kab. Musi Banyuasin,,Sumatera Selatan
10105042,SMA NEGERI 1 TEUNOM,https://sekolah.data.kemdikbud.go.id/index.php/Chome/profil/E6857E24-DF4A-492C-A1AF-438DF66B0551,Jalan Pendidikan No. 1 Tanoh Manyang Kec. Teunom Kab. Aceh Jaya Prov. Aceh,Kab. Aceh Jaya,,Aceh
20614224,SMAS AL-FALAHIYAH,https://sekolah.data.kemdikbud.go.id/index.php/Chome/profil/DB338F65-5930-4F26-975E-438EB6A86CB5,"JL. RAYA KEMIRI NO. 04 MAUK, TANGERANG Kemiri Kec. Kemiri Kab. Tangerang Prov. Banten",Kab. Tangerang,,Banten
10805997,SMAN 1 JABUNG,https://sekolah.data.kemdikbud.go.id/index.php/Chome/profil/285ECD01-0D3F-4974-8DF1-438FDC144471,JL. LAPANGAN MERDEKA NEGARA BATIN Negara Batin Kec. Jabung Kab. Lampung Timur Prov. Lampung,Kab. Lampung Timur,,Lampung
10260115,SMAS NURUL IMAN TANJUNG MORAWA,https://sekolah.data.kemdikbud.go.id/index.php/Chome/profil/89D60F6D-214B-4B1B-BA90-4395897F1E25,Jl. Pasar XIII Desa Limau Manis Limau Manis Kec. Tanjung Morawa Kab. Deli Serdang Prov. Sumatera Utara,Kab. Deli Serdang,,Sumatera Utara
70042209,SMA UNGGULAN RUSHD,https://sekolah.data.kemdikbud.go.id/index.php/Chome/profil/2C75040E-9CB6-4715-BBB8-43A0C359026D,Manggis RT 02 Jati Kec. Masaran Kab. Sragen Prov. Jawa Tengah,Kab. Sragen,,Jawa Tengah
10498638,SMAN 1 LUBUK BATU JAYA,https://sekolah.data.kemdikbud.go.id/index.php/Chome/profil/7E19DAA4-CA84-49D4-BEFF-43A9228D77C9,Jl. Jend. Sudirman No.04 SEI BERAS-BERAS Kec. Lubuk Batu Jaya Kab. Indragiri Hulu Prov. Riau,Kab. Indragiri Hulu,,Riau
69862586,SMAN WELAUS,https://sekolah.data.kemdikbud.go.id/index.php/Chome/profil/083FB3C3-5BD6-47EB-8842-43B7CD3DBF4C,JLN. LINTAS BATAS TIMOR Lakekun Utara Kec. Kobalima Kab. Malaka Prov. Nusa Tenggara Timur,Kab. Malaka,,Nusa Tenggara Timur
20268875,SMAS AL HIKMAH,https://sekolah.data.kemdikbud.go.id/index.php/Chome/profil/B746949F-4230-400F-A1C0-43BD623D0B9E,Jl. Abdul Fatah Kp. Tapos Lebak Tapos 2 Kec. Tenjolaya Kab. Bogor Prov. Jawa Barat,Kab. Bogor,,Jawa Barat
20308439,SMA NEGERI 1 WONOSEGORO,https://sekolah.data.kemdikbud.go.id/index.php/Chome/profil/4F1D485E-622C-479A-B607-43C1CE4921CD,"REPAKING, WONOSEGORO, BOYOLALI Repaking Kec. Wonosegoro Kab. Boyolali Prov. Jawa Tengah",Kab. Boyolali,,Jawa Tengah
10110352,SMAS PERMATA,https://sekolah.data.kemdikbud.go.id/index.php/Chome/profil/72410B48-4F7C-4624-B595-43C571B9399D,JL.AHMAD YANI KUTACANE Pulo Latong Kec. Babussalam Kab. Aceh Tenggara Prov. Aceh,Kab. Aceh Tenggara,,Aceh
20539852,SMAS AN NUR TEMPEH,https://sekolah.data.kemdikbud.go.id/index.php/Chome/profil/03E976FA-8DBE-4092-ACD0-43D6832D507F,Jln. Belakang Masjid Besar Darussalam Te... Tempeh Tengah Kec. Tempeh Kab. Lumajang Prov. Jawa Timur,Kab. Lumajang,,Jawa Timur
10504559,SMAS NOMMENSEN,https://sekolah.data.kemdikbud.go.id/index.php/Chome/profil/0EB5EC25-E2A8-4240-BCBE-43E076900E9E,JL. BARAU - BARAU I Pakuan Baru Kec. Jambi Selatan Kota Jambi Prov. Jambi,,Kota Jambi,Jambi
69983889,SMA KRISTEN TUNAS BANGSA,https://sekolah.data.kemdikbud.go.id/index.php/Chome/profil/939FCFDA-52BD-4ABF-ACFC-43E2C2673A8E,JL. SULTAN HAMENGKUBUWONO IX (JL RAYA BE... Ujung Menteng Kec. Cakung Kota Adm. Jakarta Timur Prov. D.K.I. Jakarta,,Kota Adm. Jakarta Timur,D.K.I. Jakarta
69768162,SMAN 5 ELAR,https://sekolah.data.kemdikbud.go.id/index.php/Chome/profil/D502D5F8-1145-482D-ABE2-43E84A549859,MBOLA KOMBONG-Toang LEMPANG PAJI Kec. Elar Selatan Kab. Manggarai Timur Prov. Nusa Tenggara Timur,Kab. Manggarai Timur,,Nusa Tenggara Timur
20508494,SMAS KARYA PEMBANGUNAN KEDUNGGALAR,https://sekolah.data.kemdikbud.go.id/index.php/Chome/profil/E3809D29-FAB3-4433-A91A-43EA90CE6EF3,JL.Slamet Riyadi  No. 36 KEDUNGGALAR Kedunggalar Kec. Kedunggalar Kab. Ngawi Prov. Jawa Timur,Kab. Ngawi,,Jawa Timur
40313956,SMAN 9 BULUKUMBA,https://sekolah.data.kemdikbud.go.id/index.php/Chome/profil/1066BD98-F216-4F7C-85B6-43F75ED866FD,JL. POROS DANNUANG BIRA Dannuang Kec. Ujung Loe Kab. Bulukumba Prov. Sulawesi Selatan,Kab. Bulukumba,,Sulawesi Selatan
10505807,SMAN 9 BATANG HARI,https://sekolah.data.kemdikbud.go.id/index.php/Chome/profil/5CFA16D8-EC21-4ED7-ADC0-43FDEBD56676,JL.SEKOLAH Terentang Baru Kec. Batin XXIV Kab. Batanghari Prov. Jambi,Kab. Batanghari,,Jambi
20238018,SMAS KRISTEN NASIONAL ANGLO,https://sekolah.data.kemdikbud.go.id/index.php/Chome/profil/F764C609-EB83-4277-8DA9-4401744E1458,JL.SERUNI RAYA NO. 1 LEMBAH HIJAU LIPPO ... Serang Kec. Cikarang Selatan Kab. Bekasi Prov. Jawa Barat,Kab. Bekasi,,Jawa Barat
10108074,SMAN 1 GLUMPANG BARO,https://sekolah.data.kemdikbud.go.id/index.php/Chome/profil/F61490AF-34F2-422B-91B9-440292D49670,DESA GAROT SEUKEE Meunasah Seukee Kec. Glumpang Baro Kab. Pidie Prov. Aceh,Kab. Pidie,,Aceh
10220317,SMAS AL MASDAR B KUIS,https://sekolah.data.kemdikbud.go.id/index.php/Chome/profil/79EBD2DC-00DC-496E-BDF6-4411A1700A37,JL. BATANG KUIS - LUBUK PAKAM Baru Kec. Batang Kuis Kab. Deli Serdang Prov. Sumatera Utara,Kab. Deli Serdang,,Sumatera Utara
70038822,SMA ASSA`ADAH,https://sekolah.data.kemdikbud.go.id/index.php/Chome/profil/5B6646ED-C876-4B92-946A-441595E3349B,Jl. Raya Limbangan Tengah No. 104 Kp.  R... Limbangantengah Kec. Blubur Limbangan Kab. Garut Prov. Jawa Barat,Kab. Garut,,Jawa Barat
20300733,SMA NEGERI 1 KEDUNGREJA,https://sekolah.data.kemdikbud.go.id/index.php/Chome/profil/B5645D4F-7E8C-4F32-B227-441A8860A1CC,JL. RAYA TAMBAKSARI NO. 212 Tambaksari Kec. Kedungreja Kab. Cilacap Prov. Jawa Tengah,Kab. Cilacap,,Jawa Tengah
20315695,SMA NEGERI 1 LASEM,https://sekolah.data.kemdikbud.go.id/index.php/Chome/profil/DB1EACE5-53CF-4565-AC0D-441BAA59C306,JL. SUNAN BONANG NO. 1 LASEM Ngemplak Kec. Lasem Kab. Rembang Prov. Jawa Tengah,Kab. Rembang,,Jawa Tengah
69990274,SMA AL FALAHIYYAH SUKAMANAH,https://sekolah.data.kemdikbud.go.id/index.php/Chome/profil/47717182-389E-4632-8383-441DD2C73951,Kp. Gembong RT/RW 001/001 Suka Manah Kec. Rajeg Kab. Tangerang Prov. Banten,Kab. Tangerang,,Banten
70055468,Sekolah Rakyat Menengah Atas Terintegrasi 4 Sumedang,https://sekolah.data.kemdikbud.go.id/index.php/Chome/profil/6401F455-CF8B-4131-9E20-4420CC77625E,Jl. Rancamulya No. 1 Desa Ranca Mulya Ke... Rancamulya Kec. Sumedang Utara Kab. Sumedang Prov. Jawa Barat,Kab. Sumedang,,Jawa Barat
69755451,SMAN 3 BOLO,https://sekolah.data.kemdikbud.go.id/index.php/Chome/profil/3A6365B8-6C29-419F-BDC1-4422E11107CB,Jl. Lintas Donggo Rada Kec. Bolo Kab. Bima Prov. Nusa Tenggara Barat,Kab. Bima,,Nusa Tenggara Barat
20253120,SMAS MUHAMMADIYAH PURASEDA,https://sekolah.data.kemdikbud.go.id/index.php/Chome/profil/07A221B8-59B4-4895-A9FE-4423B659C7D9,JL. RAYA PURASEDA LEUWILIANG Puraseda Kec. Leuwiliang Kab. Bogor Prov. Jawa Barat,Kab. Bogor,,Jawa Barat
69987119,SMA BALI HATI,https://sekolah.data.kemdikbud.go.id/index.php/Chome/profil/0C98D011-4360-4B50-A43B-442FEBD6B3AF,JL. ANAK AGUNG GDE RAI NO. 88 BR. SILUNG... Lodtunduh Kec. Ubud Kab. Gianyar Prov. Bali,Kab. Gianyar,,Bali
20246453,SMAS ATTAQWA 02 BABELAN,https://sekolah.data.kemdikbud.go.id/index.php/Chome/profil/3843B587-ADF6-4077-A483-443250BF454A,JL. MASJID HIDAYATULLAH PULO ASEM BABELA... Babelan Kota Kec. Babelan Kab. Bekasi Prov. Jawa Barat,Kab. Bekasi,,Jawa Barat
70038703,SMAS AL-MUJABIR NUR,https://sekolah.data.kemdikbud.go.id/index.php/Chome/profil/E50D9484-5FF8-4CBF-B75E-4432B037CE21,Dusun Karomana Salulebo Kec. Topoyo Kab. Mamuju Tengah Prov. Sulawesi Barat,Kab. Mamuju Tengah,,Sulawesi Barat
69774554,SMAS GLOBAL PERSADA MANDIRI,https://sekolah.data.kemdikbud.go.id/index.php/Chome/profil/05461D28-520D-4A9D-B881-444AFC3A85DB,"KOMPLEK GPM SCHOOL, JL MEKAR SARI NO 5 Bekasi Jaya Kec. Bekasi Timur Kota Bekasi Prov. Jawa Barat",,Kota Bekasi,Jawa Barat
20532230,SMAN 2 SURABAYA,https://sekolah.data.kemdikbud.go.id/index.php/Chome/profil/3DFE5405-4096-4B96-8A7F-444B99773A77,JL. WIJAYA KUSUMA NO. 48 Ketabang Kec. Genteng Kota Surabaya Prov. Jawa Timur,,Kota Surabaya,Jawa Timur
40301548,SMAN 1 TAKALAR,https://sekolah.data.kemdikbud.go.id/index.php/Chome/profil/D45F9398-9E4C-4E78-BA7C-444D77E9AA0E,JL. TIKOLLA DG LEO Pattallassang Kec. Pattallassang Kab. Takalar Prov. Sulawesi Selatan,Kab. Takalar,,Sulawesi Selatan
20227876,SMA PERKAPEN SINUMBRA,https://sekolah.data.kemdikbud.go.id/index.php/Chome/profil/6AFFC1C8-D2AD-40C4-B6B5-444F0DA84F28,JL. PTPN VIII SINUMBRA Indragiri Kec. Rancabali Kab. Bandung Prov. Jawa Barat,Kab. Bandung,,Jawa Barat
20517829,SMAS MUHAMMADIYAH 2 SUMBERPUCUNG,https://sekolah.data.kemdikbud.go.id/index.php/Chome/profil/2C256349-6B0A-46AE-B3D9-4456EF3770C3,JL. JEND. SUDIRMAN 193 Sumberpucung Kec. Sumberpucung Kab. Malang Prov. Jawa Timur,Kab. Malang,,Jawa Timur
20252852,SMAS AL KAHFI,https://sekolah.data.kemdikbud.go.id/index.php/Chome/profil/528AE7CB-D5FC-43DD-B321-44582154C439,JL. SROGOL Srogol Kec. Cigombong Kab. Bogor Prov. Jawa Barat,Kab. Bogor,,Jawa Barat
20319304,SMAS MAARIF KARANGAWEN,https://sekolah.data.kemdikbud.go.id/index.php/Chome/profil/307FCCEB-CDA1-4D0C-9659-445A0FA8BE27,JRAGUNG KRAJAN Jragung Kec. Karangawen Kab. Demak Prov. Jawa Tengah,Kab. Demak,,Jawa Tengah
10644258,SMAN 1 TALANG PADANG,https://sekolah.data.kemdikbud.go.id/index.php/Chome/profil/006316A0-113C-44C0-842F-445A253F5AFB,JALAN RAYA DESA LAMPAR BARU LAMPAR BARU Kec. Talang Padang Kab. Empat Lawang Prov. Sumatera Selatan,Kab. Empat Lawang,,Sumatera Selatan
20213886,SMAN 1 RAJAGALUH,https://sekolah.data.kemdikbud.go.id/index.php/Chome/profil/EF1B9513-87A0-446F-B0F6-4467CDEA11DE,JL. MUTIARA NO.60 RAJAGALUH Rajagaluh Lor Kec. Rajagaluh Kab. Majalengka Prov. Jawa Barat,Kab. Majalengka,,Jawa Barat
20210775,SMAS PGRI SALAWU,https://sekolah.data.kemdikbud.go.id/index.php/Chome/profil/DAE6DBEB-3296-4171-85AA-4472C22272DA,JL. RAYA SALAWU NO.32 Margalaksana Kec. Salawu Kab. Tasikmalaya Prov. Jawa Barat,Kab. Tasikmalaya,,Jawa Barat
20606551,SMAS AL HUSNA,https://sekolah.data.kemdikbud.go.id/index.php/Chome/profil/62450683-5E17-4137-A516-4473EF586159,JL. A. DAMYATI NO. 43-45 TANGERANG RT. 6... Sukarasa Kec. Tangerang Kota Tangerang Prov. Banten,,Kota Tangerang,Banten
69786603,SMAS DARUL AITAMI,https://sekolah.data.kemdikbud.go.id/index.php/Chome/profil/AA89B14A-B60A-4DF2-825C-447EC44D42E2,Jl. Nasional Meulaboh - Tapak Tuan KM. 5 Ujong Tanjong Kec. Meureubo Kab. Aceh Barat Prov. Aceh,Kab. Aceh Barat,,Aceh
60100157,SMA Negeri 2 Maluku Tengah,https://sekolah.data.kemdikbud.go.id/index.php/Chome/profil/1223AB55-FCC5-45C5-BC8C-447FFB9EAE9A,JLN.LATA INDAH Tamilouw Kec. Amahai Kab. Maluku Tengah Prov. Maluku,Kab. Maluku Tengah,,Maluku
50220641,SMAS NURUL IMAN NW ATTAMMIMI PENGEMBUR,https://sekolah.data.kemdikbud.go.id/index.php/Chome/profil/4B741440-311A-402B-A674-4480FA171193,Jln. Raya Pengembur - Sengkol Pengembur Kec. Pujut Kab. Lombok Tengah Prov. Nusa Tenggara Barat,Kab. Lombok Tengah,,Nusa Tenggara Barat
20606850,SMAN 12 Tangerang,https://sekolah.data.kemdikbud.go.id/index.php/Chome/profil/E721A963-67A1-4DD1-A264-44898CDC8168,"Jl. Barokah I RT. 002 RW. 009, Larangan ... Larangan Utara Kec. Larangan Kota Tangerang Prov. Banten",,Kota Tangerang,Banten
69963590,SMA NEGERI 1 KAUREH,https://sekolah.data.kemdikbud.go.id/index.php/Chome/profil/7F33091B-8BC7-4E56-AA6E-448E18FA8B26,Jln. Raya Trans Papua No. 1 Lereh Lapua Kec. Kaureh Kab. Jayapura Prov. Papua,Kab. Jayapura,,Papua
69754513,SMAN 3 SUNGAI APIT,https://sekolah.data.kemdikbud.go.id/index.php/Chome/profil/0716011D-D10C-4363-9C19-449792622B00,Jl. Panglima Besar Sungai Rawa Kec. Sungai Apit Kab. Siak Prov. Riau,Kab. Siak,,Riau
69734019,SMAS AL-ASMANIYAH,https://sekolah.data.kemdikbud.go.id/index.php/Chome/profil/A2E283D5-1571-4711-A19B-44A0014AFD85,JL. DIKLAT PEMDA RT. 03/03 Bojong Nangka Kec. Kelapa Dua Kab. Tangerang Prov. Banten,Kab. Tangerang,,Banten
20203696,SMA PLUS AD DA`WAH,https://sekolah.data.kemdikbud.go.id/index.php/Chome/profil/12460A31-E56C-403F-B55E-44A1B5ABA37E,Jalan Raya Cigombong No.7 Ciherang Kec. Pacet Kab. Cianjur Prov. Jawa Barat,Kab. Cianjur,,Jawa Barat
40403376,SMAS BIMA MAROA,https://sekolah.data.kemdikbud.go.id/index.php/Chome/profil/5D1E0E11-0CB8-47F4-AF55-44A570239B34,JL. ABDULLAH SILONDAE Bima Maroa Kec. Andolo Kab. Konawe Selatan Prov. Sulawesi Tenggara,Kab. Konawe Selatan,,Sulawesi Tenggara
20220341,SMAN 10 BOGOR,https://sekolah.data.kemdikbud.go.id/index.php/Chome/profil/ACB19107-F774-4805-86AE-44AA415F1E0B,Jl. Pinang Raya Komp. Yasmin Sektor VI Curugmekar Kec. Kota Bogor Barat Kota Bogor Prov. Jawa Barat,,Kota Bogor,Jawa Barat
70042627,SMA INTEGRASI AS-SUNNIYAH,https://sekolah.data.kemdikbud.go.id/index.php/Chome/profil/A7EDEE3E-FC1C-447B-AF35-44B513067B68,Pondok Pesantren As-sunniyah Dua Palmata... Ladan Kec. Palmatak Kab. Kepulauan Anambas Prov. Kepulauan Riau,Kab. Kepulauan Anambas,,Kepulauan Riau
70011676,SMA ISLAM AL ABROR METRO,https://sekolah.data.kemdikbud.go.id/index.php/Chome/profil/B0EC2B3B-FEE1-4E5B-9D17-44BA6049F74C,JL. Wolter Monginsidi Yosomulyo Kec. Metro Pusat Kota Metro Prov. Lampung,,Kota Metro,Lampung
40200736,SMA NEGERI 3 SIGI,https://sekolah.data.kemdikbud.go.id/index.php/Chome/profil/F009027A-A8B0-405F-9237-44BC06EBCCF1,JL.TRANS PALU KULAWI Sibalaya Utara Kec. Tanambulava Kab. Sigi Prov. Sulawesi Tengah,Kab. Sigi,,Sulawesi Tengah
20328894,SMA NEGERI 4 SEMARANG,https://sekolah.data.kemdikbud.go.id/index.php/Chome/profil/90E7389B-FFCE-45A6-BB03-44BC0B92C55A,Jl. Karangrejo Raya No. 12 A Srondol Wetan Kec. Banyumanik Kota Semarang Prov. Jawa Tengah,,Kota Semarang,Jawa Tengah
10107271,SMA TERPADU BUSTANUL ARIFIN,https://sekolah.data.kemdikbud.go.id/index.php/Chome/profil/3FE4A932-F8C1-4725-BD80-44BE324AB54D,JL. REDELONG PONDOK BARU Waq Pondok Sayur Kec. Bukit Kab. Bener Meriah Prov. Aceh,Kab. Bener Meriah,,Aceh
20328934,SMA NUSA BHAKTI,https://sekolah.data.kemdikbud.go.id/index.php/Chome/profil/01E58FDE-18A1-4827-A938-44BE96309C79,JL. WOLOGITO BARAT NO. 125 Kembangarum Kec. Semarang Barat Kota Semarang Prov. Jawa Tengah,,Kota Semarang,Jawa Tengah
40101752,SMAN 1 BEO,https://sekolah.data.kemdikbud.go.id/index.php/Chome/profil/E767835E-EDB6-4763-ADDE-44C3F705B537,JL.SISWA NO.12 Beo Kec. Beo Kab. Kepulauan Talaud Prov. Sulawesi Utara,Kab. Kepulauan Talaud,,Sulawesi Utara
20224506,SMA Negeri 6 Tasikmalaya,https://sekolah.data.kemdikbud.go.id/index.php/Chome/profil/A1404B0A-09A6-43CE-B6B3-44D9C46C0116,JL. CIBUNGKUL Indihiang Kec. Indihiang Kota Tasikmalaya Prov. Jawa Barat,,Kota Tasikmalaya,Jawa Barat
20613913,SMAN 1 CURUGBITUNG,https://sekolah.data.kemdikbud.go.id/index.php/Chome/profil/78C2A98F-20DC-417B-8016-44E431AC62F7,JL. MAJA-JASINGA KM. 15 CURUGBITUNG Lebakasih Kec. Curug bitung Kab. Lebak Prov. Banten,Kab. Lebak,,Banten
10505724,SMAN 13 KERINCI,https://sekolah.data.kemdikbud.go.id/index.php/Chome/profil/7F5524A0-25E2-4CB1-A5A4-44EC6341FD4F,SUNGAI TUTUNG Sungai Tutung Kec. Air Hangat Timur Kab.  Kerinci Prov. Jambi,Kab.  Kerinci,,Jambi
20603346,SMAS ISLAMIC VILLAGE,https://sekolah.data.kemdikbud.go.id/index.php/Chome/profil/1758FB1C-1952-4674-B409-44EE0BB8BE56,JL. ISLAMIC RAYA NO. 1 KELAPA DUA Kelapa Dua Kec. Kelapa Dua Kab. Tangerang Prov. Banten,Kab. Tangerang,,Banten
69950608,SMA IT ANIC,https://sekolah.data.kemdikbud.go.id/index.php/Chome/profil/2D40243E-9095-4A5C-AE9B-44F0D1D4D2EC,Jl. Perambaian 3/dukuh jaya Rt.30 Rw. 07 Sungai Ulin Kec. Banjarbaru Utara Kota Banjarbaru Prov. Kalimantan Selatan,,Kota Banjarbaru,Kalimantan Selatan
10502398,SMAN 2 SUNGAI PENUH,https://sekolah.data.kemdikbud.go.id/index.php/Chome/profil/5997B9C7-4DF0-4A8C-B248-44F2D56C216F,Jl. DEPATI PARBO KOTA SUNGAI PENUH Karya Bakti Kec. Pondok Tinggi Kota Sungai Penuh Prov. Jambi,,Kota Sungai Penuh,Jambi
10100574,SMAN 1 KEMBANG TANJONG,https://sekolah.data.kemdikbud.go.id/index.php/Chome/profil/F7DE6D84-6E99-4CF6-A686-44F9C8E32795,JL. TANAH LAPANG Tanjong Kec. Kembang Tanjung Kab. Pidie Prov. Aceh,Kab. Pidie,,Aceh
70039001,SMA AS-SALAM AMBON,https://sekolah.data.kemdikbud.go.id/index.php/Chome/profil/5525FBAE-F3C2-4396-9117-44FC603D46D5,Jl. Raya Kebun Cengkeh Batu Merah Ambon Batu Merah Kec. Sirimau Kota Ambon Prov. Maluku,,Kota Ambon,Maluku
69830687,SMA NEGERI 2 KATEMAN,https://sekolah.data.kemdikbud.go.id/index.php/Chome/profil/46F9D659-5B70-48E4-81F7-44FCF5578881,PARIT NO. 05 SELATAN SUNGAI SIMBAR Sungai Simbar Kec. Kateman Kab. Indragiri Hilir Prov. Riau,Kab. Indragiri Hilir,,Riau
70048494,SMA NEGERI 2 BAKUNG SERUMPUN,https://sekolah.data.kemdikbud.go.id/index.php/Chome/profil/0939DC0F-A75A-4B85-AA44-44FFD481E0BC,JALAN TANJUNG PERDAH NO. 40 Batu Belubang Kec. Bakung Serumpun Kab. Lingga Prov. Kepulauan Riau,Kab. Lingga,,Kepulauan Riau
40200725,SMAN 1 BANAWA,https://sekolah.data.kemdikbud.go.id/index.php/Chome/profil/2C8EB7A3-9041-425E-839E-45034F8D5C7A,JL. BANAWA NO. 208 Maleni Kec. Banawa Kab. Donggala Prov. Sulawesi Tengah,Kab. Donggala,,Sulawesi Tengah
20500652,SMAS ISLAMIYAH BAWEAN,https://sekolah.data.kemdikbud.go.id/index.php/Chome/profil/DD8664B4-E98E-4834-9FDB-450400540B31,JL. RAYA TAMBAK NO. 101 A Tambak Kec. Tambak Kab. Gresik Prov. Jawa Timur,Kab. Gresik,,Jawa Timur
20328877,SMA SETIABUDHI,https://sekolah.data.kemdikbud.go.id/index.php/Chome/profil/FE366CC4-DCE8-404F-BF4B-4509087254C4,JL. WR. SUPRATMAN NO. 37 Kalibanteng Kidul Kec. Semarang Barat Kota Semarang Prov. Jawa Tengah,,Kota Semarang,Jawa Tengah
60201993,SMA NEGERI 8 HALMAHERA BARAT,https://sekolah.data.kemdikbud.go.id/index.php/Chome/profil/A4A42882-03B9-4DDA-83CE-451190745BBB,DESA BARU KEC. IBU SELATAN BARU Kec. Ibu Selatan Kab. Halmahera Barat Prov. Maluku Utara,Kab. Halmahera Barat,,Maluku Utara
20210717,SMAS PLUS NURUL ILMI,https://sekolah.data.kemdikbud.go.id/index.php/Chome/profil/EB2BB9D8-F780-4A6D-B9B1-45119A672E0A,JL. RAYA KARANGNUNGGAL KM. 23 Singajaya Kec. Cibalong Kab. Tasikmalaya Prov. Jawa Barat,Kab. Tasikmalaya,,Jawa Barat
10201334,SMAN 1 TANJUNG PURA,https://sekolah.data.kemdikbud.go.id/index.php/Chome/profil/7401FC74-69AB-45FC-AC4A-45147128DB8F,JL. SUDIRMAN NO. 52 Pekan Tanjung Pura Kec. Tanjung Pura Kab. Langkat Prov. Sumatera Utara,Kab. Langkat,,Sumatera Utara
30203696,SMAN 1 PANGKALAN BANTENG,https://sekolah.data.kemdikbud.go.id/index.php/Chome/profil/73A2876F-81D0-431C-AD36-451F4FAC8A73,JL. PARIWISATA NO. 1 Simpang Berambai Kec. Pangkalan Banteng Kab. Kotawaringin Barat Prov. Kalimantan Tengah,Kab. Kotawaringin Barat,,Kalimantan Tengah
20313845,SMA NEGERI 1 PURWODADI,https://sekolah.data.kemdikbud.go.id/index.php/Chome/profil/1B99E6EA-A6D2-42A7-80F6-45205924B6E9,JL. R. SUPRAPTO NO. 82 Purwodadi Kec. Purwodadi Kab. Grobogan Prov. Jawa Tengah,Kab. Grobogan,,Jawa Tengah
10201990,SMA NEGERI 1 TIGABINANGA,https://sekolah.data.kemdikbud.go.id/index.php/Chome/profil/B713DE43-ED28-48DF-96C2-4526AB1EDA64,JL. KOTACANE TIGABINANGA TIGABINANGA Kec. Tigabinanga Kab. Karo Prov. Sumatera Utara,Kab. Karo,,Sumatera Utara
69960622,SMAN 2 Kec. Kapur IX,https://sekolah.data.kemdikbud.go.id/index.php/Chome/profil/9953CE8E-D100-40E7-B50A-452E07592FD7,Jl. Pendidikan No. 01 Sialang Sialang Kec. Kapur IX Kab. Lima Puluh Kota Prov. Sumatera Barat,Kab. Lima Puluh Kota,,Sumatera Barat
20501861,SMAS MUHAMMADIYAH 1 TAMAN,https://sekolah.data.kemdikbud.go.id/index.php/Chome/profil/A427C144-802A-4C29-9864-453279422918,JL. RAYA KETEGAN NO. 35 Ketegan Kec. Taman Kab. Sidoarjo Prov. Jawa Timur,Kab. Sidoarjo,,Jawa Timur
70013762,SMA NEGERI MENAWI,https://sekolah.data.kemdikbud.go.id/index.php/Chome/profil/B9F2C9BF-56F4-457F-8881-45376EA551EA,Jalan Trans Yapen Serui - Menawi Ransarnoni Kec. Angkaisera Kab. Kepulauan Yapen Prov. Papua,Kab. Kepulauan Yapen,,Papua
50203689,SMAN 1 KEMPO,https://sekolah.data.kemdikbud.go.id/index.php/Chome/profil/52A98F7B-7FE9-4B80-8034-4539BA49468E,JL. DIPONEGORO Taa Kec. Kempo Kab. Dompu Prov. Nusa Tenggara Barat,Kab. Dompu,,Nusa Tenggara Barat
20268738,SMAS AN NUR ALIYYAH,https://sekolah.data.kemdikbud.go.id/index.php/Chome/profil/7DFFD5F7-49E2-41B8-BF47-4539BAE87C00,JL. TRANSYOGI CIBUBUR-CILEUNGSI KM 8 NO.... Nagrak Kec. Gunungputri Kab. Bogor Prov. Jawa Barat,Kab. Bogor,,Jawa Barat
60102889,SMA Negeri 13 Seram Bagian Barat,https://sekolah.data.kemdikbud.go.id/index.php/Chome/profil/FBD9A1DF-2412-426E-940B-4539DC0F5536,Jln. Pendidikan Tomalehu Barat Kec. Kepulauan Manipa Kab. Seram Bagian Barat Prov. Maluku,Kab. Seram Bagian Barat,,Maluku
69759003,SMAS AL HAYYAN,https://sekolah.data.kemdikbud.go.id/index.php/Chome/profil/702272DC-6EC2-4A7C-84FD-453A8FA26511,Jl. LPI. Al-Hayyan No. 01 Bandungan Kard... Karduluk Kec. Pragaan Kab. Sumenep Prov. Jawa Timur,Kab. Sumenep,,Jawa Timur
10501830,SMAS YPMM TEBING TINGGI,https://sekolah.data.kemdikbud.go.id/index.php/Chome/profil/A0FEAD7D-A323-482F-B148-455E44BDAD54,KOMPLEK PT. LPPPI/PT. WKS TEBING TINGGI TEBING TINGGI Kec. Tebing Tinggi Kab. Tanjung Jabung Barat Prov. Jambi,Kab. Tanjung Jabung Barat,,Jambi
69727664,SMAN 1 BALINGGI,https://sekolah.data.kemdikbud.go.id/index.php/Chome/profil/344F4A02-E9F3-46F0-8E5B-4562A1FF8656,DESA SULI Suli Kec. Balinggi Kab. Parigi Moutong Prov. Sulawesi Tengah,Kab. Parigi Moutong,,Sulawesi Tengah
10800705,SMAN 1 PADANG CERMIN,https://sekolah.data.kemdikbud.go.id/index.php/Chome/profil/9C8EEF47-712F-419A-BCE0-456766B1898C,Jl. Pramuka no. 7 HANURA Hanura Kec. Padang Cermin Kab. Pesawaran Prov. Lampung,Kab. Pesawaran,,Lampung
20324389,SMAS MUHAMMADIYAH 4 BELIK,https://sekolah.data.kemdikbud.go.id/index.php/Chome/profil/26C35B55-06B9-401F-944C-4567B0005E4F,JL. KH. AHMAD DAHLAN NO. 50B BELIK Belik Kec. Belik Kab. Pemalang Prov. Jawa Tengah,Kab. Pemalang,,Jawa Tengah
20400153,SMA MUHAMMADIYAH BANTUL,https://sekolah.data.kemdikbud.go.id/index.php/Chome/profil/D5B6319B-4290-43C3-B1B7-45696433FE06,JL. URIP SUMOHARJO 04/A BANTUL Bantul Kec. Bantul Kab. Bantul Prov. D.I. Yogyakarta,Kab. Bantul,,D.I. Yogyakarta
10107964,SMAN 1 KUALA,https://sekolah.data.kemdikbud.go.id/index.php/Chome/profil/F65521E4-2542-44C4-ADB9-4570AE023401,JL. NASIONAL UJONG FATIHAH Ujong Fatihah Kec. Kuala Kab. Nagan Raya Prov. Aceh,Kab. Nagan Raya,,Aceh
20401147,SMAS MUHAMMADIYAH KALASAN,https://sekolah.data.kemdikbud.go.id/index.php/Chome/profil/F2C2F02F-FD9D-401A-B00B-45719F836C49,"JL. DHURI TIRTOMARTANI, KALASAN Tirto Martani Kec. Kalasan Kab. Sleman Prov. D.I. Yogyakarta",Kab. Sleman,,D.I. Yogyakarta
10609316,SMAS BINA DHARMA MANDIRA,https://sekolah.data.kemdikbud.go.id/index.php/Chome/profil/3C6EAF19-9C01-422B-B875-457274E7A73A,INFRA MODUL II JALUR 35/36 Bumi Pratama Mandira Kec. Sungai Menang Kab. Ogan Komering Ilir Prov. Sumatera Selatan,Kab. Ogan Komering Ilir,,Sumatera Selatan
10505136,SMAS YAYASAN PENGABUAN,https://sekolah.data.kemdikbud.go.id/index.php/Chome/profil/8DBB8D97-5D14-48A6-810F-4573D2A4F1F7,JL. LINTAS TIMUR SENYERANG SENYERANG Kec. Senyerang Kab. Tanjung Jabung Barat Prov. Jambi,Kab. Tanjung Jabung Barat,,Jambi
20219309,SMAN 5 BANDUNG,https://sekolah.data.kemdikbud.go.id/index.php/Chome/profil/86E8AB6C-3730-4674-AF82-4579A892F5B5,JL. BELITUNG NO 8 Merdeka Kec. Sumur Bandung Kota Bandung Prov. Jawa Barat,,Kota Bandung,Jawa Barat
69968997,SMA NEGERI 3 NDOSO,https://sekolah.data.kemdikbud.go.id/index.php/Chome/profil/104E8839-29AE-4B4C-8D9C-457AF7291EC1,WANING Waning Kec. Ndoso Kab. Manggarai Barat Prov. Nusa Tenggara Timur,Kab. Manggarai Barat,,Nusa Tenggara Timur
10110460,SMA NEGERI 1 SUNGAI RAYA,https://sekolah.data.kemdikbud.go.id/index.php/Chome/profil/F9D347F3-675F-4DB8-A49E-4580CCA93CAC,JL. BANDA ACEH MEDAN KM. 415 Bukit Selamat Kec. Sungai Raya Kab. Aceh Timur Prov. Aceh,Kab. Aceh Timur,,Aceh
60103923,SMA Negeri 8 Kepulauan Aru,https://sekolah.data.kemdikbud.go.id/index.php/Chome/profil/4BD51F67-4D33-46FA-A8DD-458FBBBF49E0,DESA LONGGAR Longgar Kec. Aru Tengah Selatan Kab. Kepulauan Aru Prov. Maluku,Kab. Kepulauan Aru,,Maluku
30305419,SMAS AL - ISLAMI NURUL MAAD,https://sekolah.data.kemdikbud.go.id/index.php/Chome/profil/9E9DFB7A-389A-487B-933F-459131060D60,JL. A. YANI KM. 24 (LAP. GOLF) Landasan Ulin Utara Kec. Liang Anggang Kota Banjarbaru Prov. Kalimantan Selatan,,Kota Banjarbaru,Kalimantan Selatan
20500451,SMAS SEMEN GRESIK,https://sekolah.data.kemdikbud.go.id/index.php/Chome/profil/91A44DAB-8FC0-4EDF-8E45-4592102B1B7D,JL. VETERAN GRESIK Sidomoro Kec. Kebomas Kab. Gresik Prov. Jawa Timur,Kab. Gresik,,Jawa Timur
20317483,SMA NEGERI 1 BAE KUDUS,https://sekolah.data.kemdikbud.go.id/index.php/Chome/profil/A48F4CA9-7567-45FD-AAF3-45945EA0717D,JL. JEND. SUDIRMAN KM 04 Ngembal Rejo Kec. Bae Kab. Kudus Prov. Jawa Tengah,Kab. Kudus,,Jawa Tengah
50200384,SMAN 1 KEDIRI,https://sekolah.data.kemdikbud.go.id/index.php/Chome/profil/C7625831-CF0F-4C0F-AA8D-45977AC9DFBD,JL. TGH. ABDUL KARIM Gelogor Kec. Kediri Kab. Lombok Barat Prov. Nusa Tenggara Barat,Kab. Lombok Barat,,Nusa Tenggara Barat
20203735,SMAS PGRI CIPANAS,https://sekolah.data.kemdikbud.go.id/index.php/Chome/profil/6220ADD2-414A-4BBA-A722-459BC713D870,Jl. Pahlawan Landbow Sindanglaya Sindanglaya Kec. Cipanas Kab. Cianjur Prov. Jawa Barat,Kab. Cianjur,,Jawa Barat
40304852,SMAN 5 KEPULAUAN SELAYAR,https://sekolah.data.kemdikbud.go.id/index.php/Chome/profil/58A990CA-0ACB-42D5-BB5C-459EE2B324AF,Bonto Bulaeng Batang Kec. Taka Bonerate Kab. Kepulauan Selayar Prov. Sulawesi Selatan,Kab. Kepulauan Selayar,,Sulawesi Selatan
69888816,SMA NEGERI 1 BANYUPUTIH,https://sekolah.data.kemdikbud.go.id/index.php/Chome/profil/B0197F66-CF9B-4353-B2F7-459F00F81406,Jl. Baluran Indah Wonorejo Kec. Banyuputih Kab. Situbondo Prov. Jawa Timur,Kab. Situbondo,,Jawa Timur
20224512,SMAS TERPADU RIYADLUL ULUM,https://sekolah.data.kemdikbud.go.id/index.php/Chome/profil/5853689F-06C0-4A3E-ADAB-45A09BF0E07C,KOMPLEK PESANTREN CONDONG-CIBEUREM Setianagara Kec. Cibeureum Kota Tasikmalaya Prov. Jawa Barat,,Kota Tasikmalaya,Jawa Barat
30311499,SMAN 1 KELUMPANG TENGAH,https://sekolah.data.kemdikbud.go.id/index.php/Chome/profil/1E873A27-6BD3-4D47-83E7-45A650608EF6,JL. PANGERAN ARGA KUSUMA TANJUNG BATU Kec. Kelumpang Tengah Kab. Kotabaru Prov. Kalimantan Selatan,Kab. Kotabaru,,Kalimantan Selatan
40307692,SMA PGRI 1 PAREPARE,https://sekolah.data.kemdikbud.go.id/index.php/Chome/profil/319921A0-73F1-4805-8693-45A7057B099E,JL. JEND SUDIRMAN NO. 187 Lapadde Kec. Ujung Kota Parepare Prov. Sulawesi Selatan,,Kota Parepare,Sulawesi Selatan
10645129,SMAN 2 PENUKAL UTARA,https://sekolah.data.kemdikbud.go.id/index.php/Chome/profil/92084AE2-37D5-4B5D-94E5-45ACF664B171,JL. ANGKATAN 45 Prabu Menang KEC. PENUKAL UTARA Kab. Penukal Abab Lematang Ilir Prov. Sumatera Selatan,Kab. Penukal Abab Lematang Ilir,,Sumatera Selatan
69968023,SMA NEGERI 1 EMPANANG,https://sekolah.data.kemdikbud.go.id/index.php/Chome/profil/C885FC71-498C-4065-85F7-45B40D3B79CD,JL. SIMPANG EMPAT NANGA KANTUK Nanga Kantuk Kec. Empanang Kab. Kapuas Hulu Prov. Kalimantan Barat,Kab. Kapuas Hulu,,Kalimantan Barat
70052055,SMA IT Al-Araf,https://sekolah.data.kemdikbud.go.id/index.php/Chome/profil/E9F19704-4908-494D-9973-45C2EB1926A1,Jalan Pemda Tigaraksa RT.002 RW.007 Desa... Suka Mulya Kec. Cikupa Kab. Tangerang Prov. Banten,Kab. Tangerang,,Banten
