kode,nama,link_profil,alamat,kabupaten,kota,provinsi
20216212,SMAS YSMP CANDRADIMUKA,https://sekolah.data.kemdikbud.go.id/index.php/Chome/profil/33B0E094-6BBD-4912-9CF2-4D2B420A382F,Jl. Raya Eretan Wetan Kandanghaur Eretan Wetan Kec. Kandanghaur Kab. Indramayu Prov. Jawa Barat,Kab. Indramayu,,Jawa Barat
10209395,SMAN 1 SIPISPIS,https://sekolah.data.kemdikbud.go.id/index.php/Chome/profil/714A4D89-36A7-451F-BA51-4D3277015BEB,JL. AHMAD YANI Buluh Duri Kec. Sipispis Kab. Serdang Bedagai Prov. Sumatera Utara,Kab. Serdang Bedagai,,Sumatera Utara
30103482,SMAN 3 KETAPANG,https://sekolah.data.kemdikbud.go.id/index.php/Chome/profil/4B8098D0-3247-4C2D-8925-4D3501D51A8B,JL. GATOT SUBROTO NO. 18 KETAPANG Sampit Kec. Delta Pawan Kab. Ketapang Prov. Kalimantan Barat,Kab. Ketapang,,Kalimantan Barat
10500674,SMAN 8 BUNGO,https://sekolah.data.kemdikbud.go.id/index.php/Chome/profil/F6BAA1A3-C160-47E5-B6A7-4D3FAE842066,JL. RADEN MATAHER RANTAU PANDAN KM. 02 Rantau Pandan Kec. Rantau Pandan Kab. Bungo Prov. Jambi,Kab. Bungo,,Jambi
69883261,SMA ISLAM UMMU QURO,https://sekolah.data.kemdikbud.go.id/index.php/Chome/profil/94EA710B-25A1-44CF-993E-4D4547AAC42C,Jl. Swadaya Sungai Purun Kecil RT 8 RW 4... Sei.Purun Kecil Kec. Sungai Pinyuh Kab. Mempawah Prov. Kalimantan Barat,Kab. Mempawah,,Kalimantan Barat
69961538,SMA KASIH IMMANUEL,https://sekolah.data.kemdikbud.go.id/index.php/Chome/profil/F282EAB3-510F-4EA1-A896-4D465E66D248,Jl. Taman Surya V Blok NN5 No 45-48 Rt 0... Pegadungan Kec. Kali Deres Kota Adm. Jakarta Barat Prov. D.K.I. Jakarta,,Kota Adm. Jakarta Barat,D.K.I. Jakarta
69989801,SMA PUTI BUNGSU,https://sekolah.data.kemdikbud.go.id/index.php/Chome/profil/CDA80848-B06A-4BD0-A9D4-4D47C0F3EBBC,JL. PARAK JAMBU INDAH NO. 21 Dadok Tunggul Hitam Kec. Koto Tangah Kota Padang Prov. Sumatera Barat,,Kota Padang,Sumatera Barat
50203684,SMAN 2 DOMPU,https://sekolah.data.kemdikbud.go.id/index.php/Chome/profil/27DA2677-122D-49B1-BE96-4D4821452165,JL.LELE Bali Kec. Dompu Kab. Dompu Prov. Nusa Tenggara Barat,Kab. Dompu,,Nusa Tenggara Barat
69824451,SMA DARUL ULUM,https://sekolah.data.kemdikbud.go.id/index.php/Chome/profil/FDF28994-FD0B-486C-A626-4D50564CB94F,TAMIDUNG BATANG-BATANG Tamedung Kec. Batang-Batang Kab. Sumenep Prov. Jawa Timur,Kab. Sumenep,,Jawa Timur
20328938,SMA ADVENT,https://sekolah.data.kemdikbud.go.id/index.php/Chome/profil/D9E4142C-BB23-4232-B264-4D53F1151C02,JL. MT HARYONO NO. 478 Sarirejo Kec. Semarang Timur Kota Semarang Prov. Jawa Tengah,,Kota Semarang,Jawa Tengah
10814053,SMAN 1 PEKALONGAN,https://sekolah.data.kemdikbud.go.id/index.php/Chome/profil/D331184F-6381-4994-8C10-4D59AB1A406E,JL. KAMBOJA Kali Bening Kec. Pekalongan Kab. Lampung Timur Prov. Lampung,Kab. Lampung Timur,,Lampung
60201670,SMA NEGERI 21 HALMAHERA SELATAN,https://sekolah.data.kemdikbud.go.id/index.php/Chome/profil/3749B56E-F846-41E8-880B-4D5EBB584E82,Jln. Siswa Bajo Kec. Kepulauan Botang Lomang Kab. Halmahera Selatan Prov. Maluku Utara,Kab. Halmahera Selatan,,Maluku Utara
20541407,SMAS AL - YASINI KRATON,https://sekolah.data.kemdikbud.go.id/index.php/Chome/profil/955E8D6B-ADD8-46DA-B804-4D62CECD633C,JL. PONDOK PESANTREN TERPADU AL-YASINI Ngabar Kec. Kraton Kab. Pasuruan Prov. Jawa Timur,Kab. Pasuruan,,Jawa Timur
70040024,SMAN 1 KEPULAUAN KARIMATA,https://sekolah.data.kemdikbud.go.id/index.php/Chome/profil/BC4DCE5D-69C5-43DB-8471-4D6332E4B773,Desa Padang Kec.Kepulauan Karimata Padang Kec. Kepulauan Karimata Kab. Kayong Utara Prov. Kalimantan Barat,Kab. Kayong Utara,,Kalimantan Barat
60302893,SMAS YPPK TIGA RAJA TIMIKA,https://sekolah.data.kemdikbud.go.id/index.php/Chome/profil/872E1E5D-84AF-487A-B51A-4D6F31A40B9E,JL.CENDERAWASIH Kwamki Kec. Mimika Baru Kab. Mimika Prov. Papua Tengah,Kab. Mimika,,Papua Tengah
69964271,SMA NEGERI 2 SEBERIDA,https://sekolah.data.kemdikbud.go.id/index.php/Chome/profil/35F4576F-9AB9-4524-A306-4D74C2EB1D81,"Jalan Lintas Timur Kelesa, Kecamatan Seb... Kelesa Kec. Seberida Kab. Indragiri Hulu Prov. Riau",Kab. Indragiri Hulu,,Riau
30107259,SMAS HIDAYATUL MUHSININ,https://sekolah.data.kemdikbud.go.id/index.php/Chome/profil/CD2A9585-34D6-4DA0-A230-4D76BC914EF5,JL. PERDAMAIAN UJUNG Pal.Ix Kec. Sungai Kakap Kab. Kubu Raya Prov. Kalimantan Barat,Kab. Kubu Raya,,Kalimantan Barat
70008267,SMA NAHDLATUL ULAMA,https://sekolah.data.kemdikbud.go.id/index.php/Chome/profil/089DA848-5CF8-4184-834B-4D8E0625A7CD,JL. Masjid Agung Al Aqsha Panca Warna Kec. Way Serdang Kab. Mesuji Prov. Lampung,Kab. Mesuji,,Lampung
20532147,SMAS KAWUNG 1 SURABAYA,https://sekolah.data.kemdikbud.go.id/index.php/Chome/profil/CCFB9185-5C6D-42B5-AD4F-4D8F0F7F4A07,JL. PARANG KLITIK NO.2 Kemayoran Kec. Krembangan Kota Surabaya Prov. Jawa Timur,,Kota Surabaya,Jawa Timur
20221575,SMAS TAMAN SISWA,https://sekolah.data.kemdikbud.go.id/index.php/Chome/profil/C72016C0-3621-42E1-9E86-4D8F6BE291E5,JL. R. SYAMSUDIN SH NO. 62 Cikole Kec. Cikole Kota Sukabumi Prov. Jawa Barat,,Kota Sukabumi,Jawa Barat
69812074,SMAS Islam Nurul Latif,https://sekolah.data.kemdikbud.go.id/index.php/Chome/profil/E1D647CC-27A5-46D0-B898-4D9165E10397,JL. KH Yahya Jazuli No 1 Desa Kerang Kerang Kec. Sukosari Kab. Bondowoso Prov. Jawa Timur,Kab. Bondowoso,,Jawa Timur
69948430,SMA  IT AL HIKMAH,https://sekolah.data.kemdikbud.go.id/index.php/Chome/profil/6E1E3D54-BF82-4098-B93A-4D93A30D6657,Jln. KH. Agus Salim No. 10 - 11 Tanggung... Bence Kec. Garum Kab. Blitar Prov. Jawa Timur,Kab. Blitar,,Jawa Timur
69757492,SMAN 1 MAPAT TUNGGUL,https://sekolah.data.kemdikbud.go.id/index.php/Chome/profil/77134758-2B3A-4C79-A071-4D97DFCF09B5,"JL. RAO-RUMBAI, PINTU PADANG Nagari Pintu Padang Kec. Mapat Tunggul Kab. Pasaman Prov. Sumatera Barat",Kab. Pasaman,,Sumatera Barat
40303151,SMAN 7 WAJO,https://sekolah.data.kemdikbud.go.id/index.php/Chome/profil/3C17C29F-566F-4407-BBFF-4D99F174B350,JL. CENDANA SENGKANG Lapongkoda Kec. Tempe Kab. Wajo Prov. Sulawesi Selatan,Kab. Wajo,,Sulawesi Selatan
20238011,SMAS DARUL MUALLAMAH,https://sekolah.data.kemdikbud.go.id/index.php/Chome/profil/48D33732-9A88-43C6-9D14-4D9B22F5342C,JL. PASIR KUPANG NAGASARI SERANG BARU KA... Nagasari Kec. Serang Baru Kab. Bekasi Prov. Jawa Barat,Kab. Bekasi,,Jawa Barat
20623138,SMAS SUMBER DAYA MANDIRI,https://sekolah.data.kemdikbud.go.id/index.php/Chome/profil/F450333B-487B-4039-9373-4DA70913EC9C,JL. K.H. SAID KP. SOLOKAN Renged Kec. Kresek Kab. Tangerang Prov. Banten,Kab. Tangerang,,Banten
70045551,SMA Negeri 1 Plus KPG,https://sekolah.data.kemdikbud.go.id/index.php/Chome/profil/EE5E7FBF-375F-4251-9DD0-4DA8053CFF98,Jalan Waghete I Waghete I Kec. Tigi Kab. Deiyai Prov. Papua Tengah,Kab. Deiyai,,Papua Tengah
70015073,SMAS BEQURANIC BENGKALIS,https://sekolah.data.kemdikbud.go.id/index.php/Chome/profil/5D95C2C7-B40A-4AA8-BBF9-4DA87E5382E1,Jl. Utama Pangkalan Batang Barat Bengkal... Desa Pangkalan Batang Barat Kec. Bengkalis Kab. Bengkalis Prov. Riau,Kab. Bengkalis,,Riau
20623096,SMAN 1 CIGEMBLONG,https://sekolah.data.kemdikbud.go.id/index.php/Chome/profil/192C81AB-1943-42C7-BE2B-4DADEA48E400,CIGEMBLONG Cikaratuan Kec. Cigemblong Kab. Lebak Prov. Banten,Kab. Lebak,,Banten
50301674,SMAS KRISTEN 1 KALABAHI,https://sekolah.data.kemdikbud.go.id/index.php/Chome/profil/D0E4CFE0-2468-4886-9972-4DB58875DB52,JL. SISINGAMANGARAJA NO. 24 Wetabua Kec. Teluk Mutiara Kab. Alor Prov. Nusa Tenggara Timur,Kab. Alor,,Nusa Tenggara Timur
20517786,SMAS AR ROHMAH DAU,https://sekolah.data.kemdikbud.go.id/index.php/Chome/profil/E44E477C-74DD-4C94-A2F8-4DB89744C46D,JL. RAYA APEL NO. 61 Sumbersekar Kec. Dau Kab. Malang Prov. Jawa Timur,Kab. Malang,,Jawa Timur
10807068,SMAN 7 BANDAR LAMPUNG,https://sekolah.data.kemdikbud.go.id/index.php/Chome/profil/24E3ED8A-EFC5-4C5D-AD32-4DBC4B52186C,"Jl. Teuku Cik Ditiro, No. 02 BERINGIN JAYA Kec. Kemiling Kota Bandar Lampung Prov. Lampung",,Kota Bandar Lampung,Lampung
20219735,SMAS KARYA PEMBANGUNAN 2,https://sekolah.data.kemdikbud.go.id/index.php/Chome/profil/22FA1E04-F847-46FE-B7DB-4DBD45B3B1E3,JL. RAYA UJUNGBERUNG NO. 25 Pasir Endah Kec. Ujungberung Kota Bandung Prov. Jawa Barat,,Kota Bandung,Jawa Barat
20532127,SMAS TRI KARYA SURABAYA,https://sekolah.data.kemdikbud.go.id/index.php/Chome/profil/D6283EF8-91AD-4B92-9D7D-4DC18B1A09FA,JL. LEMPUNG PERDANA NO. 2 Manukan Kulon Kec. Tandes Kota Surabaya Prov. Jawa Timur,,Kota Surabaya,Jawa Timur
10502396,SMAN 9 KERINCI,https://sekolah.data.kemdikbud.go.id/index.php/Chome/profil/4A10B3A3-D100-4F34-94A9-4DC5E5F55DB2,TAMIAI Tamiai Kec. Batang Merangin Kab.  Kerinci Prov. Jambi,Kab.  Kerinci,,Jambi
20339022,SMA NEGERI 1 TAYU,https://sekolah.data.kemdikbud.go.id/index.php/Chome/profil/890A4B6E-FCCE-4649-B91C-4DC9EFAD2790,JL. P. DIPONEGORO NO. 60 TAYU Jepat Lor Kec. Tayu Kab. Pati Prov. Jawa Tengah,Kab. Pati,,Jawa Tengah
10301183,SMAN 1 KEC PANGKALAN KOTO BARU,https://sekolah.data.kemdikbud.go.id/index.php/Chome/profil/AABD3DD5-2785-4F4F-BF90-4DD04CD2E51B,JL. LINTAS SUMBAR - RIAU Pangkalan Kec. Pangkalan Koto Baru Kab. Lima Puluh Kota Prov. Sumatera Barat,Kab. Lima Puluh Kota,,Sumatera Barat
69986036,SMAN 1 LEBAK WANGI,https://sekolah.data.kemdikbud.go.id/index.php/Chome/profil/F3D29685-452D-4BD9-B362-4DD66EBB6914,Jl. Ciptayasa Km. 05 RT. 09 RW. 04 Tirem Kec. Lebak Wangi Kab. Serang Prov. Banten,Kab. Serang,,Banten
20521714,SMAN 1 PRAJEKAN,https://sekolah.data.kemdikbud.go.id/index.php/Chome/profil/F77B7227-C351-456F-82AB-4DDB57147F3D,JL. KHR. ASAD SYAMSUL ARIFIN Prajekan Kidul Kec. Prajekan Kab. Bondowoso Prov. Jawa Timur,Kab. Bondowoso,,Jawa Timur
69964676,SMA TAHFIZH AL-QURAN,https://sekolah.data.kemdikbud.go.id/index.php/Chome/profil/776F12EE-880E-4877-97D8-4DDC10C7039B,PONDOK PESANTREN AL AZHAR JL. IMAM ROBBA... Maluk Kec. Maluk Kab. Sumbawa Barat Prov. Nusa Tenggara Barat,Kab. Sumbawa Barat,,Nusa Tenggara Barat
70048914,SMA NEGERI FAWI,https://sekolah.data.kemdikbud.go.id/index.php/Chome/profil/C2D799DD-D843-4F1E-836D-4DDD3DF75D01,Kamp. Fawi Fawi Kec. Fawi Kab. Puncak Jaya Prov. Papua Tengah,Kab. Puncak Jaya,,Papua Tengah
10214136,SMAN 1 PERCUT SEI TUAN,https://sekolah.data.kemdikbud.go.id/index.php/Chome/profil/1C0127D2-3ACB-4F23-A82C-4DE47E74647F,JL. IRIAN BARAT NO.37 SAMPALI Kec. Percut Sei Tuan Kab. Deli Serdang Prov. Sumatera Utara,Kab. Deli Serdang,,Sumatera Utara
20218359,SMAN 1 BABELAN,https://sekolah.data.kemdikbud.go.id/index.php/Chome/profil/AEB5653E-F26B-473B-9B2C-4DF2C5CB7A09,JL. TAMAN KEBALEN INDAH BABELAN BEKASI Kebalen Kec. Babelan Kab. Bekasi Prov. Jawa Barat,Kab. Bekasi,,Jawa Barat
20548842,SMAS PLUS MIFTAHUL ULUM,https://sekolah.data.kemdikbud.go.id/index.php/Chome/profil/891F3D07-4C85-43AE-8045-4DFAAF0B7CBD,JL.GUNUNG RAUNG NO. 07 Jambe Arum Kec. Sumberjambe Kab. Jember Prov. Jawa Timur,Kab. Jember,,Jawa Timur
10900779,SMAN 1 NAMANG,https://sekolah.data.kemdikbud.go.id/index.php/Chome/profil/A8BCB19E-5F06-462D-96BB-4DFAAF23B296,JL. RAYA KOBA KM.21 Jelutung Kec. Namang Kab. Bangka Tengah Prov. Kepulauan Bangka Belitung,Kab. Bangka Tengah,,Kepulauan Bangka Belitung
10502394,SMAN 1 SUNGAI PENUH,https://sekolah.data.kemdikbud.go.id/index.php/Chome/profil/0031A011-268B-4D5F-87BD-4E09992E97F5,JL.ARIF RAHMAN HAKIM SUNGAI PENUH KELURAHAN SUNGAI PENUH Kec. Sungai Penuh Kota Sungai Penuh Prov. Jambi,,Kota Sungai Penuh,Jambi
40302668,SMAN 2 BONE,https://sekolah.data.kemdikbud.go.id/index.php/Chome/profil/688A57E2-97C4-40E3-87BF-4E0B4FAA38FB,JL. MAKMUR No.1 Padaelo Kec. Mare Kab. Bone Prov. Sulawesi Selatan,Kab. Bone,,Sulawesi Selatan
60200293,SMAN 3 HALMAHERA UTARA,https://sekolah.data.kemdikbud.go.id/index.php/Chome/profil/8130C357-87A1-4B6D-949A-4E11A8070F8A,JL. PENDIDIKAN Goruang Kec. Kao Kab. halmahera Utara Prov. Maluku Utara,Kab. halmahera Utara,,Maluku Utara
20209213,SMAN 24 GARUT,https://sekolah.data.kemdikbud.go.id/index.php/Chome/profil/C215224A-3AFB-4EA7-921F-4E120416D9AE,Jalan Pangauban Pangauban Kec. Cisurupan Kab. Garut Prov. Jawa Barat,Kab. Garut,,Jawa Barat
60200782,SMAN 7 KOTA TERNATE,https://sekolah.data.kemdikbud.go.id/index.php/Chome/profil/BFED1353-3FAD-434C-AA2A-4E19E7A553AE,JL. TANJUNG PURA Takofi KEC. MOTI Kota Ternate Prov. Maluku Utara,,Kota Ternate,Maluku Utara
69733994,SMA Negeri 2 Lasalimu Selatan,https://sekolah.data.kemdikbud.go.id/index.php/Chome/profil/BB36B659-B5EA-4914-8580-4E20C4C59120,JL. POROS SIOMANURU-SIONTAPINA Siomanuru Kec. Lasalimu Selatan Kab. Buton Prov. Sulawesi Tenggara,Kab. Buton,,Sulawesi Tenggara
20400375,SMA NEGERI 1 PLERET,https://sekolah.data.kemdikbud.go.id/index.php/Chome/profil/D2FA06E8-DD17-40D4-A2D0-4E2FAF7FA309,Kedaton Pleret Kec. Pleret Kab. Bantul Prov. D.I. Yogyakarta,Kab. Bantul,,D.I. Yogyakarta
50219579,SMAN 3 SELONG,https://sekolah.data.kemdikbud.go.id/index.php/Chome/profil/850508AC-02E6-42EE-B105-4E303E8D78B4,JL. H. MOH. FAISAL NO. 1 SELONG Khusus Kota Selong Kec. Selong Kab. Lombok Timur Prov. Nusa Tenggara Barat,Kab. Lombok Timur,,Nusa Tenggara Barat
10647875,SMAS SYIHABUDDIN,https://sekolah.data.kemdikbud.go.id/index.php/Chome/profil/706B133E-6E9F-4238-94B2-4E377FA4E25B,JL. RAYA KOMERING Tanjung Baru Kec. Tanjung Lubuk Kab. Ogan Komering Ilir Prov. Sumatera Selatan,Kab. Ogan Komering Ilir,,Sumatera Selatan
20224547,SMAS PASUNDAN 1 TASIKMALAYA,https://sekolah.data.kemdikbud.go.id/index.php/Chome/profil/F2E4D062-E11D-4566-BFEE-4E3A63906AAA,JL. DEWI SARTIKA NO. 18 Empangsari Kec. Tawang Kota Tasikmalaya Prov. Jawa Barat,,Kota Tasikmalaya,Jawa Barat
10700268,SMA Negeri 4 Bengkulu Utara,https://sekolah.data.kemdikbud.go.id/index.php/Chome/profil/CBF7AA57-5D7A-4D39-B873-4E3ABE915EB9,Jl. Raya Penyangkak - Lubuk Durian Penyangkak Kec. Kerkap Kab. Bengkulu Utara Prov. Bengkulu,Kab. Bengkulu Utara,,Bengkulu
20252324,SMAN 1 CISAGA,https://sekolah.data.kemdikbud.go.id/index.php/Chome/profil/2A0D2B76-564A-4516-A559-4E3E213D1C9B,Jl. Raya Cisaga - Ciamis No.814 Mekarmukti Kec. Cisaga Kab. Ciamis Prov. Jawa Barat,Kab. Ciamis,,Jawa Barat
69774571,SMAS IT DARUT TAQWA,https://sekolah.data.kemdikbud.go.id/index.php/Chome/profil/452CB829-4A43-4B5F-B8EE-4E44C2C119B9,JL. SIDO MUKTI RT 01 RW 05 DUKUH DESAN Pintu Kec. Jenangan Kab. Ponorogo Prov. Jawa Timur,Kab. Ponorogo,,Jawa Timur
70042775,SMA NAHDLOTUL ULAMA,https://sekolah.data.kemdikbud.go.id/index.php/Chome/profil/0DB6B627-26DF-4227-BBA9-4E44D2537FC4,Jl. SGB Kp. Bojongreungas RT.01 RW.11 Majasetra Kec. Majalaya Kab. Bandung Prov. Jawa Barat,Kab. Bandung,,Jawa Barat
20112433,SMAS JAKARTA ISLAMIC SCHOOL,https://sekolah.data.kemdikbud.go.id/index.php/Chome/profil/0D966064-EDB1-42C3-A270-4E46216BE30F,JL. MANUNGGAL I KOMP. KODAM NO.17 Cipinang Melayu Kec. Makasar Kota Adm. Jakarta Timur Prov. D.K.I. Jakarta,,Kota Adm. Jakarta Timur,D.K.I. Jakarta
70042282,SMAIT DARUSSALAM 01 BATAM,https://sekolah.data.kemdikbud.go.id/index.php/Chome/profil/5860B209-651E-4576-80BC-4E46A6CB84BD,"Komplek Taman Merapi Subur, Jl. Letjen S... Tembesi Kec. Sagulung Kota Batam Prov. Kepulauan Riau",,Kota Batam,Kepulauan Riau
40100910,SMAS ADVENT TOMPASO,https://sekolah.data.kemdikbud.go.id/index.php/Chome/profil/5716CAF0-2873-4E28-99D6-4E46F90E814D,JL. RAYA TOMPASO Tompaso Dua Kec. Tompaso Barat Kab. Minahasa Prov. Sulawesi Utara,Kab. Minahasa,,Sulawesi Utara
60303346,SMAN 1 DEKAI,https://sekolah.data.kemdikbud.go.id/index.php/Chome/profil/DFA1A2D8-77E5-4CC6-99BD-4E4867E50622,JL. HUBLA DEKAI Dekai Kec. Dekai Kab. Yahukimo Prov. Papua Pegunungan,Kab. Yahukimo,,Papua Pegunungan
20307638,SMAS MUHAMMADIYAH 2 MUNTILAN,https://sekolah.data.kemdikbud.go.id/index.php/Chome/profil/935C77B4-8484-4471-B202-4E4F910C4A8D,JL. KHA.  DAHLAN NO. 14 Pucungrejo Kec. Muntilan Kab. Magelang Prov. Jawa Tengah,Kab. Magelang,,Jawa Tengah
10210877,SMAN 13 MEDAN,https://sekolah.data.kemdikbud.go.id/index.php/Chome/profil/BC3F7D5F-3D85-479B-9E8C-4E52A471D9FC,JL. BRIGJEN ZEIN HAMID KM.7 TITI KUNING Titi Kuning Kec. Medan Johor Kota Medan Prov. Sumatera Utara,,Kota Medan,Sumatera Utara
40310149,SMAS ISLAM MARGOLEMBO,https://sekolah.data.kemdikbud.go.id/index.php/Chome/profil/186AA948-2007-4385-9295-4E5947446E1D,JL TRANS SULAWESI MARGOLEMBO Margolembo Kec. Mangkutana Kab. Luwu Timur Prov. Sulawesi Selatan,Kab. Luwu Timur,,Sulawesi Selatan
60730202,SMAN 1 MAROBO,https://sekolah.data.kemdikbud.go.id/index.php/Chome/profil/42B4FE9C-98D2-45B0-9651-4E5BF267A662,DESA MAROBO Marobo Kec. Marobo Kab. Muna Prov. Sulawesi Tenggara,Kab. Muna,,Sulawesi Tenggara
20533655,SMAS KATOLIK SANTA MARIA,https://sekolah.data.kemdikbud.go.id/index.php/Chome/profil/FC8EDC15-F297-49C1-969F-4E6266622B7C,JL. RAYA LANGSEP 41 Bareng Kec. Klojen Kota Malang Prov. Jawa Timur,,Kota Malang,Jawa Timur
40500460,SMAS MUHAMMADIYAH TOLANGOHULA,https://sekolah.data.kemdikbud.go.id/index.php/Chome/profil/B6DF0FAD-D9C9-416C-9500-4E684CB0242B,JL. RAJA TOLANGOHULA Sukamakmur Kec. Tolangohula Kab. Gorontalo Prov. Gorontalo,Kab. Gorontalo,,Gorontalo
20605331,SMAS AL MUKHTARIAH,https://sekolah.data.kemdikbud.go.id/index.php/Chome/profil/319B26F2-06BC-4F33-B4F0-4E7508E93973,JL. RAYA CIKANDE KRESEK Renged Kec. Binuang Kab. Serang Prov. Banten,Kab. Serang,,Banten
40101440,SMA NEGERI 1 TAMAKO,https://sekolah.data.kemdikbud.go.id/index.php/Chome/profil/D839BFEC-92FD-4F6A-B385-4E7865177EEE,KAMPUNG BALANE Balane Kec. Tamako Kab. Kepulauan Sangihe Prov. Sulawesi Utara,Kab. Kepulauan Sangihe,,Sulawesi Utara
60303654,SMA KRISTEN KOINONIA,https://sekolah.data.kemdikbud.go.id/index.php/Chome/profil/ACCC1FFB-3AB5-4D0E-AC12-4E7971665B2D,JL. CARAVAN SENTANI No.64a Sentani Kota Kec. Sentani Kab. Jayapura Prov. Papua,Kab. Jayapura,,Papua
20312203,SMA MUHAMMADIYAH 5 JATEN,https://sekolah.data.kemdikbud.go.id/index.php/Chome/profil/583A44CF-444E-42D7-BDBB-4E798123BA0B,JL. RAYA SOLO SRAGEN  KM. 10 Sroyo Kec. Jaten Kab. Karanganyar Prov. Jawa Tengah,Kab. Karanganyar,,Jawa Tengah
10506034,SMAN 11 BATANG HARI,https://sekolah.data.kemdikbud.go.id/index.php/Chome/profil/6F02FBE8-8855-444A-AE60-4E7A85467151,JL. PENDIDIKAN TERUSAN Kec. Maro Sebo Ilir Kab. Batanghari Prov. Jambi,Kab. Batanghari,,Jambi
60101804,SMA Negeri 4 Kepulauan Aru,https://sekolah.data.kemdikbud.go.id/index.php/Chome/profil/7747445F-320C-43BD-8BBF-4E80A93F57BA,Jalan Kongan Benjina Kec. Aru Tengah Kab. Kepulauan Aru Prov. Maluku,Kab. Kepulauan Aru,,Maluku
40310708,SMAN 26 BONE,https://sekolah.data.kemdikbud.go.id/index.php/Chome/profil/FB4897F2-1806-47F5-A02A-4E8AAA361A4B,JL. POROS WATU Naga Uleng Kec. Cenrana Kab. Bone Prov. Sulawesi Selatan,Kab. Bone,,Sulawesi Selatan
40403033,SMAN 1 SIOMPU BARAT,https://sekolah.data.kemdikbud.go.id/index.php/Chome/profil/988906A2-0FBE-4A96-A1C7-4E93FC93F55C,JL. PENDIDIKAN LASASA Kamoali Kec. Siompu Barat Kab. Buton Selatan Prov. Sulawesi Tenggara,Kab. Buton Selatan,,Sulawesi Tenggara
20213885,SMAN 1 JATIWANGI,https://sekolah.data.kemdikbud.go.id/index.php/Chome/profil/A82A964C-344B-45EA-9951-4E97A99936B1,JL. RAYA TIMUR NO. 02 Des. Loji Kec. Jat... Loji Kec. Jatiwangi Kab. Majalengka Prov. Jawa Barat,Kab. Majalengka,,Jawa Barat
20219259,SMAS SWADAYA BANDUNG,https://sekolah.data.kemdikbud.go.id/index.php/Chome/profil/992B958C-FFE6-4481-8209-4E9C7858CCED,JL. TERUSAN PASIR KOJA NO. 181 Jamika Kec. Bojong Loa Kaler Kota Bandung Prov. Jawa Barat,,Kota Bandung,Jawa Barat
70047393,SMA INDONESIAN CREATIVE SCHOOL,https://sekolah.data.kemdikbud.go.id/index.php/Chome/profil/AA4987C3-567F-4FC9-9F66-4EA577E1892E,Jl. Melati No. 11 Sidomulyo Timur Kec. Marpoyan Damai Kota Pekanbaru Prov. Riau,,Kota Pekanbaru,Riau
69758462,SMAS AL-IDRIS,https://sekolah.data.kemdikbud.go.id/index.php/Chome/profil/F1059FB0-B23B-4A7F-ABEF-4EAB4BF635C3,KP. PARASALIAN RT 04 RW 01 Linggasirna Kec. Sariwangi Kab. Tasikmalaya Prov. Jawa Barat,Kab. Tasikmalaya,,Jawa Barat
20328897,SMA NEGERI 16 SEMARANG,https://sekolah.data.kemdikbud.go.id/index.php/Chome/profil/17851CB4-F057-44B4-8C0E-4EABA5852CC5,Jl. Ngadirgo Tengah Ngadirgo Kec. Mijen Kota Semarang Prov. Jawa Tengah,,Kota Semarang,Jawa Tengah
70000059,SMAIT ULUL ALBAB BOARDING SCHOOL TARAKAN,https://sekolah.data.kemdikbud.go.id/index.php/Chome/profil/639755C4-170F-4843-8EB9-4EB7D37F8908,Jl. Sei Sesayap RT. 01 Kampung Empat Kec. Tarakan Timur Kota Tarakan Prov. Kalimantan Utara,,Kota Tarakan,Kalimantan Utara
40600652,UPTD SMAN 1 WONOMULYO,https://sekolah.data.kemdikbud.go.id/index.php/Chome/profil/3344A41D-174F-4E02-ACD4-4EB81BC7B3D3,JL. GATOT SOEBROTO NO.3 Sidodadi Kec. Wonomulyo Kab. Polewali Mandar Prov. Sulawesi Barat,Kab. Polewali Mandar,,Sulawesi Barat
20321832,SMA NEGERI 2 SUKOREJO,https://sekolah.data.kemdikbud.go.id/index.php/Chome/profil/29555B74-DD87-4EA1-8729-4EB833A8C8B1,JL. LINGKAR UTARA KEBUMEN Kebumen Kec. Sukorejo Kab. Kendal Prov. Jawa Tengah,Kab. Kendal,,Jawa Tengah
69786434,SMAN 1 SUTI SEMARANG,https://sekolah.data.kemdikbud.go.id/index.php/Chome/profil/BB772EC3-34B4-49EC-B555-4EBC8FC0045A,JALAN RAYA SUTI SEMARANG Tapen Kec. Suti Semarang Kab. Bengkayang Prov. Kalimantan Barat,Kab. Bengkayang,,Kalimantan Barat
20400282,SMA MUHAMMADIYAH IMOGIRI,https://sekolah.data.kemdikbud.go.id/index.php/Chome/profil/8DDEC7E4-9063-4F0F-9241-4EC1E6DBA87A,KERTEN Imogiri Kec. Imogiri Kab. Bantul Prov. D.I. Yogyakarta,Kab. Bantul,,D.I. Yogyakarta
70005736,SMA NEGERI 3 AMABI OEFETO TIMUR,https://sekolah.data.kemdikbud.go.id/index.php/Chome/profil/540AFD45-D899-4E80-B8C7-4EC98DA9934D,JL. JURUSAN OESAO-OENUNUTONO Oemofa Kec. Amabi Oefeto Timur Kab. Kupang Prov. Nusa Tenggara Timur,Kab. Kupang,,Nusa Tenggara Timur
70038456,SMAS IT DARUL MUBARAK,https://sekolah.data.kemdikbud.go.id/index.php/Chome/profil/F4BF4ADE-7FAB-4BC6-9AF1-4ECEC8EE3C9F,Jl. Goa Ria P A I Kec. Biringkanaya Kota Makassar Prov. Sulawesi Selatan,,Kota Makassar,Sulawesi Selatan
69962963,SMA NEGERI 2 TOILI BARAT,https://sekolah.data.kemdikbud.go.id/index.php/Chome/profil/14FE979E-1D29-4F7E-A1C1-4ECF686E43F0,Jl. Pemuda No. 01 Pasir Lamba Kec. Toili Barat Kab. Banggai Prov. Sulawesi Tengah,Kab. Banggai,,Sulawesi Tengah
10210805,SMAS AL HIDAYAH,https://sekolah.data.kemdikbud.go.id/index.php/Chome/profil/836E3B52-19E3-4078-8C32-4ED143507B93,JL. LETDA SUJONO GG. PERGURUAN NO.4 Bandar Selamat Kec. Medan Tembung Kota Medan Prov. Sumatera Utara,,Kota Medan,Sumatera Utara
20251963,SMAS IT AL-HIDAYAH JALAN CAGAK,https://sekolah.data.kemdikbud.go.id/index.php/Chome/profil/7FC6CB32-39D1-4BC1-8F7F-4ED2F73202AA,JL. DESA SANCA KEC. CIATER Sarireja Kec. Jalancagak Kab. Subang Prov. Jawa Barat,Kab. Subang,,Jawa Barat
69953981,SMA CITRA BERKAT,https://sekolah.data.kemdikbud.go.id/index.php/Chome/profil/4DB6C996-D795-4861-A064-4ED67CE14C0B,"Jl. Raya Cileungsi Jonggol KM 23,2. Kab.... Sukamaju Kec. Jonggol Kab. Bogor Prov. Jawa Barat",Kab. Bogor,,Jawa Barat
10498688,SMAN 2 KUBU BABUSSALAM,https://sekolah.data.kemdikbud.go.id/index.php/Chome/profil/5EAC8925-35B6-46BF-A125-4ED7396EC0C8,KEP. JOJOL Jojol Kec. Kubu Babussalam Kab.  Rokan Hilir Prov. Riau,Kab.  Rokan Hilir,,Riau
10401563,SMAN 2 PERANAP,https://sekolah.data.kemdikbud.go.id/index.php/Chome/profil/6825F686-5F00-4416-9CDA-4EDC093EE2CA,JL. PENDIDIKAN BATURIJAL HULU Baturijal Hulu Kec. Peranap Kab. Indragiri Hulu Prov. Riau,Kab. Indragiri Hulu,,Riau
20258335,SMAS UNGGUL AR-RAHMAN,https://sekolah.data.kemdikbud.go.id/index.php/Chome/profil/5F107399-C6BB-46DE-BDAB-4EDE90E368D1,Jl. Muhammad Amir KM 09 Bojong Genteng Kec. Bojong Genteng Kab. Sukabumi Prov. Jawa Barat,Kab. Sukabumi,,Jawa Barat
10202682,SMA SWASTA HKBP HUTABAYURAJA,https://sekolah.data.kemdikbud.go.id/index.php/Chome/profil/C86A3E0E-9CF8-456E-9B39-4EE0EFCDDB6D,JL. SM. RAJA NO. 158 Huta Bayu Kec. Hutabayu Raja Kab. Simalungun Prov. Sumatera Utara,Kab. Simalungun,,Sumatera Utara
20331035,SMA BUDI LUHUR TANGGUNGHARJO,https://sekolah.data.kemdikbud.go.id/index.php/Chome/profil/990D41D9-5D0B-4E4F-9886-4EEB3A7E6076,JL. RAYA TANGGUNGHARJO-TEGOWANU NO. 1 Tanggungharjo Kec. Tanggungharjo Kab. Grobogan Prov. Jawa Tengah,Kab. Grobogan,,Jawa Tengah
10646579,SMA NEGERI 2 RAMBANG KUANG,https://sekolah.data.kemdikbud.go.id/index.php/Chome/profil/E0B8EC89-0550-4670-A5CC-4EEEFEC6001D,Desa Kuang Dalam Timur Kec. Rambang Kuan... Kuang Dalam Timur Kec. Rambang Kuang Kab. Ogan Ilir Prov. Sumatera Selatan,Kab. Ogan Ilir,,Sumatera Selatan
10643837,SMA MUHAMMADIYAH TANJUNG RAJA,https://sekolah.data.kemdikbud.go.id/index.php/Chome/profil/21DAE104-D3B4-44F6-A52D-4EFD74B24515,JL. OLAH RAGA NO. 188 TANJUNG RAJA Tanjung Raja Kec. Tanjung Raja Kab. Ogan Ilir Prov. Sumatera Selatan,Kab. Ogan Ilir,,Sumatera Selatan
40405117,SMA NEGERI 22 KONAWE SELATAN,https://sekolah.data.kemdikbud.go.id/index.php/Chome/profil/2CC341B3-8D14-4EF3-B513-4F01D2120055,"Jl. Usaha Tani, Desa Roraya Roraya Kec. Tinanggea Kab. Konawe Selatan Prov. Sulawesi Tenggara",Kab. Konawe Selatan,,Sulawesi Tenggara
69984374,SMAS GURINDAM BOARDING SCHOOL,https://sekolah.data.kemdikbud.go.id/index.php/Chome/profil/1BCA03D3-3186-4B0A-A734-4F03A3857A71,Jl. Pesantren Blok A No. 7 Belian Kec. Batam Kota Kota Batam Prov. Kepulauan Riau,,Kota Batam,Kepulauan Riau
70033663,SMA PLUS AL-HASIBIYAH,https://sekolah.data.kemdikbud.go.id/index.php/Chome/profil/277AA57C-BC77-46E5-AB9F-4F0588D6F8EC,Jl. Taman Pendidikan No. 35 RT.01 RW.01 Neglasari Kec. Lengkong Kab. Sukabumi Prov. Jawa Barat,Kab. Sukabumi,,Jawa Barat
20100217,SMAN 10 JAKARTA,https://sekolah.data.kemdikbud.go.id/index.php/Chome/profil/EB18B4F8-F03F-4E06-B6E6-4F0AFC498F70,JL. MANGGA BESAR XIII Mangga Dua Selatan Kec. Sawah Besar Kota Adm. Jakarta Pusat Prov. D.K.I. Jakarta,,Kota Adm. Jakarta Pusat,D.K.I. Jakarta
70051825,SMA ISLAM TARBIYATUL UMMAH,https://sekolah.data.kemdikbud.go.id/index.php/Chome/profil/AD9C5F1F-AC89-43E9-9C59-4F13084F6DAD,Sindangwangi RT.002 RW.005 Cibunigeulis Kec. Bungursari Kota Tasikmalaya Prov. Jawa Barat,,Kota Tasikmalaya,Jawa Barat
20252464,SMAS AR RISSALAH,https://sekolah.data.kemdikbud.go.id/index.php/Chome/profil/420B6498-4965-4556-85DB-4F14ECE63160,JL RAYA BANJAR KM 3.5 PAMALAYAN Pamalayan Kec. Cijeungjing Kab. Ciamis Prov. Jawa Barat,Kab. Ciamis,,Jawa Barat
10303610,SMAN 2 PADANG PANJANG,https://sekolah.data.kemdikbud.go.id/index.php/Chome/profil/16DAF9B2-48F0-42E4-918A-4F1A87FE0379,JL. BUNDO KANDUNG NO.2 Guguk Malintang Kec. Padang Panjang Timur Kota Padang Panjang Prov. Sumatera Barat,,Kota Padang Panjang,Sumatera Barat
70012744,SMA NEGERI SALBAIT,https://sekolah.data.kemdikbud.go.id/index.php/Chome/profil/B1A774A9-B8A7-4660-AC65-4F1C1AEDA6A4,"RT.001/RW.001, DUSUN I DESA SALBAIT Salbait Kec. Mollo Barat Kab. Timor Tengah Selatan Prov. Nusa Tenggara Timur",Kab. Timor Tengah Selatan,,Nusa Tenggara Timur
10308546,SMAN 5 PARIAMAN,https://sekolah.data.kemdikbud.go.id/index.php/Chome/profil/0B30351D-AC66-4653-8E16-4F2807833E15,JL. Kayu Gadang Pakasai Pakasai Kec. Pariaman Timur Kota Pariaman Prov. Sumatera Barat,,Kota Pariaman,Sumatera Barat
69786946,SMA RAUDLATUL ULUM,https://sekolah.data.kemdikbud.go.id/index.php/Chome/profil/54A9C4C3-1DD3-4156-B4F1-4F29C1D3EDCB,JL. ASAM RAYA KOTALON BATAH TIMUR Batah Timur Kec. Kwanyar Kab. Bangkalan Prov. Jawa Timur,Kab. Bangkalan,,Jawa Timur
10403694,SMAN 1 GUNUNG TOAR,https://sekolah.data.kemdikbud.go.id/index.php/Chome/profil/4A485C20-996B-4E21-8743-4F32B552F0B4,JL. Jendral Sudirman NO 99 Petapahan Petapahan Kec. Gunung Toar Kab. Kuantan Singingi Prov. Riau,Kab. Kuantan Singingi,,Riau
60301696,SMAN 6 SKOUW JAYAPURA,https://sekolah.data.kemdikbud.go.id/index.php/Chome/profil/1270D170-C7D8-4E04-879E-4F338E22AC54,"JL. RAYA PERBATASAN RI-PNG, KAMPUNG SKOU... Skow Mabo Kec. Muara Tami Kota Jayapura Prov. Papua",,Kota Jayapura,Papua
10807038,SMAS PANGUDI LUHUR,https://sekolah.data.kemdikbud.go.id/index.php/Chome/profil/5316031D-3FD7-4DAD-8B70-4F34CD95AC62,JL. RATU DIBALAU NO. 176 Tanjung Senang Kec. Tanjung Senang Kota Bandar Lampung Prov. Lampung,,Kota Bandar Lampung,Lampung
69968912,SMA IT AL - FARABI,https://sekolah.data.kemdikbud.go.id/index.php/Chome/profil/4CFAF949-6AFC-4BDD-8BDF-4F3BB3DAE04C,Jln. Branti Raya Halangan Ratu Kec. Negeri Katon Kab. Pesawaran Prov. Lampung,Kab. Pesawaran,,Lampung
10810741,SMAS MIFTAHUL ULUM,https://sekolah.data.kemdikbud.go.id/index.php/Chome/profil/8A43238E-43DA-4108-9125-4F3BFABD3CEF,Jln. Pasar Mahabang Mahabang Kec. Dente Teladas Kab. Tulang Bawang Prov. Lampung,Kab. Tulang Bawang,,Lampung
10610049,SMA BSI PALEMBANG,https://sekolah.data.kemdikbud.go.id/index.php/Chome/profil/DD080328-B635-4863-A890-4F3CA0E1FFBC,JL. HM RYACUDU NO 24 8 Ulu Kec. Seberang Ulu I Kota Palembang Prov. Sumatera Selatan,,Kota Palembang,Sumatera Selatan
20212958,SMA NEGERI 1 MANDIRANCAN,https://sekolah.data.kemdikbud.go.id/index.php/Chome/profil/CEE855AD-4E9D-40DE-977A-4F3D124C4A8A,JL. Siliwangi No. 1A Mandirancan Kec. Mandirancan Kab. Kuningan Prov. Jawa Barat,Kab. Kuningan,,Jawa Barat
69954764,SMA IT DAARUL HAMDI,https://sekolah.data.kemdikbud.go.id/index.php/Chome/profil/D1985586-45E5-4134-AE16-4F3EA1043845,Dusun Way Andak Sukadana Tengah SUKADANA TENGAH Kec. Sukadana Kab. Lampung Timur Prov. Lampung,Kab. Lampung Timur,,Lampung
10303467,SMAS DON BOSCO,https://sekolah.data.kemdikbud.go.id/index.php/Chome/profil/5AE61E0A-4635-47EC-A22C-4F3FCD2D795D,JL. KHAIRIL ANWAR NO 8 Belakang Tangsi Kec. Padang Barat Kota Padang Prov. Sumatera Barat,,Kota Padang,Sumatera Barat
50100389,SMA Negeri 1 Busungbiu,https://sekolah.data.kemdikbud.go.id/index.php/Chome/profil/A529610D-B6C4-4711-A1F0-4F40C690F404,JL. AMERTA NO. XX Busungbiu Kec. Busungbiu Kab. Buleleng Prov. Bali,Kab. Buleleng,,Bali
10104274,SMA NEGERI 1 KARANG BARU,https://sekolah.data.kemdikbud.go.id/index.php/Chome/profil/1ED91F80-213C-42CD-8A22-4F4256EC31FB,JL. DESA MEDANG ARA Medang Ara Kec. Karang Baru Kab. Aceh Tamiang Prov. Aceh,Kab. Aceh Tamiang,,Aceh
20503417,SMA YPM 3 SUMOBITO,https://sekolah.data.kemdikbud.go.id/index.php/Chome/profil/63BB3762-9AF5-4806-BEC3-4F4444C1DF32,Jl. Kauman 19 Sumobito Jombang Sumobito Kec. Sumobito Kab. Jombang Prov. Jawa Timur,Kab. Jombang,,Jawa Timur
40405054,SMAN 19 KONAWE SELATAN,https://sekolah.data.kemdikbud.go.id/index.php/Chome/profil/0E7CEF4D-832A-4F30-BA72-4F45DAD8330F,JL. TENGGIRI NO. 1 MOOLO INDAH Kec. Tinanggea Kab. Konawe Selatan Prov. Sulawesi Tenggara,Kab. Konawe Selatan,,Sulawesi Tenggara
20607867,SMAN 1 CILOGRANG,https://sekolah.data.kemdikbud.go.id/index.php/Chome/profil/489E52FC-6250-47CF-90CB-4F463E38BA04,JL. BAYAH CIBARENO KM. 25 CILOGRANG Gunungbatu Kec. Cilograng Kab. Lebak Prov. Banten,Kab. Lebak,,Banten
60402040,SMAS MUHAMMADIYAH AL-AMIN,https://sekolah.data.kemdikbud.go.id/index.php/Chome/profil/13D1DC7E-A6FD-4646-8DC3-4F486E81923C,JL Sungai Remu Kelurahan Klabulu Kec. Malaimsimsa Kota Sorong Prov. Papua Barat Daya,,Kota Sorong,Papua Barat Daya
70024112,SMA Swasta IT Al Ahmad Batubara,https://sekolah.data.kemdikbud.go.id/index.php/Chome/profil/D8E8C05B-BCFB-4601-8102-4F4F4BD492B2,Jl. Dusun Sono Tengah Bandar Sono Kec. Nibung Hangus Kab. Batu Bara Prov. Sumatera Utara,Kab. Batu Bara,,Sumatera Utara
20310419,SMA NEGERI 1 WERU,https://sekolah.data.kemdikbud.go.id/index.php/Chome/profil/B5E1F708-31DD-42A9-80DD-4F5205819581,"KARANGTENGAH, WERU, SUKOHARJO Karangtengah Kec. Weru Kab. Sukoharjo Prov. Jawa Tengah",Kab. Sukoharjo,,Jawa Tengah
70049470,SMA MATAHARI,https://sekolah.data.kemdikbud.go.id/index.php/Chome/profil/FF51D2A2-E034-4B55-8195-4F528A2E5E76,Dusun Mangempang Moncongloe Kec. Moncongloe Kab. Maros Prov. Sulawesi Selatan,Kab. Maros,,Sulawesi Selatan
10108099,SMA NEGERI 1 NISAM ANTARA,https://sekolah.data.kemdikbud.go.id/index.php/Chome/profil/E6EAE232-E70B-40EB-B133-4F53ADCDD8A8,JL. ALUE DUA - BLANG RIMEH Alue Dua Kec. Nisam Antara Kab. Aceh Utara Prov. Aceh,Kab. Aceh Utara,,Aceh
10404007,SMAS BUDI LUHUR,https://sekolah.data.kemdikbud.go.id/index.php/Chome/profil/AEC48885-1523-409D-950C-4F5627FA9FCC,JL.PAUS LIMBUNGAN BARU Limbungan Baru Kec. Rumbai Kota Pekanbaru Prov. Riau,,Kota Pekanbaru,Riau
60724708,SMA Negeri 14 Kepulauan Tanimbar,https://sekolah.data.kemdikbud.go.id/index.php/Chome/profil/07ACC96B-C7A0-48D7-8FAA-4F59003E8F8E,ADODO MOLU ADODO MOLU Kec. Molu Maru Kab. Kepulauan Tanimbar Prov. Maluku,Kab. Kepulauan Tanimbar,,Maluku
50200380,SMAN 1 NARMADA,https://sekolah.data.kemdikbud.go.id/index.php/Chome/profil/4971DE90-7B1A-407A-8A49-4F5C0E979A56,JL.SURANADI NO.51 Nyur Lembang Kec. Narmada Kab. Lombok Barat Prov. Nusa Tenggara Barat,Kab. Lombok Barat,,Nusa Tenggara Barat
40302661,SMAN 4 BONE,https://sekolah.data.kemdikbud.go.id/index.php/Chome/profil/98476D12-4F16-41D3-BC44-4F67D296EAFB,Jln. Jend. Ahmad Yani Pompanua Pompanua Kec. Ajangale Kab. Bone Prov. Sulawesi Selatan,Kab. Bone,,Sulawesi Selatan
70046328,SMAS ISLAM AL-AMIN SEMOYANG,https://sekolah.data.kemdikbud.go.id/index.php/Chome/profil/0D33C6DB-ED29-42F7-A6F4-4F6DB88A7EFC,Jln. Tibu Lepang Semoyang Kec. Praya Timur Kab. Lombok Tengah Prov. Nusa Tenggara Barat,Kab. Lombok Tengah,,Nusa Tenggara Barat
60301371,SMA YASUKA ANSUS,https://sekolah.data.kemdikbud.go.id/index.php/Chome/profil/23DEF523-ED16-4396-956F-4F7088C177FE,JL. Unemi Ansus Inowa Kec. Yapen Barat Kab. Kepulauan Yapen Prov. Papua,Kab. Kepulauan Yapen,,Papua
69862660,SMA AL-FATH,https://sekolah.data.kemdikbud.go.id/index.php/Chome/profil/03459F4B-E0C6-4F0B-A222-4F71CF0BB81C,Jl. Sunan Ampel Link. Kubang Menyawak Rt... Warnasari Kec. Citangkil Kota Cilegon Prov. Banten,,Kota Cilegon,Banten
10643845,SMA JAMIYAH ISLAMIYAH,https://sekolah.data.kemdikbud.go.id/index.php/Chome/profil/C00C78C7-358F-4144-A4A3-4F761F258764,JL. MERDEKA NO.28 TG. PINANG Tanjung Pinang Ii Kec. Tanjung Batu Kab. Ogan Ilir Prov. Sumatera Selatan,Kab. Ogan Ilir,,Sumatera Selatan
10259034,SMA NEGERI 2 GUNUNGSITOLI,https://sekolah.data.kemdikbud.go.id/index.php/Chome/profil/3AA5E267-DFB2-45D6-A168-4F78A03E8799,"JL.ARAH AWAI KM.8,5 GUNUNG SITOLI BAWODESOLO Kec. Gunungsitoli Kota Gunungsitoli Prov. Sumatera Utara",,Kota Gunungsitoli,Sumatera Utara
10810802,SMAS MIF ULUM SEPUTIH SURABAYA,https://sekolah.data.kemdikbud.go.id/index.php/Chome/profil/C41D2434-A65A-4CA2-B305-4F7A2BD0E44D,JL. KY. HASYIM ASYARI Mataram Ilir Kec. Seputih Surabaya Kab. Lampung Tengah Prov. Lampung,Kab. Lampung Tengah,,Lampung
10700298,SMA NEGERI 5 BENGKULU UTARA,https://sekolah.data.kemdikbud.go.id/index.php/Chome/profil/3BB1F623-4B53-4320-A89C-4F7D8A6C9F7F,JALAN BUKIT INDAH NO.01 Pasar Ketahun Kec. Ketahun Kab. Bengkulu Utara Prov. Bengkulu,Kab. Bengkulu Utara,,Bengkulu
69956644,SMA OLAHRAGA PEMBANGUNAN JAYA RAYA,https://sekolah.data.kemdikbud.go.id/index.php/Chome/profil/32093F2D-F129-4362-BDD4-4F7F510939D1,CBD Sawah Baru Blok B7/P-03 A Kel. Sawah... Sawah Kec. Ciputat Kota Tangerang Selatan Prov. Banten,,Kota Tangerang Selatan,Banten
10402077,SMAN 1 GAUNG ANAK SERKA,https://sekolah.data.kemdikbud.go.id/index.php/Chome/profil/DB18E1FF-12E4-4C2E-80FF-4F8587996D35,JL. MERDEKA TIMUR NO.90 TELUK PINANG Teluk Pinang Kec. Gaung Anak Serka Kab. Indragiri Hilir Prov. Riau,Kab. Indragiri Hilir,,Riau
69986952,SMA NEGERI 2 AMPANA KOTA,https://sekolah.data.kemdikbud.go.id/index.php/Chome/profil/C1278979-DAD3-41F2-BD6A-4F8861AFABBE,Jl. Delima DONDO BARAT Kec. Ampana Kota Kab. Tojo Una Una Prov. Sulawesi Tengah,Kab. Tojo Una Una,,Sulawesi Tengah
20227813,SMA AL AMANAH CIWIDEY,https://sekolah.data.kemdikbud.go.id/index.php/Chome/profil/5A24A9AB-5086-4AF5-B40A-4F896DF778FC,JL.KOMPLEK MASJID BESAR CIWIDEY Ciwidey Kec. Ciwidey Kab. Bandung Prov. Jawa Barat,Kab. Bandung,,Jawa Barat
20505055,SMAS MAARIF 45 PLUMPANG,https://sekolah.data.kemdikbud.go.id/index.php/Chome/profil/ACFFA740-0857-43EA-9B2A-4F8A0FB895CD,Jl. Masjid No. 07 Plumpang Plumpang Kec. Plumpang Kab. Tuban Prov. Jawa Timur,Kab. Tuban,,Jawa Timur
30200794,SMAN 1 DUSUN HILIR,https://sekolah.data.kemdikbud.go.id/index.php/Chome/profil/FCA2BF8A-CE31-46B1-8E6B-4F8AECEF3F00,JL. KELURAHAN NO. 29 Mengkatip Kec. Dusun Hilir Kab. Barito Selatan Prov. Kalimantan Tengah,Kab. Barito Selatan,,Kalimantan Tengah
30200728,SMAS PGRI BUNTOK,https://sekolah.data.kemdikbud.go.id/index.php/Chome/profil/BFB7E1E8-030C-4276-B018-4F8DBDBA89F1,JL. PELITA IV BUNTOK Hilir Sper Kec. Dusun Selatan Kab. Barito Selatan Prov. Kalimantan Tengah,Kab. Barito Selatan,,Kalimantan Tengah
69946702,SMA Negeri 2 Kluet Timur,https://sekolah.data.kemdikbud.go.id/index.php/Chome/profil/D586A96A-19CF-4A5B-8CF6-4F9672D86676,"Jl. Pendidikan, Gampong Pucuk Lembang, K... Pucuk Lembang Kec. Kluet Timur Kab. Aceh Selatan Prov. Aceh",Kab. Aceh Selatan,,Aceh
10302009,SMAN 1 BAYANG,https://sekolah.data.kemdikbud.go.id/index.php/Chome/profil/71383E25-18FC-4A79-802E-4F97F120BD79,JL. RANAH PANJANG Koto Barapak Kec. Bayang Kab. Pesisir Selatan Prov. Sumatera Barat,Kab. Pesisir Selatan,,Sumatera Barat
30407801,SMAN 9 BERAU,https://sekolah.data.kemdikbud.go.id/index.php/Chome/profil/68A42788-50C2-44ED-AF16-4F9E7747452F,JL. RAYA PAYUNG - PAYUNG Maratua Payung-Payung Kec. Pulau Maratua Kab. Berau Prov. Kalimantan Timur,Kab. Berau,,Kalimantan Timur
20510142,SMAS BAKTI PONOROGO,https://sekolah.data.kemdikbud.go.id/index.php/Chome/profil/5371A879-C485-4DD4-B258-4FA288D727FE,JL. BOTOROKATONG Nologaten Kec. Ponorogo Kab. Ponorogo Prov. Jawa Timur,Kab. Ponorogo,,Jawa Timur
20227861,SMA MUHAMMADIYAH 3 CIPARAY,https://sekolah.data.kemdikbud.go.id/index.php/Chome/profil/B0CCCF91-0DEA-458B-AF4C-4FA4E31F1136,JL.RAYA LASWI NO.597 CIPARAY Serangmekar Kec. Ciparay Kab. Bandung Prov. Jawa Barat,Kab. Bandung,,Jawa Barat
69775747,SMA NEGERI 3 SIMEULUE TENGAH,https://sekolah.data.kemdikbud.go.id/index.php/Chome/profil/3CB7607E-1878-4469-8465-4FA8F70594FD,Jln. Tgk. Diujung Kec. Simeulue Tengah K... Lambaya Kec. Simeulue Tengah Kab. Simeulue Prov. Aceh,Kab. Simeulue,,Aceh
30101088,SMAN 1 TOHO,https://sekolah.data.kemdikbud.go.id/index.php/Chome/profil/6C18A4D9-2773-4EC0-993F-4FA9C8479E09,Jln. Raya Toho KM. 74 Pak Laheng Kec. Toho Kab. Mempawah Prov. Kalimantan Barat,Kab. Mempawah,,Kalimantan Barat
20102230,SMAN 108 JAKARTA,https://sekolah.data.kemdikbud.go.id/index.php/Chome/profil/16AAA975-7041-453F-B9B7-4FAF8EFCC2CB,Jl. Kesadaran Ulujami Raya Rt.06/Rw.01 Pesanggrahan Kec. Pesanggrahan Kota Adm. Jakarta Selatan Prov. D.K.I. Jakarta,,Kota Adm. Jakarta Selatan,D.K.I. Jakarta
20256637,SMA AL-QONAAH BALEENDAH,https://sekolah.data.kemdikbud.go.id/index.php/Chome/profil/1D78E156-3A2B-4DC1-9A0C-4FB2BB1BAC37,Jl. Babakan Irigasi RT. 004 RW. 001 Jelekong Kec. Baleendah Kab. Bandung Prov. Jawa Barat,Kab. Bandung,,Jawa Barat
20232304,SMAS AL BASYARIAH,https://sekolah.data.kemdikbud.go.id/index.php/Chome/profil/7F4C60BC-7B9F-4860-A51D-4FB4E797D446,JL. RAYA PABUARAN GG. LANGGAR DS. RAWA P... Rawa Panjang Kec. Bojong Gede Kab. Bogor Prov. Jawa Barat,Kab. Bogor,,Jawa Barat
69944311,SMA KUMNAMU,https://sekolah.data.kemdikbud.go.id/index.php/Chome/profil/997BB620-C4D0-4838-B678-4FB770F2796A,Jln Palem Raja III No 6 Panunggangan Bar... Panunggangan Barat Kec. Cibodas Kota Tangerang Prov. Banten,,Kota Tangerang,Banten
60301889,SMA Advent Nabire,https://sekolah.data.kemdikbud.go.id/index.php/Chome/profil/EE9E1558-8BD5-4D87-A701-4FB9D39C3F92,Jl. Kusuma bangsa Nabarua Kec. Nabire Kab. Nabire Prov. Papua Tengah,Kab. Nabire,,Papua Tengah
70054874,SMA AN NAHL ISLAMIC SCHOOL,https://sekolah.data.kemdikbud.go.id/index.php/Chome/profil/7EE44109-A970-4D37-B899-4FBE03675C3D,Jl. Raya Ciangsana KM. 7 Ciangsana Kec. Gunungputri Kab. Bogor Prov. Jawa Barat,Kab. Bogor,,Jawa Barat
40100323,SMA NEGERI 2 KOTAMOBAGU,https://sekolah.data.kemdikbud.go.id/index.php/Chome/profil/0AD4CBC2-382C-4200-B208-4FBF3D700C28,JL. AMAL NO 39 KOTAMOBAGU Mogolaing Kec. Kotamobagu Barat Kota Kotamobagu Prov. Sulawesi Utara,,Kota Kotamobagu,Sulawesi Utara
70025125,SMA IT Dayah Mulia,https://sekolah.data.kemdikbud.go.id/index.php/Chome/profil/60E08EA3-E7EA-48B1-91CA-4FC0B005A8EF,Gampong Teupin Batee Teupin Batee Kec. Blang Bintang Kab. Aceh Besar Prov. Aceh,Kab. Aceh Besar,,Aceh
20214988,SMAN 1 WALED,https://sekolah.data.kemdikbud.go.id/index.php/Chome/profil/DFB94915-964E-4269-8D8D-4FC23ABCBC85,JL. RAYA DEWI SARTIKA Waled Kota Kec. Waled Kab. Cirebon Prov. Jawa Barat,Kab. Cirebon,,Jawa Barat
60400346,SMAS YPK 2,https://sekolah.data.kemdikbud.go.id/index.php/Chome/profil/2C5CBF23-E4B4-43A2-811E-4FC3EB307B6B,JL. CENDRAWASIH REMU UTARA KLAWUMUK Kec. Sorong Kota Sorong Prov. Papua Barat Daya,,Kota Sorong,Papua Barat Daya
69966097,SMA KHOLILURROHMAN,https://sekolah.data.kemdikbud.go.id/index.php/Chome/profil/F0C4092C-D803-4312-BC81-4FC406AF0C1D,Jl. Kembang Putih Genteng Kec. Konang Kab. Bangkalan Prov. Jawa Timur,Kab. Bangkalan,,Jawa Timur
69963051,SMA IQRO AMAHOLU,https://sekolah.data.kemdikbud.go.id/index.php/Chome/profil/6BD165DF-EBEA-467F-B19E-4FC88A155473,"Jl. Pendidikan Pattimura, Dusun Amaholu Desa Luhu Kec. Huamual Kab. Seram Bagian Barat Prov. Maluku",Kab. Seram Bagian Barat,,Maluku
20247169,SMAS TERPADU DARUL AMAL,https://sekolah.data.kemdikbud.go.id/index.php/Chome/profil/B8DEF89E-B7AC-4060-9658-4FD18C6852E0,JL. CIKASO-CINAGEN KP.SELAJATI RT 02/01 Bojong Genteng Kec. Jampang Kulon Kab. Sukabumi Prov. Jawa Barat,Kab. Sukabumi,,Jawa Barat
69787070,SMAS TERPADU DARUL MUTTAQIN,https://sekolah.data.kemdikbud.go.id/index.php/Chome/profil/3842D508-2F33-41B4-A3B5-4FD54146583A,Jln. Lhok Seutuy - Krueng Lingka Lhok Seutui Kec. Baktiya Kab. Aceh Utara Prov. Aceh,Kab. Aceh Utara,,Aceh
50304405,SMAN 1 NUBATUKAN,https://sekolah.data.kemdikbud.go.id/index.php/Chome/profil/2C5ED04C-6E58-4716-8075-4FD55B11848A,LEWOLEBA LEWOLEBA SELATAN Kec. Nubatukan Kab. Lembata Prov. Nusa Tenggara Timur,Kab. Lembata,,Nusa Tenggara Timur
10202772,SMA SWASTA TELADAN BANGUN,https://sekolah.data.kemdikbud.go.id/index.php/Chome/profil/B998DCEB-1AE1-4606-A1AA-4FD67674424E,JL. ASAHAN KM. 17 BANGUN Bangun Kec. Gunung Malela Kab. Simalungun Prov. Sumatera Utara,Kab. Simalungun,,Sumatera Utara
69765071,SMAN 1 BALANTAK SELATAN,https://sekolah.data.kemdikbud.go.id/index.php/Chome/profil/336AB068-D888-4309-821E-4FD8B60A9592,Jl. Laginda No. 1 Resarna Kec. Balantak Selatan Kab. Banggai Prov. Sulawesi Tengah,Kab. Banggai,,Sulawesi Tengah
40405284,SMAN 2 MAWASANGKA,https://sekolah.data.kemdikbud.go.id/index.php/Chome/profil/BA8BF2FD-B644-465A-B8DD-4FDA697009D3,JALAN POROS DESA NAPA - WASILOMATA NO.3 ... Napa Kec. Mawasangka Kab. Buton Tengah Prov. Sulawesi Tenggara,Kab. Buton Tengah,,Sulawesi Tenggara
10604544,SMAN 2 PRABUMULIH,https://sekolah.data.kemdikbud.go.id/index.php/Chome/profil/1FBC4614-1080-49D3-8D1D-4FDBA5172FE6,JL. BASUKI RAHMAT Tanjung Raman Kec. Prabumulih Selatan Kota Prabumulih Prov. Sumatera Selatan,,Kota Prabumulih,Sumatera Selatan
69900980,SMA Negeri 2 KAIMANA,https://sekolah.data.kemdikbud.go.id/index.php/Chome/profil/EF52C047-368C-4885-89AB-4FDCCF0CA837,JL. UTARUM AIR MERAH KAIMANA PAPUA BARAT K R O Y Kec. Kaimana Kab. Kaimana Prov. Papua Barat,Kab. Kaimana,,Papua Barat
10648296,SMA Negeri 1 Jayapura,https://sekolah.data.kemdikbud.go.id/index.php/Chome/profil/7016A6C3-7FAD-4690-BB65-4FDECFE9141C,JAYAPURA Bunga Mayang Kec. Jayapura Kab. Ogan Komering Ulu Timur Prov. Sumatera Selatan,Kab. Ogan Komering Ulu Timur,,Sumatera Selatan
70042240,SMA NEGERI 3 ROKAN IV KOTO,https://sekolah.data.kemdikbud.go.id/index.php/Chome/profil/899531A4-20AD-4933-A94E-4FE44077D338,Jl. Kabupaten Banjar Datar - Tandikat Cipang Kiri Hilir Kec. Rokan IV Koto Kab.  Rokan Hulu Prov. Riau,Kab.  Rokan Hulu,,Riau
20605364,SMAS PGRI 2 KOTA SERANG,https://sekolah.data.kemdikbud.go.id/index.php/Chome/profil/18D25A04-7035-4A60-86D7-4FF0DF127247,JL. KH FATAH HASAN 17/B SERANG Cipare Kec. Serang Kota Serang Prov. Banten,,Kota Serang,Banten
30314342,SMAN 2 PARINGIN,https://sekolah.data.kemdikbud.go.id/index.php/Chome/profil/BE75E84C-B766-4B5B-89A0-4FF13EF85709,JL. A. YANI KOMPLEK PENDIDIKAN TERPADU K... HARAPAN BARU Kec. Paringin Selatan Kab. Balangan Prov. Kalimantan Selatan,Kab. Balangan,,Kalimantan Selatan
70031768,SMA NEGERI 3 KAYAN HILIR,https://sekolah.data.kemdikbud.go.id/index.php/Chome/profil/8AF4AF88-DE2E-4AC6-B0BD-4FF8E432D4F4,JL. LINTAS SINTANG NANGA MAU Nanga Tikan Kec. Kayan Hilir Kab. Sintang Prov. Kalimantan Barat,Kab. Sintang,,Kalimantan Barat
40312010,SMAN 1 MAKASSAR,https://sekolah.data.kemdikbud.go.id/index.php/Chome/profil/0126D309-49CE-4FC7-BD3B-4FFA6972E12E,JL. GUNUNG BAWAKARAENG NO. 53 Gaddong Kec. Bontoala Kota Makassar Prov. Sulawesi Selatan,,Kota Makassar,Sulawesi Selatan
40503114,SMAN 1 PAGUYAMAN PANTAI,https://sekolah.data.kemdikbud.go.id/index.php/Chome/profil/DBAAB035-6A98-4140-A40C-4FFC127D84BC,JL. SISWA Limbatihu Kec. Paguyaman Pantai Kab. Boalemo Prov. Gorontalo,Kab. Boalemo,,Gorontalo
20616006,SMAS KUTABUMI,https://sekolah.data.kemdikbud.go.id/index.php/Chome/profil/EE186391-89EC-48A5-8E50-500A0B48A6A4,JL. RAYA CADAS KUKUN KM 2.5 KUTABARU KEC... Kuta Baru Kec. Pasar Kemis Kab. Tangerang Prov. Banten,Kab. Tangerang,,Banten
20339007,SMA MUHAMMADIYAH 1 PATI,https://sekolah.data.kemdikbud.go.id/index.php/Chome/profil/BE6D6D39-0862-4E1F-BB8C-500AA37B1371,JL. RAYA PATI - TAYU KM. 4 Tambaharjo Kec. Pati Kab. Pati Prov. Jawa Tengah,Kab. Pati,,Jawa Tengah
69879191,SMAN Saengga,https://sekolah.data.kemdikbud.go.id/index.php/Chome/profil/4CF132BD-1EBC-4D53-950B-500BE7246F5B,Saengga Simuri / Saengga Kec. Sumuri Kab. Teluk Bintuni Prov. Papua Barat,Kab. Teluk Bintuni,,Papua Barat
70035596,SMA Kristen Villa Taman Bandara,https://sekolah.data.kemdikbud.go.id/index.php/Chome/profil/475BE94E-8FB5-4B6F-8AD6-50186473C5F3,Jl. Perum Villa Taman Bandara Blok B 8 /... D A D A P Kec. Kosambi Kab. Tangerang Prov. Banten,Kab. Tangerang,,Banten
70002765,SMAN 17 BOMBANA,https://sekolah.data.kemdikbud.go.id/index.php/Chome/profil/3CBA89F3-C374-4C25-BAF0-5018D511579E,JALAN POROS LEMO BAMBAEA Lemo Kec. Poleang Tenggara Kab. Bombana Prov. Sulawesi Tenggara,Kab. Bombana,,Sulawesi Tenggara
50220503,SMAS AL MASYHUDIEN NW KAWO,https://sekolah.data.kemdikbud.go.id/index.php/Chome/profil/06A3F225-57EB-4F48-9DF6-502599F839C1,Jln.Pariwisata Bumi Gora Kawo Kec. Pujut Kab. Lombok Tengah Prov. Nusa Tenggara Barat,Kab. Lombok Tengah,,Nusa Tenggara Barat
69946658,SMAN 2 MORO O,https://sekolah.data.kemdikbud.go.id/index.php/Chome/profil/9FC1AAA5-0D13-4B24-9195-502D6F4DEED1,Jalan Ir. Soekarno No. 01 Sitolu Ewali Kec. Moro o Kab. Nias Barat Prov. Sumatera Utara,Kab. Nias Barat,,Sumatera Utara
20312170,SMAN MOJOGEDANG,https://sekolah.data.kemdikbud.go.id/index.php/Chome/profil/F13186E6-60D1-4736-A814-5032149B6032,JL. GROMPOL JAMBANGAN Kedungjeruk Kec. Mojogedang Kab. Karanganyar Prov. Jawa Tengah,Kab. Karanganyar,,Jawa Tengah
50310684,SMAN 6 BORONG,https://sekolah.data.kemdikbud.go.id/index.php/Chome/profil/BF3D5DD4-A758-4F03-B425-503DAB465DB8,PUNTU Torok Golo Kec. Rana Mese Kab. Manggarai Timur Prov. Nusa Tenggara Timur,Kab. Manggarai Timur,,Nusa Tenggara Timur
20520816,SMAS KRISTEN YBPK TEMPURSARI,https://sekolah.data.kemdikbud.go.id/index.php/Chome/profil/47CEC8A7-1DA0-4059-B6D9-50402C82F89E,JL. GEREJA NO. 42 TEMPURSARI Tempursari Kec. Tempursari Kab. Lumajang Prov. Jawa Timur,Kab. Lumajang,,Jawa Timur
20613519,SMAN 22 KABUPATEN TANGERANG,https://sekolah.data.kemdikbud.go.id/index.php/Chome/profil/6195D864-C569-47C3-8C51-50423767786D,JL. Bumi Puspiptek Asri Sektor I Pagedangan Kec. Pagedangan Kab. Tangerang Prov. Banten,Kab. Tangerang,,Banten
20520821,SMAN 1 LUMAJANG,https://sekolah.data.kemdikbud.go.id/index.php/Chome/profil/78B0279A-69D8-4153-9ECB-50456A17E0B3,JL. JEND. A. YANI NO. 7 LUMAJANG Kepuharjo Kec. Lumajang Kab. Lumajang Prov. Jawa Timur,Kab. Lumajang,,Jawa Timur
69726059,SMAN 3 SATAR MESE,https://sekolah.data.kemdikbud.go.id/index.php/Chome/profil/0156B8D8-CAD1-4C6B-A274-5048917A928A,"PONGKOR, DESA PONGKOR KECAMATAN SATAR ME... PONGKOR Kec. Satarmese Kab. Manggarai Prov. Nusa Tenggara Timur",Kab. Manggarai,,Nusa Tenggara Timur
10814713,SMA NEGERI 1 DENTE TELADAS,https://sekolah.data.kemdikbud.go.id/index.php/Chome/profil/7E6E02C2-0A88-4BE7-A88F-5048CC1FD092,Jalan Poros Kampung Way Dente WAY DENTE Kec. Dente Teladas Kab. Tulang Bawang Prov. Lampung,Kab. Tulang Bawang,,Lampung
20603347,SMAS KATOLIK RICCI II,https://sekolah.data.kemdikbud.go.id/index.php/Chome/profil/D4A7D8A3-B6BB-4705-BC7F-504B60ED6EDD,JL.UTAMA II NO.1-2 Pondok Karya Kec. Pondok Aren Kota Tangerang Selatan Prov. Banten,,Kota Tangerang Selatan,Banten
70049881,SMA NEGERI SEREMUK,https://sekolah.data.kemdikbud.go.id/index.php/Chome/profil/08D1F1AA-842F-4584-B039-504ECD67847F,Kampung Haha Distrik Seremuk Haha Kec. Seremuk Kab. Sorong Selatan Prov. Papua Barat Daya,Kab. Sorong Selatan,,Papua Barat Daya
10601959,SMAN RUPIT (B),https://sekolah.data.kemdikbud.go.id/index.php/Chome/profil/43197873-76FB-4132-A888-505701830050,JL. DEPATI KECIK NO. 404 MUARA RUPIT Kec. Rupit Kab. Musi Rawas Utara Prov. Sumatera Selatan,Kab. Musi Rawas Utara,,Sumatera Selatan
70047627,SMA Negeri 9 Padangsidimpuan,https://sekolah.data.kemdikbud.go.id/index.php/Chome/profil/BDB72C67-26E6-411D-8814-5062543B588A,Desa Joring Natobang Joring Natobang Kec. Angkola Julu Kota Padang Sidempuan Prov. Sumatera Utara,,Kota Padang Sidempuan,Sumatera Utara
70055505,Sekolah Rakyat Menengah Atas Terintegrasi 22 Polewali Mandar,https://sekolah.data.kemdikbud.go.id/index.php/Chome/profil/FCC47A6A-3A4F-4D35-BC17-506D68A9D8B1,Jl. Poros Rea Km 4 Kecamatan Binuang Kab... Binuang Kec. Binuang Kab. Tapin Prov. Kalimantan Selatan,Kab. Tapin,,Kalimantan Selatan
20219312,SMAN 4 BANDUNG,https://sekolah.data.kemdikbud.go.id/index.php/Chome/profil/1405D8D7-BB36-4BC4-8507-506F9FFF0489,JL. GARDUJATI NO. 20 Kebon Jeruk Kec. Andir Kota Bandung Prov. Jawa Barat,,Kota Bandung,Jawa Barat
40206563,SMAN 1 SOYO JAYA,https://sekolah.data.kemdikbud.go.id/index.php/Chome/profil/00450D9D-948A-4D8F-BA85-5070C94DFEE4,LEMBAH SUMARA Lembah Sumara Kec. Soyo Jaya Kab. Morowali Utara Prov. Sulawesi Tengah,Kab. Morowali Utara,,Sulawesi Tengah
30404227,SMAS MUHAMADIYAH TANJUNG REDEB,https://sekolah.data.kemdikbud.go.id/index.php/Chome/profil/DC1089CA-916E-4367-A9DD-507461868B66,JL. JENDERAL SUDIRMAN Bugis Kec. Tanjung Redeb Kab. Berau Prov. Kalimantan Timur,Kab. Berau,,Kalimantan Timur
69822733,SMA NEGERI 2 PANDIH BATU,https://sekolah.data.kemdikbud.go.id/index.php/Chome/profil/B9F59636-46BB-4D6F-B5C3-507CFF8F903D,"Cut Nyak Dhien, Desa Belanti Siam, Kec. ... Belanti Siam Kec. Pandih Batu Kab. Pulang Pisau Prov. Kalimantan Tengah",Kab. Pulang Pisau,,Kalimantan Tengah
20330035,SMA MUHAMMADIYAH RANDUBLATUNG,https://sekolah.data.kemdikbud.go.id/index.php/Chome/profil/A3DAA72D-7D44-49EF-9BB9-508540203D85,JL MENDEN KM 1 RANDUBLATUNG Pilang Kec. Randublatung Kab. Blora Prov. Jawa Tengah,Kab. Blora,,Jawa Tengah
69864676,SMA NEGERI 1 PENANGGALAN,https://sekolah.data.kemdikbud.go.id/index.php/Chome/profil/A6DA8540-5892-48B2-8E51-5088DAEB1042,Jln. Lae Raso Sikelang Kec. Penanggalan Kota Subulussalam Prov. Aceh,,Kota Subulussalam,Aceh
40601852,UPTD SMAN 1 BAMBALAMUTU,https://sekolah.data.kemdikbud.go.id/index.php/Chome/profil/2171AF0D-3CC2-44DE-9676-508BA68C59EB,JL. SAWI BAMBALAMOTU Bambalamotu Kec. Bambalamutu Kab. Pasangkayu Prov. Sulawesi Barat,Kab. Pasangkayu,,Sulawesi Barat
10404970,SMAN 2 TUALANG,https://sekolah.data.kemdikbud.go.id/index.php/Chome/profil/E2C45FC0-35E9-4043-A4B1-50901013E719,JL.WAJA WANGSA Tualang Kec. Tualang Kab. Siak Prov. Riau,Kab. Siak,,Riau
30202576,SMAN - 1 PANTAI LUNCI,https://sekolah.data.kemdikbud.go.id/index.php/Chome/profil/325F2979-1078-4F24-A4E5-50984D0FE582,JL. PEMBANGUNAN Sungai Cabang Barat Kec. Pantai Lunci Kab. Sukamara Prov. Kalimantan Tengah,Kab. Sukamara,,Kalimantan Tengah
70055456,Sekolah Rakyat Menengah Atas 42 Sarmi,https://sekolah.data.kemdikbud.go.id/index.php/Chome/profil/2548381C-32F2-4868-B0A5-509CB0A894F6,"Jl. Baru Petam, Kasukwe, Distrik Sarmi S... Kasukwe Kec. Sarmi Selatan Kab. Sarmi Prov. Papua",Kab. Sarmi,,Papua
20102219,SMAN 109 JAKARTA,https://sekolah.data.kemdikbud.go.id/index.php/Chome/profil/E98C921B-8736-4AB0-9E8E-509E5A140B0E,Jl. Gardu No. 31 Srengseng Sawah Kec. Jagakarsa Kota Adm. Jakarta Selatan Prov. D.K.I. Jakarta,,Kota Adm. Jakarta Selatan,D.K.I. Jakarta
69830123,SMA AL MIFTAH 4,https://sekolah.data.kemdikbud.go.id/index.php/Chome/profil/94DBBCBE-4D6E-4295-9BA1-50AB0D6ADDAF,Bulu Tengah Ds Campor Kec Proppo Campor Kec. Proppo Kab. Pamekasan Prov. Jawa Timur,Kab. Pamekasan,,Jawa Timur
70051632,SMA SURIA HARAPAN SCHOOL,https://sekolah.data.kemdikbud.go.id/index.php/Chome/profil/3B999EBC-751E-4875-8F04-50ADA868A82C,Jl. Hayam Wuruk Nomor 171 RT. 010 Talang Jauh Kec. Jelutung Kota Jambi Prov. Jambi,,Kota Jambi,Jambi
69982493,SMA HOHIDIAI,https://sekolah.data.kemdikbud.go.id/index.php/Chome/profil/14E3E657-7390-44E8-A67C-50AE914C6859,Jln. Raya Bido Bido Kec. Morotai Utara Kab. Pulau Morotai Prov. Maluku Utara,Kab. Pulau Morotai,,Maluku Utara
70011551,SMAIT BINA PEKERTI,https://sekolah.data.kemdikbud.go.id/index.php/Chome/profil/CD76C042-F49B-4094-BBB9-50AEE966CE4E,"Jl. Raya Leungsir, Kp. Rancagede RT.005 ... Munjul Kec. Solear Kab. Tangerang Prov. Banten",Kab. Tangerang,,Banten
10403241,SMAN 1 BANGKO,https://sekolah.data.kemdikbud.go.id/index.php/Chome/profil/887F5A20-0478-4038-B254-50B56F06C56A,JL. GEDUNG NASIONAL Bagan Barat Kec. Bangko Kab.  Rokan Hilir Prov. Riau,Kab.  Rokan Hilir,,Riau
20227823,SMA ASY-SYUJAIYYAH CIWIDEY,https://sekolah.data.kemdikbud.go.id/index.php/Chome/profil/EE016347-13E4-44AC-A1D2-50B6B01436E6,JL. CIWIDEY - SUKAWENING KM. 04 Sukawening Kec. Ciwidey Kab. Bandung Prov. Jawa Barat,Kab. Bandung,,Jawa Barat
10101189,SMA NEGERI 1 TANAH PASIR,https://sekolah.data.kemdikbud.go.id/index.php/Chome/profil/A56EA47B-E364-4399-9004-50B707614D58,JL. CUT NYAK ASIAH DESA KEUTAPANG Keutapang Kec. Tanah Pasir Kab. Aceh Utara Prov. Aceh,Kab. Aceh Utara,,Aceh
30405322,SMA NURUL YAQIN SEBULU,https://sekolah.data.kemdikbud.go.id/index.php/Chome/profil/20AFCED4-361E-40A0-B5B3-50BAD2312B52,JL. KARYAWAN RT.1 NO.01 Senoni Kec. Sebulu Kab. Kutai Kartanegara Prov. Kalimantan Timur,Kab. Kutai Kartanegara,,Kalimantan Timur
10807028,SMAS BUDAYA,https://sekolah.data.kemdikbud.go.id/index.php/Chome/profil/19C6C8AC-434F-456E-981B-50BBC3B1D4B9,JL.PENDIDIKAN NO.32 Sumber Rejo Kec. Kemiling Kota Bandar Lampung Prov. Lampung,,Kota Bandar Lampung,Lampung
20213895,SMAN 1 LIGUNG,https://sekolah.data.kemdikbud.go.id/index.php/Chome/profil/5BBBD328-0545-4FFC-90D5-50BC1F564451,JL. RAYA BARAT LIGUNG Ligung Kec. Ligung Kab. Majalengka Prov. Jawa Barat,Kab. Majalengka,,Jawa Barat
10104547,SMA NEGERI SERIBU BUKIT,https://sekolah.data.kemdikbud.go.id/index.php/Chome/profil/242B3FC2-A336-4691-8691-50C38CCCF298,JL. KUTAPANJANG-BLANGPEGAYON Cinta Maju Kec. Blang Pegayon Kab. Gayo Lues Prov. Aceh,Kab. Gayo Lues,,Aceh
20328867,SMA NEGERI 1 SEMARANG,https://sekolah.data.kemdikbud.go.id/index.php/Chome/profil/DDB5802F-54CD-48C8-8E8F-50C3EEF902B7,Jl. Taman Menteri Supeno No. 1 Mugassari Kec. Semarang Selatan Kota Semarang Prov. Jawa Tengah,,Kota Semarang,Jawa Tengah
10113429,SMA NEGERI 3 INDRAPURI,https://sekolah.data.kemdikbud.go.id/index.php/Chome/profil/7EEE16E0-B7DA-4DCD-A5B5-50C47C61AA62,Jln. Sultan Alaidin Mahmudsyah Km.2  Jru... Jruek Bak Kreh Kec. Indrapuri Kab. Aceh Besar Prov. Aceh,Kab. Aceh Besar,,Aceh
10209414,SMAS MELATI,https://sekolah.data.kemdikbud.go.id/index.php/Chome/profil/507098AC-E0E5-4C95-AD6D-50D3560163B3,JL. ISTANA DESA KOTA GALUH PERBAUNGAN Kota Galuh Kec. Perbaungan Kab. Serdang Bedagai Prov. Sumatera Utara,Kab. Serdang Bedagai,,Sumatera Utara
20212953,SMA NEGERI 1 CIDAHU,https://sekolah.data.kemdikbud.go.id/index.php/Chome/profil/21081FF1-6FD4-40D8-B357-50D8D6142E09,JL. KERTAWINANGUN NO. 09 Cidahu Kec. Cidahu Kab. Kuningan Prov. Jawa Barat,Kab. Kuningan,,Jawa Barat
20533614,SMAS PGRI 6,https://sekolah.data.kemdikbud.go.id/index.php/Chome/profil/16EF67F8-9D61-4DE2-9DBD-50DB79B2EE2D,JL. S. SUPRIADI 48 Bandungrejosari Kec. Sukun Kota Malang Prov. Jawa Timur,,Kota Malang,Jawa Timur
50305402,SMA KATOLIK TARUNA VIDYA,https://sekolah.data.kemdikbud.go.id/index.php/Chome/profil/5CC81E86-4F37-428B-AADA-50DCDF5851B1,JL. ANGGREK Kel. Paupire Kec. Ende Tengah Kab. Ende Prov. Nusa Tenggara Timur,Kab. Ende,,Nusa Tenggara Timur
20340879,SMA JENDRAL AHMAD YANI KARANGPUCUNG,https://sekolah.data.kemdikbud.go.id/index.php/Chome/profil/F45D1497-1689-485B-999D-50E206D25B08,JL. RAYA KARANGPUCUNG Karangpucung Kec. Karangpucung Kab. Cilacap Prov. Jawa Tengah,Kab. Cilacap,,Jawa Tengah
10605600,SMAS PGRI BABAT TOMAN,https://sekolah.data.kemdikbud.go.id/index.php/Chome/profil/6E3F564A-84AF-4C9C-8B72-50E263B72EF8,Jl. Gotong Royong Lk. IV Kel. Babat Babat Kec. Babat Toman Kab. Musi Banyuasin Prov. Sumatera Selatan,Kab. Musi Banyuasin,,Sumatera Selatan
69991334,SMA TAHFIDZUL QURAN ISLAM TERPADU SAHABAT CENDIKIA,https://sekolah.data.kemdikbud.go.id/index.php/Chome/profil/37DBD034-C4D2-425E-9D25-50E54569BC6C,Jl. Lareh Muhammad Ali No. 03 Ujung Batung Kec. Pariaman Tengah Kota Pariaman Prov. Sumatera Barat,,Kota Pariaman,Sumatera Barat
10107931,SMA NEGERI 3 UNGGUL SIGLI,https://sekolah.data.kemdikbud.go.id/index.php/Chome/profil/D2A4A36A-9655-4EC2-BAF7-50E88FD99D41,Jln.Lingkar Blang Paseh - Sigli Lampeudeu Baroh Kec. Pidie Kab. Pidie Prov. Aceh,Kab. Pidie,,Aceh
20603312,SMAN 5 Kota Tangerang Selatan,https://sekolah.data.kemdikbud.go.id/index.php/Chome/profil/961E8830-F787-49DC-8605-50EC57E0E8C5,PURI BINTARO HIJAU BLOK F IV Pondok Aren Kec. Pondok Aren Kota Tangerang Selatan Prov. Banten,,Kota Tangerang Selatan,Banten
69822787,SMAN 1 SULAMU,https://sekolah.data.kemdikbud.go.id/index.php/Chome/profil/C0B1897D-D0F4-4AED-A5BC-50EF8A148F14,SULAMU Sulamu Kec. Sulamu Kab. Kupang Prov. Nusa Tenggara Timur,Kab. Kupang,,Nusa Tenggara Timur
30312217,SMAS ITP TARJUN,https://sekolah.data.kemdikbud.go.id/index.php/Chome/profil/FFF6926A-2CBF-4056-B87C-50F09815D900,JL.KOMPLEK ITP TARJUN  P12 Tarjun Kec. Kelumpang Hilir Kab. Kotabaru Prov. Kalimantan Selatan,Kab. Kotabaru,,Kalimantan Selatan
10700677,SMAS XAVERIUS CURUP,https://sekolah.data.kemdikbud.go.id/index.php/Chome/profil/D52C8522-A383-4FCA-80B6-50F0F7E58CD4,JL..D.I.PANJAITAN NO. 17 Jalan Baru Kec. Curup Kab. Rejang Lebong Prov. Bengkulu,Kab. Rejang Lebong,,Bengkulu
69899309,SMA SANTO YOSEPH TANAH MERAH,https://sekolah.data.kemdikbud.go.id/index.php/Chome/profil/DF9FF3B3-F14B-40A6-9B5A-50F6CF9DFDE9,Jalan Trans Papua Km. 06 Tanah Merah - M... Persatuan Kec. Mandobo Kab. Boven Digoel Prov. Papua Selatan,Kab. Boven Digoel,,Papua Selatan
69979825,SMAN 14 SAROLANGUN,https://sekolah.data.kemdikbud.go.id/index.php/Chome/profil/1EC5A1FC-A832-4DB3-BF6A-50FCD294B620,Jln. Raya Bukit Bulan Desa Moenti Moenti Kec. Limun Kab. Sarolangun Prov. Jambi,Kab. Sarolangun,,Jambi
60101437,SMA Negeri 2 Maluku Barat Daya,https://sekolah.data.kemdikbud.go.id/index.php/Chome/profil/C2A0F89E-B958-4022-A69B-51017F8C6CF6,JL. ERMUALY WULUR Kec. Damer Kab. Maluku Barat Daya Prov. Maluku,Kab. Maluku Barat Daya,,Maluku
10107096,SMA NEGERI 1 SIMPANG MAMPLAM,https://sekolah.data.kemdikbud.go.id/index.php/Chome/profil/98257CCD-C81E-4F4C-889E-510246B869A7,Jln. Banda Aceh-Medan Km.183 Simpang Mam... Blang Teumulek Kec. Simpang Mamplam Kab. Bireuen Prov. Aceh,Kab. Bireuen,,Aceh
69987800,SMA RIYADUL ULUM,https://sekolah.data.kemdikbud.go.id/index.php/Chome/profil/7091CB08-AEA8-4B07-B00A-510619219C99,Jl. Majapahit No.01 Sukoharjo Kec. Abung Surakarta Kab. Lampung Utara Prov. Lampung,Kab. Lampung Utara,,Lampung
70014909,SMA AT-TIBYAN,https://sekolah.data.kemdikbud.go.id/index.php/Chome/profil/50207643-D89A-4930-840D-510934FF5F1F,Jl. Surabaya-Malang km 42 dusun Arcopodo Kepulungan Kec. Gempol Kab. Pasuruan Prov. Jawa Timur,Kab. Pasuruan,,Jawa Timur
20562214,SMAS ISLAM ZAINUL HIKAM,https://sekolah.data.kemdikbud.go.id/index.php/Chome/profil/4EA0E148-127D-451A-A5DB-510FAFB86F76,JL.PAHLAWAN II No.86 Leces Kec. Leces Kab. Probolinggo Prov. Jawa Timur,Kab. Probolinggo,,Jawa Timur
10204055,SMAN 1 TANJUNG BALAI,https://sekolah.data.kemdikbud.go.id/index.php/Chome/profil/430284D1-90EB-424F-AC39-511811DD519C,JL. SYECH ISMAIL ABD. WAHAB Bagan Asahan Kec. Tanjung Balai Kab. Asahan Prov. Sumatera Utara,Kab. Asahan,,Sumatera Utara
60403781,SMA NEGERI 3 RAJA AMPAT,https://sekolah.data.kemdikbud.go.id/index.php/Chome/profil/EF06966A-BA3B-42EA-82E2-511A5E4A5B53,KAMPUNG DEER Deer Kec. Kofiau Kab. Raja Ampat Prov. Papua Barat Daya,Kab. Raja Ampat,,Papua Barat Daya
40203875,SMAN 9 PALU,https://sekolah.data.kemdikbud.go.id/index.php/Chome/profil/08BED9B5-0E2A-43C1-A837-511E01168A75,JL HI. PATILA Kelurahan Pantoloan Kec. Tawaeli Kota Palu Prov. Sulawesi Tengah,,Kota Palu,Sulawesi Tengah
50101706,SMA Negeri 1 Kuta Selatan,https://sekolah.data.kemdikbud.go.id/index.php/Chome/profil/EE05ED84-AD08-4061-B52A-511F1EA31B1A,JL. KETUT JETUNG Kutuh Kec. Kuta Selatan Kab. Badung Prov. Bali,Kab. Badung,,Bali
20511962,SMA PSM PLEMAHAN KEDIRI,https://sekolah.data.kemdikbud.go.id/index.php/Chome/profil/27DAE2FC-3A4F-468A-8027-5122CA13B69C,JL. BLK  Ds. Kayen Lor Kec. Plemahan Kayen Lor Kec. Plemahan Kab. Kediri Prov. Jawa Timur,Kab. Kediri,,Jawa Timur
10261473,SMAS GLOBAL PRIMA,https://sekolah.data.kemdikbud.go.id/index.php/Chome/profil/956EB396-7900-498E-BB27-5127C55D1344,Jl. Brigjen Katamso No. 282-283 Medan Sei Mati Kec. Medan Maimun Kota Medan Prov. Sumatera Utara,,Kota Medan,Sumatera Utara
20101322,SMAS PELITA 2,https://sekolah.data.kemdikbud.go.id/index.php/Chome/profil/97C7A3BD-9E80-43C5-B88A-512D16195916,JL. MACAN NO.23-29 DAAN MOGOT Duri Kepa Kec. Kebon Jeruk Kota Adm. Jakarta Barat Prov. D.K.I. Jakarta,,Kota Adm. Jakarta Barat,D.K.I. Jakarta
30311505,SMAN 1 SAMPANAHAN,https://sekolah.data.kemdikbud.go.id/index.php/Chome/profil/D695DD84-C1F2-4AC4-A806-513079411D80,JL. BUMBU RAYA Sampanahan Kec. Sampanahan Kab. Kotabaru Prov. Kalimantan Selatan,Kab. Kotabaru,,Kalimantan Selatan
20229165,SMAS MUHAMMADIYAH SAWANGAN,https://sekolah.data.kemdikbud.go.id/index.php/Chome/profil/4B612365-D489-4507-9153-51313DE3E1C9,JL. ABDUL WAHAB NO. 19 Sawangan Lama Kec. Sawangan Kota Depok Prov. Jawa Barat,,Kota Depok,Jawa Barat
20208425,SMAS PGRI SITURAJA,https://sekolah.data.kemdikbud.go.id/index.php/Chome/profil/81EA6939-FE1E-4950-8B15-513A39C895CC,JL. SAWAH MENAK - JATIMEKAR -  SITURAJA ... Jatimekar Kec. Situraja Kab. Sumedang Prov. Jawa Barat,Kab. Sumedang,,Jawa Barat
69788581,SMAN 2 SINGAPARNA,https://sekolah.data.kemdikbud.go.id/index.php/Chome/profil/832854DE-9E84-4B28-BD35-513D7DD9C9DA,Kp. PAMEUNGPEUK RT 03 RW 06 Cikunir Kec. Singaparna Kab. Tasikmalaya Prov. Jawa Barat,Kab. Tasikmalaya,,Jawa Barat
60102238,SMAS AL - HILAAL TEHORU,https://sekolah.data.kemdikbud.go.id/index.php/Chome/profil/2DF8971E-CF11-41C4-A4F7-514B952858CC,JLN.NUNUMAHU Tehoru Kec. Tehoru Kab. Maluku Tengah Prov. Maluku,Kab. Maluku Tengah,,Maluku
30400325,SMA NEGERI 2 LOA JANAN,https://sekolah.data.kemdikbud.go.id/index.php/Chome/profil/C5FDCD3A-64ED-4EE7-A716-5156A1E165EC,JL. EX. PT. CITA Bakungan Kec. Loa Janan Kab. Kutai Kartanegara Prov. Kalimantan Timur,Kab. Kutai Kartanegara,,Kalimantan Timur
20306176,SMA NEGERI 2 PURWOREJO,https://sekolah.data.kemdikbud.go.id/index.php/Chome/profil/718431DC-126A-4DD1-96F4-515A2E00DDDF,JL.May.Jend. S.Parman Kutoarjo Kabupaten... Bandung Kec. Kutoarjo Kab. Purworejo Prov. Jawa Tengah,Kab. Purworejo,,Jawa Tengah
30107642,SMAN 1 TAYAN HULU,https://sekolah.data.kemdikbud.go.id/index.php/Chome/profil/59A110C9-98FF-4545-B3EA-51620F09DF07,JL. RAYA SOSOK-TAYAN Menyabo Kec. Tayan Hulu Kab. Sanggau Prov. Kalimantan Barat,Kab. Sanggau,,Kalimantan Barat
40500913,SMAN 1 BONEPANTAI,https://sekolah.data.kemdikbud.go.id/index.php/Chome/profil/853766BC-2A6A-45C3-9AB9-5163039FC20B,JL. SISWA NO. 25 Bilungala Utara Kec. Bonepantai Kab. Bone Bolango Prov. Gorontalo,Kab. Bone Bolango,,Gorontalo
10104039,SMA NEGERI 1 SINGKIL,https://sekolah.data.kemdikbud.go.id/index.php/Chome/profil/2D7F023F-67B2-423E-BE42-516E01C0A157,JL. UTAMA NO. 2 PULO SAROK Kec. Singkil Kab. Aceh Singkil Prov. Aceh,Kab. Aceh Singkil,,Aceh
10500219,SMAN 4 BATANG HARI,https://sekolah.data.kemdikbud.go.id/index.php/Chome/profil/1C096191-5F7C-4D44-AF64-5172D5D84B08,JL. JAMBI  - MA .BUNGO Pematang Gadung Kec. Mersam Kab. Batanghari Prov. Jambi,Kab. Batanghari,,Jambi
60303065,SMAN WAREN,https://sekolah.data.kemdikbud.go.id/index.php/Chome/profil/F8ECE353-8D33-4761-959D-5173295E218D,DESA URI Uri Kec. Waropen Bawah Kab. Waropen Prov. Papua,Kab. Waropen,,Papua
20615027,SMAS BINA MACHMUD,https://sekolah.data.kemdikbud.go.id/index.php/Chome/profil/CD725BD9-4416-41DC-80B7-5174BE58C31E,KP. KADUKACAPI Tanjungsari Kec. Pabuaran Kab. Serang Prov. Banten,Kab. Serang,,Banten
10814031,SMAS MUHAMMADIYAH 1 SRIBHAWONO,https://sekolah.data.kemdikbud.go.id/index.php/Chome/profil/D9786441-0F87-4284-8DCC-5177AA0D69D2,JL. KH. A  DAHLAN NO. 4 Sri Menanti Kec. Bandar Sribhawono Kab. Lampung Timur Prov. Lampung,Kab. Lampung Timur,,Lampung
70040605,SMA ISLAM AN-NAJWA KHATULISTIWA,https://sekolah.data.kemdikbud.go.id/index.php/Chome/profil/3D71B21F-1031-4598-A9C9-51791D1E47E1,"Jl. Sungai Raya Dalam, Srikandi II, Pari... SUNGAI RAYA DALAM Kec. Sungai Raya Kab. Kubu Raya Prov. Kalimantan Barat",Kab. Kubu Raya,,Kalimantan Barat
20326487,SMAN 1 BANTARKAWUNG,https://sekolah.data.kemdikbud.go.id/index.php/Chome/profil/96E1804B-6A40-4166-B3DA-517C5BB9E95A,JL. RAYA BANTARKAWUNG NO. 15 Pangebatan Kec. Bantarkawung Kab. Brebes Prov. Jawa Tengah,Kab. Brebes,,Jawa Tengah
69954846,UPTD SMAN 1 TABULAHAN,https://sekolah.data.kemdikbud.go.id/index.php/Chome/profil/56C4A9E8-881E-411B-8BFE-5180B63C5DBC,Jl. Poros Lakahang Utama Lakahang Utama Kec. Tabulahan Kab. Mamasa Prov. Sulawesi Barat,Kab. Mamasa,,Sulawesi Barat
69799876,SMA NEGERI 3 SAMPOLAWA,https://sekolah.data.kemdikbud.go.id/index.php/Chome/profil/72CAF6E6-3F85-4EE3-820D-5181ECB28AFD,"JLN. POROS BAHARI , DESA BAHARI Bahari Kec. Sampolawa Kab. Buton Selatan Prov. Sulawesi Tenggara",Kab. Buton Selatan,,Sulawesi Tenggara
20310421,SMA NEGERI 3 SUKOHARJO,https://sekolah.data.kemdikbud.go.id/index.php/Chome/profil/F00028AA-12C7-4496-8714-518976B69712,JL. JEND. SUDIRMAN NO. 197 Jombor Kec. Bendosari Kab. Sukoharjo Prov. Jawa Tengah,Kab. Sukoharjo,,Jawa Tengah
20505054,SMA MIGAS SENORI,https://sekolah.data.kemdikbud.go.id/index.php/Chome/profil/076C2F5D-327C-4396-852B-518B14D24643,Jl. Raya Pertamina Desa Banyuurip Kec. S... Banyuurip Kec. Senori Kab. Tuban Prov. Jawa Timur,Kab. Tuban,,Jawa Timur
69954464,SMAS IT TAHFIDZ AL IMAN,https://sekolah.data.kemdikbud.go.id/index.php/Chome/profil/8790A7A7-7281-46E1-AC1C-518F23B3A1D3,Dusun Genengan RT. 01 RW. 15 Banjaragung Kec. Puri Kab. Mojokerto Prov. Jawa Timur,Kab. Mojokerto,,Jawa Timur
69947931,SMA ISLAM PLUS HIDAYATUT THULLAB,https://sekolah.data.kemdikbud.go.id/index.php/Chome/profil/90297048-5A8B-484C-A20C-5191B370A619,Dsn. Petuk Kec. Semen Kab. Kediri Puhrubuh Kec. Semen Kab. Kediri Prov. Jawa Timur,Kab. Kediri,,Jawa Timur
50205597,SMA NEGERI 1 SETELUK,https://sekolah.data.kemdikbud.go.id/index.php/Chome/profil/D02C55BA-C8A9-4E4D-B85E-5193CB4FDAF0,JL. A. YANI NO. 50 SETELUK Seteluk Tengah Kec. Seteluk Kab. Sumbawa Barat Prov. Nusa Tenggara Barat,Kab. Sumbawa Barat,,Nusa Tenggara Barat
20308615,SMA NEGERI 1 KLEGO,https://sekolah.data.kemdikbud.go.id/index.php/Chome/profil/9B7FD948-95C5-4EF3-BBBF-5198E48064FC,Desa Jaten Kec. Klego Boyolali Kode Pos ... Jaten Kec. Klego Kab. Boyolali Prov. Jawa Tengah,Kab. Boyolali,,Jawa Tengah
20200587,SMAN 1 JASINGA,https://sekolah.data.kemdikbud.go.id/index.php/Chome/profil/B4BC18A1-7564-492F-AE77-519D01F82558,JL. SUKAMANAH NO. 3 RT. 04/02 Setu Kec. Jasinga Kab. Bogor Prov. Jawa Barat,Kab. Bogor,,Jawa Barat
10110349,SMAN 1 LAWE BULAN,https://sekolah.data.kemdikbud.go.id/index.php/Chome/profil/FB168FAB-A7EC-4821-A5DB-51A0C28A0EB2,JL. MANUNGGAL Kuta Bantil Kec. Lawe Bulan Kab. Aceh Tenggara Prov. Aceh,Kab. Aceh Tenggara,,Aceh
20600452,SMAN 10 PANDEGLANG,https://sekolah.data.kemdikbud.go.id/index.php/Chome/profil/AE241018-A9D4-4AFD-848A-51A10777FF81,JL. RAYA. LABUAN KM. 24 Pasireurih Kec. Cisata Kab. Pandeglang Prov. Banten,Kab. Pandeglang,,Banten
20209377,SMAS BAITUL HIKMAH TAROGONG KALER,https://sekolah.data.kemdikbud.go.id/index.php/Chome/profil/862EA051-D55B-4176-94ED-51B66B13D0E6,JL. OTTO ISKANDARDINATA NO.66 Langensari Kec. Tarogong Kaler Kab. Garut Prov. Jawa Barat,Kab. Garut,,Jawa Barat
20229153,SMAS ISLAM AN NIZHOMIYAH,https://sekolah.data.kemdikbud.go.id/index.php/Chome/profil/D3010902-98E8-4A85-90FA-51B9F3AF3D0B,JL. MADRASAH NO. 14 Kalibaru Kec. Cilodong Kota Depok Prov. Jawa Barat,,Kota Depok,Jawa Barat
10113240,SMA NEGERI 1 SUKA MAKMUE,https://sekolah.data.kemdikbud.go.id/index.php/Chome/profil/30D20F2E-DA5F-48D7-9C57-51BC7E3B60AA,JL. TGK PUTIK KOMPLEK PERKANTORAN SUKA M... Cot Kuta Kec. Suka Makmue Kab. Nagan Raya Prov. Aceh,Kab. Nagan Raya,,Aceh
50309283,SMAN 3 POCO RANAKA,https://sekolah.data.kemdikbud.go.id/index.php/Chome/profil/F9FB8B75-9E92-40B4-85DE-51C0CA93AE21,PANDANG Arus Kec. Lamba Leda Timur (Poco Ranaka Timur) Kab. Manggarai Timur Prov. Nusa Tenggara Timur,Kab. Manggarai Timur,,Nusa Tenggara Timur
69761959,SMAS DCC GLOBAL SCHOOL,https://sekolah.data.kemdikbud.go.id/index.php/Chome/profil/A9AB095C-ED04-4371-9AD0-51C0CB07EDDA,JL. PAGAR ALAM - MATA INTAN Segala Mider  Kec. Tanjung Karang Barat Kota Bandar Lampung Prov. Lampung,,Kota Bandar Lampung,Lampung
50102094,SMAN 1 TEGALLALANG,https://sekolah.data.kemdikbud.go.id/index.php/Chome/profil/32D34B5D-BB0C-4DF6-842E-51C21FAA01B6,"JL. I WAYAN LUNGA, TEGALLALANG Tegallalang Kec. Tegallalang Kab. Gianyar Prov. Bali",Kab. Gianyar,,Bali
20247157,SMAS AL FARDIYATUSSAADAH,https://sekolah.data.kemdikbud.go.id/index.php/Chome/profil/969CF47D-EC78-481E-BF55-51C6DA1096F0,Jalan Swadaya Nomor 1 Citepus RT 02/14 Citepus Kec. Pelabuhan Ratu Kab. Sukabumi Prov. Jawa Barat,Kab. Sukabumi,,Jawa Barat
10303905,SMAN 2 PAYAKUMBUH,https://sekolah.data.kemdikbud.go.id/index.php/Chome/profil/8C062DF9-768C-461D-877C-51C7891A3724,JL. MERANTI NO. 20 BUKIT SITABUR PADANG TANGAH PAYOBADA Kec. Payakumbuh Timur Kota Payakumbuh Prov. Sumatera Barat,,Kota Payakumbuh,Sumatera Barat
10210802,SMAS BINA BERSAUDARA,https://sekolah.data.kemdikbud.go.id/index.php/Chome/profil/C99869F2-DBFC-4B59-A377-51C96437E027,"JL. B. KATAMSO, T.KUNING NO. 43 Titi Kuning Kec. Medan Johor Kota Medan Prov. Sumatera Utara",,Kota Medan,Sumatera Utara
69947401,SMA ASSALAM,https://sekolah.data.kemdikbud.go.id/index.php/Chome/profil/18B8FAD9-A4DF-4572-82C2-51CAD6092067,Nglarangan Sidoagung Kec. Tempuran Kab. Magelang Prov. Jawa Tengah,Kab. Magelang,,Jawa Tengah
10100188,SMA NEGERI 1 SEULIMEUM,https://sekolah.data.kemdikbud.go.id/index.php/Chome/profil/96181B38-6A71-46E9-87B2-51CF640D4568,JL. BANDA ACEH-MEDAN KM. 41 Seuneubok Kec. Seulimeum Kab. Aceh Besar Prov. Aceh,Kab. Aceh Besar,,Aceh
30105462,SMAS SANTO IGNASIUS SINGKAWANG,https://sekolah.data.kemdikbud.go.id/index.php/Chome/profil/EC648330-834B-487C-8161-51D2864D5C5E,JL. S.M. TSJAFIOEDDIN SINGKAWANG Pasiran Kec. Singkawang Barat Kota Singkawang Prov. Kalimantan Barat,,Kota Singkawang,Kalimantan Barat
20219776,SMAS PLUS AL GHIFARI BANDUNG,https://sekolah.data.kemdikbud.go.id/index.php/Chome/profil/70F039B8-C453-4B06-8F25-51D3830B75F7,JL. INSPEKSI PENGAIRAN N0.23 RT 04 RW 03 Cisaranten Kulon Kec. Arcamanik Kota Bandung Prov. Jawa Barat,,Kota Bandung,Jawa Barat
20103279,SMAN 9 JAKARTA,https://sekolah.data.kemdikbud.go.id/index.php/Chome/profil/12B1D8B9-35D8-4E64-99C7-51D41F61D63A,Jl. SMU 9 Halim Perdana Kusuma RT. 013/0... Kebon Pala Kec. Makasar Kota Adm. Jakarta Timur Prov. D.K.I. Jakarta,,Kota Adm. Jakarta Timur,D.K.I. Jakarta
10310901,SMAN 2 SUTERA,https://sekolah.data.kemdikbud.go.id/index.php/Chome/profil/F0C130D4-942A-4BDD-9292-51D46FF9C273,KAMPUNG PADANG TAE NAGARI AMPING PARAK AMPING PARAK Kec. Sutera Kab. Pesisir Selatan Prov. Sumatera Barat,Kab. Pesisir Selatan,,Sumatera Barat
20101629,SMAS 5 YADIKA,https://sekolah.data.kemdikbud.go.id/index.php/Chome/profil/9EE05080-BCA1-4A78-AD7F-51EAFEC549BE,JL. JOGLO RAYA NO. 190 Joglo Kec. Kembangan Kota Adm. Jakarta Barat Prov. D.K.I. Jakarta,,Kota Adm. Jakarta Barat,D.K.I. Jakarta
30304468,SMAS KRISTEN KANAAN,https://sekolah.data.kemdikbud.go.id/index.php/Chome/profil/6848601E-19D0-4C99-A2C8-51EC812411FC,JL. KP. TENDEAN NO 50 Gadang Kec. Banjarmasin Tengah Kota Banjarmasin Prov. Kalimantan Selatan,,Kota Banjarmasin,Kalimantan Selatan
69852845,SMA NEGERI 4 TANAH SIANG,https://sekolah.data.kemdikbud.go.id/index.php/Chome/profil/69B3CC67-EC2B-425E-A416-51F0D80ED35F,Desa Dirung Bakung Kec.Tanah Siang Dirung Bakung Kec. Tanah Siang Kab. Murung Raya Prov. Kalimantan Tengah,Kab. Murung Raya,,Kalimantan Tengah
70055707,SMA IT ANOEGERAH AL HAFIDZHAH,https://sekolah.data.kemdikbud.go.id/index.php/Chome/profil/88114F62-5C80-4D62-8CC4-51F731A89593,Jalan Maccini Baji Belakang Pasar Sentra... Empoang Kec. Binamu Kab. Jeneponto Prov. Sulawesi Selatan,Kab. Jeneponto,,Sulawesi Selatan
70039765,SMA NEGERI 1 PADANGGUNI,https://sekolah.data.kemdikbud.go.id/index.php/Chome/profil/0C657C29-BBA0-4501-92B4-51F81005009F,Jl. Poros Alosika No.10 Mekar Jaya Kec. Padangguni Kab. Konawe Prov. Sulawesi Tenggara,Kab. Konawe,,Sulawesi Tenggara
69965180,SMAS Darul Ilmi Sampoang,https://sekolah.data.kemdikbud.go.id/index.php/Chome/profil/D3E24955-B89E-46D3-A5A0-51F936ED0CDD,JL. Poros - Mamuju-Pammulukang Kel. Siny... Sinyonyoi Kec. Kalukku Kab. Mamuju Prov. Sulawesi Barat,Kab. Mamuju,,Sulawesi Barat
70036796,SMA NEGERI TUPAN,https://sekolah.data.kemdikbud.go.id/index.php/Chome/profil/ACD38D46-FB82-4FBF-9D1D-51F93A7ED971,Jl. Sufa Neonane Tuppan Kec. BatuPutih Kab. Timor Tengah Selatan Prov. Nusa Tenggara Timur,Kab. Timor Tengah Selatan,,Nusa Tenggara Timur
20224110,SMA KARTIKA XIX-4,https://sekolah.data.kemdikbud.go.id/index.php/Chome/profil/0DDA7908-CB9F-4181-8948-5201A2104034,JL. DR. SAM RATULANGI D-26 Baros Kec. Cimahi Tengah Kota Cimahi Prov. Jawa Barat,,Kota Cimahi,Jawa Barat
69864668,SMA ISLAM TERPADU AL MAWADDAH WARRAHMAH KOLAKA,https://sekolah.data.kemdikbud.go.id/index.php/Chome/profil/1CDDD87B-C7B7-41EB-904B-5202284262F4,"Jalan Pondok Pesantren, No. 10. Lamokato Kec. Kolaka Kab. Kolaka Prov. Sulawesi Tenggara",Kab. Kolaka,,Sulawesi Tenggara
20501784,SMAN 1 KRIAN,https://sekolah.data.kemdikbud.go.id/index.php/Chome/profil/ED0E8D51-65AE-4D2B-A9AE-5204937ABFAC,JL. SUNANDAR PS NO.  5 Kraton Kec. Krian Kab. Sidoarjo Prov. Jawa Timur,Kab. Sidoarjo,,Jawa Timur
50204515,SMAN 5 MATARAM,https://sekolah.data.kemdikbud.go.id/index.php/Chome/profil/3737FB68-C9EB-4493-8E2F-520EB2B25F3E,JL. UDAYANA NO. 2A MATARAM Mataram Barat Kec. Selaparang Kota Mataram Prov. Nusa Tenggara Barat,,Kota Mataram,Nusa Tenggara Barat
20605093,SMAN 1 KOTA SERANG,https://sekolah.data.kemdikbud.go.id/index.php/Chome/profil/C7A8FA4D-B806-4508-BABE-520F750BE529,JL. A. YANI NO. 39 SERANG Cimuncang Kec. Serang Kota Serang Prov. Banten,,Kota Serang,Banten
50305263,SMAS TELADAN,https://sekolah.data.kemdikbud.go.id/index.php/Chome/profil/4B623015-394A-403A-9B14-5220380312ED,JL. HTI Maulafa Kec. Maulafa Kota Kupang Prov. Nusa Tenggara Timur,,Kota Kupang,Nusa Tenggara Timur
20403143,SMAS KATOLIK SANG TIMUR,https://sekolah.data.kemdikbud.go.id/index.php/Chome/profil/5F0AE181-3EA3-450B-85D3-52248B84AA8A,JL. BATIKAN 7 Pandeyan Kec. Umbulharjo Kota Yogyakarta Prov. D.I. Yogyakarta,,Kota Yogyakarta,D.I. Yogyakarta
40202041,SMA Negeri 2 BIAU,https://sekolah.data.kemdikbud.go.id/index.php/Chome/profil/2C8E5EBF-9211-48E6-B5D7-522BB9FDB5BC,JL. M.A. Turungku 76 Kali Kec. Biau Kab. Buol Prov. Sulawesi Tengah,Kab. Buol,,Sulawesi Tengah
70011254,SMA NEGERI 3 TOBOALI,https://sekolah.data.kemdikbud.go.id/index.php/Chome/profil/C6A0522B-E94C-4AA6-8584-522FD22A57B5,"Jl. Raya Jeriji, Desa Jeriji, Kecamatan ... Jeriji Toboali Kab. Bangka Selatan Prov. Kepulauan Bangka Belitung",Kab. Bangka Selatan,,Kepulauan Bangka Belitung
10210866,SMAS MEDAN PUTRI,https://sekolah.data.kemdikbud.go.id/index.php/Chome/profil/A0BD1D7D-F8A6-4888-9EC7-522FE41B5559,JL. TIMOR UJUNG NO.5 MEDAN Gaharu Kec. Medan Timur Kota Medan Prov. Sumatera Utara,,Kota Medan,Sumatera Utara
69896679,SMA NEGERI 1 SAWO,https://sekolah.data.kemdikbud.go.id/index.php/Chome/profil/08C7EC77-D88D-46BA-B61A-523000806827,DESA SAWO Sawo Kec. Sawo Kab. Nias Utara Prov. Sumatera Utara,Kab. Nias Utara,,Sumatera Utara
20231308,SMAS KORNITA,https://sekolah.data.kemdikbud.go.id/index.php/Chome/profil/23DE595C-0D61-40B1-8C69-52302FE280FF,"JL. TANJUNG KAMPUS IPB BOGOR, DESA BABAK... Babakan Kec. Dramaga Kab. Bogor Prov. Jawa Barat",Kab. Bogor,,Jawa Barat
70011522,SMA IT AL-BURHANY,https://sekolah.data.kemdikbud.go.id/index.php/Chome/profil/7B4D1928-A67A-47CF-A585-5234293EBE6A,Komplek Pondok Pesantren Assalafiyyah Bode Lor Kec. Plumbon Kab. Cirebon Prov. Jawa Barat,Kab. Cirebon,,Jawa Barat
20514347,SMAN 1 SRENGAT,https://sekolah.data.kemdikbud.go.id/index.php/Chome/profil/B2A781B7-42E3-49CA-AEB4-5239304A9A30,JL. MERDEKA BAGELENAN SRENGAT Bagelenan Kec. Srengat Kab. Blitar Prov. Jawa Timur,Kab. Blitar,,Jawa Timur
70012486,SMA IT MAHAD RABBANI 2 KOTA BENGKULU,https://sekolah.data.kemdikbud.go.id/index.php/Chome/profil/5500CE24-7502-4DFD-8489-52454C8E1530,Jalan Rafflesia Regency Bentiring Kec. Muara Bangkahulu Kota Bengkulu Prov. Bengkulu,,Kota Bengkulu,Bengkulu
20227909,SMAN 1 SINDANGKERTA,https://sekolah.data.kemdikbud.go.id/index.php/Chome/profil/E9D9586F-4F37-4374-B427-524BFB932F50,"Jl. Raya Puncaksari, Kec. Sindangkerta Puncaksari Kec. Sindangkerta Kab. Bandung Barat Prov. Jawa Barat",Kab. Bandung Barat,,Jawa Barat
69945702,SMA SWASTA PERINTIS TEBAS,https://sekolah.data.kemdikbud.go.id/index.php/Chome/profil/BD8B03E7-F623-4D79-800E-524C58BAACE1,"JL. RAYA TEBAS, DESA MEKAR SEKUNTUM, DUS... Mekar Sekuntum Kec. Tebas Kab. Sambas Prov. Kalimantan Barat",Kab. Sambas,,Kalimantan Barat
69950236,UPTD SMA NEGERI 1 TUBBI TARAMANU,https://sekolah.data.kemdikbud.go.id/index.php/Chome/profil/CEEA4BE5-5294-43AF-9808-5259730353B6,Padang Mawalle Taramanu Kec. Tubbitaramanu Kab. Polewali Mandar Prov. Sulawesi Barat,Kab. Polewali Mandar,,Sulawesi Barat
69942502,SMA ISLAM NW BENGKANG,https://sekolah.data.kemdikbud.go.id/index.php/Chome/profil/B0CD6C91-93E8-4FD8-A7A9-52609A9BD1D4,Jln.Raya Buwun Mas kec. Sekotong Kab. Lo... Buwun Mas Kec. Sekotong Kab. Lombok Barat Prov. Nusa Tenggara Barat,Kab. Lombok Barat,,Nusa Tenggara Barat
30305067,SMAS MODEL AL-KHAWARIZMI,https://sekolah.data.kemdikbud.go.id/index.php/Chome/profil/EBEDBC4B-19D8-4BBA-8FD5-526168A5BFC6,JL. FUAD HASAN Sekapung Kec. Pulau Sebuku Kab. Kotabaru Prov. Kalimantan Selatan,Kab. Kotabaru,,Kalimantan Selatan
70040054,SMA NEGERI PONTENIKMA,https://sekolah.data.kemdikbud.go.id/index.php/Chome/profil/DFE85AB9-3710-4BD6-BC8F-5266336AD346,Jl. Apenteng Saly Kec. Welarek Kab. Yalimo Prov. Papua Pegunungan,Kab. Yalimo,,Papua Pegunungan
20224540,SMA AL MUTTAQIN,https://sekolah.data.kemdikbud.go.id/index.php/Chome/profil/91DDFE49-E9C1-41CF-977A-5266D3BD3D2C,JL. A. YANI NO. 140 Sukamanah Kec. Cipedes Kota Tasikmalaya Prov. Jawa Barat,,Kota Tasikmalaya,Jawa Barat
20532376,SMAS BINA BANGSA,https://sekolah.data.kemdikbud.go.id/index.php/Chome/profil/26BB1D77-DB84-4014-A04C-5269FD4EDB14,JL. SIWALANKERTO UTARA II / 7 Siwalankerto Kec. Wonocolo Kota Surabaya Prov. Jawa Timur,,Kota Surabaya,Jawa Timur
40205585,SMAN 1 NUHON,https://sekolah.data.kemdikbud.go.id/index.php/Chome/profil/9409D705-1EF4-47D6-A1BC-526E7A1AEBDA,JL. RAYA TOMEANG-PIBOMBO Tomeang Kec. Nuhon Kab. Banggai Prov. Sulawesi Tengah,Kab. Banggai,,Sulawesi Tengah
30402587,SMA NEGERI 1 TANA TIDUNG,https://sekolah.data.kemdikbud.go.id/index.php/Chome/profil/37EEA3BA-E90D-4718-9541-52750AEA11CF,Jl. Aji Putra Sesayap Kec. Sesayap Hilir Kab. Tana Tidung Prov. Kalimantan Utara,Kab. Tana Tidung,,Kalimantan Utara
69897278,SMAN 5 TALANG UBI,https://sekolah.data.kemdikbud.go.id/index.php/Chome/profil/1F060050-14AE-4112-9B6E-5275ED7F2DD9,Jln.Lintas Muara Enim Sekayu Dusun II De... Karta Dewa KEC. TALANG UBI Kab. Penukal Abab Lematang Ilir Prov. Sumatera Selatan,Kab. Penukal Abab Lematang Ilir,,Sumatera Selatan
10494085,SMAN 1 BANDAR PETALANGAN,https://sekolah.data.kemdikbud.go.id/index.php/Chome/profil/809DA250-A256-41BC-BA1A-527C4525328F,JL. DATUK M. SYAFEI NO. 17 Lubuk Keranji Kec. Bandar Petalangan Kab.  Pelalawan Prov. Riau,Kab.  Pelalawan,,Riau
10645956,SMAN 1 BELITANG II,https://sekolah.data.kemdikbud.go.id/index.php/Chome/profil/DB6BB53E-FB49-43BE-BCFE-527D8B4CACB9,DESA SUMBER JAYA Sumber Jaya Kec. Belitang II Kab. Ogan Komering Ulu Timur Prov. Sumatera Selatan,Kab. Ogan Komering Ulu Timur,,Sumatera Selatan
69919910,SMA NEGERI HALIOAN,https://sekolah.data.kemdikbud.go.id/index.php/Chome/profil/07A779CE-9669-42C2-8A0B-528369DBD460,HALIOAN Barene Kec. Malaka Tengah Kab. Malaka Prov. Nusa Tenggara Timur,Kab. Malaka,,Nusa Tenggara Timur
10261242,SMA SWASTA ISLAM TERPADU DAAR AL ULUUM KISARAN,https://sekolah.data.kemdikbud.go.id/index.php/Chome/profil/52558B9B-86B6-4DD9-BF5C-52842E67D3B1,Jln. Mahoni (Sibogat) Kisaran Mekar Baru Kec. Kisaran Barat Kab. Asahan Prov. Sumatera Utara,Kab. Asahan,,Sumatera Utara
60302714,SMA NEGERI PLUS URUMB,https://sekolah.data.kemdikbud.go.id/index.php/Chome/profil/951518CC-83AE-4609-A9AA-528A1932FE7C,URUMB Urumb Kec. Semangga Kab. Merauke Prov. Papua Selatan,Kab. Merauke,,Papua Selatan
69787080,SMA NEGERI 5 PULAU TALIABU,https://sekolah.data.kemdikbud.go.id/index.php/Chome/profil/21CDA183-B6A6-4909-9A87-528C4EA44D5A,"Jl. Beringin Pantai, Bapenu GALEBO Kec. Taliabu Selatan Kab. Pulau Taliabu Prov. Maluku Utara",Kab. Pulau Taliabu,,Maluku Utara
10600493,SMAN 1 TULUNG SELAPAN,https://sekolah.data.kemdikbud.go.id/index.php/Chome/profil/744511A1-8F66-48B6-A141-52953A718992,JL. MARDEKA Tulung Selapan Ulu Kec. Tulung Selapan Kab. Ogan Komering Ilir Prov. Sumatera Selatan,Kab. Ogan Komering Ilir,,Sumatera Selatan
20532233,SMAN 22 SURABAYA,https://sekolah.data.kemdikbud.go.id/index.php/Chome/profil/38BB251D-5510-44E5-BB4B-52977AD3B904,JL. BALAS KLUMPRIK WIYUNG Balas Klumprik Kec. Wiyung Kota Surabaya Prov. Jawa Timur,,Kota Surabaya,Jawa Timur
69972033,SMA IT BINA KOPERASI,https://sekolah.data.kemdikbud.go.id/index.php/Chome/profil/AB436D7E-D3E7-4D43-99F8-5299B5DB9081,JALAN BATARA NO. 19 MAROS Taroada Kec. Turikale Kab. Maros Prov. Sulawesi Selatan,Kab. Maros,,Sulawesi Selatan
20227859,SMAS MITRA DARMA CILILIN,https://sekolah.data.kemdikbud.go.id/index.php/Chome/profil/F0D23888-A36A-4B3D-AB13-52ACDE9EC082,JL. RADIO CILILIN Cililin Kec. Cililin Kab. Bandung Barat Prov. Jawa Barat,Kab. Bandung Barat,,Jawa Barat
10220931,SMA SWASTA BUDI MURNI 3,https://sekolah.data.kemdikbud.go.id/index.php/Chome/profil/CF1D73F1-94B9-4187-92CA-52B05623989E,JL. TERATAI NO. 21 A Sidorejo Kec. Medan Tembung Kota Medan Prov. Sumatera Utara,,Kota Medan,Sumatera Utara
20231711,SMAS ISLAM DARUL ABROR,https://sekolah.data.kemdikbud.go.id/index.php/Chome/profil/44DE5A0F-7E07-4977-B6A4-52B063ECE324,JL. RAYA KRANGGAN GG. CAMAR Jatiraden Kec. Jati Sampurna Kota Bekasi Prov. Jawa Barat,,Kota Bekasi,Jawa Barat
70049661,SMA ISLAM AL AZHAR 20 KEMBANGAN,https://sekolah.data.kemdikbud.go.id/index.php/Chome/profil/81863C95-0862-44B6-BDAF-52BDAD8DE247,Jl. Perintis No. 112 Joglo Kembangan Jak... Joglo Kec. Kembangan Kota Adm. Jakarta Barat Prov. D.K.I. Jakarta,,Kota Adm. Jakarta Barat,D.K.I. Jakarta
60726124,SMAN 2 BLAMBANGAN UMPU,https://sekolah.data.kemdikbud.go.id/index.php/Chome/profil/7B557EDD-29DF-4716-A253-52BE13846A9E,Jln. Hj Burniat Sidoarjo Kec. Blambangan Umpu Kab. Way Kanan Prov. Lampung,Kab. Way Kanan,,Lampung
20231292,SMAS DARUSSALAM PURWASARI,https://sekolah.data.kemdikbud.go.id/index.php/Chome/profil/EA529E0C-6697-4E13-86B7-52C2020DF171,JL. H. MUSTOFA NO. 13 DESA PURWASARI Purwasari Kec. Dramaga Kab. Bogor Prov. Jawa Barat,Kab. Bogor,,Jawa Barat
60403783,SMA NEGERI 5 RAJA AMPAT,https://sekolah.data.kemdikbud.go.id/index.php/Chome/profil/4ACD85B8-C36B-4472-8BEE-52C46EE74E5A,Kampung Andey Andey Kec. Waigeo Utara Kab. Raja Ampat Prov. Papua Barat Daya,Kab. Raja Ampat,,Papua Barat Daya
10260520,SMAN 5 PEMATANG SIANTAR,https://sekolah.data.kemdikbud.go.id/index.php/Chome/profil/50364F58-3127-471B-8D1B-52C68BA4008C,"JL. MEDAN Km 6,8 Tanjung Tongah Kec. Siantar Martoba Kota Pematangsiantar Prov. Sumatera Utara",,Kota Pematangsiantar,Sumatera Utara
70041951,SMA QURAN TERPADU (QT) YANBUUL QURAN 7 BOGOR,https://sekolah.data.kemdikbud.go.id/index.php/Chome/profil/4D62490F-8ABF-49B9-B4D6-52C970793E56,Jl. Raya Menteng RT.03 RW.08 Sukadamai Kec. Sukamakmur Kab. Bogor Prov. Jawa Barat,Kab. Bogor,,Jawa Barat
10102505,SMA NEGERI 1 MEULABOH,https://sekolah.data.kemdikbud.go.id/index.php/Chome/profil/A2E9C3D2-1F8C-44CF-AA25-52C9A40C862D,JL. IMAM BONJOL NO. 1 MEULABOH Drien Rampak Kec. Johan Pahlawan Kab. Aceh Barat Prov. Aceh,Kab. Aceh Barat,,Aceh
60201363,SMAN 2 HALMAHERA TIMUR,https://sekolah.data.kemdikbud.go.id/index.php/Chome/profil/B7C6D0DA-4FEE-4F0D-8EF1-52CA9793C91A,Jln. Trans Halmahera Subaim Batu Raja Kec. Wasile Kab. Halmahera Timur Prov. Maluku Utara,Kab. Halmahera Timur,,Maluku Utara
30304271,SMAN 5 BANJARMASIN,https://sekolah.data.kemdikbud.go.id/index.php/Chome/profil/D45F6C0E-FF3A-49DA-B1FE-52CD8D517050,JL. SULTAN ADAM NO.76 Surgi Mufti Kec. Banjarmasin Utara Kota Banjarmasin Prov. Kalimantan Selatan,,Kota Banjarmasin,Kalimantan Selatan
40500760,SMAN 1 PAGUAT,https://sekolah.data.kemdikbud.go.id/index.php/Chome/profil/BBD468B8-D730-4E50-8C30-52D191DA9148,JL. TRANS SULAWESI BUHU JAYA Kec. Paguat Kab. Pohuwato Prov. Gorontalo,Kab. Pohuwato,,Gorontalo
20305010,SMA NEGERI 1 KEBUMEN,https://sekolah.data.kemdikbud.go.id/index.php/Chome/profil/031F665D-920F-49FF-BF9E-52D1F927ACCE,JL. MAYJEN SUTOYO 7 Bumirejo Kec. Kebumen Kab. Kebumen Prov. Jawa Tengah,Kab. Kebumen,,Jawa Tengah
69775579,SMAN 1 TULUNGAGUNG,https://sekolah.data.kemdikbud.go.id/index.php/Chome/profil/FA328EA1-6DC7-4F98-ADC0-52D2CE3C19CD,JL. FATAHILLAH Panggungrejo Kec. Tulungagung Kab. Tulungagung Prov. Jawa Timur,Kab. Tulungagung,,Jawa Timur
10210796,SMAS AMIR HAMZAH,https://sekolah.data.kemdikbud.go.id/index.php/Chome/profil/4178D861-2BEA-4F9C-9B06-52D63AA2043B,JL. MERANTI NO. 1 S E K I P Kec. Medan Petisah Kota Medan Prov. Sumatera Utara,,Kota Medan,Sumatera Utara
69754069,SMAS GARUDA BATUROTOK,https://sekolah.data.kemdikbud.go.id/index.php/Chome/profil/20231FEF-D09A-4F1E-B904-52D77B21497F,Jalan Garuda No.1 Baturotok Kec. Batulanteh Kab. Sumbawa Prov. Nusa Tenggara Barat,Kab. Sumbawa,,Nusa Tenggara Barat
20549023,SMAS MUHAMMADIYAH 4,https://sekolah.data.kemdikbud.go.id/index.php/Chome/profil/48B0E344-9175-450E-830F-52DF355E9B67,JL. KH. AHMAD DAHLAN  41 KELURAHAN JETIS Jetis Kec. Lamongan Kab. Lamongan Prov. Jawa Timur,Kab. Lamongan,,Jawa Timur
10805984,SMAS MUHAMMADIYAH 1 PEKALONGAN,https://sekolah.data.kemdikbud.go.id/index.php/Chome/profil/0E689DC2-F40E-4362-A4D0-52E4C5AA903D,JL. AH NASUTION NO.40 PEKALONGAN KEC. PE... Pekalongan Kec. Pekalongan Kab. Lampung Timur Prov. Lampung,Kab. Lampung Timur,,Lampung
20218351,SMAN 1 TAMBUN SELATAN,https://sekolah.data.kemdikbud.go.id/index.php/Chome/profil/CDC5EC1D-52A9-4412-9B82-52E5EB12E7AB,JL. KEBON KELAPA NO 02 TAMBUN SELATAN Tambun Kec. Tambun Selatan Kab. Bekasi Prov. Jawa Barat,Kab. Bekasi,,Jawa Barat
10505205,SMAN 2 SAROLANGUN,https://sekolah.data.kemdikbud.go.id/index.php/Chome/profil/AD92FE59-3D72-495D-989F-52E929D6F7E2,JL. BUDI UTOMO Pasar Singkut Kec. Singkut Kab. Sarolangun Prov. Jambi,Kab. Sarolangun,,Jambi
20324391,SMAS MUHAMMADIYAH 2 PEMALANG,https://sekolah.data.kemdikbud.go.id/index.php/Chome/profil/E60365E2-C7CE-42ED-A2B7-52F6E720FED5,JL. DR. CIPTO MANGUNKUSUMO NO. 8 Bojongbata Kec. Pemalang Kab. Pemalang Prov. Jawa Tengah,Kab. Pemalang,,Jawa Tengah
20232410,SMAS YAPISA,https://sekolah.data.kemdikbud.go.id/index.php/Chome/profil/9C2F4D8F-0C35-48FF-BC51-52F8286515D4,JL. KH. RAFEI NO. 11 DS. NAGRAK Nagrak Kec. Gunungputri Kab. Bogor Prov. Jawa Barat,Kab. Bogor,,Jawa Barat
30109718,SMAN 2 SUNGAI KAKAP,https://sekolah.data.kemdikbud.go.id/index.php/Chome/profil/84433F2A-FD2D-4E03-B859-52F889452067,JL. Daeng Hasyim JERUJU BESAR Kec. Sungai Kakap Kab. Kubu Raya Prov. Kalimantan Barat,Kab. Kubu Raya,,Kalimantan Barat
20533618,SMA ISLAM NUSANTARA,https://sekolah.data.kemdikbud.go.id/index.php/Chome/profil/07E4D14E-E0AF-417C-824F-52FAB8BE6C5F,JL. Mayjen Haryono XXI/30 Dinoyo Kec. Lowokwaru Kota Malang Prov. Jawa Timur,,Kota Malang,Jawa Timur
69980503,SMAN 24 BATAM,https://sekolah.data.kemdikbud.go.id/index.php/Chome/profil/6218F350-A7CE-412A-B4EF-52FC117FFB42,Jl. KH. Ahmad Dahlan Tanjung Riau Kec. Sekupang Kota Batam Prov. Kepulauan Riau,,Kota Batam,Kepulauan Riau
50308366,SMAS MUHAMMADIYAH,https://sekolah.data.kemdikbud.go.id/index.php/Chome/profil/5E87C1C8-7F37-43D2-8ED8-52FE837C2977,TERANG Golo Sepang Kec. Boleng Kab. Manggarai Barat Prov. Nusa Tenggara Timur,Kab. Manggarai Barat,,Nusa Tenggara Timur
69880251,SMA NEGERI 10 GORONTALO UTARA,https://sekolah.data.kemdikbud.go.id/index.php/Chome/profil/19D8A7A7-EAD0-45DE-87A6-53018F8104F2,Jl. Trans Sulawesi Biau Kec. Biau Kab. Gorontalo Utara Prov. Gorontalo,Kab. Gorontalo Utara,,Gorontalo
69872006,SMA ISLAM TERPADU MEKARMUKTI,https://sekolah.data.kemdikbud.go.id/index.php/Chome/profil/2FBBFBF7-93F5-4615-9595-53038E67B3AB,KP. CIPEER RT 02 RW 01 Mekarmukti Kec. Mekarmukti Kab. Garut Prov. Jawa Barat,Kab. Garut,,Jawa Barat
20403147,SMAS MUHAMMADIYAH 5 YOGYAKARTA,https://sekolah.data.kemdikbud.go.id/index.php/Chome/profil/20FAA494-4B04-4FBD-A02E-5304722D831F,PURWODININGRATAN  NG. I 902 A YOGYAKARTA Ngampilan Kec. Ngampilan Kota Yogyakarta Prov. D.I. Yogyakarta,,Kota Yogyakarta,D.I. Yogyakarta
69950289,SMA PLUS DAMAR BANGSA,https://sekolah.data.kemdikbud.go.id/index.php/Chome/profil/FF69EB30-A87D-45B7-8721-53051E06A28C,Jl. Palasari KM. 2 RT.03/1 Palasari Hilir Kec. Parungkuda Kab. Sukabumi Prov. Jawa Barat,Kab. Sukabumi,,Jawa Barat
69947303,SMA Negeri 3 Kluet Timur,https://sekolah.data.kemdikbud.go.id/index.php/Chome/profil/CE931038-BDC2-4A4D-A451-53101059D23F,Gampong Lawe Sawah Lawe Sawah Kec. Kluet Timur Kab. Aceh Selatan Prov. Aceh,Kab. Aceh Selatan,,Aceh
50103361,SMA Negeri 3 Amlapura,https://sekolah.data.kemdikbud.go.id/index.php/Chome/profil/123BA8C2-5BB0-45B2-B1AC-5312D0E898A9,DESA SERAYA KEC. KARANGASEM Seraya Kec. Karangasem Kab. Karangasem Prov. Bali,Kab. Karangasem,,Bali
20538395,SMA NEGERI 1 PRAMBON NGANJUK,https://sekolah.data.kemdikbud.go.id/index.php/Chome/profil/CB716960-4087-46FC-A853-5313FE02E43F,JL. A. YANI 1 SUGIHWARAS PRAMBON Sugihwaras Kec. Prambon Kab. Nganjuk Prov. Jawa Timur,Kab. Nganjuk,,Jawa Timur
10212010,SMAN 4 TANJUNGBALAI,https://sekolah.data.kemdikbud.go.id/index.php/Chome/profil/D438F1BD-FDC8-4679-A4B8-531BDA8298C7,JL. HIU Pematang Pasir Kec. Teluk Nibung Kota Tanjung Balai Prov. Sumatera Utara,,Kota Tanjung Balai,Sumatera Utara
20102573,SMAN 60 JAKARTA,https://sekolah.data.kemdikbud.go.id/index.php/Chome/profil/53D1BBFD-7671-427E-90CA-531C8440A329,JL. KEMANG TIMUR I NO. 6 Bangka Kec. Mampang Prapatan Kota Adm. Jakarta Selatan Prov. D.K.I. Jakarta,,Kota Adm. Jakarta Selatan,D.K.I. Jakarta
30200287,SMAN 1 KAPUAS BARAT,https://sekolah.data.kemdikbud.go.id/index.php/Chome/profil/618A8659-91FB-4007-B725-5326AD694E3C,JL. PEMUDA KM. 1 MANDOMAI KEC.KAPUAS BAR... Mandomai Kec. Kapuas Barat Kab. Kapuas Prov. Kalimantan Tengah,Kab. Kapuas,,Kalimantan Tengah
10307312,SMAN 4 PARIAMAN,https://sekolah.data.kemdikbud.go.id/index.php/Chome/profil/CF9ED1FB-1399-4957-ABA5-532ACB7E8FBD,JL. SITI MANGGOPOH Naras Hilir Kec. Pariaman Utara Kota Pariaman Prov. Sumatera Barat,,Kota Pariaman,Sumatera Barat
10218968,SMAS TAMAN SISWA LUBUK PAKAM,https://sekolah.data.kemdikbud.go.id/index.php/Chome/profil/D1C35202-7C17-4A42-8C10-53303DE73AD4,JL. KARTINI NO.1 LUBUK PAKAM Lubuk Pakam Tiga Kec. Lubuk Pakam Kab. Deli Serdang Prov. Sumatera Utara,Kab. Deli Serdang,,Sumatera Utara
10258247,SMA NEGERI 1 TOMA,https://sekolah.data.kemdikbud.go.id/index.php/Chome/profil/AECC4111-7573-44E5-90A5-5333AC92A3A9,Hilisataro Eho Sofayo Hilisataro Eho Sofayo Kec. Toma Kab. Nias Selatan Prov. Sumatera Utara,Kab. Nias Selatan,,Sumatera Utara
69948835,SMA HIGHFIELD,https://sekolah.data.kemdikbud.go.id/index.php/Chome/profil/7663C01C-DD76-4463-A8FA-533596955D3F,Jl. Raya Rawa Domba No.88 Duren Sawit Kec. Duren Sawit Kota Adm. Jakarta Timur Prov. D.K.I. Jakarta,,Kota Adm. Jakarta Timur,D.K.I. Jakarta
50300269,SMA NEGERI 1 AMARASI,https://sekolah.data.kemdikbud.go.id/index.php/Chome/profil/ADE0FE61-CD9A-4947-A2D6-5337A040810D,JL. OEKABITI Kotabes Kec. Amarasi Kab. Kupang Prov. Nusa Tenggara Timur,Kab. Kupang,,Nusa Tenggara Timur
10210751,SMAS INDONESIA MEMBANGUN,https://sekolah.data.kemdikbud.go.id/index.php/Chome/profil/480277E0-0EB9-4DDF-94F7-533B48F2DD34,JL. Air Bersih No. 59 Sudi Rejo I Kec. Medan Kota Kota Medan Prov. Sumatera Utara,,Kota Medan,Sumatera Utara
50203323,SMAS MUHAMMADIYAH ALAS,https://sekolah.data.kemdikbud.go.id/index.php/Chome/profil/68D404FF-5B0A-45AB-BDBF-534A35E8A0CC,JL. UNDRU NO 15 ALAS Dalam Kec. Alas Kab. Sumbawa Prov. Nusa Tenggara Barat,Kab. Sumbawa,,Nusa Tenggara Barat
10609671,SMA NURUL IMAN PALEMBANG,https://sekolah.data.kemdikbud.go.id/index.php/Chome/profil/D12C4C03-9F82-43EC-9432-5352B63C87EE,JL. MAYOR SALIM BATU BARA NO. 358 PALEMB... Sekip Jaya Kec. Kemuning Kota Palembang Prov. Sumatera Selatan,,Kota Palembang,Sumatera Selatan
69976885,SMA An-Najah Putra,https://sekolah.data.kemdikbud.go.id/index.php/Chome/profil/B8E57B9D-ED58-46C2-AAFF-53535BB0AE06,Desa Bingkulu Rt. 05 Rw. 02 Bingkulu Kec. Tambang Ulang Kab. Tanah Laut Prov. Kalimantan Selatan,Kab. Tanah Laut,,Kalimantan Selatan
20219715,SMAS BPK 3 PENABUR BANDUNG,https://sekolah.data.kemdikbud.go.id/index.php/Chome/profil/94C1EA4F-2CFF-479F-8722-5354F15BDFFA,JL. RAYA CIBEUREUM NO. 92 Campaka Kec. Andir Kota Bandung Prov. Jawa Barat,,Kota Bandung,Jawa Barat
70047679,SMA BAITUL IZZAH BOARDING SCHOOL,https://sekolah.data.kemdikbud.go.id/index.php/Chome/profil/77A5F09C-D022-4D3D-8E62-5364CE507DA1,Jl. Karya Bakti No. 98 Kampung Pasir Kia... Cipageran Kec. Cimahi Utara Kota Cimahi Prov. Jawa Barat,,Kota Cimahi,Jawa Barat
60101018,SMA Negeri 6 Buru Selatan,https://sekolah.data.kemdikbud.go.id/index.php/Chome/profil/F653AABC-B418-44BC-AF79-5364E91D75D4,Jl. Air Samana - Waesili Waesili Kec. Waesama Kab. Buru Selatan Prov. Maluku,Kab. Buru Selatan,,Maluku
10646205,SMA PGRI TANAH ABANG,https://sekolah.data.kemdikbud.go.id/index.php/Chome/profil/AD269F51-D732-485A-BE95-5367AFD1FD01,JL. PERTAMINA PENDOPO TANAH ABANG JAYA Tanah Abang Utara KEC. TANAH ABANG Kab. Penukal Abab Lematang Ilir Prov. Sumatera Selatan,Kab. Penukal Abab Lematang Ilir,,Sumatera Selatan
30107672,SMAN 2 SEKAYAM,https://sekolah.data.kemdikbud.go.id/index.php/Chome/profil/33B13F0C-5823-4DBD-8FE1-536853AAF91C,JL. RAYA LINTAS SEKAYAM KM.07 Kec. Sekay... Kenaman Kec. Sekayam Kab. Sanggau Prov. Kalimantan Barat,Kab. Sanggau,,Kalimantan Barat
20500460,SMAS MUHAMMADIYAH 5,https://sekolah.data.kemdikbud.go.id/index.php/Chome/profil/BE39A8FA-31A7-4991-A57D-5368A4FA5787,JL. RAYA PADANGBANDUNG BO 08 Padang Bandung Kec. Dukun Kab. Gresik Prov. Jawa Timur,Kab. Gresik,,Jawa Timur
70002292,SMA Negeri 1 Kalapanunggal,https://sekolah.data.kemdikbud.go.id/index.php/Chome/profil/BA6E779B-8EC4-4B28-9010-536C2B2F1C3B,Jl. Kalapanunggal - Cikidang  Kp. DAM Kalapanunggal Kec. Kalapa Nunggal Kab. Sukabumi Prov. Jawa Barat,Kab. Sukabumi,,Jawa Barat
69989973,SMAN 3 BATAUGA,https://sekolah.data.kemdikbud.go.id/index.php/Chome/profil/D36AE982-ABD9-461A-B8A1-5372DD21B27F,Jalan Gajah Mada Lawela Selatan Kec. Batauga Kab. Buton Selatan Prov. Sulawesi Tenggara,Kab. Buton Selatan,,Sulawesi Tenggara
20400406,SMA NEGERI 1 BANGUNTAPAN,https://sekolah.data.kemdikbud.go.id/index.php/Chome/profil/768AC7BF-6B2D-4165-B5EC-53730D202992,"NGENTAK, BATURETNO, BANGUNTAPAN, BANTUL Baturetno Kec. Banguntapan Kab. Bantul Prov. D.I. Yogyakarta",Kab. Bantul,,D.I. Yogyakarta
40102415,SMAS KOSGORO SEREY,https://sekolah.data.kemdikbud.go.id/index.php/Chome/profil/6E8FF843-D170-496D-B520-5374F9B3757B,SEREY Serey Kec. Likupang Barat Kab. Minahasa Utara Prov. Sulawesi Utara,Kab. Minahasa Utara,,Sulawesi Utara
20222368,SMAS IT NURUSSHIDIQ CIREBON,https://sekolah.data.kemdikbud.go.id/index.php/Chome/profil/3A0C555D-0F9E-4523-AC06-5375247AF8BC,JL. WIRATAMA NO 30 Sukapura Kec. Kejaksan Kota Cirebon Prov. Jawa Barat,,Kota Cirebon,Jawa Barat
10260179,SMAS JABAL THARIQ,https://sekolah.data.kemdikbud.go.id/index.php/Chome/profil/456DB9F3-1F6E-4D4D-8B6D-5375A6F633AE,"Desa Batang Pane II Kec, Halongonan Timu... Batang Pane Ii Kec. Padang Bolak Kab. Padang Lawas Utara Prov. Sumatera Utara",Kab. Padang Lawas Utara,,Sumatera Utara
20107399,SMAS YANIIC JAKARTA,https://sekolah.data.kemdikbud.go.id/index.php/Chome/profil/281ED159-5F65-4650-9A3D-537923D77C81,JL. TELUK SEMANGKA NO. 103 Suka Pura Kec. Cilincing Kota Adm. Jakarta Utara Prov. D.K.I. Jakarta,,Kota Adm. Jakarta Utara,D.K.I. Jakarta
20212960,SMA NEGERI 1 LEBAKWANGI,https://sekolah.data.kemdikbud.go.id/index.php/Chome/profil/EA2D9483-190A-4E18-B164-53799201DB99,Jalan Raya Cinagara No. 01 Lebakwangi Ku... Cinagara Kec. Lebakwangi Kab. Kuningan Prov. Jawa Barat,Kab. Kuningan,,Jawa Barat
40405113,SMAN 9 KONAWE SELATAN,https://sekolah.data.kemdikbud.go.id/index.php/Chome/profil/828267A5-B768-41FF-9F69-537B840B4877,Kompleks Perkantoran Kec. Laonti Ulu Sawa Kec. Laonti Kab. Konawe Selatan Prov. Sulawesi Tenggara,Kab. Konawe Selatan,,Sulawesi Tenggara
70002114,SMA Negeri 3 Cibal,https://sekolah.data.kemdikbud.go.id/index.php/Chome/profil/DF0B2F57-177A-4DF0-84A4-5380EF8619E2,"Jl. Ruteng-Beamese, Desa Beamese, Kec. C... Bea Mese Kec. Cibal Kab. Manggarai Prov. Nusa Tenggara Timur",Kab. Manggarai,,Nusa Tenggara Timur
30400220,SMA NEGERI 1 TENGGARONG SEBERANG,https://sekolah.data.kemdikbud.go.id/index.php/Chome/profil/A491F5E8-28BC-422B-95C9-5385FF087CB5,JL. POROS SEPARI I Bukit Pariaman Kec. Tenggarong Seberang Kab. Kutai Kartanegara Prov. Kalimantan Timur,Kab. Kutai Kartanegara,,Kalimantan Timur
70037073,SMA ISLAM NURUL AZHAR,https://sekolah.data.kemdikbud.go.id/index.php/Chome/profil/B53D5EEC-73DF-462B-BBFC-5386AD1E584F,Jln. Otak Kokoq Sukadana Kec. Terara Kab. Lombok Timur Prov. Nusa Tenggara Barat,Kab. Lombok Timur,,Nusa Tenggara Barat
10507246,SMAS HAFIDZ AL-FATAH,https://sekolah.data.kemdikbud.go.id/index.php/Chome/profil/273E86D7-0BBC-4C9F-804D-538A3BAEB533,DESA TELUK KECIMBUNG Teluk Kecimbung Kec. Bathin VIII Kab. Sarolangun Prov. Jambi,Kab. Sarolangun,,Jambi
10505435,SMAN 12 TEBO,https://sekolah.data.kemdikbud.go.id/index.php/Chome/profil/3A8FC21E-9913-4373-B773-5392CFDD810C,JL. PADANG LAMA Teluk Kembang Jambu Kec. Tebo Ulu Kab. Tebo Prov. Jambi,Kab. Tebo,,Jambi
