kode,nama,link_profil,alamat,kabupaten,kota,provinsi
50203310,SMAN 1 SUMBAWA BESAR,https://sekolah.data.kemdikbud.go.id/index.php/Chome/profil/D5430F81-8443-46BC-8326-611754042911,JL. GARUDA NO. 1 SUMBAWA  BESAR Bugis Kec. Sumbawa Kab. Sumbawa Prov. Nusa Tenggara Barat,Kab. Sumbawa,,Nusa Tenggara Barat
10400866,SMAS KURNIA JAYA,https://sekolah.data.kemdikbud.go.id/index.php/Chome/profil/89A98F98-FBD9-4C21-A5AC-611CD3092E59,JL.PELAJAR Pangkalan Nyirih Kec. Rupat Kab. Bengkalis Prov. Riau,Kab. Bengkalis,,Riau
10645758,SMAN 2 KIKIM TIMUR,https://sekolah.data.kemdikbud.go.id/index.php/Chome/profil/4522B49B-59C0-40E3-BC59-611D0184ED44,Jln. Trans Bumi Lampung Linggar Jaya Kec. Kikim Timur Kab. Lahat Prov. Sumatera Selatan,Kab. Lahat,,Sumatera Selatan
20215022,SMAS NASRUL ULUM GEGESIK,https://sekolah.data.kemdikbud.go.id/index.php/Chome/profil/7B3761B2-2DD9-4FB3-B021-612642D5570A,JL. RAYA JAGAPURA GEGESIK Jagapura Kulon Kec. Gegesik Kab. Cirebon Prov. Jawa Barat,Kab. Cirebon,,Jawa Barat
30400573,SMA NEGERI 1 LONG BAGUN,https://sekolah.data.kemdikbud.go.id/index.php/Chome/profil/CEF0DAE4-DFBA-46E2-AE7A-6129837BBCBC,"JL. BANG JUK, DS. UJOH BILANG RT IX Ujoh Bilang KEC. LONG BAGUN Kab. Mahakam Ulu Prov. Kalimantan Timur",Kab. Mahakam Ulu,,Kalimantan Timur
40100321,SMA NEGERI 1 PINOLOSIAN,https://sekolah.data.kemdikbud.go.id/index.php/Chome/profil/553CFC93-B3F7-465E-BE72-6129A42ECC2C,JL. SISWA Ilomata Kec. Pinolosian Kab. Bolaang Mongondow Selatan Prov. Sulawesi Utara,Kab. Bolaang Mongondow Selatan,,Sulawesi Utara
50303422,SMAS SETIA BAKTI,https://sekolah.data.kemdikbud.go.id/index.php/Chome/profil/284F6060-4C2E-4AB9-BA83-612FCDEB6B4F,JL. PELITA NO. 3 RUTENG Watu Kec. Langke Rembong Kab. Manggarai Prov. Nusa Tenggara Timur,Kab. Manggarai,,Nusa Tenggara Timur
20107331,SMAS SULUH JAKARTA,https://sekolah.data.kemdikbud.go.id/index.php/Chome/profil/B8BF69B9-B13A-4771-98F1-613062BE3AEC,JL. PALAPA RAYA NO. 1 Pasar Minggu Kec. Pasar Minggu Kota Adm. Jakarta Selatan Prov. D.K.I. Jakarta,,Kota Adm. Jakarta Selatan,D.K.I. Jakarta
20505007,SMA NEGERI 3 TUBAN,https://sekolah.data.kemdikbud.go.id/index.php/Chome/profil/E5DDFCA2-9C13-4F10-9D4F-613201731B6D,JL. MANUNGGAL 14 GEDONGOMBO SEMANDING Gedongombo Kec. Semanding Kab. Tuban Prov. Jawa Timur,Kab. Tuban,,Jawa Timur
50304946,SMAN 6 KUPANG,https://sekolah.data.kemdikbud.go.id/index.php/Chome/profil/F746BB59-1FEB-4E05-97AC-61382BE518BE,Jl. H.R KOROH Sikumana Kec. Maulafa Kota Kupang Prov. Nusa Tenggara Timur,,Kota Kupang,Nusa Tenggara Timur
69953890,SMA AL QURAN WAHDAH ISLAMIYAH,https://sekolah.data.kemdikbud.go.id/index.php/Chome/profil/2FDD99C2-719A-4278-9C99-613B011885C9,"Jl. Prof. Muh. Yamin, Komp. BTN Membiri PUUWATU Kec. Puuwatu Kota Kendari Prov. Sulawesi Tenggara",,Kota Kendari,Sulawesi Tenggara
30405576,SMAN 1 KUARO,https://sekolah.data.kemdikbud.go.id/index.php/Chome/profil/FA85201A-0612-476E-B061-61403A1DF9F8,JL. PATTIMURA Padang Jaya Kec. Kuaro Kab. Paser Prov. Kalimantan Timur,Kab. Paser,,Kalimantan Timur
30204237,SMA YARA AIRO KASONGAN,https://sekolah.data.kemdikbud.go.id/index.php/Chome/profil/23AEA14E-FD6B-4F91-A9CA-6143F5B7CC2F,"JL.Sukaramai, Bukit Batu Kasongan Baru Kec. Katingan Hilir Kab. Katingan Prov. Kalimantan Tengah",Kab. Katingan,,Kalimantan Tengah
20214981,SMAN 1 SURANENGGALA,https://sekolah.data.kemdikbud.go.id/index.php/Chome/profil/10316991-0F2B-4DCD-85BA-614759E00680,Jl. Syekh Magelung Suranenggala Kidul Kec. Suranenggala Kab. Cirebon Prov. Jawa Barat,Kab. Cirebon,,Jawa Barat
60401776,SMAN 1 TEMINABUAN,https://sekolah.data.kemdikbud.go.id/index.php/Chome/profil/AF2B6697-7942-4A3B-8B3A-614814D55F38,JL. BRAWIJAYA Seyolo Kec. Teminabuan Kab. Sorong Selatan Prov. Papua Barat Daya,Kab. Sorong Selatan,,Papua Barat Daya
10302404,SMAN 2 LINTAU BUO,https://sekolah.data.kemdikbud.go.id/index.php/Chome/profil/EBBD629D-EB13-42C6-A451-615566338B2D,JL. RAYA SETANGKAI - BALAI TANGAH KM 2 TIGO JANGKO Kec. Lintau Buo Kab. Tanah Datar Prov. Sumatera Barat,Kab. Tanah Datar,,Sumatera Barat
69988632,SMAS KRISTEN BERKAT ANUGERAH DESA BUO,https://sekolah.data.kemdikbud.go.id/index.php/Chome/profil/5809A356-8CB6-4E57-A0E1-615A9DEF17BC,Jln. Siswa Buo Kec. Loloda Kab. Halmahera Barat Prov. Maluku Utara,Kab. Halmahera Barat,,Maluku Utara
69968827,SMAN 1 TANJUNG SARI,https://sekolah.data.kemdikbud.go.id/index.php/Chome/profil/16195025-F33C-42BD-96C5-61609FC3C88D,JL. Raya Desa Wonodadi Wonodadi Kec. Tanjung Sari Kab. Lampung Selatan Prov. Lampung,Kab. Lampung Selatan,,Lampung
30101970,SMAS KARYA KASIH PARINDU,https://sekolah.data.kemdikbud.go.id/index.php/Chome/profil/99ACA64B-137E-434D-912D-616181AD2A99,JL. MERDEKA Pusat Damai Kec. Parindu Kab. Sanggau Prov. Kalimantan Barat,Kab. Sanggau,,Kalimantan Barat
70053634,SMA AL-KARIM BANDAR LAMPUNG,https://sekolah.data.kemdikbud.go.id/index.php/Chome/profil/E7388838-8059-43B0-BCD7-616B0978258E,JL. Raya Pinang jaya Pinang Jaya Kec. Kemiling Kota Bandar Lampung Prov. Lampung,,Kota Bandar Lampung,Lampung
10648065,SMAN 2 MUARA PINANG,https://sekolah.data.kemdikbud.go.id/index.php/Chome/profil/F5782417-85D4-4F50-9CE1-616D355356FF,Jalan Kepahiyang Pagaralam Desa Talang B... Talang Benteng Kec. Muara Pinang Kab. Empat Lawang Prov. Sumatera Selatan,Kab. Empat Lawang,,Sumatera Selatan
30203412,SMAS KATOLIK SANTO PETRUS KANISIUS,https://sekolah.data.kemdikbud.go.id/index.php/Chome/profil/4F6756E0-4B5C-4E02-AD46-616E503892D5,JL. TJILIK RIWUT KM 1 NO Palangka Kec. Jekan Raya Kota Palangka Raya Prov. Kalimantan Tengah,,Kota Palangka Raya,Kalimantan Tengah
10805990,SMAS MUHAMMADIYAH 1 GUNUNG PELINDUNG,https://sekolah.data.kemdikbud.go.id/index.php/Chome/profil/E5B95320-E26F-4C07-AE1D-61714C1CBC52,Jalan KH Ahmad Dahlan Nomor 48 Gang VI P... Pelindung Jaya Kec. Gunung Pelindung Kab. Lampung Timur Prov. Lampung,Kab. Lampung Timur,,Lampung
50310801,SMAN 2 LEMBOR SELATAN,https://sekolah.data.kemdikbud.go.id/index.php/Chome/profil/F936EAD7-A188-41AA-B892-61775E1088AC,KAKOR Kakor Kec. Lembor Selatan Kab. Manggarai Barat Prov. Nusa Tenggara Timur,Kab. Manggarai Barat,,Nusa Tenggara Timur
70054944,SEKOLAH MENENGAH ATAS IT SABILUL HAQ,https://sekolah.data.kemdikbud.go.id/index.php/Chome/profil/0C273E51-AC6E-45A0-95C3-617BB0333E7D,Jalan Pulai Simpang Rumbio Kec. Lubuk Sikarah Kota Solok Prov. Sumatera Barat,,Kota Solok,Sumatera Barat
20527232,SMAN 1 PAKONG,https://sekolah.data.kemdikbud.go.id/index.php/Chome/profil/DB25735B-AA3F-459F-A505-617E8B12CDCA,JL.RAYA SUMBER BINTANG 24 Pakong Kec. Pakong Kab. Pamekasan Prov. Jawa Timur,Kab. Pamekasan,,Jawa Timur
20542498,SMAN 1 MUNJUNGAN,https://sekolah.data.kemdikbud.go.id/index.php/Chome/profil/9320FB0A-2E3B-4ABD-84BA-6184E221BA9A,JL. TERUSAN SOLODIPO Masaran Kec. Munjungan Kab. Trenggalek Prov. Jawa Timur,Kab. Trenggalek,,Jawa Timur
20500661,SMAS AL AZHAR MENGANTI,https://sekolah.data.kemdikbud.go.id/index.php/Chome/profil/40CD7C0A-0D44-47D2-BC88-61900F21554F,JL. RAYA MENGANTI KRAJAN 474 Menganti Kec. Menganti Kab. Gresik Prov. Jawa Timur,Kab. Gresik,,Jawa Timur
70001747,SMA ENTREPRENEURSHIP CHEVALIER ANASAI,https://sekolah.data.kemdikbud.go.id/index.php/Chome/profil/18F990AB-64B9-4580-9526-61947533C152,Jl. Raya Kuprik Kumbe Matara Kec. Semangga Kab. Merauke Prov. Papua Selatan,Kab. Merauke,,Papua Selatan
30107862,SMAS BINA SETIA DARIT,https://sekolah.data.kemdikbud.go.id/index.php/Chome/profil/83402A86-758C-4C2C-A4A7-6194B52B5159,JL.RAYA DARIT Darit Kec. Menyuke Kab. Landak Prov. Kalimantan Barat,Kab. Landak,,Kalimantan Barat
69976960,UPTD SMA NEGERI 1 MATANGNGA,https://sekolah.data.kemdikbud.go.id/index.php/Chome/profil/2896A8DD-FE24-4E98-9FCD-6194E7549E5B,Jl. Poros Matangnga Matangnga Kec. Matangnga Kab. Polewali Mandar Prov. Sulawesi Barat,Kab. Polewali Mandar,,Sulawesi Barat
70014098,SMAS ISLAM TERPADU WAHDAH ISLAMIYAH GOWA,https://sekolah.data.kemdikbud.go.id/index.php/Chome/profil/4C1C300A-ED62-491F-A37A-61A1598B13BD,Jl. Damai I Mawang Mawang Kec. Somba Opu Kab. Gowa Prov. Sulawesi Selatan,Kab. Gowa,,Sulawesi Selatan
69954016,SMA AL - HIDAYAT,https://sekolah.data.kemdikbud.go.id/index.php/Chome/profil/6C88C4B3-51C7-491C-BFFF-61AA7CD7FCEB,JL. POROS CIPTA PRAJA SIDO REJO KM. 5 Cipta Praja Kec. Keluang Kab. Musi Banyuasin Prov. Sumatera Selatan,Kab. Musi Banyuasin,,Sumatera Selatan
40314453,SMAN 13 GOWA,https://sekolah.data.kemdikbud.go.id/index.php/Chome/profil/55507B88-03EB-4946-AC20-61AC2FAC96E2,JL. Pendidikan Bontoramba Kec. Bontonompo Selatan Kab. Gowa Prov. Sulawesi Selatan,Kab. Gowa,,Sulawesi Selatan
20215993,SMAN 2 INDRAMAYU,https://sekolah.data.kemdikbud.go.id/index.php/Chome/profil/403D7CF4-BC47-413A-974F-61B2431D98D7,Jl. Pahlawan No. 37 Lemahmekar Kec. Indramayu Kab. Indramayu Prov. Jawa Barat,Kab. Indramayu,,Jawa Barat
10805050,SMAN 1 WONOSOBO,https://sekolah.data.kemdikbud.go.id/index.php/Chome/profil/22025DE9-7A64-47D0-A92E-61B25E010330,JL. GATOT SINAGA SIRING BETIK WONOSOBO Pekon Balak Kec. Wonosobo Kab. Tanggamus Prov. Lampung,Kab. Tanggamus,,Lampung
10807036,SMA S NURUL ISLAM,https://sekolah.data.kemdikbud.go.id/index.php/Chome/profil/6E4641B4-FB7E-4B8C-9BB4-61B99D213B2C,JL.GATOT SUBROTO GG HI. SY. PAYAKUN 55 Garuntang Kec. Bumi Waras Kota Bandar Lampung Prov. Lampung,,Kota Bandar Lampung,Lampung
20308620,SMAS TUNAS HARAPAN AMPEL,https://sekolah.data.kemdikbud.go.id/index.php/Chome/profil/80254E6F-16FC-4290-A2A0-61BC76E38532,"TANGKISAN, KALIGENTONG, AMPEL Kaligentong Kec. Ampel Kab. Boyolali Prov. Jawa Tengah",Kab. Boyolali,,Jawa Tengah
50204009,SMAN 1 SANGGAR,https://sekolah.data.kemdikbud.go.id/index.php/Chome/profil/E0341EF3-E144-4B5A-9350-61C0CCC7A561,Jalan La Hami Sandue Sanggar Sandue Kec. Sanggar Kab. Bima Prov. Nusa Tenggara Barat,Kab. Bima,,Nusa Tenggara Barat
20100182,SMAS MUHAMMADIYAH 2 JAKARTA,https://sekolah.data.kemdikbud.go.id/index.php/Chome/profil/F3D7B44B-47FE-4F53-ACB7-61C97FB31D22,JL. GARUDA NO. 33 Gunung Sahari Selatan Kec. Kemayoran Kota Adm. Jakarta Pusat Prov. D.K.I. Jakarta,,Kota Adm. Jakarta Pusat,D.K.I. Jakarta
20200677,SMAS MUHAMMADIYAH CILEUNGSI,https://sekolah.data.kemdikbud.go.id/index.php/Chome/profil/41C84406-3DCA-4A07-98D3-61C9C821A369,JL. ANGGREK NO.25 CILEUNGSI Cileungsi Kec. Cileungsi Kab. Bogor Prov. Jawa Barat,Kab. Bogor,,Jawa Barat
30303655,SMAN 1 KUSAN HULU,https://sekolah.data.kemdikbud.go.id/index.php/Chome/profil/2D62B34D-63A5-4E1C-9B72-61CB17BD9BC1,Jl. Mandiri Bakti RT. 006 Pacakan Kec. Kusan Hulu Kab. Tanah Bumbu Prov. Kalimantan Selatan,Kab. Tanah Bumbu,,Kalimantan Selatan
20517840,SMAS KHOIRUDDIN GONDANGLEGI,https://sekolah.data.kemdikbud.go.id/index.php/Chome/profil/18AE7473-983A-42C3-ACA9-61CCADDBDFBB,JL. MURCOYO I GONDANGLEGI Gondanglegi Wetan Kec. Gondanglegi Kab. Malang Prov. Jawa Timur,Kab. Malang,,Jawa Timur
50205212,SMAS ISLAM USWATUN HASANAH,https://sekolah.data.kemdikbud.go.id/index.php/Chome/profil/605B6CC4-68A1-4B55-865A-61CE66932A8A,JL. NEGARA MATARAM-LABUAN Aik Dareq Kec. Batukliang Kab. Lombok Tengah Prov. Nusa Tenggara Barat,Kab. Lombok Tengah,,Nusa Tenggara Barat
69978320,SMA Swasta Budi Mulia 2 Kereana,https://sekolah.data.kemdikbud.go.id/index.php/Chome/profil/A47753BE-BFB2-4635-9657-61CF65370437,Jl. Benediktus Bria Taek Kereana Kec. Botin Leobele Kab. Malaka Prov. Nusa Tenggara Timur,Kab. Malaka,,Nusa Tenggara Timur
20508492,SMAN 2 NGAWI,https://sekolah.data.kemdikbud.go.id/index.php/Chome/profil/4E6EA7F0-1284-41CE-96B9-61D1D0C9C14D,JL. A. YANI KLITIK TROMOL POS 7 NGAWI Klitik Kec. Geneng Kab. Ngawi Prov. Jawa Timur,Kab. Ngawi,,Jawa Timur
20310430,SMA MUHAMMADIYAH AL KAUTSAR PROGRAM KHUSUS KARTASURA,https://sekolah.data.kemdikbud.go.id/index.php/Chome/profil/13771AD2-69F3-419F-8E4B-61E036A05413,JL. SLAMET RIYADI NO. 80 KARTASURA Kartasura Kec. Kartasura Kab. Sukoharjo Prov. Jawa Tengah,Kab. Sukoharjo,,Jawa Tengah
20523838,SMAS SATYA DHARMA,https://sekolah.data.kemdikbud.go.id/index.php/Chome/profil/7C1E0985-F49A-451A-A24F-61EB51730C47,JL. PUGER 20 Balung Lor Kec. Balung Kab. Jember Prov. Jawa Timur,Kab. Jember,,Jawa Timur
10603864,SMA NEGERI 04 PALEMBANG,https://sekolah.data.kemdikbud.go.id/index.php/Chome/profil/7DEF60EB-3B9F-45BF-8B29-61EBC99384B2,JL. KI ANWAR MANGKU PLAJU Plaju Ulu Kec. Plaju Kota Palembang Prov. Sumatera Selatan,,Kota Palembang,Sumatera Selatan
60102966,SMAN 13 AMBON,https://sekolah.data.kemdikbud.go.id/index.php/Chome/profil/DD28DEF2-DB9C-452E-8DEA-61F178B64DAB,JL. JEND. SUDIRMAN Pandan Kasturi Kec. Sirimau Kota Ambon Prov. Maluku,,Kota Ambon,Maluku
20224505,SMA Negeri 7 Tasikmalaya,https://sekolah.data.kemdikbud.go.id/index.php/Chome/profil/D3AD6EC2-C798-4E54-AA7D-61F66C2F2FA1,JL. AIR TANJUNG NO. 25 Talagasari Kec. Kawalu Kota Tasikmalaya Prov. Jawa Barat,,Kota Tasikmalaya,Jawa Barat
20506318,SMA MUHAMMADIYAH 9 BRONDONG,https://sekolah.data.kemdikbud.go.id/index.php/Chome/profil/D0D20DFF-FF8F-4852-9ED8-62013D22942E,JL. EMBONG SEPUR GG. III NO. 5 DESA SEDA... Sedayulawas Kec. Brondong Kab. Lamongan Prov. Jawa Timur,Kab. Lamongan,,Jawa Timur
20303981,SMA NEGERI 1 PURWAREJA KLAMPOK,https://sekolah.data.kemdikbud.go.id/index.php/Chome/profil/19FF5C73-428C-4A6A-9D79-62081F3469B7,JL.RAYA PURWAREJA KLAMPOK PURWAREJA Kec. Purwareja Klampok Kab. Banjarnegara Prov. Jawa Tengah,Kab. Banjarnegara,,Jawa Tengah
69920709,SMA IT MUSLIMIN DUMAI,https://sekolah.data.kemdikbud.go.id/index.php/Chome/profil/96570D4C-31A3-4F76-9FEB-620C35E4BB9B,JL. SUDIRMAN KOMPLEK MESJID MUSLIMIN Teluk Binjai Kec. Dumai Timur Kota Dumai Prov. Riau,,Kota Dumai,Riau
10207089,SMAN 1 PADANG BOLAK,https://sekolah.data.kemdikbud.go.id/index.php/Chome/profil/96DE32E7-D946-4B22-91CB-62108D62C8E0,Jl. Kihajar Dewantara No. 50 Lk. VII Pas... Pasar Gunung Tua Kec. Padang Bolak Kab. Padang Lawas Utara Prov. Sumatera Utara,Kab. Padang Lawas Utara,,Sumatera Utara
69964749,SMA AL-KAMILIYYAH BOARDING SCHOOL,https://sekolah.data.kemdikbud.go.id/index.php/Chome/profil/922AFA4B-6805-4D20-9613-6210DAF9FCAE,JL. Sunan Gunung Djati Kp. Cibogo bekasi Sindangmulya Kec. Cibarusah Kab. Bekasi Prov. Jawa Barat,Kab. Bekasi,,Jawa Barat
70055745,SEKOLAH MENENGAH ATAS NEGERI 1 KEMANG,https://sekolah.data.kemdikbud.go.id/index.php/Chome/profil/7B4128D8-2597-48CF-8400-621179C1A8CC,Perumahan Telaga Kahuripan Tegal Kec. Kemang Kab. Bogor Prov. Jawa Barat,Kab. Bogor,,Jawa Barat
70037285,SMA IT Dataqu Imam Syafii,https://sekolah.data.kemdikbud.go.id/index.php/Chome/profil/5B592219-CEF8-4D05-8994-62138049BE12,Komplek Dataqu Imam Syafii Cot Girek Kec. Muara Dua Kota Lhokseumawe Prov. Aceh,,Kota Lhokseumawe,Aceh
20532156,SMAS MUJAHIDIN,https://sekolah.data.kemdikbud.go.id/index.php/Chome/profil/3BEB00A9-2DA6-401B-80EC-6213C2C4CD01,JL. TANJUNG PERAK BARAT NO. 275 Perak Utara Kec. Pabean Cantian Kota Surabaya Prov. Jawa Timur,,Kota Surabaya,Jawa Timur
10648904,SMA IT IZZUDDIN PALEMBANG,https://sekolah.data.kemdikbud.go.id/index.php/Chome/profil/368AAA4D-46CE-4F1D-8851-6214758A07D8,JL. DEMANG LEBAR DAUN Demang Lebar Daun Kec. Ilir Barat I Kota Palembang Prov. Sumatera Selatan,,Kota Palembang,Sumatera Selatan
20280604,SMAS FUTURE GATE,https://sekolah.data.kemdikbud.go.id/index.php/Chome/profil/C6C2B2DB-A10E-4F12-A019-6216534B8690,JL YUDISTIRA KOMP PEMDA BLOK A Jatiasih Kec. Jatiasih Kota Bekasi Prov. Jawa Barat,,Kota Bekasi,Jawa Barat
50204018,SMAS PGRI MONTA,https://sekolah.data.kemdikbud.go.id/index.php/Chome/profil/DFD47199-F21B-482E-B427-621B97498ECA,JL. Tente - Parado Tangga Kec. Monta Kab. Bima Prov. Nusa Tenggara Barat,Kab. Bima,,Nusa Tenggara Barat
10102506,SMA NEGERI 1 SAMATIGA,https://sekolah.data.kemdikbud.go.id/index.php/Chome/profil/9E90810C-B47D-47BA-BF88-621F6535255C,JL. T. DAUD SUAK TIMAH KECAMATAN SAMATIG... Suak Timah Kec. Samatiga Kab. Aceh Barat Prov. Aceh,Kab. Aceh Barat,,Aceh
40305527,SMAN 1 SIDENRENG RAPPANG,https://sekolah.data.kemdikbud.go.id/index.php/Chome/profil/8290E167-6363-4EB2-AD87-6221ECC9B895,JL. KARTINI NO.1 RAPPANG Rappang Kec. Panca Rijang Kab. Sidenreng Rappang Prov. Sulawesi Selatan,Kab. Sidenreng Rappang,,Sulawesi Selatan
10606619,SMAN 1 MADANG SUKU II,https://sekolah.data.kemdikbud.go.id/index.php/Chome/profil/52ECA3ED-B34E-47E3-A44A-62225C8EF24B,Jl. Raya Komering Kota Negara Kec. Madang Suku II Kab. Ogan Komering Ulu Timur Prov. Sumatera Selatan,Kab. Ogan Komering Ulu Timur,,Sumatera Selatan
20221586,SMAS ADVENT SUKABUMI,https://sekolah.data.kemdikbud.go.id/index.php/Chome/profil/DFACD54B-4F6D-49D9-A3F4-622582233E1A,JL. VETERAN II NO. 5 SUKABUMI Cikole Kec. Cikole Kota Sukabumi Prov. Jawa Barat,,Kota Sukabumi,Jawa Barat
10405122,SMAN 1 KUBU,https://sekolah.data.kemdikbud.go.id/index.php/Chome/profil/34B43405-4F06-4F4D-9395-6226420197C2,TELUK MARBAU Teluk Merbau Kec. Kubu Kab.  Rokan Hilir Prov. Riau,Kab.  Rokan Hilir,,Riau
20324393,SMAS HASYIM ASY ARI,https://sekolah.data.kemdikbud.go.id/index.php/Chome/profil/C17E74E3-756B-40A3-A44C-622A1B182370,JL. LETJEND DI PANJAITAN NO.32 Bojongbata Kec. Pemalang Kab. Pemalang Prov. Jawa Tengah,Kab. Pemalang,,Jawa Tengah
20339015,SMA TAMAN MADYA JUWANA,https://sekolah.data.kemdikbud.go.id/index.php/Chome/profil/F5D344F8-F3BD-493C-B7E4-6232A99A49FA,JL. Bajomulyo Growong Lor Kec. Juwana Kab. Pati Prov. Jawa Tengah,Kab. Pati,,Jawa Tengah
10203517,SMA SWASTA BUKIT CAHAYA SIDIKALANG,https://sekolah.data.kemdikbud.go.id/index.php/Chome/profil/7262F8F7-3C25-4B99-B442-623477920F57,JL. MAKMUR NO. 10 SIDIKALANG Batang Beruh Kec. Sidikalang Kab. Dairi Prov. Sumatera Utara,Kab. Dairi,,Sumatera Utara
69864622,SMA NEGERI 2 UNA-UNA,https://sekolah.data.kemdikbud.go.id/index.php/Chome/profil/235B4B2D-4C6B-49D2-81D5-623DA87C9556,JALAN LEGANDAKA Molowagu Kec. Batudaka Kab. Tojo Una Una Prov. Sulawesi Tengah,Kab. Tojo Una Una,,Sulawesi Tengah
40500448,SMA NEGERI 3 GORONTALO UTARA,https://sekolah.data.kemdikbud.go.id/index.php/Chome/profil/6155442C-E2C4-4E1B-A1D4-6244E9929291,Jl. Bintara No.72 Pinontoyonga Kec. Atinggola Kab. Gorontalo Utara Prov. Gorontalo,Kab. Gorontalo Utara,,Gorontalo
40302145,SMAN 5 BARRU,https://sekolah.data.kemdikbud.go.id/index.php/Chome/profil/921D108A-E849-493F-8A68-6245D3065CE8,"JL. Pendidikan Ralla, Kec. Tanete Riaja Lompo Riaja Kec. Tanete Riaja Kab. Barru Prov. Sulawesi Selatan",Kab. Barru,,Sulawesi Selatan
30107918,SMAS PELANGI NUSANTARA PUNGGUR,https://sekolah.data.kemdikbud.go.id/index.php/Chome/profil/BDCEE607-3E9B-4D4B-A65C-624A56917AB6,Jalan Syuhada No. 02 Punggur Sui. kakap ... Punggur Kecil Kec. Sungai Kakap Kab. Kubu Raya Prov. Kalimantan Barat,Kab. Kubu Raya,,Kalimantan Barat
10204236,SMAS ALWASLIYAH 8 MERANTI,https://sekolah.data.kemdikbud.go.id/index.php/Chome/profil/76C9592F-A414-4D88-A35A-6251321CA29A,JL. PERINTIS KEMERDEKAAN NO. 346 MERANTI Meranti Kec. Meranti Kab. Asahan Prov. Sumatera Utara,Kab. Asahan,,Sumatera Utara
70028527,SMA IT YARSI MATARAM,https://sekolah.data.kemdikbud.go.id/index.php/Chome/profil/D43EF2AF-8320-47C6-97B7-6252284C78EC,JL. TGH MOH. RAIS LINGKAR SELATAN KOTA M... Pagutan Kec. Mataram Kota Mataram Prov. Nusa Tenggara Barat,,Kota Mataram,Nusa Tenggara Barat
70013922,SMA Negeri Gamelia,https://sekolah.data.kemdikbud.go.id/index.php/Chome/profil/881E3EE8-76E5-4E59-BBC1-6254F4C38774,"Jl, Trans Karu Ayafofa Kec. Karu Kab. Lanny Jaya Prov. Papua Pegunungan",Kab. Lanny Jaya,,Papua Pegunungan
20614312,SMAS PGRI BOJONEGARA,https://sekolah.data.kemdikbud.go.id/index.php/Chome/profil/482BE1E6-C6D3-47B7-906B-6255C6127391,JL. KH. BAKRI NO. 3 CIRANGGON Bojonegara Kec. Bojonegara Kab. Serang Prov. Banten,Kab. Serang,,Banten
10801964,SMAN 1 KOTA GAJAH,https://sekolah.data.kemdikbud.go.id/index.php/Chome/profil/7A3D2FCC-0F7A-4739-95DC-625886F851A3,JL. Jendral Sudirman Kota Gajah Kec. Kota Gajah Kab. Lampung Tengah Prov. Lampung,Kab. Lampung Tengah,,Lampung
20101313,SMAS KRISTEN SAMARIA KUDUS,https://sekolah.data.kemdikbud.go.id/index.php/Chome/profil/2FEFA364-78C4-426F-968C-625D9933099A,JL RAYA MERUYA UTARA N0 17 Meruya Utara Kec. Kembangan Kota Adm. Jakarta Barat Prov. D.K.I. Jakarta,,Kota Adm. Jakarta Barat,D.K.I. Jakarta
69971484,SMAS DHUHAA ISLAMIC SCHOOL,https://sekolah.data.kemdikbud.go.id/index.php/Chome/profil/6265AB12-4748-42A1-BB1D-625E8DA08BE5,Jl. Sandong Raya Rw.05 Pondok Pucung Kec. Karang Tengah Kota Tangerang Prov. Banten,,Kota Tangerang,Banten
10104525,SMA NEGERI 1 BLANGPEGAYON,https://sekolah.data.kemdikbud.go.id/index.php/Chome/profil/E8350961-6B50-4307-A9B1-6265E2F48548,JL. BLANGBENGKIK Blang Bengkik Kec. Blang Pegayon Kab. Gayo Lues Prov. Aceh,Kab. Gayo Lues,,Aceh
20555368,SMAS RIJAN,https://sekolah.data.kemdikbud.go.id/index.php/Chome/profil/6CE8C61B-C825-48E0-888B-62703EE47462,Jl. Hayam Wuruk No. 22 Pacet Kec. Pacet Kab. Mojokerto Prov. Jawa Timur,Kab. Mojokerto,,Jawa Timur
20252421,SMAS YADIKA 9,https://sekolah.data.kemdikbud.go.id/index.php/Chome/profil/8C837952-AF1B-4884-B362-6270D41C1CB7,JL. BINTARA JAYA VIII NO. 51 BEKASI BARA... Bintara Jaya Kec. Bekasi Barat Kota Bekasi Prov. Jawa Barat,,Kota Bekasi,Jawa Barat
60102249,SMA Negeri 22 Maluku Tengah,https://sekolah.data.kemdikbud.go.id/index.php/Chome/profil/D513C897-1BBB-471A-8EDA-6271DBE188DF,JLN.RAYA TULEHU Tulehu Kec. Salahutu Kab. Maluku Tengah Prov. Maluku,Kab. Maluku Tengah,,Maluku
10806758,SMAS JURAI WIRA NEGERI AGUNG,https://sekolah.data.kemdikbud.go.id/index.php/Chome/profil/3B0F44DC-EC1B-4D5E-9775-62781D78F3E1,Kampung Tanjung Rejo Tanjung Rejo Kec. Negeri Agung Kab. Way Kanan Prov. Lampung,Kab. Way Kanan,,Lampung
20329525,SMA Santo Bernardus,https://sekolah.data.kemdikbud.go.id/index.php/Chome/profil/350796F2-2442-4461-90C7-6282346FE5EB,Jl. Patriot No. 14 Pekalongan Padukuhan Kraton Kec. Pekalongan Utara Kota Pekalongan Prov. Jawa Tengah,,Kota Pekalongan,Jawa Tengah
69989323,SMAN 5 KARIMUN,https://sekolah.data.kemdikbud.go.id/index.php/Chome/profil/18211ABF-E849-4C08-80FF-6296F6C35A9C,Jl. Kampung Harapan TEBING Kec. Tebing Kab. Karimun Prov. Kepulauan Riau,Kab. Karimun,,Kepulauan Riau
10300833,SMAS YAPPAS PASAMAN,https://sekolah.data.kemdikbud.go.id/index.php/Chome/profil/B681803C-B0EF-4CE3-AAA4-629813B18998,Jl. Pagaran-Pasar Rao Nagari Taruang-Taruang Kec. Rao Kab. Pasaman Prov. Sumatera Barat,Kab. Pasaman,,Sumatera Barat
70045207,SMA ISLAM ARAFAH,https://sekolah.data.kemdikbud.go.id/index.php/Chome/profil/A3BAB436-3224-4E59-9CB6-629C9E628E3E,Jl. Warudoyong No. 45 Kuta Kec. Megamendung Kab. Bogor Prov. Jawa Barat,Kab. Bogor,,Jawa Barat
10204225,SMAS KESATUAN MERANTI,https://sekolah.data.kemdikbud.go.id/index.php/Chome/profil/55A1CEA2-0C4F-44B8-AFE5-62A78A2C01F8,JL. JENDERAL SUDIRMAN NO. 47 MERANTI Meranti Kec. Meranti Kab. Asahan Prov. Sumatera Utara,Kab. Asahan,,Sumatera Utara
69935558,SMA TEMASEK INDEPENDENT SCHOOL,https://sekolah.data.kemdikbud.go.id/index.php/Chome/profil/8E32B7E6-3BDE-4A61-9DA2-62A966F6619B,Jl. Sindang Sirna No. 8 Gegerkalong Kec. Sukasari Kota Bandung Prov. Jawa Barat,,Kota Bandung,Jawa Barat
69883646,SMA DEK,https://sekolah.data.kemdikbud.go.id/index.php/Chome/profil/BC5F9579-45EA-40BB-B199-62A9F454E5C9,Jl. AR.Hakim No.63 Ranah Parak Rumbio Kec. Padang Selatan Kota Padang Prov. Sumatera Barat,,Kota Padang,Sumatera Barat
70003435,SMAS ARMY PUTRA MAKASSAR,https://sekolah.data.kemdikbud.go.id/index.php/Chome/profil/97548BFA-1CFA-4876-A60C-62AC217CCD6B,Jln. Goa Ria Poros Laikang Makassar laikang Kec. Biringkanaya Kota Makassar Prov. Sulawesi Selatan,,Kota Makassar,Sulawesi Selatan
20206211,SMA NEGERI 1 LEMBANG,https://sekolah.data.kemdikbud.go.id/index.php/Chome/profil/4AB118AD-00E0-48DB-82B9-62B2BBDFFA20,JL. MARIBAYA NO. 68 LEMBANG Kayuambon Kec. Lembang Kab. Bandung Barat Prov. Jawa Barat,Kab. Bandung Barat,,Jawa Barat
50203688,SMAN 1 KILO,https://sekolah.data.kemdikbud.go.id/index.php/Chome/profil/BA5F4E45-7105-452C-99F7-62BD52000A57,JL. LINTAS LASI KILO Malaju Kec. Kilo Kab. Dompu Prov. Nusa Tenggara Barat,Kab. Dompu,,Nusa Tenggara Barat
20329509,SMA Negeri 4 Pekalongan,https://sekolah.data.kemdikbud.go.id/index.php/Chome/profil/EFE6C612-ECF3-482F-B0AB-62C1B730C321,Jl. HOS Cokroaminoto No. 383A Pekalongan Kuripan Kertoharjo Kec. Pekalongan Selatan Kota Pekalongan Prov. Jawa Tengah,,Kota Pekalongan,Jawa Tengah
10605595,SMAN 1 BABAT SUPAT,https://sekolah.data.kemdikbud.go.id/index.php/Chome/profil/1A956409-31CC-40CD-B7C0-62C1CD0B71F6,JL. PALEMBANG - JAMBI KM 89 DESA BABAT B... Babat Banyuasin Kec. Babat Supat Kab. Musi Banyuasin Prov. Sumatera Selatan,Kab. Musi Banyuasin,,Sumatera Selatan
10700300,SMAS MUHAMMADIYAH,https://sekolah.data.kemdikbud.go.id/index.php/Chome/profil/0F5BB84F-E75C-49F9-B778-62C3B8D6232F,JLN. LETKOL SYAMSUL BAHRUN Purwodadi Kec. Arga Makmur Kab. Bengkulu Utara Prov. Bengkulu,Kab. Bengkulu Utara,,Bengkulu
70049949,SMA MANDIRI SUKABUMI,https://sekolah.data.kemdikbud.go.id/index.php/Chome/profil/4CBA7389-FFA5-4AAE-AAEC-62C412E07EBA,Kp. Cikeuyeup RT.011 RW.005 Ciengang Kec. Gegerbitung Kab. Sukabumi Prov. Jawa Barat,Kab. Sukabumi,,Jawa Barat
70050667,SMAN 3 Tana Tidung,https://sekolah.data.kemdikbud.go.id/index.php/Chome/profil/9C18586E-EBB6-47C4-8AF0-62C7D9DF360B,Jalan Soekarno Hatta Kujau Kec. Betayau Kab. Tana Tidung Prov. Kalimantan Utara,Kab. Tana Tidung,,Kalimantan Utara
10111679,SMA NEGERI 1 TELUK DALAM,https://sekolah.data.kemdikbud.go.id/index.php/Chome/profil/5E85451B-A4EC-40BF-9DC1-62CFA46C1160,JL. LINGKAR SIMEULUE Babussalam Kec. Teluk Dalam Kab. Simeulue Prov. Aceh,Kab. Simeulue,,Aceh
40102618,SMAN 1 MANADO,https://sekolah.data.kemdikbud.go.id/index.php/Chome/profil/2EA39BE5-4472-4027-A548-62D5CED18AAE,JL. PRAMUKA NO.102 Sario Kota Baru Kec. Sario Kota Manado Prov. Sulawesi Utara,,Kota Manado,Sulawesi Utara
10210929,SMAS NASIONAL GULTOM,https://sekolah.data.kemdikbud.go.id/index.php/Chome/profil/306AD0B0-DACA-43BA-B67B-62DACEE153D4,JL. PELITA IV NO. 90 Sidorame Barat Ii Kec. Medan Perjuangan Kota Medan Prov. Sumatera Utara,,Kota Medan,Sumatera Utara
69900411,SMA IT ASH-SHIBGOH,https://sekolah.data.kemdikbud.go.id/index.php/Chome/profil/F0ECDF7C-1BDF-4192-809F-62E4A085C848,JALAN RAYA SERANG KM.12 BITUNG JAYA Bitung Jaya Kec. Cikupa Kab. Tangerang Prov. Banten,Kab. Tangerang,,Banten
69939969,SMA IT ADZIKRI NURUL HUDA,https://sekolah.data.kemdikbud.go.id/index.php/Chome/profil/B32D481C-8426-4656-B4E1-62E6BEDFD655,Kp. Pangkalan Ds. Girijaya Girijaya Kec. Pasirkuda Kab. Cianjur Prov. Jawa Barat,Kab. Cianjur,,Jawa Barat
20549326,SMAS KATOLIK SEMINARI GARUM,https://sekolah.data.kemdikbud.go.id/index.php/Chome/profil/714FECB8-F4B6-46EE-A42B-62EAE633A828,JL. MERDEKA TIMUR 4-6 GARUM Garum Kec. Garum Kab. Blitar Prov. Jawa Timur,Kab. Blitar,,Jawa Timur
69734439,SMAS DARUL HIDAYAH,https://sekolah.data.kemdikbud.go.id/index.php/Chome/profil/1C9D2D0D-1B24-47A8-8200-62F1157BCE21,DUSUN GUJING KETAPANG LAOK Kec. Ketapang Kab. Sampang Prov. Jawa Timur,Kab. Sampang,,Jawa Timur
70036970,SMAS NAUVAL AQiiLAH,https://sekolah.data.kemdikbud.go.id/index.php/Chome/profil/2075DDA8-105A-4F66-89C0-62F388DF7A6A,Jl. Menuju Ke Pantai Wisata Meleura Lakarinta Kec. Lohia Kab. Muna Prov. Sulawesi Tenggara,Kab. Muna,,Sulawesi Tenggara
20500482,SMAS YPM 4 DRIYOREJO,https://sekolah.data.kemdikbud.go.id/index.php/Chome/profil/39F6A4B2-09CF-46EF-A2D1-62F534FA84C2,JL. SUMPUT DRIYOREJO Sumput Kec. Driyorejo Kab. Gresik Prov. Jawa Timur,Kab. Gresik,,Jawa Timur
10806779,SMAN 1 BUAY BAHUGA,https://sekolah.data.kemdikbud.go.id/index.php/Chome/profil/7F575FC0-3F1D-43AF-841E-62FE5490005F,Jl. Mesir Ilir No. 03 Bumiharjo Kec. Bua... Bumi Harjo Kec. Buay Bahuga Kab. Way Kanan Prov. Lampung,Kab. Way Kanan,,Lampung
10203519,SMAS NUSANTARA,https://sekolah.data.kemdikbud.go.id/index.php/Chome/profil/EFD02562-4A9F-4AC1-BE91-6300EEB33E00,JL. NUSANTARA. TIGALINGGA LAU BAGOT Kec. Tigalingga Kab. Dairi Prov. Sumatera Utara,Kab. Dairi,,Sumatera Utara
10263538,SMAS UNGGUL DEL,https://sekolah.data.kemdikbud.go.id/index.php/Chome/profil/0B8B645E-DA41-4856-9656-630540D4D3D1,JL. SISINGAMANGARAJA SITOLUAMA Kec. Lagu Boti Kab. Toba Prov. Sumatera Utara,Kab. Toba,,Sumatera Utara
10402071,SMAN 1 TEMBILAHAN,https://sekolah.data.kemdikbud.go.id/index.php/Chome/profil/4D0BBC6E-BD7A-46D5-815D-6306CA49FC78,JL. PENDIDIKAN NO. 2 TEMBILAHAN Tembilahan Hilir Kec. Tembilahan Kab. Indragiri Hilir Prov. Riau,Kab. Indragiri Hilir,,Riau
70039004,SMA ISLAM ZAINUL HAFIZIN,https://sekolah.data.kemdikbud.go.id/index.php/Chome/profil/C94E0197-A47E-4F90-9F0A-630CE9F3EAAD,"Jln. Gunung Sasak, Aik Ampat Dasan Geres Kec. Gerung Kab. Lombok Barat Prov. Nusa Tenggara Barat",Kab. Lombok Barat,,Nusa Tenggara Barat
10702418,SMAS PGRI,https://sekolah.data.kemdikbud.go.id/index.php/Chome/profil/831B9C6A-2B41-4FAC-AE8E-6310787FF719,JL. SEPAKAT Sawah Lebar Kec. Ratu Agung Kota Bengkulu Prov. Bengkulu,,Kota Bengkulu,Bengkulu
20227857,SMA MARDIKA PASEH,https://sekolah.data.kemdikbud.go.id/index.php/Chome/profil/E7A3B190-EC28-4B86-8B87-6313CA70D9C2,JL.KADATUAN NO.51 MEKARPAWITAN PASEH Mekarpawitan Kec. Paseh Kab. Bandung Prov. Jawa Barat,Kab. Bandung,,Jawa Barat
20227884,SMA TUNAS BARU CIPARAY,https://sekolah.data.kemdikbud.go.id/index.php/Chome/profil/27F21846-ED98-4EE3-813E-631498C09786,JL. RAYA LASWI NO.492 CIPARAY Gunungleutik Kec. Ciparay Kab. Bandung Prov. Jawa Barat,Kab. Bandung,,Jawa Barat
69953793,SMA NEGERI 2 TELUK MERANTI,https://sekolah.data.kemdikbud.go.id/index.php/Chome/profil/3A5B61D6-67FB-49F3-91BF-6320A5DDF779,JL. Lintas Bono desa segamai Segamai Kec. Teluk Meranti Kab.  Pelalawan Prov. Riau,Kab.  Pelalawan,,Riau
10105397,SMAN 6 BANDA ACEH,https://sekolah.data.kemdikbud.go.id/index.php/Chome/profil/77758549-45F7-4A36-B57A-633B2113F923,JL. TGK. COT ARON Lamjabat Kec. Meuraxa Kota Banda Aceh Prov. Aceh,,Kota Banda Aceh,Aceh
40100318,SMAN 1 BOLAANG,https://sekolah.data.kemdikbud.go.id/index.php/Chome/profil/3D3BCE57-4504-4B19-BD0A-633C1A491CBA,JL. RAYA AKD INOBONTO Inobonto Dua Kec. Bolaang Kab. Bolaang Mongondow Prov. Sulawesi Utara,Kab. Bolaang Mongondow,,Sulawesi Utara
70008151,SMAN 8 MEYAH TESTEGA PEGUNUNGAN ARFAK,https://sekolah.data.kemdikbud.go.id/index.php/Chome/profil/974C0698-AAB5-4B05-9C84-6343472BAD3C,Jalan Salju Maskora Kampung Meifekeni Meifekeni Kec. Testega Kab. Pegunungan Arfak Prov. Papua Barat,Kab. Pegunungan Arfak,,Papua Barat
70011749,SMA NEGERI 19 BOMBANA,https://sekolah.data.kemdikbud.go.id/index.php/Chome/profil/B7296218-1676-4358-B680-6344EB1E2819,DUSUN TANAH LAPANG Babamolingku Kec. Poleang Barat Kab. Bombana Prov. Sulawesi Tenggara,Kab. Bombana,,Sulawesi Tenggara
30301001,SMAN 1 TAMBAN,https://sekolah.data.kemdikbud.go.id/index.php/Chome/profil/B218D9EC-9C7B-4689-BFCB-634D7828AF75,JL. PURWOSARI II KM 10 Purwosari Ii Kec. Tamban Kab. Barito Kuala Prov. Kalimantan Selatan,Kab. Barito Kuala,,Kalimantan Selatan
69925473,SMA NURUL JANAH,https://sekolah.data.kemdikbud.go.id/index.php/Chome/profil/ADF814A1-8C10-4B6E-89D0-634E9C3DADD9,Kp.Rawaputat Rt.04/03 Sukaraharja Kec. Cibeber Kab. Cianjur Prov. Jawa Barat,Kab. Cianjur,,Jawa Barat
90101034,SEKOLAH SI DAVAO TINGKAT SMA,https://sekolah.data.kemdikbud.go.id/index.php/Chome/profil/CB3D1B88-5F3D-42D1-B993-634EDF600332,KONSULAT JENDERAL RI ECOLAND SUBDIVISION... Davao City Davao City Filipina Luar Negeri,,,
20511963,SMAS MUHAMMADIYAH 1 PARE,https://sekolah.data.kemdikbud.go.id/index.php/Chome/profil/4379D65B-82C2-4B32-87E9-6353DF27E079,"JL.MAYJEN MAS ISMAN NO.1, TULUNGREJO Tulungrejo Kec. Pare Kab. Kediri Prov. Jawa Timur",Kab. Kediri,,Jawa Timur
69981389,SMA NEGERI LASIOLAT,https://sekolah.data.kemdikbud.go.id/index.php/Chome/profil/A44EBBA8-5F91-407A-A98F-6354208FBFA7,JL. BERNABA - DUALASI Dualasi Kec. Lasiolat Kab. Belu Prov. Nusa Tenggara Timur,Kab. Belu,,Nusa Tenggara Timur
20511008,SMAS MUHAMMADIYAH PACITAN,https://sekolah.data.kemdikbud.go.id/index.php/Chome/profil/C4037128-C3C0-4DCE-806B-6358A8041244,JL. GAJAH MADA NO. 20 Baleharjo Kec. Pacitan Kab. Pacitan Prov. Jawa Timur,Kab. Pacitan,,Jawa Timur
20613833,SMAN 25 KABUPATEN TANGERANG,https://sekolah.data.kemdikbud.go.id/index.php/Chome/profil/CD9AEC5A-7191-4FEC-8CF4-635A77736474,JL. GATOT SUBROTO PERUMAHAN PURI ANGKASA... Kedaung Barat Kec. Sepatan Timur Kab. Tangerang Prov. Banten,Kab. Tangerang,,Banten
20100190,SMA KRISTEN KARUNIA,https://sekolah.data.kemdikbud.go.id/index.php/Chome/profil/F1D714FD-9FB5-4840-A5BF-63607FB342DA,JL. KARTINI RAYA NO. 10 A Pasar Baru Kec. Sawah Besar Kota Adm. Jakarta Pusat Prov. D.K.I. Jakarta,,Kota Adm. Jakarta Pusat,D.K.I. Jakarta
70052570,SMA TERPADU DARUL FALAH,https://sekolah.data.kemdikbud.go.id/index.php/Chome/profil/C101BAA3-0C34-44D0-9BE2-6362BB99D0D4,Jl. Teluk Grajakan No. 25 RT 05 RW 14 Ke... Pandanwangi Kec. Blimbing Kota Malang Prov. Jawa Timur,,Kota Malang,Jawa Timur
30405634,SMA NEGERI 4 MALINAU,https://sekolah.data.kemdikbud.go.id/index.php/Chome/profil/866299FC-AF9F-4A05-AACC-6365C2E1AAF3,Mentarang Lidung Kemenci Kec. Mentarang Kab. Malinau Prov. Kalimantan Utara,Kab. Malinau,,Kalimantan Utara
20103203,SMAS DON BOSCO 2 JAKARTA,https://sekolah.data.kemdikbud.go.id/index.php/Chome/profil/5CBC93DB-0008-4BB3-82AC-63694E9D187F,JL. PULO MAS BARAT V Kayu Putih Kec. Pulo Gadung Kota Adm. Jakarta Timur Prov. D.K.I. Jakarta,,Kota Adm. Jakarta Timur,D.K.I. Jakarta
69954141,SMA IT NURUL ITTIHAD,https://sekolah.data.kemdikbud.go.id/index.php/Chome/profil/56548003-4FDE-4943-9583-636AB70D0B8F,Jl. Sukagalih No. 1 Sukagalih Kec. Takokak Kab. Cianjur Prov. Jawa Barat,Kab. Cianjur,,Jawa Barat
60103098,SMAN SIWALIMA AMBON,https://sekolah.data.kemdikbud.go.id/index.php/Chome/profil/D00A1AEE-C1E9-43C6-BAB6-6371A7860D0F,JL. WAINAPU Waiheru Kec. Baguala Kota Ambon Prov. Maluku,,Kota Ambon,Maluku
10800686,SMAS MUHAMMADIYAH 1 CANDIPURO,https://sekolah.data.kemdikbud.go.id/index.php/Chome/profil/E75989E3-8606-4AA6-8077-63723E8CD093,JL. KH. AHMAD DAHLAN NO. 17 Cintamulya Kec. Candipuro Kab. Lampung Selatan Prov. Lampung,Kab. Lampung Selatan,,Lampung
70027929,SMA Intelligentsia Nurul Ilmi Secondary School,https://sekolah.data.kemdikbud.go.id/index.php/Chome/profil/87880B63-08D4-46F0-B53B-63730ED26D08,Jl. Mandor Demong No 1 Rt 001/Rw 003 Mustika Sari Kec. Mustika Jaya Kota Bekasi Prov. Jawa Barat,,Kota Bekasi,Jawa Barat
20107373,SMAS DHARMA PUTRA JAKARTA,https://sekolah.data.kemdikbud.go.id/index.php/Chome/profil/47EBA3C7-4B18-44FE-9924-63766579676E,JL. SWASEMBADA BARAT XI NO.92 Kebon Bawang Kec. Tanjung Priok Kota Adm. Jakarta Utara Prov. D.K.I. Jakarta,,Kota Adm. Jakarta Utara,D.K.I. Jakarta
10258339,SMA SWASTA LENTERA HARAPAN,https://sekolah.data.kemdikbud.go.id/index.php/Chome/profil/4B15AB1D-936E-4B6E-9B75-63811DA80B79,"JL.ARAH AWAI KM.12,5 GUNUNG SITOLI UTARA Afia Kec. Gunungsitoli Utara Kota Gunungsitoli Prov. Sumatera Utara",,Kota Gunungsitoli,Sumatera Utara
20327980,SMA MUHAMMADIYAH 1 SURAKARTA,https://sekolah.data.kemdikbud.go.id/index.php/Chome/profil/3ABD02A1-6E14-46FE-A6A0-6381B3C26C13,JL. RADEN MAS SAID NO.35 Ketelan Kec. Banjarsari Kota Surakarta Prov. Jawa Tengah,,Kota Surakarta,Jawa Tengah
20238015,SMAS JAYA SUTI ABADI,https://sekolah.data.kemdikbud.go.id/index.php/Chome/profil/13D83BED-31D2-4CB2-9886-638254789281,JL. KALI BARU NO. 1 TAMBUN SELATAN Tridayasakti Kec. Tambun Selatan Kab. Bekasi Prov. Jawa Barat,Kab. Bekasi,,Jawa Barat
50200371,SMAS ISLAM AS SHOFY,https://sekolah.data.kemdikbud.go.id/index.php/Chome/profil/B30DDE66-6894-480E-B3A1-6383C4552D2A,JL. TGH. MUSTAFA AL - KHALIDI Montong Are Kec. Kediri Kab. Lombok Barat Prov. Nusa Tenggara Barat,Kab. Lombok Barat,,Nusa Tenggara Barat
30203238,SMAN 1 PURUK CAHU,https://sekolah.data.kemdikbud.go.id/index.php/Chome/profil/12917F22-3CC2-4798-8A47-63862F1BE8D4,JL. VETERAN NO. 25 PURUK  CAHU Puruk Cahu Kec. Murung Kab. Murung Raya Prov. Kalimantan Tengah,Kab. Murung Raya,,Kalimantan Tengah
20276388,SMAN 1 KLAPANUNGGAL,https://sekolah.data.kemdikbud.go.id/index.php/Chome/profil/D9528482-CCAE-4825-81D7-638673193AB9,JL. TERUSAN BOJONG Kelapa Nunggal Kec. Klapanunggal Kab. Bogor Prov. Jawa Barat,Kab. Bogor,,Jawa Barat
40304261,SMAN 4 BULUKUMBA,https://sekolah.data.kemdikbud.go.id/index.php/Chome/profil/AA5A5680-373D-48FA-8B34-6388D51718F8,JL. PERSATUAN NO. 2 HILAHILA Ekatiro Kec. Bontotiro Kab. Bulukumba Prov. Sulawesi Selatan,Kab. Bulukumba,,Sulawesi Selatan
20103294,SMAN 100 JAKARTA,https://sekolah.data.kemdikbud.go.id/index.php/Chome/profil/4C5459C0-B256-4045-9850-63955F4A497C,JL. PERSATUAN 2 CIPINANG BESAR SELATAN Kec. Jatinegara Kota Adm. Jakarta Timur Prov. D.K.I. Jakarta,,Kota Adm. Jakarta Timur,D.K.I. Jakarta
20232403,SMA BOASH,https://sekolah.data.kemdikbud.go.id/index.php/Chome/profil/BDD95607-68AF-40D9-94B0-6398A12020FA,JL. RAYA SEMPLAK SALABENDA BLK. TELKOM D... Parakan Jaya Kec. Kemang Kab. Bogor Prov. Jawa Barat,Kab. Bogor,,Jawa Barat
69980031,SMAN 1 KEPULAUAN POSEK,https://sekolah.data.kemdikbud.go.id/index.php/Chome/profil/5BF1D50F-B1CF-4F22-9094-639A0111C41B,Jalan Desa Busung Panjang Pulau Panjang Busung Panjang Kec. Kepulauan Posek Kab. Lingga Prov. Kepulauan Riau,Kab. Lingga,,Kepulauan Riau
40401158,SMAN 1 KADATUA,https://sekolah.data.kemdikbud.go.id/index.php/Chome/profil/579F8FC6-0AEB-4DF8-AAA3-63A3FB3B63C4,JL. Poros Kadatua Marawali Kec. Kadatua Kab. Buton Selatan Prov. Sulawesi Tenggara,Kab. Buton Selatan,,Sulawesi Tenggara
20600442,SMAS DAAR EL-FALAH,https://sekolah.data.kemdikbud.go.id/index.php/Chome/profil/9442A0A2-6892-4AA4-9841-63A84D62EEF3,JL. RAYA CIOMAS KM. 01 Mandalawangi Kec. Mandalawangi Kab. Pandeglang Prov. Banten,Kab. Pandeglang,,Banten
10208947,SMAN 2 PANGURURAN,https://sekolah.data.kemdikbud.go.id/index.php/Chome/profil/CB058200-C3A6-4BD3-91A8-63A8D47CD6BE,JL. PANGURURAN - TOMOK Siopat Sosor Kec. Pangururan Kab. Samosir Prov. Sumatera Utara,Kab. Samosir,,Sumatera Utara
69822735,SMAN 13 BERAU,https://sekolah.data.kemdikbud.go.id/index.php/Chome/profil/2CBFECE6-F11E-499F-9025-63A9D724B198,Jalan : Ir. Soekarno Campur Sari Kec. Talisayan Kab. Berau Prov. Kalimantan Timur,Kab. Berau,,Kalimantan Timur
20340665,SMAS ISLAMIC CENTRE DEMAK,https://sekolah.data.kemdikbud.go.id/index.php/Chome/profil/60235BF4-FD26-4C05-A6E3-63AC5AF840E1,JL. DIPONEGORO NO. 47 Jogoloyo Kec. Wonosalam Kab. Demak Prov. Jawa Tengah,Kab. Demak,,Jawa Tengah
60304512,SMAN KELILA,https://sekolah.data.kemdikbud.go.id/index.php/Chome/profil/1908DC0C-DEA2-42EE-A4B8-63C513D8F21F,Dusun Kelila Desa Kelila Kelila Kec. Kelila Kab. Mamberamo Tengah Prov. Papua Pegunungan,Kab. Mamberamo Tengah,,Papua Pegunungan
10206137,SMAN 1 SIPOHOLON,https://sekolah.data.kemdikbud.go.id/index.php/Chome/profil/D54CF2C7-E04A-4D59-B391-63C5E283E7AB,JL. PENDIDIKAN Situmeang Habinsaran Kec. Sipoholon Kab. Tapanuli Utara Prov. Sumatera Utara,Kab. Tapanuli Utara,,Sumatera Utara
20400397,SMAS MUHAMMADIYAH SEWON,https://sekolah.data.kemdikbud.go.id/index.php/Chome/profil/F8E8C49B-3333-42D7-A813-63CFA009F3D6,"MREDO, JETAK Bangunharjo Kec. Sewon Kab. Bantul Prov. D.I. Yogyakarta",Kab. Bantul,,D.I. Yogyakarta
20606525,SMAS DAAN MOGOT,https://sekolah.data.kemdikbud.go.id/index.php/Chome/profil/7FD31B38-D645-4E20-9FBC-63D2C8BE8AD8,JL. GATOT SUBROTO KM. 5 Jatiuwung Kec. Cibodas Kota Tangerang Prov. Banten,,Kota Tangerang,Banten
20232380,SMAN 1 MEGAMENDUNG,https://sekolah.data.kemdikbud.go.id/index.php/Chome/profil/AB2E30EB-A8F4-402C-A33C-63E13ACEB989,"JL. CIKOPO SELATAN PASIR KALIKI, DS. SUK... Sukamaju Kec. Megamendung Kab. Bogor Prov. Jawa Barat",Kab. Bogor,,Jawa Barat
60103406,SMAN 14 AMBON,https://sekolah.data.kemdikbud.go.id/index.php/Chome/profil/F23B6670-081C-49DA-894C-63E526E04DEC,"Jln. Wolter Monginsidi, Lorong Pertanian... Passo Kec. Baguala Kota Ambon Prov. Maluku",,Kota Ambon,Maluku
69974184,SMA Plus Citra Madinatul Ilmi,https://sekolah.data.kemdikbud.go.id/index.php/Chome/profil/5CF9D85C-6285-4E73-AF5D-63E8544CC655,"Jl. A. Yani Km. 17,5 Kota Citra Graha Landasan Ulin Barat Kec. Liang Anggang Kota Banjarbaru Prov. Kalimantan Selatan",,Kota Banjarbaru,Kalimantan Selatan
40403355,SMAN 2 WAWOTOBI,https://sekolah.data.kemdikbud.go.id/index.php/Chome/profil/D427E1A6-27F3-4C40-8054-63ED98766B84,JL. TABARA Anggotoa Kec. Wawotobi Kab. Konawe Prov. Sulawesi Tenggara,Kab. Konawe,,Sulawesi Tenggara
69955317,SMA S CITRA INSANI,https://sekolah.data.kemdikbud.go.id/index.php/Chome/profil/4E2CF5AD-147A-420D-A954-63F374025A47,JORONG SIKABAU PARIK Kec. Koto Balingka Kab. Pasaman Barat Prov. Sumatera Barat,Kab. Pasaman Barat,,Sumatera Barat
40103174,SMAS LOKON ST NIKOLAUS TOMOHON,https://sekolah.data.kemdikbud.go.id/index.php/Chome/profil/99CD5E65-16AC-401C-B5F4-63F73EBB0B7E,"JL. PERLOMBAAN NO. 99, KAKASKASEN DUA Kakaskasen Dua Kec. Tomohon Utara Kota Tomohon Prov. Sulawesi Utara",,Kota Tomohon,Sulawesi Utara
40307373,SMAS MAHA PUTRA TELLO,https://sekolah.data.kemdikbud.go.id/index.php/Chome/profil/5169F9A6-571B-4BC4-B05F-63F9429E2CBC,JL. PACCINANG RAYA NO.1 Tello Baru Kec. Panakukkang Kota Makassar Prov. Sulawesi Selatan,,Kota Makassar,Sulawesi Selatan
69966739,SMA NEGERI 13 BENGKULU UTARA,https://sekolah.data.kemdikbud.go.id/index.php/Chome/profil/EBF4F75E-740D-4201-89E0-63FA9701DDC2,Jl. Tri Dharma No.48b Desa Sumber Agung Kec. Arma Jaya Kab. Bengkulu Utara Prov. Bengkulu,Kab. Bengkulu Utara,,Bengkulu
11002255,SMAN 1 BINTAN TIMUR,https://sekolah.data.kemdikbud.go.id/index.php/Chome/profil/DFD5BBB0-3667-405B-9DA6-63FC7538AACA,JL. KORINDO. KM.21 RT 001 RW 002 KELURAH... Sungai Lekop Kec. Bintan Timur Kab. Bintan Prov. Kepulauan Riau,Kab. Bintan,,Kepulauan Riau
70054927,SMAIT FAJAR ILAHI BATU AJI,https://sekolah.data.kemdikbud.go.id/index.php/Chome/profil/6F37B881-5B7F-46B1-BDC9-63FCF3661BCB,JL.RH SUGHANDI 2 NO.1 MKGR Kibing Kec. Batu Aji Kota Batam Prov. Kepulauan Riau,,Kota Batam,Kepulauan Riau
69991961,SMA Swasta Syekh Al-Fansyuri,https://sekolah.data.kemdikbud.go.id/index.php/Chome/profil/68068CF8-A22F-4B9A-B7B3-63FDA6553CE5,Jln. Hamzah Fansyuri Oboh Kec. Rundeng Kota Subulussalam Prov. Aceh,,Kota Subulussalam,Aceh
40307693,SMAN 1 PAREPARE,https://sekolah.data.kemdikbud.go.id/index.php/Chome/profil/6270EBED-9ED2-4E8C-9B25-63FEE38026FE,JL. MATAHARI NO. 3 Mallusetasi Kec. Ujung Kota Parepare Prov. Sulawesi Selatan,,Kota Parepare,Sulawesi Selatan
10111344,SMA NEGERI 1 IDI TUNONG,https://sekolah.data.kemdikbud.go.id/index.php/Chome/profil/6F6BD0C1-2D59-43A0-AD42-64010678E714,JL. PAYA GABOH Buket Teukuh Kec. Idi Tunong Kab. Aceh Timur Prov. Aceh,Kab. Aceh Timur,,Aceh
70014296,SMA ICHTHUS JAKARTA BARAT,https://sekolah.data.kemdikbud.go.id/index.php/Chome/profil/07D637F1-EDF3-4C6F-B808-6404262841E3,"JL. SURYA MANDALA III RT/RW, 001/005, KE... Kedoya Utara Kec. Kebon Jeruk Kota Adm. Jakarta Barat Prov. D.K.I. Jakarta",,Kota Adm. Jakarta Barat,D.K.I. Jakarta
70052637,SMA PESANTREN UNGGUL AL BAYAN PUTRI GOALPARA,https://sekolah.data.kemdikbud.go.id/index.php/Chome/profil/BF628E32-517A-4D28-BF74-640A781590EF,Kp. Cijeruk RT.02 RW.07 Sukamekar Kec. Sukaraja Kab. Sukabumi Prov. Jawa Barat,Kab. Sukabumi,,Jawa Barat
70040970,SMAS IT MIFTAHUL KHOIROT,https://sekolah.data.kemdikbud.go.id/index.php/Chome/profil/8A84F5EB-B254-406B-80AD-64114C81EE8C,"Jl. Mayor Busni A. Rahman No.456, RT.009... Kel. Air Kepala Tujuh Kec. Gerunggang Kota Pangkal Pinang Prov. Kepulauan Bangka Belitung",,Kota Pangkal Pinang,Kepulauan Bangka Belitung
30402830,SMAS PEMBANGUNAN,https://sekolah.data.kemdikbud.go.id/index.php/Chome/profil/F2EE8B7E-08F7-4524-A75A-64118F8F323B,JL. AJI NATA JAYA Malinau Kota Kec. Malinau Kota Kab. Malinau Prov. Kalimantan Utara,Kab. Malinau,,Kalimantan Utara
30205332,SMAS ISLAM TERPADU AL-MADANIYAH SAMUDA,https://sekolah.data.kemdikbud.go.id/index.php/Chome/profil/3E18FFD7-5319-4BD3-BE5B-64152531E93C,Jl. Partoe Muksin Basirih Hilir Kec. Mentaya Hilir Selatan Kab. Kotawaringin Timur Prov. Kalimantan Tengah,Kab. Kotawaringin Timur,,Kalimantan Tengah
20327969,SMA NEGERI 4 SURAKARTA,https://sekolah.data.kemdikbud.go.id/index.php/Chome/profil/7B939081-64A6-4835-9434-641557E7FE98,JL. LU. ADI SUCIPTO NO. 1 Manahan Kec. Banjarsari Kota Surakarta Prov. Jawa Tengah,,Kota Surakarta,Jawa Tengah
69988481,SMA Negeri 2 Tabang,https://sekolah.data.kemdikbud.go.id/index.php/Chome/profil/63DE9516-F357-48FC-AFC3-64176ECBB85B,DESA TUKUNG RITAN RT.06 Tukung Ritan Kec. Tabang Kab. Kutai Kartanegara Prov. Kalimantan Timur,Kab. Kutai Kartanegara,,Kalimantan Timur
10605589,SMAN 1 SANGA DESA,https://sekolah.data.kemdikbud.go.id/index.php/Chome/profil/E4311AC6-4DBB-45C5-820F-641972D84ECF,JL. DEPATI H.M. SAHIL NGULAK Ngulak I Kec. Sanga Desa Kab. Musi Banyuasin Prov. Sumatera Selatan,Kab. Musi Banyuasin,,Sumatera Selatan
70000530,SMA NEGERI 3 WONOSARI,https://sekolah.data.kemdikbud.go.id/index.php/Chome/profil/399F2468-A037-4479-B6FB-64198E409D6C,Jl. Pendidikan No. 1 Desa Saritani Kec. ... Sari Tani Kec. Wonosari Kab. Boalemo Prov. Gorontalo,Kab. Boalemo,,Gorontalo
69826560,SMA YARI SCHOOL,https://sekolah.data.kemdikbud.go.id/index.php/Chome/profil/F1E5A3B0-991E-4EA7-829E-641D9AE87409,Jl. Batang Kandis 3-5 Padang Baru Timur Alai Parak Kopi Kec. Padang Utara Kota Padang Prov. Sumatera Barat,,Kota Padang,Sumatera Barat
69989336,SMA BUDI CENDEKIA ISLAMIC SCHOOL,https://sekolah.data.kemdikbud.go.id/index.php/Chome/profil/DB72A1BD-227B-4904-AAD4-642604B3CED6,Jl. Boulevard Raya Grand Depok City Kalimulya Kec. Cilodong Kota Depok Prov. Jawa Barat,,Kota Depok,Jawa Barat
69893227,SMA HARAPAN BANGSA,https://sekolah.data.kemdikbud.go.id/index.php/Chome/profil/77105296-434D-479B-904F-6428C4F323CF,Jl. Pala Raya No. 51 Pondok Cabe Udik Kec. Pamulang Kota Tangerang Selatan Prov. Banten,,Kota Tangerang Selatan,Banten
69774666,SMA Negeri 39 Maluku Tengah,https://sekolah.data.kemdikbud.go.id/index.php/Chome/profil/E456A9FD-9BF0-4082-849F-64297E89B6C9,WAAI Waai Kec. Salahutu Kab. Maluku Tengah Prov. Maluku,Kab. Maluku Tengah,,Maluku
10702680,SMAN 6 SELUMA,https://sekolah.data.kemdikbud.go.id/index.php/Chome/profil/8DF14B46-4548-4B86-BBBC-642A53929FAC,PADANG PELAWI KM. 29 Padang Pelawi Kec. Sukaraja Kab. Seluma Prov. Bengkulu,Kab. Seluma,,Bengkulu
10900766,SMAN 1 SUNGAI SELAN,https://sekolah.data.kemdikbud.go.id/index.php/Chome/profil/7DF7DB85-49EC-40BD-ACC5-6431103B115D,JL. RAYA SUNGAI SELAN SUNGAI SELAN Kec. Sungai Selan Kab. Bangka Tengah Prov. Kepulauan Bangka Belitung,Kab. Bangka Tengah,,Kepulauan Bangka Belitung
10206579,SMAN 1 MANDUAMAS,https://sekolah.data.kemdikbud.go.id/index.php/Chome/profil/B9BFC42B-168A-4893-8E3B-6434FE39E9C1,"JL. Sisingamangaraja, No.- Manduamas Lama Kec. Manduamas Kab. Tapanuli Tengah Prov. Sumatera Utara",Kab. Tapanuli Tengah,,Sumatera Utara
20279952,SMAS PILAR INDONESIA,https://sekolah.data.kemdikbud.go.id/index.php/Chome/profil/17236A46-2DC3-4053-BF29-643B0240FA18,Jalan Dewa No.9 Ciangsana Kec. Gunungputri Kab. Bogor Prov. Jawa Barat,Kab. Bogor,,Jawa Barat
10113367,SMA SWASTA RAUDHATUL JANNAH,https://sekolah.data.kemdikbud.go.id/index.php/Chome/profil/0045BACD-4F5D-4233-BC83-643C507CAF3E,Jln. Syeh Hamzah Fansyuri Suka Makmur Kec. Simpang Kiri Kota Subulussalam Prov. Aceh,,Kota Subulussalam,Aceh
10805054,SMAN 1 PULAU PANGGUNG,https://sekolah.data.kemdikbud.go.id/index.php/Chome/profil/7787AA93-F24D-47D4-AC40-644396AACFD0,JL. PENANTIAN PULAU PANGGUNG Penantian Kec. Pulau Panggung Kab. Tanggamus Prov. Lampung,Kab. Tanggamus,,Lampung
60205564,SMAN 7 HALMAHERA TIMUR,https://sekolah.data.kemdikbud.go.id/index.php/Chome/profil/B96D9815-7C29-4F41-922B-645162DE4AAB,Jl. Trans Halmahera Yawanli Kec. Maba Tengah Kab. Halmahera Timur Prov. Maluku Utara,Kab. Halmahera Timur,,Maluku Utara
40202310,SMAN 1 DONDO,https://sekolah.data.kemdikbud.go.id/index.php/Chome/profil/B52A35E5-8691-4978-83E2-64575C493270,JL. TRANS SULAWESI Tinabogan Kec. Dondo Kab. Tolitoli Prov. Sulawesi Tengah,Kab. Tolitoli,,Sulawesi Tengah
10303091,SMA N 1 SUNGAI BEREMAS,https://sekolah.data.kemdikbud.go.id/index.php/Chome/profil/A9117778-48E5-41B9-B422-645AD9A412F0,JL.H BAKRIE SOELAIMAN NO 73 AIA BANGIH Kec. Sungai Beremas Kab. Pasaman Barat Prov. Sumatera Barat,Kab. Pasaman Barat,,Sumatera Barat
50301005,SMAN 2 KEFAMENANU,https://sekolah.data.kemdikbud.go.id/index.php/Chome/profil/89FB4247-5218-4AD4-A9C3-645DBBEE4390,JL. SASI KEFAMENANU Maubeli Kec. Kota Kefamenanu Kab. Timor Tengah Utara Prov. Nusa Tenggara Timur,Kab. Timor Tengah Utara,,Nusa Tenggara Timur
69895929,SMA SWASTA IMELDA,https://sekolah.data.kemdikbud.go.id/index.php/Chome/profil/4B9D83F7-8970-4514-A6EB-6466541CD230,Jalan Bilal No. 24 Pulo Brayan Darat I Kec. Medan Timur Kota Medan Prov. Sumatera Utara,,Kota Medan,Sumatera Utara
10400851,SMAN 4 BENGKALIS,https://sekolah.data.kemdikbud.go.id/index.php/Chome/profil/62248CC8-A969-4782-980A-6477E3450340,JL.UTAMA Sebauk Kec. Bengkalis Kab. Bengkalis Prov. Riau,Kab. Bengkalis,,Riau
69947206,SMA ISLAM TERPADU MENTARI ILMU KARAWANG,https://sekolah.data.kemdikbud.go.id/index.php/Chome/profil/754A700F-D726-4778-8E8D-64792ACAF1F4,"Jl. Perum Karaba Indah I, Kp. Pintu Air Wadas Kec. Teluk Jambe Timur Kab. Karawang Prov. Jawa Barat",Kab. Karawang,,Jawa Barat
40203842,SMA NEGERI 8 SIGI,https://sekolah.data.kemdikbud.go.id/index.php/Chome/profil/6BBC4EF3-A8C6-41C1-93D0-647C136432AA,JL. TRANS. BORA-PALOLO Bora Kec. Sigibiromaru Kab. Sigi Prov. Sulawesi Tengah,Kab. Sigi,,Sulawesi Tengah
20549256,SMAS BUSTANUS SYUBBAN,https://sekolah.data.kemdikbud.go.id/index.php/Chome/profil/05D8A113-4815-403F-B7AD-647E07174AC5,GUNUNG KESAN Paopale Laok Kec. Ketapang Kab. Sampang Prov. Jawa Timur,Kab. Sampang,,Jawa Timur
50203307,SMAN 1 LUNYUK,https://sekolah.data.kemdikbud.go.id/index.php/Chome/profil/CC130640-7620-45B0-B322-647F90B5E97A,JL. RAYA PADASUKA-SUKAMAJU LUNYUK Pada Suka Kec. Lunyuk Kab. Sumbawa Prov. Nusa Tenggara Barat,Kab. Sumbawa,,Nusa Tenggara Barat
10210864,SMAN 15 MEDAN,https://sekolah.data.kemdikbud.go.id/index.php/Chome/profil/6C2D74AD-5147-4D36-B232-648107AEB948,JL. SEKOLAH PEMBANGUNAN NO. 7 SUNGGAL Kec. Medan Sunggal Kota Medan Prov. Sumatera Utara,,Kota Medan,Sumatera Utara
20240399,SMA IT DIPATIUKUR,https://sekolah.data.kemdikbud.go.id/index.php/Chome/profil/C6F94501-1D9D-4BA6-8AEF-6486DC6A2AD1,JL. LOA SASAK DESA MEKARSARI CIPARAY Mekarsari Kec. Ciparay Kab. Bandung Prov. Jawa Barat,Kab. Bandung,,Jawa Barat
20329516,SMA Negeri 2 Pekalongan,https://sekolah.data.kemdikbud.go.id/index.php/Chome/profil/BD26ECDD-31F7-494A-816B-648AEC7BA687,Jl. Kusuma Bangsa Pekalongan PANJANG BARU Kec. Pekalongan Utara Kota Pekalongan Prov. Jawa Tengah,,Kota Pekalongan,Jawa Tengah
60304205,SMAN POROME,https://sekolah.data.kemdikbud.go.id/index.php/Chome/profil/B9B8A72F-4B63-4E03-A4FE-6492D002DF99,POROS WAMENA TOLIKARA 48 KM POROME Kec. Tagime Kab. Jayawijaya Prov. Papua Pegunungan,Kab. Jayawijaya,,Papua Pegunungan
69966544,SMA ISLAM AL - FALAH,https://sekolah.data.kemdikbud.go.id/index.php/Chome/profil/E9F44A20-6C60-4CEB-BAFA-6493400B8D7D,Jl. Pesantren 04 Baeler Lombang Daya Kec. Blega Kab. Bangkalan Prov. Jawa Timur,Kab. Bangkalan,,Jawa Timur
20307652,SMAS AL HUSAIN SALAM,https://sekolah.data.kemdikbud.go.id/index.php/Chome/profil/48817A80-CF71-4114-868E-649E055F933E,JL. YOGYA KM.22 KRAKITAN Sucen Kec. Salam Kab. Magelang Prov. Jawa Tengah,Kab. Magelang,,Jawa Tengah
69982590,SMA AL WILDAN ISLAMIC SCHOOL,https://sekolah.data.kemdikbud.go.id/index.php/Chome/profil/0AC94673-247B-4313-A693-64A27EBEC0A2,Jl Layar 4 Nomor 8 Perum Kelapa Dua Kelapa Dua Kec. Kelapa Dua Kab. Tangerang Prov. Banten,Kab. Tangerang,,Banten
20268860,SMAS YADIKA 13,https://sekolah.data.kemdikbud.go.id/index.php/Chome/profil/6DD63DCA-7340-4DA8-9FBB-64A343AA257D,JL. VILLA  INDAH 1 KP. KEBON Jejalen Jaya Kec. Tambun Utara Kab. Bekasi Prov. Jawa Barat,Kab. Bekasi,,Jawa Barat
20616138,SMAS TARAKANITA CITRA RAYA,https://sekolah.data.kemdikbud.go.id/index.php/Chome/profil/3A23EC5D-99B6-4E18-A03E-64AAA6B80DF2,JL. EVERGREEN TIMUR NO. 1 Ciakar Kec. Panongan Kab. Tangerang Prov. Banten,Kab. Tangerang,,Banten
20319286,SMAS NAHDLOTUSY SYUBAN PLOSO,https://sekolah.data.kemdikbud.go.id/index.php/Chome/profil/C611B817-FFEA-41BA-A73D-64AAE8C836E8,JL. TANGGUL TUNTANG Ploso Kec. Karang Tengah Kab. Demak Prov. Jawa Tengah,Kab. Demak,,Jawa Tengah
20101323,SMAS PADINDI,https://sekolah.data.kemdikbud.go.id/index.php/Chome/profil/17A0C319-92D1-4EDD-9994-64ABEC76765F,JL. PREPEDAN  RT12 RW9 N0 38 Kamal Kec. Kali Deres Kota Adm. Jakarta Barat Prov. D.K.I. Jakarta,,Kota Adm. Jakarta Barat,D.K.I. Jakarta
69815435,SMA ISLAM NURUL HIDAYAH,https://sekolah.data.kemdikbud.go.id/index.php/Chome/profil/F8022445-E95B-401E-91A9-64ACD3F7565A,JL. PANGARANGAN DESA PANAONGAN DESA PANAONGAN Kec. Pasongsongan Kab. Sumenep Prov. Jawa Timur,Kab. Sumenep,,Jawa Timur
20220317,SMAS PGRI 1,https://sekolah.data.kemdikbud.go.id/index.php/Chome/profil/7BB32CFD-4080-4775-87CC-64AFDC235A92,JL. BINA MARGA 1/17 Baranangsiang Kec. Kota Bogor Timur Kota Bogor Prov. Jawa Barat,,Kota Bogor,Jawa Barat
40500912,SMAS TERPADU WIRA BHAKTI,https://sekolah.data.kemdikbud.go.id/index.php/Chome/profil/D1B21078-653D-4408-8AF1-64B505089C7F,JL. NANI WARTABONE Bubeya Kec. Suwawa Kab. Bone Bolango Prov. Gorontalo,Kab. Bone Bolango,,Gorontalo
10400350,SMA NEGERI 1 KAMPAR UTARA,https://sekolah.data.kemdikbud.go.id/index.php/Chome/profil/0395C750-815D-4C24-9BAB-64B615EB41F6,JL. RAYA BANGKINANG-PEMATANG KULIM KM 13 Muara Jalai Kec. Kampar Utara Kab. Kampar Prov. Riau,Kab. Kampar,,Riau
69893350,SMA JAGAT ARSY,https://sekolah.data.kemdikbud.go.id/index.php/Chome/profil/D737ECF1-F3F0-4AFB-9003-64B7A0EE5543,Jl.Yapen Raya No.21 Rawa Mekar Jaya BSD Rawa Mekar Kec. Serpong Kota Tangerang Selatan Prov. Banten,,Kota Tangerang Selatan,Banten
20219270,SMA TERPADU KRIDANUSANTARA,https://sekolah.data.kemdikbud.go.id/index.php/Chome/profil/A1BD573E-EA88-489F-8C89-64C01E38EF9B,JL. DESA CIPADUNG CIBIRU-BANDUNG Cipadung Kec. Cibiru Kota Bandung Prov. Jawa Barat,,Kota Bandung,Jawa Barat
30304285,SMAN 2 BANJARMASIN,https://sekolah.data.kemdikbud.go.id/index.php/Chome/profil/768B5A78-4C56-4271-8AE6-64CE1EB3D028,JL. MULAWARMAN NO. 21 Teluk Dalam Kec. Banjarmasin Tengah Kota Banjarmasin Prov. Kalimantan Selatan,,Kota Banjarmasin,Kalimantan Selatan
30304435,SMAS PGRI 1 BANJARMASIN,https://sekolah.data.kemdikbud.go.id/index.php/Chome/profil/93EC11A1-90BC-442E-AC11-64D3ABD2B580,JL. SULTAN ADAM Sungai Jingah Kec. Banjarmasin Utara Kota Banjarmasin Prov. Kalimantan Selatan,,Kota Banjarmasin,Kalimantan Selatan
10703505,SMA NEGERI 13 MUKOMUKO,https://sekolah.data.kemdikbud.go.id/index.php/Chome/profil/2D732EBD-0A76-4627-A184-64EAD6131139,"DESA SURIAN BUNGKAL, KEC. SELAGAN RAYA Surian Bungkal Kec. Selagan Raya Kab. Mukomuko Prov. Bengkulu",Kab. Mukomuko,,Bengkulu
10105389,SMA NEGERI 1 BANDA ACEH,https://sekolah.data.kemdikbud.go.id/index.php/Chome/profil/6EAE0980-B0E1-4749-BA42-64EC3C9A1136,JL. PROF. A. MAJID IBRAHIM I Punge Jurong Kec. Meuraxa Kota Banda Aceh Prov. Aceh,,Kota Banda Aceh,Aceh
20329844,SMA NEGERI 4 TEGAL,https://sekolah.data.kemdikbud.go.id/index.php/Chome/profil/16792E29-0978-4396-8AED-64ECBAA73029,JL. DR. SETIABUDI NO. 32 Panggung Kec. Tegal Timur Kota Tegal Prov. Jawa Tengah,,Kota Tegal,Jawa Tengah
20231290,SMA ISLAM DAARUL ARHAM,https://sekolah.data.kemdikbud.go.id/index.php/Chome/profil/857CEA21-6840-48B3-88A1-64F40CEB1583,Jl.Raya Tenjo -Parungpanjang Batok Kec. Tenjo Kab. Bogor Prov. Jawa Barat,Kab. Bogor,,Jawa Barat
60105429,SMA Negeri 12 Kepulauan Tanimbar,https://sekolah.data.kemdikbud.go.id/index.php/Chome/profil/D0C3B0B5-4AB2-4637-80E4-64F4426B4CD6,JL. MANGGA DUA LARAT Ritabel Kec. Tanimbar Utara Kab. Kepulauan Tanimbar Prov. Maluku,Kab. Kepulauan Tanimbar,,Maluku
69915781,SMA PERMATA MANDIRI,https://sekolah.data.kemdikbud.go.id/index.php/Chome/profil/655DDEA6-4D95-49C6-80EA-64FA94A7A5C0,Jalan Pengkolan Kondang Jampangkulon Tanjung Kec. Jampang Kulon Kab. Sukabumi Prov. Jawa Barat,Kab. Sukabumi,,Jawa Barat
69856893,SMA Negeri 1 Raijua,https://sekolah.data.kemdikbud.go.id/index.php/Chome/profil/C648BF46-B985-4DEC-88D7-64FC7B2DD3C4,Jl. Ledetalo Ledeunu Kec. Raijua Kab. Sabu Raijua Prov. Nusa Tenggara Timur,Kab. Sabu Raijua,,Nusa Tenggara Timur
70054113,SMA ISLAM ANNAJAH,https://sekolah.data.kemdikbud.go.id/index.php/Chome/profil/1E61E9A3-6137-4D85-97A9-65046216EDA7,"Jl. Ciledug Raya No. 10, RT. 001, RW. 00... Petukangan Selatan Kec. Pesanggrahan Kota Adm. Jakarta Selatan Prov. D.K.I. Jakarta",,Kota Adm. Jakarta Selatan,D.K.I. Jakarta
20317492,SMA NEGERI 1 GEBOG,https://sekolah.data.kemdikbud.go.id/index.php/Chome/profil/6FB1282A-625E-488E-B791-6516FDC1B887,JL. PR. SUKUN GEBOG Gondosari Kec. Gebog Kab. Kudus Prov. Jawa Tengah,Kab. Kudus,,Jawa Tengah
40307374,SMAS MUHAMMADIYAH 3 MAKASSAR,https://sekolah.data.kemdikbud.go.id/index.php/Chome/profil/500B4016-3CC1-4D62-9F7B-651BF95DB7E1,JL. URIF SUMOHARJO NO. 37 Karuwisi Utara Kec. Panakukkang Kota Makassar Prov. Sulawesi Selatan,,Kota Makassar,Sulawesi Selatan
20103197,SMAS ST ANTONIUS JAKARTA,https://sekolah.data.kemdikbud.go.id/index.php/Chome/profil/E2D4B2D2-76B2-4930-9CC7-6520B5A609A0,JL. DI PANJAITAN KAV. 46 Rawa Bunga Kec. Jatinegara Kota Adm. Jakarta Timur Prov. D.K.I. Jakarta,,Kota Adm. Jakarta Timur,D.K.I. Jakarta
20216943,SMAN 1 JALANCAGAK,https://sekolah.data.kemdikbud.go.id/index.php/Chome/profil/6BDCC45A-A007-4730-B84A-6525F6594565,Jl. Raya Jalancagak No. 061 Curugrendeng Kec. Jalancagak Kab. Subang Prov. Jawa Barat,Kab. Subang,,Jawa Barat
40403039,SMAN 1 MAWASANGKA TENGAH,https://sekolah.data.kemdikbud.go.id/index.php/Chome/profil/F3740BC8-24C7-45C7-8403-6527E02000CE,Jalan Poros Mawasangka-Wamengkoli No. 23... Lakorua Kec. Mawasangka Tengah Kab. Buton Tengah Prov. Sulawesi Tenggara,Kab. Buton Tengah,,Sulawesi Tenggara
69970379,SMAS INSAN KAMIL TARTILA,https://sekolah.data.kemdikbud.go.id/index.php/Chome/profil/B66F2DF7-8C43-463E-9B5B-652AC8348232,Jl Raya Legok Km.6 Legok Kec. Legok Kab. Tangerang Prov. Banten,Kab. Tangerang,,Banten
60200728,SMAS MUHAMMADIYAH KOTA TERNATE,https://sekolah.data.kemdikbud.go.id/index.php/Chome/profil/452D8418-89B1-4CB5-8706-653A31AEC92B,JL DELIMA Toboko Kec. Ternate Selatan Kota Ternate Prov. Maluku Utara,,Kota Ternate,Maluku Utara
69954194,SMA ISLAM AL - AZHAR 18 GRAND WISATA,https://sekolah.data.kemdikbud.go.id/index.php/Chome/profil/85D2EBCD-6412-4BBC-9107-653DA72CC0ED,"JL. Sunset Avenue, Tambun Selatan Lambangsari Kec. Tambun Selatan Kab. Bekasi Prov. Jawa Barat",Kab. Bekasi,,Jawa Barat
10100557,SMAN 1 PEUKAN PIDIE,https://sekolah.data.kemdikbud.go.id/index.php/Chome/profil/8E3F1ACB-C0BB-41C3-AE9A-6544D857DE07,DESA BLANG KULA Blangkula Kec. Pidie Kab. Pidie Prov. Aceh,Kab. Pidie,,Aceh
10210723,SMAS BUDI UTOMO,https://sekolah.data.kemdikbud.go.id/index.php/Chome/profil/3D24D926-532F-46F5-9C1C-654637FB8099,JL. JURUNG NO. 33 Pandau Hulu Ii Kec. Medan Area Kota Medan Prov. Sumatera Utara,,Kota Medan,Sumatera Utara
20540294,SMA DARUL ULUM 2 UNGGULAN BPPT,https://sekolah.data.kemdikbud.go.id/index.php/Chome/profil/28961A95-81FD-441D-B64D-654CC1871C81,Pondok Pesantren Darul Ulum Rejoso Peter... Peterongan Kec. Peterongan Kab. Jombang Prov. Jawa Timur,Kab. Jombang,,Jawa Timur
20603342,SMAS ISLAM AL-AZHAR BSD,https://sekolah.data.kemdikbud.go.id/index.php/Chome/profil/CD17DC38-2717-462D-BCDC-654FF79CC6BD,PUSPITA LOKA SEKTOR III.2 BSD Lengkong Gudang Kec. Serpong Kota Tangerang Selatan Prov. Banten,,Kota Tangerang Selatan,Banten
10505075,SMAN 8 TANJUNG JABUNG BARAT,https://sekolah.data.kemdikbud.go.id/index.php/Chome/profil/7AB87096-F5C9-4634-9A87-65527E178132,JL. BERINGIN KUALA TUNGKAL PATUNAS Kec. Tungkal Ilir Kab. Tanjung Jabung Barat Prov. Jambi,Kab. Tanjung Jabung Barat,,Jambi
10800676,SMAS PGRI 01 PADANG CERMIN,https://sekolah.data.kemdikbud.go.id/index.php/Chome/profil/DDEFFCEB-C963-469C-8ACA-6559486BD356,JL. Rawa Tunggal Desa Padang cermin Padang Cermin Kec. Padang Cermin Kab. Pesawaran Prov. Lampung,Kab. Pesawaran,,Lampung
20217762,SMAN 1 TEMPURAN,https://sekolah.data.kemdikbud.go.id/index.php/Chome/profil/4809D655-86F4-430D-9F4B-655B14C1081D,JL. Suryakencana Pagadungan Pagadungan Kec. Tempuran Kab. Karawang Prov. Jawa Barat,Kab. Karawang,,Jawa Barat
20269747,SMA NURUL FIKRI BOARDING SCHOOL LEMBANG,https://sekolah.data.kemdikbud.go.id/index.php/Chome/profil/E1E57C21-F38B-4396-B3EF-655C89AF37AB,JL. Raya Maribaya Timur RT/RW 003/03 Cibodas Kec. Lembang Kab. Bandung Barat Prov. Jawa Barat,Kab. Bandung Barat,,Jawa Barat
10800737,SMAS DARUL ULUM,https://sekolah.data.kemdikbud.go.id/index.php/Chome/profil/91CFE92D-F81F-465E-AB5D-655D81C9FB94,JL. UTAMA WAY SULAN Talang Way Sulan Kec. Way Sulan Kab. Lampung Selatan Prov. Lampung,Kab. Lampung Selatan,,Lampung
69883254,SMA CAHAYA RANCAMAYA,https://sekolah.data.kemdikbud.go.id/index.php/Chome/profil/79B3DC7D-AC14-4EFD-944B-65632B504723,"Jl. Rancamaya No.30, RT.01 RW.04 Bojongkerta Kec. Kota Bogor Selatan Kota Bogor Prov. Jawa Barat",,Kota Bogor,Jawa Barat
30109717,SMAN 3 SUI RAYA,https://sekolah.data.kemdikbud.go.id/index.php/Chome/profil/4D834754-9DAC-41FD-B82B-65678116D33B,DESA SUI ASAM Sungai Asam Kec. Sungai Raya Kab. Kubu Raya Prov. Kalimantan Barat,Kab. Kubu Raya,,Kalimantan Barat
60728420,SMAS GLOBE NATIONAL PLUS,https://sekolah.data.kemdikbud.go.id/index.php/Chome/profil/6EFB9595-C1D1-4B8C-9367-6568B10CCB44,"Komplek Green Garden Blok C No.16, Seray... Kampung Pelita Kec. Lubuk Baja Kota Batam Prov. Kepulauan Riau",,Kota Batam,Kepulauan Riau
20227455,SMAS YKBBB LELES,https://sekolah.data.kemdikbud.go.id/index.php/Chome/profil/5BDC52DF-5240-4EF4-82C6-656C8F2DF62B,JL. RAYA TUTUGAN LELES Haruman Kec. Leles Kab. Garut Prov. Jawa Barat,Kab. Garut,,Jawa Barat
69963723,SMA S AL-KHAZANAH,https://sekolah.data.kemdikbud.go.id/index.php/Chome/profil/F9F6A785-D8ED-49AE-98E6-656D96B48A7C,Jln. Lintas Halmahera Sofifi- Weda Kusu Kec. Oba Utara Kota Tidore Kepulauan Prov. Maluku Utara,,Kota Tidore Kepulauan,Maluku Utara
20319290,SMAN 1 GUNTUR,https://sekolah.data.kemdikbud.go.id/index.php/Chome/profil/AD69900C-9CB3-46D2-B6D6-656DD4011C63,JL. RAYA GUNTUR - DEMAK Guntur Kec. Guntur Kab. Demak Prov. Jawa Tengah,Kab. Demak,,Jawa Tengah
90101003,SMA Sekolah Indonesia Den Haag,https://sekolah.data.kemdikbud.go.id/index.php/Chome/profil/2903ACDA-5E1C-4497-8ABC-6570C8F7E829,"Rijksstraatweg 679, 2245 CB Wassenaar, T... Wassenaar Wassenaar Belanda Luar Negeri",,,
69774867,SMAN 11 ENREKANG,https://sekolah.data.kemdikbud.go.id/index.php/Chome/profil/83B2F888-3187-4856-B701-6575F9B48C42,JL. POROS KOTU - BAROKO Masalle Kec. Masalle Kab. Enrekang Prov. Sulawesi Selatan,Kab. Enrekang,,Sulawesi Selatan
10220522,SMAN 1 SIRANDORUNG,https://sekolah.data.kemdikbud.go.id/index.php/Chome/profil/43C8EFB8-4F10-4C2E-9EBD-657AA36EF745,JL. JEND. AHMAD YANI No. 26 Siordang Kec. Sirandorung Kab. Tapanuli Tengah Prov. Sumatera Utara,Kab. Tapanuli Tengah,,Sumatera Utara
10811206,SMAN 2 NEGERI BESAR,https://sekolah.data.kemdikbud.go.id/index.php/Chome/profil/D11A9092-64D0-400B-B6BC-6585214811E1,KP SRI BASUKI Sri Basuki Kec. Negeri Besar Kab. Way Kanan Prov. Lampung,Kab. Way Kanan,,Lampung
69774555,SMA ISLAM AL-AZHAR 8,https://sekolah.data.kemdikbud.go.id/index.php/Chome/profil/2D8C1DA1-0259-4BEF-AC91-6590A9BB29FB,Jalan Boulevard Utara Blok I Summarecon ... Marga Mulya Kec. Bekasi Utara Kota Bekasi Prov. Jawa Barat,,Kota Bekasi,Jawa Barat
60101448,SMA Negeri 4 Maluku Barat Daya,https://sekolah.data.kemdikbud.go.id/index.php/Chome/profil/D0776B24-C184-4E7A-B03E-6594F3D1752B,JL. URLOIKAY Wonreli Kec. Pulau-pulau Terselatan Kab. Maluku Barat Daya Prov. Maluku,Kab. Maluku Barat Daya,,Maluku
20521459,SMAN 1 PRONOJIWO,https://sekolah.data.kemdikbud.go.id/index.php/Chome/profil/5052F3D5-C5AA-44BD-850F-65965745792A,JL. AHMAD YANI PRONOJIWO PRONOJIWO Kec. Pronojiwo Kab. Lumajang Prov. Jawa Timur,Kab. Lumajang,,Jawa Timur
10220518,SMAS SW ST FRANSISKUS,https://sekolah.data.kemdikbud.go.id/index.php/Chome/profil/E8D7EDDD-990F-4B60-899D-65967B5B6336,JL. Prof. Mr. Dr. M. Hazairin Pasar Baru Kec. Pandan Kab. Tapanuli Tengah Prov. Sumatera Utara,Kab. Tapanuli Tengah,,Sumatera Utara
20534748,SMAN 1,https://sekolah.data.kemdikbud.go.id/index.php/Chome/profil/6E1C35F2-817C-4DA3-90EC-65982F3FF1F4,JL. IRIAN JAYA NO. 1 Kranggan Kec. Prajurit Kulon Kota Mojokerto Prov. Jawa Timur,,Kota Mojokerto,Jawa Timur
30100388,SMAN 1 SUBAH,https://sekolah.data.kemdikbud.go.id/index.php/Chome/profil/3752BCA4-C3DA-49EA-8031-65A035501D64,JL.RAYA SUBAH SATAI Balai Gemuruh Kec. Subah Kab. Sambas Prov. Kalimantan Barat,Kab. Sambas,,Kalimantan Barat
11002579,SMAS INTEGRAL HIDAYATULLAH,https://sekolah.data.kemdikbud.go.id/index.php/Chome/profil/D2F87123-0F6B-4847-BF6B-65AB8A6419B9,"KP. PASIR INDAH RT.01/16, KEL.KIBING Kibing Kec. Batu Aji Kota Batam Prov. Kepulauan Riau",,Kota Batam,Kepulauan Riau
20247160,SMAS MUTIARA,https://sekolah.data.kemdikbud.go.id/index.php/Chome/profil/9A413F61-5A23-486A-83ED-65ABCA6C916A,JL. BHAYANGKARA KM.1 PALABUHAN RATU Citepus Kec. Pelabuhan Ratu Kab. Sukabumi Prov. Jawa Barat,Kab. Sukabumi,,Jawa Barat
69971662,SMAS TRIDHARMA MKGR UNAAHA,https://sekolah.data.kemdikbud.go.id/index.php/Chome/profil/E7E79A78-3CA6-477D-ADFE-65AF49CC54E0,Jalan Bunggasi No. 207 Tumpas Kec. Unaaha Kab. Konawe Prov. Sulawesi Tenggara,Kab. Konawe,,Sulawesi Tenggara
40404151,SMAS DARUSSALAM,https://sekolah.data.kemdikbud.go.id/index.php/Chome/profil/A8C60281-66DD-4336-AF33-65B32F1F4959,JL. POROS KALIA-LIA Liabuku Kec. Bungi Kota Bau Bau Prov. Sulawesi Tenggara,,Kota Bau Bau,Sulawesi Tenggara
20103238,SMAS IGN SLAMET RIYADI,https://sekolah.data.kemdikbud.go.id/index.php/Chome/profil/B5DD49AA-1D78-47D0-81A2-65B5D1538A8A,JL. RAYA BOGOR KM.24 Cijantung Kec. Pasar Rebo Kota Adm. Jakarta Timur Prov. D.K.I. Jakarta,,Kota Adm. Jakarta Timur,D.K.I. Jakarta
20326491,SMAS MUHAMMADIYAH BUMIAYU,https://sekolah.data.kemdikbud.go.id/index.php/Chome/profil/DF355A72-55C5-4BBA-9484-65B7300A6B01,JL. KH. A. DAHLAN KM. 1 BUMIAYU Kalierang Kec. Bumiayu Kab. Brebes Prov. Jawa Tengah,Kab. Brebes,,Jawa Tengah
20603356,SMAS YUPPENTEK 3,https://sekolah.data.kemdikbud.go.id/index.php/Chome/profil/31008045-460C-4E54-B75F-65BBD576A0FE,Jl. Raya PLP No. 47 Serdang Wetan Kec. Legok Kab. Tangerang Prov. Banten,Kab. Tangerang,,Banten
20540058,SMAS KEMALA BHAYANGKARI 3,https://sekolah.data.kemdikbud.go.id/index.php/Chome/profil/B7C961A0-CA31-4AD1-8648-65BF48D311B4,JL. BHAYANGKARI NO. 36 C Porong Kec. Porong Kab. Sidoarjo Prov. Jawa Timur,Kab. Sidoarjo,,Jawa Timur
69861153,SMA SWASTA BABUL ISTIQAMAH,https://sekolah.data.kemdikbud.go.id/index.php/Chome/profil/CD694D2B-6DF6-47F1-8114-65C89062F31A,"Jln. Letkol BB Djalal, Kecamatan Susoh, ... Padang Hilir Kec. Susoh Kab. Aceh Barat Daya Prov. Aceh",Kab. Aceh Barat Daya,,Aceh
40102616,SMAS WIRAKARYA MANADO,https://sekolah.data.kemdikbud.go.id/index.php/Chome/profil/9A9AE2DE-FAB5-4B7B-A5FE-65C96AE4520C,JL. RANOTANA WERU LK III Ranotana Weru Kec. Wanea Kota Manado Prov. Sulawesi Utara,,Kota Manado,Sulawesi Utara
20252192,SMA NEGERI  1 KADUPANDAK,https://sekolah.data.kemdikbud.go.id/index.php/Chome/profil/E0DF462E-EA8C-45AA-AE05-65C97364A5EE,JL. SILIWANGI NO. 1 Kadupandak Kec. Kadupandak Kab. Cianjur Prov. Jawa Barat,Kab. Cianjur,,Jawa Barat
20318347,SMAS PGRI JEPARA,https://sekolah.data.kemdikbud.go.id/index.php/Chome/profil/52193D99-E136-442E-89BE-65CA63E96A39,"Jl. Ratu Kalinyamat, Demaan VI,Kec. Jepa... Demaan Kec. Jepara Kab. Jepara Prov. Jawa Tengah",Kab. Jepara,,Jawa Tengah
70041021,SMA NEGERI RESTORASI AIMOLI,https://sekolah.data.kemdikbud.go.id/index.php/Chome/profil/608246F8-FB83-40C5-8DD0-65CE13E95197,Jl. Nanat Seyeng Aimoli Kec. Alor Barat Laut Kab. Alor Prov. Nusa Tenggara Timur,Kab. Alor,,Nusa Tenggara Timur
69728420,SMAN INSANA TENGAH,https://sekolah.data.kemdikbud.go.id/index.php/Chome/profil/8C565855-0A54-4F4B-A0F3-65DF34DA1634,Jl. Kefamenanu - Atambua KM. 18 (Maubesi... Maubesi Kec. Insana Tengah Kab. Timor Tengah Utara Prov. Nusa Tenggara Timur,Kab. Timor Tengah Utara,,Nusa Tenggara Timur
10258246,SMA NEGERI 1 TELUKDALAM,https://sekolah.data.kemdikbud.go.id/index.php/Chome/profil/57311FBB-1DC1-44D7-BC94-65E252E949C2,JL. PENDIDIKAN NO. 13 TELUKDALAM Pasar Teluk Dalam Kec. Teluk Dalam Kab. Nias Selatan Prov. Sumatera Utara,Kab. Nias Selatan,,Sumatera Utara
40301564,SMAN 3 TAKALAR,https://sekolah.data.kemdikbud.go.id/index.php/Chome/profil/34A60E5D-7BEC-4C23-8486-65E6571436BB,JL. ABDUL JALAL DG LEO NO.2 Kalabbirang Kec. Pattallassang Kab. Takalar Prov. Sulawesi Selatan,Kab. Takalar,,Sulawesi Selatan
20212956,SMA NEGERI 2 KUNINGAN,https://sekolah.data.kemdikbud.go.id/index.php/Chome/profil/0AC38802-BEB5-4444-8E64-65E92056B0FA,JL. ARUJI KARTAWINATA NO. 16 Kuningan Kec. Kuningan Kab. Kuningan Prov. Jawa Barat,Kab. Kuningan,,Jawa Barat
60403402,SMA NEGERI 6 KABUPATEN SORONG,https://sekolah.data.kemdikbud.go.id/index.php/Chome/profil/8D8A88D5-77D0-4BC8-AE91-65EE02C63B46,JL. TRIKORA Seget Kec. Seget Kab. Sorong Prov. Papua Barat Daya,Kab. Sorong,,Papua Barat Daya
20521731,SMAN 1 SUKOSARI,https://sekolah.data.kemdikbud.go.id/index.php/Chome/profil/27071197-F709-455C-8699-65F41EA176CF,JL. KAWAH IJEN-SUKOSARI Sukosari Lor Kec. Sukosari Kab. Bondowoso Prov. Jawa Timur,Kab. Bondowoso,,Jawa Timur
60401959,SMAS MUHAMMADIYAH BINTUNI,https://sekolah.data.kemdikbud.go.id/index.php/Chome/profil/3582CFB1-6BF3-4A2D-8977-65F5E50B876F,JL. RAYA BINTUNI RT. 01 RW. 02 Bintuni Timur Kec. Bintuni Kab. Teluk Bintuni Prov. Papua Barat,Kab. Teluk Bintuni,,Papua Barat
20564168,SMAS TERPADU AL MAARIF,https://sekolah.data.kemdikbud.go.id/index.php/Chome/profil/A910500B-B080-44BF-8B11-65F8268096B0,JL. JAYA MAKMUR Pangarengan Kec. Pangarengan Kab. Sampang Prov. Jawa Timur,Kab. Sampang,,Jawa Timur
10504557,SMAS MUHAMMADIYAH,https://sekolah.data.kemdikbud.go.id/index.php/Chome/profil/F93C97D7-EAE9-4F5A-9718-65FDE92804AB,JL. KAPTEN PATIMURA Simpang Iv Sipin Kec. Telanai Pura Kota Jambi Prov. Jambi,,Kota Jambi,Jambi
10400853,SMAN 5 MANDAU,https://sekolah.data.kemdikbud.go.id/index.php/Chome/profil/0EF9FF7B-4B04-43FE-897B-65FFEB026529,JL.SIDOREJO Harapan Baru Kec. Mandau Kab. Bengkalis Prov. Riau,Kab. Bengkalis,,Riau
20331704,SMAS MA ARIF WADASLINTANG,https://sekolah.data.kemdikbud.go.id/index.php/Chome/profil/7664A9E2-D849-45B0-B76D-6601B1017C36,JL. WADASLINTANG - PREMBUN KM. 01 Wadaslintang Kec. Wadaslintang Kab. Wonosobo Prov. Jawa Tengah,Kab. Wonosobo,,Jawa Tengah
50303424,SMAS ST THOMAS AQUINAS,https://sekolah.data.kemdikbud.go.id/index.php/Chome/profil/8AB7083E-B944-4B37-85EA-6602AF909C3E,"Jln. Nuri, Nekang Watu Kec. Langke Rembong Kab. Manggarai Prov. Nusa Tenggara Timur",Kab. Manggarai,,Nusa Tenggara Timur
10505086,SMAN 15 TANJUNG JABUNG  BARAT,https://sekolah.data.kemdikbud.go.id/index.php/Chome/profil/5B488D7F-9FCD-435B-8F47-6602AFF778C1,JL. SILATURRAHMI KM. 04 TEBING TINGGI TEBING TINGGI Kec. Tebing Tinggi Kab. Tanjung Jabung Barat Prov. Jambi,Kab. Tanjung Jabung Barat,,Jambi
10802974,SMAS SLAMET RIYADI,https://sekolah.data.kemdikbud.go.id/index.php/Chome/profil/BEB3E4DB-748D-46B9-BDD7-66036392F7F4,"JL. MANGGABESAR SUKUNG, KELURAHAN TANJUN... Tanjung Harapan Kec. Kotabumi Selatan Kab. Lampung Utara Prov. Lampung",Kab. Lampung Utara,,Lampung
70001150,SMAIT AL-QUDWAH,https://sekolah.data.kemdikbud.go.id/index.php/Chome/profil/C09F7183-B0A3-4D21-81E2-660E25B8F47B,Jl. Diponegoro Dusun 3. Y Ngadirejo Ngadirejo Kec. Tugu Mulyo Kab. Musi Rawas Prov. Sumatera Selatan,Kab. Musi Rawas,,Sumatera Selatan
20100211,SMAN 4 JAKARTA,https://sekolah.data.kemdikbud.go.id/index.php/Chome/profil/E91E6EDA-08BD-44E7-A4A5-660E40BAF0E3,JL. BATU NO. 3 GAMBIR Gambir Kec. Gambir Kota Adm. Jakarta Pusat Prov. D.K.I. Jakarta,,Kota Adm. Jakarta Pusat,D.K.I. Jakarta
69931913,SMA BINA NUSA PURWAJAYA,https://sekolah.data.kemdikbud.go.id/index.php/Chome/profil/189E492D-7662-49DD-9B74-660FC19B4556,Kp. Babakan RT 01/002 Purwajaya Kec. Peundeuy Kab. Garut Prov. Jawa Barat,Kab. Garut,,Jawa Barat
50219668,SMA IT Putri Abu Hurairah Mataram,https://sekolah.data.kemdikbud.go.id/index.php/Chome/profil/466841BF-24D1-48EA-8341-66142F4D66CD,JL. MAJAPAHIT NO 54B PUNIA MATARAM Punia Kec. Mataram Kota Mataram Prov. Nusa Tenggara Barat,,Kota Mataram,Nusa Tenggara Barat
69758396,SMAN 8 KOTA SERANG,https://sekolah.data.kemdikbud.go.id/index.php/Chome/profil/3740879A-6D60-4268-BEED-66154DEB8436,Jl.Kalodran-Sidapurna  Kel. Teritih Kec.... Teritih Kec. Walantaka Kota Serang Prov. Banten,,Kota Serang,Banten
20339076,SMA SRI MUKTI CILACAP,https://sekolah.data.kemdikbud.go.id/index.php/Chome/profil/EB5C89C0-2EF2-4335-9CA3-66156C42FFAE,Jalan Bawean No. 293 Cilacap Gunungsimping Kec. Cilacap Tengah Kab. Cilacap Prov. Jawa Tengah,Kab. Cilacap,,Jawa Tengah
30404228,SMAN 4 BERAU,https://sekolah.data.kemdikbud.go.id/index.php/Chome/profil/902C4031-E5F3-4A0A-AB30-66181F83571F,JL. BUKIT BERBUNGA KM.01 RT.03 Sambaliung Kec. Sambaliung Kab. Berau Prov. Kalimantan Timur,Kab. Berau,,Kalimantan Timur
20219760,SMAS ADVENT CIMINDI BANDUNG,https://sekolah.data.kemdikbud.go.id/index.php/Chome/profil/FFB86AB9-5D5F-4BF6-8F63-661C035FA7CD,JL. RAYA CIMINDI NO. 74 Campaka Kec. Andir Kota Bandung Prov. Jawa Barat,,Kota Bandung,Jawa Barat
69760883,SMAS MIFTAHUL ULUM,https://sekolah.data.kemdikbud.go.id/index.php/Chome/profil/BFAFA14C-03C6-486C-9CE6-66202F142FCF,JL. KH. Abd. Aziz Bengkok 01 Pangeraan Dabung Kec. Geger Kab. Bangkalan Prov. Jawa Timur,Kab. Bangkalan,,Jawa Timur
10505852,SMAN 15 TEBO,https://sekolah.data.kemdikbud.go.id/index.php/Chome/profil/D689325A-0D72-4982-8F66-66213E4BEF18,Jl. Yogyakarta Sekutur Jaya Kec. Serai Serumpun Kab. Tebo Prov. Jambi,Kab. Tebo,,Jambi
30304273,SMAN 3 BANJARMASIN,https://sekolah.data.kemdikbud.go.id/index.php/Chome/profil/83CE59F8-315D-43A7-979F-662C93AABB2E,JL. VETERAN NO. 381 Sungai Bilu Kec. Banjarmasin Timur Kota Banjarmasin Prov. Kalimantan Selatan,,Kota Banjarmasin,Kalimantan Selatan
20231708,SMAS ISLAM DARUSALAM,https://sekolah.data.kemdikbud.go.id/index.php/Chome/profil/C9CF3309-E643-4EB9-B3FF-6632DBEA1B09,JL. CIKUNIR RAYANO.  2A JAKA MULYA Jaka Mulya Kec. Bekasi Selatan Kota Bekasi Prov. Jawa Barat,,Kota Bekasi,Jawa Barat
20533628,SMA IBNU SINA,https://sekolah.data.kemdikbud.go.id/index.php/Chome/profil/44F74B9D-4FB3-4E67-9905-6632F93243E8,JL. LA.  ADI SUCIPTO 334 B Pandanwangi Kec. Blimbing Kota Malang Prov. Jawa Timur,,Kota Malang,Jawa Timur
69990578,SMA Swasta Abdi Pusaka Indonesia,https://sekolah.data.kemdikbud.go.id/index.php/Chome/profil/05194197-7362-48AC-AC4E-6641A2B419EE,Desa Umbu Umbu Kec. Gido Kab. Nias Prov. Sumatera Utara,Kab. Nias,,Sumatera Utara
10301590,SMAN 1 BUKIT SUNDI,https://sekolah.data.kemdikbud.go.id/index.php/Chome/profil/468B264A-1A71-473C-80F5-664E3CBAEE7F,"JL. MUARA PANAS,CUPAK MUARO PANEH Kec. Bukit Sundi Kab. Solok Prov. Sumatera Barat",Kab. Solok,,Sumatera Barat
69862405,SMA SWASTA DWI TUNGGAL,https://sekolah.data.kemdikbud.go.id/index.php/Chome/profil/A9DD97B3-14E4-4853-9D9C-6650DC7A9607,"JL. MEDAN-TANJUNG MORAWA KM 14,5 Bangun Sari Baru Kec. Tanjung Morawa Kab. Deli Serdang Prov. Sumatera Utara",Kab. Deli Serdang,,Sumatera Utara
69947493,SMA NEGERI 2 MAWASANGKA TIMUR,https://sekolah.data.kemdikbud.go.id/index.php/Chome/profil/D5421D03-AFE2-44D1-9526-665600BAEBED,Jl. La Ode Abdul Kahar Wambuloli Kec. Mawasangka Timur Kab. Buton Tengah Prov. Sulawesi Tenggara,Kab. Buton Tengah,,Sulawesi Tenggara
40312013,SMAN 12 MAKASSAR,https://sekolah.data.kemdikbud.go.id/index.php/Chome/profil/D388DB54-AD78-4EB0-BA8F-665B79C59243,JL.MOHA LASULORO 57 ANTANG Antang Kec. Manggala Kota Makassar Prov. Sulawesi Selatan,,Kota Makassar,Sulawesi Selatan
10112849,SMA NEGERI 2 SERUWAY,https://sekolah.data.kemdikbud.go.id/index.php/Chome/profil/07050E45-E466-4C2A-83C6-665B8152F4B4,JL. PURWODADI Sei Kuruk Ii Kec. Seruway Kab. Aceh Tamiang Prov. Aceh,Kab. Aceh Tamiang,,Aceh
30208705,SMA NEGERI 3 LAUNG TUHUP,https://sekolah.data.kemdikbud.go.id/index.php/Chome/profil/FA86C468-788B-4B77-9940-6662ED85ACE9,BATU BUA I Batu Bua I Kec. Laung Tuhup Kab. Murung Raya Prov. Kalimantan Tengah,Kab. Murung Raya,,Kalimantan Tengah
30105204,SMAN 8 PONTIANAK,https://sekolah.data.kemdikbud.go.id/index.php/Chome/profil/04531D4B-7A11-4B2D-B063-6664362CE129,JL. AMPERA Sungai Jawi Kec. Pontianak Kota Kota Pontianak Prov. Kalimantan Barat,,Kota Pontianak,Kalimantan Barat
30202756,SMAN 1 PULAU MALAN,https://sekolah.data.kemdikbud.go.id/index.php/Chome/profil/08D469C9-CC24-4B27-80E5-6671E837CCB3,JL.PADAT KARYA NO.2 Buntut Bali Kec. Pulau Malan Kab. Katingan Prov. Kalimantan Tengah,Kab. Katingan,,Kalimantan Tengah
10102284,SMA NEGERI 7 TAKENGON,https://sekolah.data.kemdikbud.go.id/index.php/Chome/profil/AC28D23A-42E9-4676-8451-6672A051D8FF,JL. TAKENGON - BINTANG Kuala I Kec. Bintang Kab. Aceh Tengah Prov. Aceh,Kab. Aceh Tengah,,Aceh
10258259,SMA SWASTA AFORE SUSUA,https://sekolah.data.kemdikbud.go.id/index.php/Chome/profil/F4FF51CA-E4FD-4208-A54F-66760ECB7E79,DESA FONDRAKORAYA Fondrakoraya Kec. Ulususua Kab. Nias Selatan Prov. Sumatera Utara,Kab. Nias Selatan,,Sumatera Utara
69966501,SMA NEGERI 2 LINTANG KANAN,https://sekolah.data.kemdikbud.go.id/index.php/Chome/profil/CBE27847-17B3-438E-9420-667DB1163963,Jl. Raya Desa Umojati Umojati Kec. Lintang Kanan Kab. Empat Lawang Prov. Sumatera Selatan,Kab. Empat Lawang,,Sumatera Selatan
70005101,SMA Swasta IT Daarul Istiqlal,https://sekolah.data.kemdikbud.go.id/index.php/Chome/profil/6468D3D9-0EAF-4040-8BBC-667E29A1A5EE,Jl. Pantai Rambung Gg. Cakra II Pasar II... Marindal Satu Kec. Patumbak Kab. Deli Serdang Prov. Sumatera Utara,Kab. Deli Serdang,,Sumatera Utara
10501834,SMAN 5 TANJUNG JABUNG  BARAT,https://sekolah.data.kemdikbud.go.id/index.php/Chome/profil/D675E20E-4632-4FB6-9C37-667FBF5A2163,JL. SULTAN THAHA NO.42 TELUK NILAU Teluk Nilau Kec. Pengabuan Kab. Tanjung Jabung Barat Prov. Jambi,Kab. Tanjung Jabung Barat,,Jambi
69727587,SMAS TAMPO,https://sekolah.data.kemdikbud.go.id/index.php/Chome/profil/1C2B48FF-5423-4420-BDB6-6686358E998F,JL. LA ALAMUNA Tampo Kec. Napabalano Kab. Muna Prov. Sulawesi Tenggara,Kab. Muna,,Sulawesi Tenggara
20521749,SMAS ISLAM PUJER,https://sekolah.data.kemdikbud.go.id/index.php/Chome/profil/E1782A2F-9E58-4D1D-827E-668A3BD841F1,JL. RAYA PUJER NO 15 KEJAYAN Kejayan Kec. Pujer Kab. Bondowoso Prov. Jawa Timur,Kab. Bondowoso,,Jawa Timur
70050467,SMA DARUL FALAH,https://sekolah.data.kemdikbud.go.id/index.php/Chome/profil/FE8A7DA2-49F0-4D27-80C6-668A6CBDC68D,Jl. Bujama Parit Kerakah RT.022/RW.006 Pal.Ix Kec. Sungai Kakap Kab. Kubu Raya Prov. Kalimantan Barat,Kab. Kubu Raya,,Kalimantan Barat
60300639,SMA NEGERI 2 MERAUKE,https://sekolah.data.kemdikbud.go.id/index.php/Chome/profil/364A05FA-347F-4F4B-B6F1-66995EDAB7FC,JL. NOWARI No 97 Karang Indah Kec. Merauke Kab. Merauke Prov. Papua Selatan,Kab. Merauke,,Papua Selatan
20227843,SMA KP 2 PASEH,https://sekolah.data.kemdikbud.go.id/index.php/Chome/profil/7FF8DD29-2595-4BFE-857E-66AC06B9415F,JL. CIGARUKGAK - KADURIUNG Drawati Kec. Paseh Kab. Bandung Prov. Jawa Barat,Kab. Bandung,,Jawa Barat
69773538,SMAS SAADHATUT DHARAIN,https://sekolah.data.kemdikbud.go.id/index.php/Chome/profil/BBF771F4-02B2-4A43-8BC6-66AE28E9AA5E,Dusun Saloros Batoporo Barat Kec. Kedungdung Kab. Sampang Prov. Jawa Timur,Kab. Sampang,,Jawa Timur
50305713,SMA ALSIORA ENDE,https://sekolah.data.kemdikbud.go.id/index.php/Chome/profil/06A99FB4-EEA5-41A0-804A-66AF8232EA25,JL. DURIAN Kel. Mautapaga Kec. Ende Timur Kab. Ende Prov. Nusa Tenggara Timur,Kab. Ende,,Nusa Tenggara Timur
69786965,SMAN 2 PANGKATAN,https://sekolah.data.kemdikbud.go.id/index.php/Chome/profil/1488F246-AAD1-4512-8716-66AF98CFAC39,JL. BESAR TANJUNG HARAPAN PANGKATAN Tanjung Harapan Kec. Pangkatan Kab. Labuhanbatu Prov. Sumatera Utara,Kab. Labuhanbatu,,Sumatera Utara
69774710,SMAS PELITA BANGSA,https://sekolah.data.kemdikbud.go.id/index.php/Chome/profil/612E7394-0303-418C-BB7F-66AFC4947670,KP. SUKAMULYA CARINGIN Kec. Caringin Kab. Garut Prov. Jawa Barat,Kab. Garut,,Jawa Barat
70050671,SMA AL IZZAH NUNUKAN ISLAMIC BOARDING SCHOOL,https://sekolah.data.kemdikbud.go.id/index.php/Chome/profil/4F08143F-E7EA-4F01-9C6F-66B365A557AC,JL. DAMAI RT. 14 KP. PISANG PERSEMAIAN Nunukan Barat Kec. Nunukan Kab. Nunukan Prov. Kalimantan Utara,Kab. Nunukan,,Kalimantan Utara
40102011,SMAS KRISTEN SULUUN,https://sekolah.data.kemdikbud.go.id/index.php/Chome/profil/2D496D35-0C47-4B4C-BF2B-66BB61FFA139,JL.LAPANGAN MERDEKA  DESA SULUUN TIGA KE... Suluun Tiga Kec. Suluun Tareran Kab. Minahasa Selatan Prov. Sulawesi Utara,Kab. Minahasa Selatan,,Sulawesi Utara
20233669,SMAS TAMAN SISWA PAMANUKAN,https://sekolah.data.kemdikbud.go.id/index.php/Chome/profil/8192D8B0-6012-42AC-9E50-66BBB755656F,JL. EYANG TIRTA PRAJA NO. 87 PAMANUKAN Pamanukan Kec. Pamanukan Kab. Subang Prov. Jawa Barat,Kab. Subang,,Jawa Barat
30101942,SMAN 1 MELIAU,https://sekolah.data.kemdikbud.go.id/index.php/Chome/profil/17BDB8F6-4F4F-48F7-9FC2-66C0270CC47F,Jl. Pendidikan Meliau Hulu Meliau Hulu Kec. Meliau Kab. Sanggau Prov. Kalimantan Barat,Kab. Sanggau,,Kalimantan Barat
70053021,SMA RLA IIBS,https://sekolah.data.kemdikbud.go.id/index.php/Chome/profil/AEDE7238-4094-4D3F-8D20-66D9B16DC0F5,Jalan Talago Pipik Data Bungo Aripan ARIPAN Kec. X Koto Singkarak Kab. Solok Prov. Sumatera Barat,Kab. Solok,,Sumatera Barat
10303086,SMA N 1 GUNUNG TULEH,https://sekolah.data.kemdikbud.go.id/index.php/Chome/profil/774154A8-FEB0-4009-A445-66E309FC036E,JL.LINTAS PARAMAN AMPALU RABI JONGOR Kec. Gunung Tuleh Kab. Pasaman Barat Prov. Sumatera Barat,Kab. Pasaman Barat,,Sumatera Barat
40601855,UPTD SMAN 1 BULUTABA,https://sekolah.data.kemdikbud.go.id/index.php/Chome/profil/195B8AE1-C849-424E-871B-66E4E9F4DB08,JL. SULTAN HASANUDDIN Lilimori Kec. Bulu Taba Kab. Pasangkayu Prov. Sulawesi Barat,Kab. Pasangkayu,,Sulawesi Barat
10257391,SMAN 1 TARABINTANG,https://sekolah.data.kemdikbud.go.id/index.php/Chome/profil/49B31748-D3C6-40ED-A705-66F8B5B59701,JL. PENDIDIKAN SIHOMBU Kec. Tarabintang Kab. Humbang Hasundutan Prov. Sumatera Utara,Kab. Humbang Hasundutan,,Sumatera Utara
69774763,SMA NEGERI 18 TAKENGON,https://sekolah.data.kemdikbud.go.id/index.php/Chome/profil/3E61D186-4856-44A1-A065-66FD467CE502,JL. TAKENGON - BLANG KEJEREN Kute Baru Kec. Linge Kab. Aceh Tengah Prov. Aceh,Kab. Aceh Tengah,,Aceh
69931541,SMA AR-ROSYIDAH,https://sekolah.data.kemdikbud.go.id/index.php/Chome/profil/5782D42D-6F8E-43AE-95A1-66FDF0B03445,Jl. Kawi no.24 B Magetan Bulukerto Kec. Magetan Kab. Magetan Prov. Jawa Timur,Kab. Magetan,,Jawa Timur
10205374,SMAS PANGLIMA POLEM RANTAUPRAPAT,https://sekolah.data.kemdikbud.go.id/index.php/Chome/profil/243FB18F-F5C1-4667-A563-670AA3BA97CD,JL. CUT NYAK DIN RANTAUPRAPAT Siringo-Ringo Kec. Rantau Utara Kab. Labuhanbatu Prov. Sumatera Utara,Kab. Labuhanbatu,,Sumatera Utara
69946952,SMA NEGERI 4 SUSUA,https://sekolah.data.kemdikbud.go.id/index.php/Chome/profil/2D8DE98E-5191-4A06-96CD-670C0EDE1EE9,Desa Hilidanayao Hilidanayao Kec. Susua Kab. Nias Selatan Prov. Sumatera Utara,Kab. Nias Selatan,,Sumatera Utara
60200292,SMAN 2 HALMAHERA UTARA,https://sekolah.data.kemdikbud.go.id/index.php/Chome/profil/DB7FD6D7-D7D1-4298-8B01-670CE5D2AFE4,JLN. SISWA NO. 9 DESA SOASIO Soasio Kec. Galela Kab. halmahera Utara Prov. Maluku Utara,Kab. halmahera Utara,,Maluku Utara
70003654,SMA IT Ruhul Islam,https://sekolah.data.kemdikbud.go.id/index.php/Chome/profil/49D5E646-7745-4EDC-A5CD-67106F3B8BE0,Jl. T. Umar Desa Air Dingin Kec. Simeulu... Air Dingin Kec. Simeulue Timur Kab. Simeulue Prov. Aceh,Kab. Simeulue,,Aceh
40310705,SMAN 20 BONE,https://sekolah.data.kemdikbud.go.id/index.php/Chome/profil/CC1D8A36-D620-49E6-A86B-67109960B782,Bulu Laju Waempubbue Kec. Amali Kab. Bone Prov. Sulawesi Selatan,Kab. Bone,,Sulawesi Selatan
10212417,SMA SWASTA TAMANSISWA,https://sekolah.data.kemdikbud.go.id/index.php/Chome/profil/36AE376F-E17B-4C9D-88D1-671331F18B51,JL. KARTINI NO. 18 Banjar Kec. Siantar Barat Kota Pematangsiantar Prov. Sumatera Utara,,Kota Pematangsiantar,Sumatera Utara
20227902,SMAN 1 BATUJAJAR,https://sekolah.data.kemdikbud.go.id/index.php/Chome/profil/D11DFBFF-70F1-4599-8CCF-67168A12BBA2,JL. RAYA SELACAU BATUJAJAR Selacau Kec. Batujajar Kab. Bandung Barat Prov. Jawa Barat,Kab. Bandung Barat,,Jawa Barat
70025263,SMA Islam Teladan Al Irsyad Al Islamiyyah,https://sekolah.data.kemdikbud.go.id/index.php/Chome/profil/B48E2F5D-21F1-4B9B-A669-6717151E2699,Jl. R. H. Jaja Abdullah No. 02 Karawang Kulon Kec. Karawang Barat Kab. Karawang Prov. Jawa Barat,Kab. Karawang,,Jawa Barat
10601459,SMAN 1 KIKIM TIMUR,https://sekolah.data.kemdikbud.go.id/index.php/Chome/profil/74A81C12-FDDC-47E1-B007-6718DA433CA6,JLN. SIMPANG MUARA DANAU KIKIM TIMUR Muara Danau Kec. Kikim Timur Kab. Lahat Prov. Sumatera Selatan,Kab. Lahat,,Sumatera Selatan
20540293,SMA DARUL ULUM 3 PETERONGAN,https://sekolah.data.kemdikbud.go.id/index.php/Chome/profil/B380FAB3-D8C5-46A6-943E-671A1FFE723D,Jl. Rejoso Peterongan Jombang Peterongan Kec. Peterongan Kab. Jombang Prov. Jawa Timur,Kab. Jombang,,Jawa Timur
10506057,SMAN 11 SAROLANGUN,https://sekolah.data.kemdikbud.go.id/index.php/Chome/profil/824E9E51-424A-4271-835C-671B1A1F0C11,DESA SUKA MAJU SUKA MAJU Kec. Mandiangin Kab. Sarolangun Prov. Jambi,Kab. Sarolangun,,Jambi
20237361,SMAS AL KHOLIDIYAH,https://sekolah.data.kemdikbud.go.id/index.php/Chome/profil/41022266-791F-437D-99C5-6724DBAF1091,JL. RAYA PANGKALAN Margamulya Kec. Teluk Jambe Barat Kab. Karawang Prov. Jawa Barat,Kab. Karawang,,Jawa Barat
20100195,SMAS MUHAMMADIYAH 1 JAKARTA,https://sekolah.data.kemdikbud.go.id/index.php/Chome/profil/139E4728-752C-4286-B1AF-67256AB059AF,JL. KRAMAT RAYA NO. 49 Kramat Kec. Senen Kota Adm. Jakarta Pusat Prov. D.K.I. Jakarta,,Kota Adm. Jakarta Pusat,D.K.I. Jakarta
40201631,SMAN 3 LUWUK,https://sekolah.data.kemdikbud.go.id/index.php/Chome/profil/A7C68D6F-01DA-4308-9083-6729AD22EC3E,JL. K.H. DEWANTARA 12 LUWUK KARATON Kec. Luwuk Kab. Banggai Prov. Sulawesi Tengah,Kab. Banggai,,Sulawesi Tengah
60300181,SMA NEGERI 2 SENTANI,https://sekolah.data.kemdikbud.go.id/index.php/Chome/profil/543BA659-D220-4D2F-AB4F-672E0D1ABB84,JL. RAYA SENTANI - DEPAPRE Maribu Kec. Sentani Barat Kab. Jayapura Prov. Papua,Kab. Jayapura,,Papua
69992717,SMAS AT-TALIM,https://sekolah.data.kemdikbud.go.id/index.php/Chome/profil/DCC54D76-7C6E-4CEF-B461-67311537A113,Jl. Tanjung Pandan RT.02 Sei Segak Kec. Sebangki Kab. Landak Prov. Kalimantan Barat,Kab. Landak,,Kalimantan Barat
60303260,SMAN I EDERA,https://sekolah.data.kemdikbud.go.id/index.php/Chome/profil/9587FC2E-E5E0-4F17-AE62-67358B23A77D,JL. HOMNI BADE Bade Kec. Edera Kab. Mappi Prov. Papua Selatan,Kab. Mappi,,Papua Selatan
10259432,SMAS AL WASLIYAH 7,https://sekolah.data.kemdikbud.go.id/index.php/Chome/profil/4D3C3269-886D-43C4-8AD0-673A60CDDC1A,Jl. Kp. Lalang Desa Simpang Empat Simpang Empat Kec. Sei Rampah Kab. Serdang Bedagai Prov. Sumatera Utara,Kab. Serdang Bedagai,,Sumatera Utara
70000542,SMA QURAN INTERNAT IBADURRAHMAN,https://sekolah.data.kemdikbud.go.id/index.php/Chome/profil/EB275B6C-0E66-4467-8722-67444BC9A901,JL. RANGAU KM.10 DUSUN BELADING DESA PET... Desa Petani Kec. Bathin Solapan Kab. Bengkalis Prov. Riau,Kab. Bengkalis,,Riau
20212963,SMA NEGERI 1 JALAKSANA,https://sekolah.data.kemdikbud.go.id/index.php/Chome/profil/8F47CD7E-C6EA-437B-B766-674A5A14D966,JL. RAYA PADAMENAK NO. 64 Padamenak Kec. Jalaksana Kab. Kuningan Prov. Jawa Barat,Kab. Kuningan,,Jawa Barat
70051349,SMA NEGERI 2 SIOMPU,https://sekolah.data.kemdikbud.go.id/index.php/Chome/profil/E5B2C955-EB1B-41FB-B918-674B43BF3493,Jalan Poros Siompu Waindawula Kec. Siompu Kab. Buton Selatan Prov. Sulawesi Tenggara,Kab. Buton Selatan,,Sulawesi Tenggara
20268467,SMAS IT-TQ IHYA AS SUNNAH,https://sekolah.data.kemdikbud.go.id/index.php/Chome/profil/56BC7CB7-128F-4116-AE92-6753F24AC4F2,JL. TERUSAN PASEH-BCA NO. 11 Tuguraja Kec. Cihideung Kota Tasikmalaya Prov. Jawa Barat,,Kota Tasikmalaya,Jawa Barat
20103310,SMAN 54 JAKARTA,https://sekolah.data.kemdikbud.go.id/index.php/Chome/profil/EF9ED061-8D34-4B50-8AE0-6754659D67CC,"Komplek Pendidikan Rawa Bunga, Jl. Jatin... Rawa Bunga Kec. Jatinegara Kota Adm. Jakarta Timur Prov. D.K.I. Jakarta",,Kota Adm. Jakarta Timur,D.K.I. Jakarta
20540050,SMAS BUDI UTOMO PRAMBON,https://sekolah.data.kemdikbud.go.id/index.php/Chome/profil/FD7E441D-60E8-4190-B277-6755632FDFF9,JL. RAYA TEMU Temu Kec. Prambon Kab. Sidoarjo Prov. Jawa Timur,Kab. Sidoarjo,,Jawa Timur
70006491,SMA NEGERI PANTOLA,https://sekolah.data.kemdikbud.go.id/index.php/Chome/profil/619A02F0-9A8D-4E78-B2C8-6756DD0CF9E6,JL. NUNE BAKO. RT.022/RW.010. DUSUN  IV Oeleu Kec. Kolbano Kab. Timor Tengah Selatan Prov. Nusa Tenggara Timur,Kab. Timor Tengah Selatan,,Nusa Tenggara Timur
20403145,SMAS STELLA DUCE 1,https://sekolah.data.kemdikbud.go.id/index.php/Chome/profil/0F66631E-B492-4178-BE43-675909761CAD,JL. SABIRIN 1-3 Kotabaru Kec. Gondokusuman Kota Yogyakarta Prov. D.I. Yogyakarta,,Kota Yogyakarta,D.I. Yogyakarta
20603323,SMAS PGRI 56 CIPUTAT,https://sekolah.data.kemdikbud.go.id/index.php/Chome/profil/07633068-8C5D-4FE6-BAD2-675A540023B4,"Jl. Pendidikan No, 30 Ciputat Ciputat Kec. Ciputat Kota Tangerang Selatan Prov. Banten",,Kota Tangerang Selatan,Banten
10403697,SMAN 1 CERENTI,https://sekolah.data.kemdikbud.go.id/index.php/Chome/profil/83C13C48-909E-4708-BB52-6763A95CAEF1,JL. A. YANI NO. 02 Kompe Berangin Kec. Cerenti Kab. Kuantan Singingi Prov. Riau,Kab. Kuantan Singingi,,Riau
20606503,SMAS AL AYANIAH,https://sekolah.data.kemdikbud.go.id/index.php/Chome/profil/36A59755-78B6-4D31-A376-676A21213F67,JL. HALIM PERDANA KUSUMA NO. 56 Kebon Besar Kec. Batuceper Kota Tangerang Prov. Banten,,Kota Tangerang,Banten
50302597,SMA NEGERI 2 ENDE,https://sekolah.data.kemdikbud.go.id/index.php/Chome/profil/A2963D0B-0ED4-43D7-AD24-676AEF07C4A6,JL. WOLOARE B KEL. ROWORENA BARAT Kec. Ende Utara Kab. Ende Prov. Nusa Tenggara Timur,Kab. Ende,,Nusa Tenggara Timur
69902385,SMA Negeri Alkani,https://sekolah.data.kemdikbud.go.id/index.php/Chome/profil/8FB58633-D6BB-4CA4-8116-676CF4298BB3,Alkani Alkani Kec. Wewiku Kab. Malaka Prov. Nusa Tenggara Timur,Kab. Malaka,,Nusa Tenggara Timur
30105213,SMAN 4 PONTIANAK,https://sekolah.data.kemdikbud.go.id/index.php/Chome/profil/A91819FC-5D72-4889-8880-67701FA8F3DC,JL. DR. WAHIDIN SUDIROHUSODO Sungai Jawi Kec. Pontianak Kota Kota Pontianak Prov. Kalimantan Barat,,Kota Pontianak,Kalimantan Barat
10807061,SMAN 15 BANDAR LAMPUNG,https://sekolah.data.kemdikbud.go.id/index.php/Chome/profil/F5DE79AE-D122-4C76-87FB-677FAA9AF359,JL. TURI RAYA Labuhan Dalam Kec. Tanjung Senang Kota Bandar Lampung Prov. Lampung,,Kota Bandar Lampung,Lampung
69991482,SMA Swasta Islam Terpadu Al Izzah,https://sekolah.data.kemdikbud.go.id/index.php/Chome/profil/8BD6A8F5-B125-4B1F-8A67-6795601E8614,Jl. KH. Ahmad Dahlan Psr I Aras Kec. Air Putih Kab. Batu Bara Prov. Sumatera Utara,Kab. Batu Bara,,Sumatera Utara
70054934,SMA ALAM INSPIRASI,https://sekolah.data.kemdikbud.go.id/index.php/Chome/profil/99AF69D2-38AC-4D78-82A0-6796025ACC49,JL. Sorong Makbon Malasilen Kec. Sorong Utara Kota Sorong Prov. Papua Barat Daya,,Kota Sorong,Papua Barat Daya
20400379,SMA NEGERI 1 SRANDAKAN,https://sekolah.data.kemdikbud.go.id/index.php/Chome/profil/EB5610B7-DC72-41B4-8BA6-679712ED5D93,JL.Pandansimo Trimurti Kec. Srandakan Kab. Bantul Prov. D.I. Yogyakarta,Kab. Bantul,,D.I. Yogyakarta
20232303,SMAS AL ASIYAH,https://sekolah.data.kemdikbud.go.id/index.php/Chome/profil/07A0462F-4304-41BB-AB4C-679B5986F5DF,JL. RAYA JAKARTA BOGOR PABUARAN CIBINONG Pabuaran Kec. Cibinong Kab. Bogor Prov. Jawa Barat,Kab. Bogor,,Jawa Barat
69892733,SMA NEGERI 4 PASARWAJO,https://sekolah.data.kemdikbud.go.id/index.php/Chome/profil/498CB043-E058-4D75-BA1A-679FB4B287E9,Jln. Gajah Mada KOMBELI Kec. Pasar Wajo Kab. Buton Prov. Sulawesi Tenggara,Kab. Buton,,Sulawesi Tenggara
40500449,SMAN 1 BILUHU,https://sekolah.data.kemdikbud.go.id/index.php/Chome/profil/CE247ADB-1046-477C-BCC7-67A1B9BD219A,JL. BUKE PANAI Biluhu Tengah Kec. Biluhu Kab. Gorontalo Prov. Gorontalo,Kab. Gorontalo,,Gorontalo
30402827,SMAS KATOLIK HENRICUS LEVEN,https://sekolah.data.kemdikbud.go.id/index.php/Chome/profil/785009C5-89AC-492E-A22D-67A6D27F67B5,JL. RAJA PANDITA Malinau Hulu Kec. Malinau Kota Kab. Malinau Prov. Kalimantan Utara,Kab. Malinau,,Kalimantan Utara
20100795,SMAN 73 JAKARTA,https://sekolah.data.kemdikbud.go.id/index.php/Chome/profil/06887E1F-53C0-4DAF-8146-67A8730C879A,JL. RAYA CAKUNG CILINCING Semper Timur Kec. Cilincing Kota Adm. Jakarta Utara Prov. D.K.I. Jakarta,,Kota Adm. Jakarta Utara,D.K.I. Jakarta
70055105,SMA Lentera Harapan Gunung Moria,https://sekolah.data.kemdikbud.go.id/index.php/Chome/profil/88615FD9-D2BB-4AC9-B656-67A9B403CF36,Jl. M.H. Thamrin Boulevard 1100 Komplek ... Kelapa Dua Kec. Kelapa Dua Kab. Tangerang Prov. Banten,Kab. Tangerang,,Banten
10210800,SMAS APIPSU MEDAN,https://sekolah.data.kemdikbud.go.id/index.php/Chome/profil/411AA68E-7570-40B9-9B9C-67ADF39D9815,"Jalan Gatot Subroto KM.5,5 Gang Rasmi No... Sei Sikambing C Ii Kec. Medan Helvetia Kota Medan Prov. Sumatera Utara",,Kota Medan,Sumatera Utara
20206205,SMAN 1 SOREANG,https://sekolah.data.kemdikbud.go.id/index.php/Chome/profil/054497C3-ED15-436C-A874-67AE2D9A9BCB,JL. RAYA SOREANG-BANJARAN KM.3 Soreang Kec. Soreang Kab. Bandung Prov. Jawa Barat,Kab. Bandung,,Jawa Barat
20603182,SMAS AL AZHARIYAH,https://sekolah.data.kemdikbud.go.id/index.php/Chome/profil/B8AC40BD-097D-4E93-9A00-67AF8F7B27F6,Kp. Sarakan RT. 003 RW. 004 Desa Sukasar... Suka Sari Kec. Rajeg Kab. Tangerang Prov. Banten,Kab. Tangerang,,Banten
10211315,SMAS MUHAMMADIYAH 12,https://sekolah.data.kemdikbud.go.id/index.php/Chome/profil/07107233-DC0F-495B-87A4-67C11212C909,JL. KHA. DAHLAN NO. 4 BINJAI Kartini Kec. Binjai Kota Kota Binjai Prov. Sumatera Utara,,Kota Binjai,Sumatera Utara
70011662,SMA NEGERI 31 KABUPATEN TANGERANG,https://sekolah.data.kemdikbud.go.id/index.php/Chome/profil/4D5DAEF6-23AA-4D0C-A29B-67C27BD74BA3,Jl. AMD IX Kp. Waru RT.013 RW.006 Pasir Jaya Kec. Cikupa Kab. Tangerang Prov. Banten,Kab. Tangerang,,Banten
20525855,SMAN 1 GIRI,https://sekolah.data.kemdikbud.go.id/index.php/Chome/profil/602D21F9-AD63-4468-82BA-67C28659F1EA,JL. H.O.S. COKROAMINOTO NO. 38 Mojopanggung Kec. Giri Kab. Banyuwangi Prov. Jawa Timur,Kab. Banyuwangi,,Jawa Timur
69967032,SMA ISLAM IBNU AHMAD MASDUKI,https://sekolah.data.kemdikbud.go.id/index.php/Chome/profil/5C20EBD5-0C88-4256-9574-67C35828FEE0,Dsn. Bujanah Planggiran Kec. Tanjungbumi Kab. Bangkalan Prov. Jawa Timur,Kab. Bangkalan,,Jawa Timur
30303027,SMAN 2 TANJUNG,https://sekolah.data.kemdikbud.go.id/index.php/Chome/profil/B96862CB-C2BF-43A8-B73F-67C3F150C631,Jl. H. Usman Dundrung RT. 09 Mabuun Kec. Murung Pudak Kab. Tabalong Prov. Kalimantan Selatan,Kab. Tabalong,,Kalimantan Selatan
40402865,SMAS KURNIA PUDAY,https://sekolah.data.kemdikbud.go.id/index.php/Chome/profil/CFF1FC54-81E2-4095-B7E3-67C4EBA57CEC,"JL. Transmigrasi SP-G Desa Tetemotaha, K... Tetemotaha Kec. Wonggeduku Kab. Konawe Prov. Sulawesi Tenggara",Kab. Konawe,,Sulawesi Tenggara
20327563,SMA NEGERI 1 MAGELANG,https://sekolah.data.kemdikbud.go.id/index.php/Chome/profil/8B254D19-3738-4096-90EA-67C69970EC8D,JL. CEMPAKA NO.1 MAGELANG Kemirirejo Kec. Magelang Tengah Kota Magelang Prov. Jawa Tengah,,Kota Magelang,Jawa Tengah
70044125,SMA ISLAM RAUDLATUL JANNAH AN NUR DAREK,https://sekolah.data.kemdikbud.go.id/index.php/Chome/profil/42F38F15-9CAE-45C0-ACB7-67CB95E7765F,Jl. Lintas Bendungan Pengga Darek Kec. Praya Barat Daya Kab. Lombok Tengah Prov. Nusa Tenggara Barat,Kab. Lombok Tengah,,Nusa Tenggara Barat
10257545,SMAS UNIV AMIR HAMZAH,https://sekolah.data.kemdikbud.go.id/index.php/Chome/profil/061C6F6A-C728-4203-AAB6-67CC8B0CF888,JL. Pertahanan Ujung Simpang Beo Laut Dendang Kec. Percut Sei Tuan Kab. Deli Serdang Prov. Sumatera Utara,Kab. Deli Serdang,,Sumatera Utara
40203776,SMAN MODEL TERPADU MADANI,https://sekolah.data.kemdikbud.go.id/index.php/Chome/profil/CD9BEBC1-3762-4017-A00B-67CCB8092E04,JL. SOEKARNO-HATTA BUMI ROVIEGA Kelurahan Talise Kec. Mantikulore Kota Palu Prov. Sulawesi Tengah,,Kota Palu,Sulawesi Tengah
30300697,SMAN 1 PELAIHARI,https://sekolah.data.kemdikbud.go.id/index.php/Chome/profil/C0207237-41A9-49CF-AB1D-67CD5A2FE33C,A. SYAIRANI KOMP. PERKANTORAN GAGAS Angsau Kec. Pelaihari Kab. Tanah Laut Prov. Kalimantan Selatan,Kab. Tanah Laut,,Kalimantan Selatan
10609669,SMA NU PALEMBANG,https://sekolah.data.kemdikbud.go.id/index.php/Chome/profil/9847BEE6-8B83-493C-B957-67CE6C1F77DA,JL. JEND. AHMAD YANI PLG 9/10 Ulu Kec. Seberang Ulu I Kota Palembang Prov. Sumatera Selatan,,Kota Palembang,Sumatera Selatan
10212114,SMAS PGRI 14 SIBOLGA,https://sekolah.data.kemdikbud.go.id/index.php/Chome/profil/239A68FF-01CD-40CF-9E1B-67CF83FD53A1,JL. SISWOMIHARJO NO. 1 SIBOLGA Huta Tonga Tonga Kec. Sibolga Utara Kota Sibolga Prov. Sumatera Utara,,Kota Sibolga,Sumatera Utara
10807067,SMAN 6 BANDAR LAMPUNG,https://sekolah.data.kemdikbud.go.id/index.php/Chome/profil/F740A24A-6E0D-4D5A-A5B6-67D0511D96C6,JL. KH. AGUS ANANG NO. 35 KETAPANG Kec. Panjang Kota Bandar Lampung Prov. Lampung,,Kota Bandar Lampung,Lampung
70040462,SMAN 2 SANDAI,https://sekolah.data.kemdikbud.go.id/index.php/Chome/profil/5AE8F9BA-829B-430E-92AE-67D417174C85,Jl. Dusun Tangga Tanah Sandai Kiri Kec. Sandai Kab. Ketapang Prov. Kalimantan Barat,Kab. Ketapang,,Kalimantan Barat
69978034,SMA NEGERI 3 PALOH,https://sekolah.data.kemdikbud.go.id/index.php/Chome/profil/224F7265-715E-42FD-8EC8-67D7B7A9969B,Jl. SUNGAI SUMPIT DUSUN MERBAU Sebubus Kec. Paloh Kab. Sambas Prov. Kalimantan Barat,Kab. Sambas,,Kalimantan Barat
10609677,SMA PGRI 03 PALEMBANG,https://sekolah.data.kemdikbud.go.id/index.php/Chome/profil/092C3674-680F-4D75-B16B-67D93AB83B2E,Jalan Srijaya Sukarami Kec. Sukarami Kota Palembang Prov. Sumatera Selatan,,Kota Palembang,Sumatera Selatan
20231348,SMAS PGRI RUMPIN,https://sekolah.data.kemdikbud.go.id/index.php/Chome/profil/CBE02C8E-89C8-4A91-B7DD-67E45315181C,Kp. Leuwihalang Rt 02/05 Cibodas Kec. Rumpin Kab. Bogor Prov. Jawa Barat,Kab. Bogor,,Jawa Barat
10203516,SMAS BUKIT CAHAYA SUMBUL,https://sekolah.data.kemdikbud.go.id/index.php/Chome/profil/AF1923BE-2567-4055-86AB-67E5A5CE57FC,JL. TIGA BARU NO. 48 SUMBUL Pegagan Julu Vii Kec. Sumbul Kab. Dairi Prov. Sumatera Utara,Kab. Dairi,,Sumatera Utara
40102761,SMAN 7 MANADO,https://sekolah.data.kemdikbud.go.id/index.php/Chome/profil/4CCCFEF9-FD91-45F0-8E83-67E810357B35,JL. TOLOLIU SUPIT No. 25 Tingkulu Kec. Wanea Kota Manado Prov. Sulawesi Utara,,Kota Manado,Sulawesi Utara
30203799,SMAS PGRI -2 SAMPIT,https://sekolah.data.kemdikbud.go.id/index.php/Chome/profil/0E55C577-3398-4298-92B7-67F26371A4F3,Jl.II. DS.TERANTANG Terantang Kec. Seranau Kab. Kotawaringin Timur Prov. Kalimantan Tengah,Kab. Kotawaringin Timur,,Kalimantan Tengah
69761901,SMAS EL-MADANI RAWALO,https://sekolah.data.kemdikbud.go.id/index.php/Chome/profil/7B3BB42E-96F6-43A5-ACF7-67F2BE86B619,"KEDUNGWANGKAL, BANJARPARAKAN RT 01 RW 01... Banjarparakan Kec. Rawalo Kab. Banyumas Prov. Jawa Tengah",Kab. Banyumas,,Jawa Tengah
