kode,nama,link_profil,alamat,kabupaten,kota,provinsi
10609871,SMAS MUHAMMADIYAH PAGAR ALAM,https://sekolah.data.kemdikbud.go.id/index.php/Chome/profil/1A9C001E-8BE6-4DE1-B00E-90C59C565D84,JL. KOMBES H. UMAR NO. 1123 Basemah Serasan Kec. Pagar Alam Selatan Kota Pagar Alam Prov. Sumatera Selatan,,Kota Pagar Alam,Sumatera Selatan
20532087,SMAS SANTA MARIA,https://sekolah.data.kemdikbud.go.id/index.php/Chome/profil/76A40D5C-C1BD-4369-820A-90C8A90EDB3C,JL. RAYA DARMO 49 Keputran Kec. Tegal Sari Kota Surabaya Prov. Jawa Timur,,Kota Surabaya,Jawa Timur
20540296,SMA KOSGORO 2,https://sekolah.data.kemdikbud.go.id/index.php/Chome/profil/EB795CDD-9D27-4FE6-9F23-90D9DBE4B208,KUDU Kudubanjar Kec. Kudu Kab. Jombang Prov. Jawa Timur,Kab. Jombang,,Jawa Timur
70047860,SMA Evans Indonesia Kota Bangun,https://sekolah.data.kemdikbud.go.id/index.php/Chome/profil/66F69542-6D06-47F8-9F21-90DDD8DE8E7E,"Wilayah Estate PT. PMM, Prima Estate Loleng Kec. Kota Bangun Kab. Kutai Kartanegara Prov. Kalimantan Timur",Kab. Kutai Kartanegara,,Kalimantan Timur
69971273,SMA IT AL-KAUTSAR DURI,https://sekolah.data.kemdikbud.go.id/index.php/Chome/profil/F839195E-709A-4882-A6AB-90E1410CF52F,Jl. Tegalsari Ujung - Jl. Perintis III R... Air Jamban Kec. Mandau Kab. Bengkalis Prov. Riau,Kab. Bengkalis,,Riau
10504556,SMAS ISLAM AL FALAH,https://sekolah.data.kemdikbud.go.id/index.php/Chome/profil/DD0F820B-CD5D-4D3E-B247-90E16CB5D18D,JL. HOS COKROAMINOTO Selamat Kec. Danau Sipin Kota Jambi Prov. Jambi,,Kota Jambi,Jambi
60726464,SMAN 1 NAPANO KUSAMBI,https://sekolah.data.kemdikbud.go.id/index.php/Chome/profil/A1B39541-8D28-4BD3-B1EB-90E37F5EC2B4,LAHAJI LAHAJI Kec. Napano Kusambi Kab. Muna Barat Prov. Sulawesi Tenggara,Kab. Muna Barat,,Sulawesi Tenggara
10219920,SMAS JAYA KRAMA BERINGIN,https://sekolah.data.kemdikbud.go.id/index.php/Chome/profil/4EE0329B-00E7-4661-A2ED-90EDAD3D58DB,Jl. Mimbar Umum Psr VI Sidodadi Ramunia Sidodadi Ramunia Kec. Beringin Kab. Deli Serdang Prov. Sumatera Utara,Kab. Deli Serdang,,Sumatera Utara
70005452,SMA Islam Otak Kanan Shalahuddin Al-Ayyubi,https://sekolah.data.kemdikbud.go.id/index.php/Chome/profil/525A0610-F427-4DF3-A845-90FF84D05512,"Jl. Basuki Rahmat, Lrg Nusantara No. 15 ... Tatura Selatan Kec. Palu Selatan Kota Palu Prov. Sulawesi Tengah",,Kota Palu,Sulawesi Tengah
20603158,SMAS ARIF RAHMAN HAKIM,https://sekolah.data.kemdikbud.go.id/index.php/Chome/profil/7DE704C1-52CC-480A-B470-910FDACC24EF,JL. TAMAN MAKAM BAHAGIA Perigi Kec. Pondok Aren Kota Tangerang Selatan Prov. Banten,,Kota Tangerang Selatan,Banten
70040511,SMA NEGERI 1 BATANG PERANAP,https://sekolah.data.kemdikbud.go.id/index.php/Chome/profil/931B7111-8128-4D1F-99D9-911224F8EC1A,Jalan Poros Dusun Timber Punti Kayu Kec. Batang Peranap Kab. Indragiri Hulu Prov. Riau,Kab. Indragiri Hulu,,Riau
70011502,SMA INTELIGENSIA,https://sekolah.data.kemdikbud.go.id/index.php/Chome/profil/D53ED5A0-0F2B-4C28-8EEB-9118770FA116,Jl. AH. Nasution No. 242 Cipadung Kulon Kec. Panyileukan Kota Bandung Prov. Jawa Barat,,Kota Bandung,Jawa Barat
70031270,SMA IT AR-RIDWAN,https://sekolah.data.kemdikbud.go.id/index.php/Chome/profil/9F4B46DE-4F67-4939-B346-9119ECAB34FF,JL. Hadi Subroto Dusun I Margo Lestari Kec. Jati Agung Kab. Lampung Selatan Prov. Lampung,Kab. Lampung Selatan,,Lampung
30311497,SMAN 1 KELUMPANG HULU,https://sekolah.data.kemdikbud.go.id/index.php/Chome/profil/2CEE5364-661D-4055-B3AA-911E17277823,JL. Trans Kalimantan KM.310 Cantung Sungai Kupang Kec. Kelumpang Hulu Kab. Kotabaru Prov. Kalimantan Selatan,Kab. Kotabaru,,Kalimantan Selatan
20328917,SMA ISLAM SULTAN AGUNG 3,https://sekolah.data.kemdikbud.go.id/index.php/Chome/profil/3F886C72-B826-4B96-92B1-911EE018FC99,Jl. Raya Kaligawe KM. 4 Terboyo Kulon Kec. Genuk Kota Semarang Prov. Jawa Tengah,,Kota Semarang,Jawa Tengah
40310357,SMAN 8 PANGKAJENE DAN KEPULAUAN,https://sekolah.data.kemdikbud.go.id/index.php/Chome/profil/EE78C659-BF8D-4918-B055-912E029BD60A,JL. BATUBARA Bantimurung Kec. Tondong Tallasa Kab. Pangkajene Dan Kepulauan Prov. Sulawesi Selatan,Kab. Pangkajene Dan Kepulauan,,Sulawesi Selatan
60301017,SMAN 2 JAYAPURA,https://sekolah.data.kemdikbud.go.id/index.php/Chome/profil/8B9EDBCE-35B9-4C63-B304-913079478871,JL. SERUI NO. 16 DOK IX ATAS JAYAPURA Imbi Kec. Jayapura Utara Kota Jayapura Prov. Papua,,Kota Jayapura,Papua
10806095,SMAN 1 PURBOLINGGO,https://sekolah.data.kemdikbud.go.id/index.php/Chome/profil/FAFD3C20-E694-437B-9589-9130E548D016,JL.KIHAJAR DEWANTORO KM.2 Tanjung Inten Kec. Purbolinggo Kab. Lampung Timur Prov. Lampung,Kab. Lampung Timur,,Lampung
10495169,SMAN 7 MANDAU,https://sekolah.data.kemdikbud.go.id/index.php/Chome/profil/1C2371FA-2633-48CB-A2A3-9133A7870C62,JL. RANGAU KM 11 DURI Petani Kec. Mandau Kab. Bengkalis Prov. Riau,Kab. Bengkalis,,Riau
69948015,SMA Madina Citra Insani,https://sekolah.data.kemdikbud.go.id/index.php/Chome/profil/CCBDB167-A5E4-40A3-A6DC-913D4B2D105A,Jl. Mugirejo Gang Assaadah Mugirejo Kec. Sungai Pinang Kota Samarinda Prov. Kalimantan Timur,,Kota Samarinda,Kalimantan Timur
50204028,SMAS MUHAMMADIYAH BOLO,https://sekolah.data.kemdikbud.go.id/index.php/Chome/profil/F3931E7B-F801-4D38-8CF1-914016D3D190,JL. PENDIDIKAN NO. 4 KANANGA SILA BIMA Kananga Kec. Bolo Kab. Bima Prov. Nusa Tenggara Barat,Kab. Bima,,Nusa Tenggara Barat
20338228,SMAS VETERAN PURWOKERTO,https://sekolah.data.kemdikbud.go.id/index.php/Chome/profil/318EB01A-9914-4C58-8391-914594482DB3,JL. DR. ANGKA NO. 56 PURWOKERTO Sokanegara Kec. Purwokerto Timur Kab. Banyumas Prov. Jawa Tengah,Kab. Banyumas,,Jawa Tengah
50303779,SMA NEGERI 1 RINDI UMALULU,https://sekolah.data.kemdikbud.go.id/index.php/Chome/profil/F2D31238-35EF-457E-8F10-9146C76679E8,Jl. Kananggar-Melolo Watu Hadang Kec. Umalulu Kab. Sumba Timur Prov. Nusa Tenggara Timur,Kab. Sumba Timur,,Nusa Tenggara Timur
40300276,SMAN 4 MAROS,https://sekolah.data.kemdikbud.go.id/index.php/Chome/profil/88E1B6BF-6CC4-4E30-B836-914920CDE536,PAKALU BANTIMURUNG Kalabbirang Kec. Bantimurung Kab. Maros Prov. Sulawesi Selatan,Kab. Maros,,Sulawesi Selatan
69975255,SMA ULUL AZMI PARIT PERCIS,https://sekolah.data.kemdikbud.go.id/index.php/Chome/profil/A6767A82-B0D6-498E-ABB0-914934539C62,PARIT PERCIS Sungai Asam Kec. Sungai Raya Kab. Kubu Raya Prov. Kalimantan Barat,Kab. Kubu Raya,,Kalimantan Barat
70029832,SMA DARUL QURAN NYEROT,https://sekolah.data.kemdikbud.go.id/index.php/Chome/profil/A67418C1-06FC-4D2F-B87A-914B12EAF4BC,"Jln. Raya Batutulis – Tandek, Repok Nyer... Nyerot Kec. Jonggat Kab. Lombok Tengah Prov. Nusa Tenggara Barat",Kab. Lombok Tengah,,Nusa Tenggara Barat
40313896,SMAS YASPIT BONTOJAI,https://sekolah.data.kemdikbud.go.id/index.php/Chome/profil/162D3131-BC6B-4D34-8F81-914BDCCC367B,Jln.Maggusila Dg Liwang Bontojai Kec. Tamalatea Kab. Jeneponto Prov. Sulawesi Selatan,Kab. Jeneponto,,Sulawesi Selatan
50100844,SMA Negeri 1 Mendoyo,https://sekolah.data.kemdikbud.go.id/index.php/Chome/profil/53A6CBF2-FB02-43BD-8EF7-91544AD55043,Jl. Semanggong. Pohsanten Kec. Mendoyo Kab. Jembrana Prov. Bali,Kab. Jembrana,,Bali
70047284,SMA RIYADHOTUL ARIFIN,https://sekolah.data.kemdikbud.go.id/index.php/Chome/profil/1C5B384C-BB3C-4EC0-89A8-915900DEBE88,"Jalan Pendawa Rt.04, RW.02 Kel. Air Batu... Air Batu Jaya Kec. Talang Kelapa Kab. Banyuasin Prov. Sumatera Selatan",Kab. Banyuasin,,Sumatera Selatan
40312579,SMAN 12 LUWU UTARA,https://sekolah.data.kemdikbud.go.id/index.php/Chome/profil/D5D11DD0-4F88-48E5-9AEE-9164E882C281,JL. KIHAJAR DEWANTARA Sidobinangun Kec. Tana Lili Kab. Luwu Utara Prov. Sulawesi Selatan,Kab. Luwu Utara,,Sulawesi Selatan
10603023,SMA NEGERI 1 TANJUNG BATU,https://sekolah.data.kemdikbud.go.id/index.php/Chome/profil/81BB4DAA-4F5D-4003-BDC8-91666AA86EBD,JL. MERDEKA TANJUNG BATU Tanjung Batu Kec. Tanjung Batu Kab. Ogan Ilir Prov. Sumatera Selatan,Kab. Ogan Ilir,,Sumatera Selatan
30401059,SMA Negeri 2 Samarinda,https://sekolah.data.kemdikbud.go.id/index.php/Chome/profil/9EBA0717-2731-4FF8-A10B-916BADF620E8,Jl. Kemakmuran No. 27 Samarinda Sungai Pinang Dalam Kec. Sungai Pinang Kota Samarinda Prov. Kalimantan Timur,,Kota Samarinda,Kalimantan Timur
20244673,SMAS NU LEMAHABANG,https://sekolah.data.kemdikbud.go.id/index.php/Chome/profil/B03CD48F-0449-4869-892C-916FE0639360,JL. RAYA PANDE NO.09 LEMAHABANG Kec. Lemah Abang Kab. Cirebon Prov. Jawa Barat,Kab. Cirebon,,Jawa Barat
10259744,SMAS HARAPAN BANGSA,https://sekolah.data.kemdikbud.go.id/index.php/Chome/profil/27FDDAD7-BB07-42EF-A7B7-917B1DB29F43,"JL. BINJAI - KUALA KM 18,5 Pekan Kuala Kec. Kuala Kab. Langkat Prov. Sumatera Utara",Kab. Langkat,,Sumatera Utara
10801967,SMAN 1 BANGUNREJO,https://sekolah.data.kemdikbud.go.id/index.php/Chome/profil/A5657F6B-BF42-4928-9287-917C51563FD3,JL. RAYA SIDOREJO SIDOREJO Kec. Bangunrejo Kab. Lampung Tengah Prov. Lampung,Kab. Lampung Tengah,,Lampung
20332517,SMA NEGERI 1 TALUN,https://sekolah.data.kemdikbud.go.id/index.php/Chome/profil/B6B134B1-6DF6-4D22-9485-917D54F329A1,Jl. Raya Kalirejo Kalirejo Kec. Talun Kab. Pekalongan Prov. Jawa Tengah,Kab. Pekalongan,,Jawa Tengah
10497408,SMAN 1 CONCONG,https://sekolah.data.kemdikbud.go.id/index.php/Chome/profil/394B3B33-D263-48D8-83D4-91838C474DA7,Jln. Rumah Susun Ramah Bencana Concong Luar Kec. Concong Kab. Indragiri Hilir Prov. Riau,Kab. Indragiri Hilir,,Riau
20551682,SMAS ISLAM KASIYAN,https://sekolah.data.kemdikbud.go.id/index.php/Chome/profil/3F2BDE72-180D-410D-8376-9184F180291F,Jl. Sriwijaya No. 19 Kasiyan Kec. Puger Kab. Jember Prov. Jawa Timur,Kab. Jember,,Jawa Timur
10303611,SMAN 1 PADANG PANJANG,https://sekolah.data.kemdikbud.go.id/index.php/Chome/profil/E2730402-E126-4EDB-A3D0-9185DB4E9488,JL. KH. AHMAD DAHLAN Guguk Malintang Kec. Padang Panjang Timur Kota Padang Panjang Prov. Sumatera Barat,,Kota Padang Panjang,Sumatera Barat
10300829,SMAN 1 PANTI,https://sekolah.data.kemdikbud.go.id/index.php/Chome/profil/C18996C4-958C-4925-BF92-918816013AA7,JALAN EKONOMI Nagari Panti Kec. Panti Kab. Pasaman Prov. Sumatera Barat,Kab. Pasaman,,Sumatera Barat
60202428,SMA NEGERI 10 HALMAHERA SELATAN,https://sekolah.data.kemdikbud.go.id/index.php/Chome/profil/068E1EC9-25B1-4B8A-93CD-918A52FDDB33,Jln. Benteng Karamat Laluin Kec. Kayoa Selatan Kab. Halmahera Selatan Prov. Maluku Utara,Kab. Halmahera Selatan,,Maluku Utara
69762621,SMAS UNGGULAN NURUL FATA,https://sekolah.data.kemdikbud.go.id/index.php/Chome/profil/21D0FBF1-C4FF-45D0-833B-9194E951335B,JL. KH. MOH. SAID SEKAR ANYAR ROMBUH Rombuh Kec. Palengaan Kab. Pamekasan Prov. Jawa Timur,Kab. Pamekasan,,Jawa Timur
69901913,SMA ISLAM DAARUL FIRDAUS,https://sekolah.data.kemdikbud.go.id/index.php/Chome/profil/59BAB75F-36B0-4602-B928-9197E316DD18,JL. TAMBAK PAMARAYAN KM. 07 Blokang Kec. Bandung Kab. Serang Prov. Banten,Kab. Serang,,Banten
10810216,SMAN 1 SEMAKA,https://sekolah.data.kemdikbud.go.id/index.php/Chome/profil/FB38A483-DD5F-4658-9D6A-919CEE054B62,JL. ALIM ULAMA KARANG REJO SEMAKA Karang Rejo Kec. Semaka Kab. Tanggamus Prov. Lampung,Kab. Tanggamus,,Lampung
10646273,SMAS MUHAMMADIYAH TEBING TINGGI,https://sekolah.data.kemdikbud.go.id/index.php/Chome/profil/B0F51E65-1F03-40A5-B76A-91A16FF9337B,JL. Brigjen Yahya Bahar Padang Ajan Kupang Kec. Tebing Tinggi Kab. Empat Lawang Prov. Sumatera Selatan,Kab. Empat Lawang,,Sumatera Selatan
60304749,SMAN 1 MAMBERAMO TENGAH,https://sekolah.data.kemdikbud.go.id/index.php/Chome/profil/DB04B329-965A-4743-9A52-91A2438EC7C9,KASONAWEJA Kasonaweja Kec. Mamberamo Tengah Kab. Mamberamo Raya Prov. Papua,Kab. Mamberamo Raya,,Papua
10604722,SMAN 11 OGAN KOMERING ULU,https://sekolah.data.kemdikbud.go.id/index.php/Chome/profil/1A34D6F6-7312-467A-A8A5-91A39B0AD843,JL. RAYA BATURAJA - PRABUMULIH KM. 16 Lubuk Batang Baru Kec. Lubuk Batang Kab. Ogan Komering Ulu Prov. Sumatera Selatan,Kab. Ogan Komering Ulu,,Sumatera Selatan
40102414,SMAS KRISTEN AIRMADIDI,https://sekolah.data.kemdikbud.go.id/index.php/Chome/profil/4DEDEF45-7D0D-4217-A69C-91AAE1AA9782,AIRMADIDI BAWAH Airmadidi Bawah Kec. Airmadidi Kab. Minahasa Utara Prov. Sulawesi Utara,Kab. Minahasa Utara,,Sulawesi Utara
70055415,Sekolah Rakyat Menengah Atas 1 Aceh Besar,https://sekolah.data.kemdikbud.go.id/index.php/Chome/profil/F8884503-0DB6-4EF2-BE36-91AE4EC3255A,"Jl. Soekarno-Hatta, Desa Tingkeum, Kec. ... Tingkeum Kec. Darul Imarah Kab. Aceh Besar Prov. Aceh",Kab. Aceh Besar,,Aceh
10304874,SMAN 2 PULAU PUNJUNG,https://sekolah.data.kemdikbud.go.id/index.php/Chome/profil/B67F798A-4777-440E-B76F-91B16D2303FD,JL. TIMBULUN INDAH PULAU PUNJUNG IV KOTO PULAU PUNJUNG Kec. Pulau Punjung Kab. Dharmasraya Prov. Sumatera Barat,Kab. Dharmasraya,,Sumatera Barat
69881318,SMA ISLAM AT - TUGHNIYAH,https://sekolah.data.kemdikbud.go.id/index.php/Chome/profil/08481901-1C29-40DF-B9AB-91B1F7D12944,MONCEK TENGAH Moncek Tengah Kec. Lenteng Kab. Sumenep Prov. Jawa Timur,Kab. Sumenep,,Jawa Timur
30201430,SMAS MARANATHA SAMPIT,https://sekolah.data.kemdikbud.go.id/index.php/Chome/profil/2449BACA-1CB1-4FFB-A1A8-91BC5D7D68B1,JL. S.PARMAN NO.27 SAMPIT Mentawa Baru Hulu Kec. Mentawa Baru Ketapang Kab. Kotawaringin Timur Prov. Kalimantan Tengah,Kab. Kotawaringin Timur,,Kalimantan Tengah
69932312,SMA SWASTA MUHAMMADIYAH 3 MEDAN,https://sekolah.data.kemdikbud.go.id/index.php/Chome/profil/412046D1-6C52-4F36-9EAD-91C3E8512F21,Jl. Kapten Muslim Gg. Jawa Komp. Muhamma... Sei Sikambing C Ii Kec. Medan Helvetia Kota Medan Prov. Sumatera Utara,,Kota Medan,Sumatera Utara
69757486,SMAN 1 PERMATA KECUBUNG,https://sekolah.data.kemdikbud.go.id/index.php/Chome/profil/2A4751F3-EB84-4870-BB0B-91C8BD7AFD34,JL. KYAI MOJO SEMBIKUAN PERMATA KECUBUNG Sembikuan Kec. Permata Kecubung Kab. Sukamara Prov. Kalimantan Tengah,Kab. Sukamara,,Kalimantan Tengah
20232339,SMAS IBNU HAJAR,https://sekolah.data.kemdikbud.go.id/index.php/Chome/profil/EC3BF9E5-A175-4CE2-950F-91D341B572B3,JL. KH. ABDUL HAMID KM .07 PASAREAN Pasarean Kec. Pamijahan Kab. Bogor Prov. Jawa Barat,Kab. Bogor,,Jawa Barat
50200386,SMAN 1 GUNUNGSARI,https://sekolah.data.kemdikbud.go.id/index.php/Chome/profil/D0C1C764-90A7-47AE-AF1A-91D923C33B00,JL.PARIWISATA NO. 78 GUNUNGSARI Kec. Gunung Sari Kab. Lombok Barat Prov. Nusa Tenggara Barat,Kab. Lombok Barat,,Nusa Tenggara Barat
69905728,SMA NEGERI 1 PURBATUA,https://sekolah.data.kemdikbud.go.id/index.php/Chome/profil/999A4B26-CC58-477A-B862-91D950B33382,DESA JANJINAULI Janji Nauli Kec. Purbatua Kab. Tapanuli Utara Prov. Sumatera Utara,Kab. Tapanuli Utara,,Sumatera Utara
60300175,SMAN 1 NIMBORAN,https://sekolah.data.kemdikbud.go.id/index.php/Chome/profil/2B963F5E-15C0-42AB-9CD3-91DF62E073C5,JL. ICIM POBAIM Pobaim Kec. Nimboran Kab. Jayapura Prov. Papua,Kab. Jayapura,,Papua
20506292,SMA NEGERI 1 BABAT,https://sekolah.data.kemdikbud.go.id/index.php/Chome/profil/523BA54D-6B4E-4E71-BCE2-91E20A5E0289,JL. SUMOWIHARJO 1 BABAT Babat Kec. Babat Kab. Lamongan Prov. Jawa Timur,Kab. Lamongan,,Jawa Timur
70043600,SMA IT Buya KH. Muhammad Salek,https://sekolah.data.kemdikbud.go.id/index.php/Chome/profil/EA059716-AC87-4199-9F02-91E400FC30F3,"Desa Penegah Kecamatan Pelawan, Sarolang... Penegah Kec. Pelawan Kab. Sarolangun Prov. Jambi",Kab. Sarolangun,,Jambi
10204061,SMAN 1 MERANTI,https://sekolah.data.kemdikbud.go.id/index.php/Chome/profil/0CCC2B2B-8885-4194-9911-91E594C00200,JL. LINTAS SUMATERA KM. 155 Perkebunan Sei Balai Kec. Meranti Kab. Asahan Prov. Sumatera Utara,Kab. Asahan,,Sumatera Utara
40403872,SMAN 1 WAKORUMBA UTARA,https://sekolah.data.kemdikbud.go.id/index.php/Chome/profil/5A856AA7-A931-4D10-895D-91EA81FD479E,JL. PEMBANGUNAN NO 5 Labuan Kec. Wakorumba Utara Kab. Buton Utara Prov. Sulawesi Tenggara,Kab. Buton Utara,,Sulawesi Tenggara
69899790,SMA TAUFIQUR RAHMAN,https://sekolah.data.kemdikbud.go.id/index.php/Chome/profil/CAA965E0-D151-47EA-B799-91F95188C804,DESA LONGOS Longos Kec. Gapura Kab. Sumenep Prov. Jawa Timur,Kab. Sumenep,,Jawa Timur
69734149,SMAN 1 PEKAITAN,https://sekolah.data.kemdikbud.go.id/index.php/Chome/profil/35FB8638-2953-430C-A06E-92016A1B0EC2,SUAK TEMENGGUNG Kep. Suak Temenggung Kec. Pekaitan Kab.  Rokan Hilir Prov. Riau,Kab.  Rokan Hilir,,Riau
69895839,SMA RARA,https://sekolah.data.kemdikbud.go.id/index.php/Chome/profil/52F90E06-B739-4637-AA7D-920BB05C4F77,RARA Weri Lolo Kec. Wewewa Selatan Kab. Sumba Barat Daya Prov. Nusa Tenggara Timur,Kab. Sumba Barat Daya,,Nusa Tenggara Timur
20327935,SMA BATIK 1 SURAKARTA,https://sekolah.data.kemdikbud.go.id/index.php/Chome/profil/501EEC3B-24A7-4B95-904F-920E3F8EAE35,JL. SLAMET RIYADI NO. 445 Pajang Kec. Laweyan Kota Surakarta Prov. Jawa Tengah,,Kota Surakarta,Jawa Tengah
20540292,SMA DARUL ULUM 1 PETERONGAN,https://sekolah.data.kemdikbud.go.id/index.php/Chome/profil/980409F1-D8CA-4C7D-97EF-920EB23D566A,PP. Darul Ulum Peterongan Jombang Peterongan Kec. Peterongan Kab. Jombang Prov. Jawa Timur,Kab. Jombang,,Jawa Timur
69800051,SMA PRESIDENT,https://sekolah.data.kemdikbud.go.id/index.php/Chome/profil/E6C87369-9780-4CF3-B5E8-921DD1ECA9FE,"KOMPLEK CHRISTIAN CENTER, PURUK CAHU Beriwit Kec. Murung Kab. Murung Raya Prov. Kalimantan Tengah",Kab. Murung Raya,,Kalimantan Tengah
69888712,SMAS HOSANA,https://sekolah.data.kemdikbud.go.id/index.php/Chome/profil/EDC35BD9-018A-487B-AF7A-921E8FC56EB7,Jalan Metal No. 7 Tanjung Mulia Kec. Medan Deli Kota Medan Prov. Sumatera Utara,,Kota Medan,Sumatera Utara
20321435,SMA ISLAM KANDANGAN,https://sekolah.data.kemdikbud.go.id/index.php/Chome/profil/A4338435-DD00-4E51-B1F0-922C9F8D6FB4,JL. RAYA CARUBAN KANDANGAN Caruban Kec. Kandangan Kab. Temanggung Prov. Jawa Tengah,Kab. Temanggung,,Jawa Tengah
30203097,SMAS ASSERUYANIYYAH,https://sekolah.data.kemdikbud.go.id/index.php/Chome/profil/D14A6A7F-602C-458A-AA3A-922E68278263,JL. LETJEND S PARMAN Persil Raya Kec. Seruyan Hilir Kab. Seruyan Prov. Kalimantan Tengah,Kab. Seruyan,,Kalimantan Tengah
69752433,SMA THAHIRIYAH,https://sekolah.data.kemdikbud.go.id/index.php/Chome/profil/A138F7B6-571E-42B1-9423-9235F744F9B6,REMBAYAN SURAYYA SURAYYA MANDIRI Kec. Mandah Kab. Indragiri Hilir Prov. Riau,Kab. Indragiri Hilir,,Riau
40309308,SMAN 13 LUWU,https://sekolah.data.kemdikbud.go.id/index.php/Chome/profil/EED25EB3-3E0C-466A-B6E1-923DBA4EE45E,JL. POROS SIWA - BELOPA KM 86 KEL.BONEPU... Bonepute Kec. Larompong Selatan Kab. Luwu Prov. Sulawesi Selatan,Kab. Luwu,,Sulawesi Selatan
10811225,SMAN 1 LIMAU,https://sekolah.data.kemdikbud.go.id/index.php/Chome/profil/6F306CEF-4A9B-42C8-97A3-923E62F41D90,JL. RAYA  KURIPAN  No. 2007 Kuripan Kec. Limau Kab. Tanggamus Prov. Lampung,Kab. Tanggamus,,Lampung
10210738,SMA SWASTA KESATRIA MEDAN,https://sekolah.data.kemdikbud.go.id/index.php/Chome/profil/7F4223E2-3D82-4752-8FA4-924462AB539A,JL. GEDUNG ARCA NO. 24 Pasar Merah Timur Kec. Medan Area Kota Medan Prov. Sumatera Utara,,Kota Medan,Sumatera Utara
20224137,SMA WARGA BAKTI,https://sekolah.data.kemdikbud.go.id/index.php/Chome/profil/82B58562-BF9A-45F8-B27B-924B8C73F5C4,JL. RAYA CIBEBER NO. 148 Cibeber Kec. Cimahi Selatan Kota Cimahi Prov. Jawa Barat,,Kota Cimahi,Jawa Barat
20311313,SMAS PANCASILA 1 WONOGIRI,https://sekolah.data.kemdikbud.go.id/index.php/Chome/profil/154EA00E-0AE7-4C88-A5D0-9255376E6815,JL. DIPONEGORO 69 WONOGIRI Wonoboyo Kec. Wonogiri Kab. Wonogiri Prov. Jawa Tengah,Kab. Wonogiri,,Jawa Tengah
10400859,SMAN 1 PINGGIR,https://sekolah.data.kemdikbud.go.id/index.php/Chome/profil/F22F94A0-8D01-49B7-AB98-92595618A524,JL. BATIN TARAK NO. 40 Muara Basung Kec. Pinggir Kab. Bengkalis Prov. Riau,Kab. Bengkalis,,Riau
70054047,SMA NEGERI 1 HENGGI KRAMONGMONGGA,https://sekolah.data.kemdikbud.go.id/index.php/Chome/profil/2D9CB75D-7B85-492D-8436-925D3084B2D2,JL. FAKFAK-BOMBERAY Kramongmongga Kec. Kramongmongga Kab. Fak Fak Prov. Papua Barat,Kab. Fak Fak,,Papua Barat
20107318,SMAS MUTTAQIEN JAKARTA,https://sekolah.data.kemdikbud.go.id/index.php/Chome/profil/DE5462C9-4FD9-411A-A9BC-925E2C499436,JL. ASEM BARIS RAYA NO. 5 Kebon Baru Kec. Tebet Kota Adm. Jakarta Selatan Prov. D.K.I. Jakarta,,Kota Adm. Jakarta Selatan,D.K.I. Jakarta
70039946,SMA IT DAARUL ADZKIA,https://sekolah.data.kemdikbud.go.id/index.php/Chome/profil/30709464-55FF-4AF4-A056-92605FFA8D74,Kp. Selakuning RT. 03 RW. 02 Mekarjaya Kec. Cikalongwetan Kab. Bandung Barat Prov. Jawa Barat,Kab. Bandung Barat,,Jawa Barat
30402586,SMA AGAPE TANJUNG SELOR,https://sekolah.data.kemdikbud.go.id/index.php/Chome/profil/C33CBC7C-83F3-4333-AD7C-92655C6DB432,JL. SALAK Tanjung Selor Hilir Kec. Tanjung Selor Kab. Bulungan Prov. Kalimantan Utara,Kab. Bulungan,,Kalimantan Utara
10609307,SMAN 1 LEMPUING,https://sekolah.data.kemdikbud.go.id/index.php/Chome/profil/56878B4A-2921-4AD6-8C13-9267A2C8BAB9,JL. LINTAS TIMUR Tebing Suluh Kec. Lempuing Kab. Ogan Komering Ilir Prov. Sumatera Selatan,Kab. Ogan Komering Ilir,,Sumatera Selatan
69877617,SMA NEGERI 2 DEDAI,https://sekolah.data.kemdikbud.go.id/index.php/Chome/profil/3118FD6B-0A38-4043-A2E0-926A36CF6882,SIMPANG MEDANG Mangat Baru Kec. Dedai Kab. Sintang Prov. Kalimantan Barat,Kab. Sintang,,Kalimantan Barat
20222166,SMAN 8 CIREBON,https://sekolah.data.kemdikbud.go.id/index.php/Chome/profil/19DDF19D-46E0-42A5-8ED3-926D80ADC737,JL. PRONGGOL PEGAMBIRAN Pegambiran Kec. Lemahwungkuk Kota Cirebon Prov. Jawa Barat,,Kota Cirebon,Jawa Barat
20531152,SMAS MAARIF,https://sekolah.data.kemdikbud.go.id/index.php/Chome/profil/D1DE5A1F-7A15-4F0F-83B6-926E537E9048,Jl. KH. MOH. KHOLIL I/6 Demangan Kec. Bangkalan Kab. Bangkalan Prov. Jawa Timur,Kab. Bangkalan,,Jawa Timur
20541248,SMAS PGRI KEDUNGADEM,https://sekolah.data.kemdikbud.go.id/index.php/Chome/profil/7FEC2F19-1497-473B-BF82-926EF30FDA32,JL. RAYA DROKILO Drokilo Kec. Kedungadem Kab. Bojonegoro Prov. Jawa Timur,Kab. Bojonegoro,,Jawa Timur
50309317,SMA NEGERI 2 ATAMBUA,https://sekolah.data.kemdikbud.go.id/index.php/Chome/profil/EE381FA2-45BC-49D2-90A1-9270CBC0FBBC,"Jalan Santa Krus, Berkase Tukuneno Kec. Tasifeto Barat Kab. Belu Prov. Nusa Tenggara Timur",Kab. Belu,,Nusa Tenggara Timur
70011683,SMA LILIN BANGSA INTERCULTURAL SCHOOL,https://sekolah.data.kemdikbud.go.id/index.php/Chome/profil/154724A9-0465-4820-A46C-92776A3EAEF9,"LBIS Lantai 3, Jl. Raya Boulevard Gading... Suka Pura Kec. Cilincing Kota Adm. Jakarta Utara Prov. D.K.I. Jakarta",,Kota Adm. Jakarta Utara,D.K.I. Jakarta
10205387,SMAN 1 PANAI HULU,https://sekolah.data.kemdikbud.go.id/index.php/Chome/profil/3EABBA37-63BF-4C23-A910-927FB4C94F75,DESA TANJUNG SARANG ELANG Tanjung Sarang Elang Kec. Panai Hulu Kab. Labuhanbatu Prov. Sumatera Utara,Kab. Labuhanbatu,,Sumatera Utara
69772944,SMAN 1 KARANG BINTANG,https://sekolah.data.kemdikbud.go.id/index.php/Chome/profil/29FEA49A-41D3-470D-95A0-928AA2203E1C,Karang Bintang Harapan Maju Kec. Karang Bintang Kab. Tanah Bumbu Prov. Kalimantan Selatan,Kab. Tanah Bumbu,,Kalimantan Selatan
20531149,SMAS ULUL ALBAB,https://sekolah.data.kemdikbud.go.id/index.php/Chome/profil/C03056E8-3938-46F2-995F-928D004DBF72,JL. K.H. BAIHAQI NUNG GUNUNG Bates Kec. Blega Kab. Bangkalan Prov. Jawa Timur,Kab. Bangkalan,,Jawa Timur
10204228,SMA SWASTA DAERAH SEI BEJANGKAR,https://sekolah.data.kemdikbud.go.id/index.php/Chome/profil/AAE235C1-07C0-4493-B4EB-9293D9659CF7,JL. BESAR SIMPANG SEI BEJANGKAR Perkebunan Sei Bejangkar Kec. Sei Balai Kab. Batu Bara Prov. Sumatera Utara,Kab. Batu Bara,,Sumatera Utara
20103304,SMAN 67 JAKARTA,https://sekolah.data.kemdikbud.go.id/index.php/Chome/profil/7CB0AD61-DB48-4ADA-946E-929F0BC77BC6,JL. SQUADRON Halim Perdana Kusumah Kec. Makasar Kota Adm. Jakarta Timur Prov. D.K.I. Jakarta,,Kota Adm. Jakarta Timur,D.K.I. Jakarta
20501868,SMAS TPI PORONG,https://sekolah.data.kemdikbud.go.id/index.php/Chome/profil/9045256D-D67B-48E5-87BF-92A1491AF9DC,JL. KANAL GEMPOL SAMPURNO Porong Kec. Porong Kab. Sidoarjo Prov. Jawa Timur,Kab. Sidoarjo,,Jawa Timur
10814991,SMAN 6 METRO,https://sekolah.data.kemdikbud.go.id/index.php/Chome/profil/2A0B0C1A-BBBE-44F3-BBBE-92A8FA5A51D4,JL. FKPPI RT.27 RW.07 Rejomulyo Kec. Metro Selatan Kota Metro Prov. Lampung,,Kota Metro,Lampung
30405205,SMAN 1 LONG KALI,https://sekolah.data.kemdikbud.go.id/index.php/Chome/profil/F401D470-FF20-4709-86D5-92ABEC8D7F56,JL. RAYA LONGKALI KM.68 Long Kali Kec. Long Kali Kab. Paser Prov. Kalimantan Timur,Kab. Paser,,Kalimantan Timur
20213892,SMAN 1 SUKAHAJI,https://sekolah.data.kemdikbud.go.id/index.php/Chome/profil/AEE28AE0-1E5E-41E6-BA2F-92B2680BC0D3,JL. RAYABARAT NO. 29 SUKAHAJI Cikalong Kec. Sukahaji Kab. Majalengka Prov. Jawa Barat,Kab. Majalengka,,Jawa Barat
20562211,SMAN 1 SUMBER,https://sekolah.data.kemdikbud.go.id/index.php/Chome/profil/6DFE7B5A-1BCF-48F2-B278-92BA31E38142,Jln. Raya Tempuran Dsn. Tempuran Ds. Sum... Sumber Kec. Sumber Kab. Probolinggo Prov. Jawa Timur,Kab. Probolinggo,,Jawa Timur
30201850,SMAN 1 KOTAWARINGIN LAMA,https://sekolah.data.kemdikbud.go.id/index.php/Chome/profil/260B0EB9-495E-4ADC-A4D0-92C0038FC4BB,JL. PANGKALAN MUNTAI KM.2 Kotawaringin Hulu Kec. Kotawaringin Lama Kab. Kotawaringin Barat Prov. Kalimantan Tengah,Kab. Kotawaringin Barat,,Kalimantan Tengah
69762625,SMAS ISLAM TAJUNG SARI,https://sekolah.data.kemdikbud.go.id/index.php/Chome/profil/6AFA00AF-8A96-4562-9318-92C7A19342AD,JL. PONPES TAJUNG SARI Dungun Kec. Tongas Kab. Probolinggo Prov. Jawa Timur,Kab. Probolinggo,,Jawa Timur
30402073,SMAN 1 PPU,https://sekolah.data.kemdikbud.go.id/index.php/Chome/profil/FC18EB24-8B2D-470C-BB77-92C916B3B584,JL. PROVINSI KM. 3 KEL.PENAJAM KEC.PENAJ... Penajam Kec. Penajam Kab. Penajam Paser Utara Prov. Kalimantan Timur,Kab. Penajam Paser Utara,,Kalimantan Timur
69753041,SMA NEGERI 9 KAUR,https://sekolah.data.kemdikbud.go.id/index.php/Chome/profil/7464BC92-28A8-41DA-A962-92CBC6D16E22,"DESA LAWANG AGUNG, KEC.LUNGKANG KULE,KAB... Lawang Agung Kec. Lungkang Kule Kab. Kaur Prov. Bengkulu",Kab. Kaur,,Bengkulu
20268950,SMAS NURUL HIKMAH,https://sekolah.data.kemdikbud.go.id/index.php/Chome/profil/FC2087BE-77CD-4ACA-9E3A-92D7FFD0A2F0,GG. DUKUH KP. PADURENAN RT 05 RW 13 NO 2 Pabuaran Kec. Cibinong Kab. Bogor Prov. Jawa Barat,Kab. Bogor,,Jawa Barat
69915799,SMAN 20 BATAM,https://sekolah.data.kemdikbud.go.id/index.php/Chome/profil/447F6C40-5249-4D31-8A15-92D85E9CAF1C,Jl. Pemuda Baloi Permai Kec. Batam Kota Kota Batam Prov. Kepulauan Riau,,Kota Batam,Kepulauan Riau
10208532,SMAN 1 SILAEN,https://sekolah.data.kemdikbud.go.id/index.php/Chome/profil/2E626DB1-8C93-4B4B-8B4A-92DA660E88C8,JL. Parsoburan Desa Hutanamora Kecamatan... Huta Namora Kec. Silaen Kab. Toba Prov. Sumatera Utara,Kab. Toba,,Sumatera Utara
70039488,SMA ROSO,https://sekolah.data.kemdikbud.go.id/index.php/Chome/profil/FFCE100C-B27A-4C35-8F4E-92DAB79765D8,Jln. Kawango Hari Kawango Hari Kec. Kodi Kab. Sumba Barat Daya Prov. Nusa Tenggara Timur,Kab. Sumba Barat Daya,,Nusa Tenggara Timur
69786404,SMAN 1 BENTIAN BESAR,https://sekolah.data.kemdikbud.go.id/index.php/Chome/profil/75715831-E349-4E4C-B1F0-92E9B92F8D56,Jl. Raden Bojer RT. 3 Dilang Puti Dilang Puti Kec. Bentian Besar Kab. Kutai Barat Prov. Kalimantan Timur,Kab. Kutai Barat,,Kalimantan Timur
20539254,SMAS HIDAYATUL UMMAH,https://sekolah.data.kemdikbud.go.id/index.php/Chome/profil/0A5CF870-D1E2-40B4-A12C-92EAC470CB80,JL. MULYOREJO NO.92 Mulyorejo Kec. Mulyorejo Kota Surabaya Prov. Jawa Timur,,Kota Surabaya,Jawa Timur
69972487,SMAIT Nurul Fikri Boarding School Aceh,https://sekolah.data.kemdikbud.go.id/index.php/Chome/profil/5726B5ED-EA8C-4937-9320-92EED8E706BA,Jalan Darul Fikri Jawie Kec. Seulimeum Kab. Aceh Besar Prov. Aceh,Kab. Aceh Besar,,Aceh
40403560,SMAN 1 ULUIWOI,https://sekolah.data.kemdikbud.go.id/index.php/Chome/profil/2147CAFA-16F2-4F0E-B7F0-92F009D25D3B,JL. PEMBANGUNAN NO. 7 Sanggona KEC. ULUIWOI Kab. Kolaka Timur Prov. Sulawesi Tenggara,Kab. Kolaka Timur,,Sulawesi Tenggara
20303249,SMA NEGERI 1 PURBALINGGA,https://sekolah.data.kemdikbud.go.id/index.php/Chome/profil/B2794DBC-0E95-4546-9299-92F502849C47,JL. LETJEND. MT HARYONO Purbalingga Kulon Kec. Purbalingga Kab. Purbalingga Prov. Jawa Tengah,Kab. Purbalingga,,Jawa Tengah
20211562,SMAS PLUS MULTAZAM,https://sekolah.data.kemdikbud.go.id/index.php/Chome/profil/6A2CD542-1AEA-4874-B894-930C1C82C2FE,Jalan Pesantren Sindangsari Dusun Sindan... Nagarajaya Kec. Panawangan Kab. Ciamis Prov. Jawa Barat,Kab. Ciamis,,Jawa Barat
70055047,SMA Islam Qurrata A’yun Kandangan,https://sekolah.data.kemdikbud.go.id/index.php/Chome/profil/29DA6D28-89EF-476D-ADB7-93112A862D12,Jl. A. Yani Parincahan RT.09 LK 05 Kandangan Barat Kec. Kandangan Kab. Hulu Sungai Selatan Prov. Kalimantan Selatan,Kab. Hulu Sungai Selatan,,Kalimantan Selatan
60302055,SMAN 2 SARMI,https://sekolah.data.kemdikbud.go.id/index.php/Chome/profil/7937F5F3-C814-4780-9D37-93121BEF407C,JL.TRANS SARMI Upt-Sp V / Tamar Sari Kec. Bonggo Timur Kab. Sarmi Prov. Papua,Kab. Sarmi,,Papua
10648903,SMA IT AL FURQON PALEMBANG,https://sekolah.data.kemdikbud.go.id/index.php/Chome/profil/F4BA6E5A-1319-43AE-8167-9312FA286BF1,JL. HBR MOTIK KM 8 RT.48 RW.08 Karya Baru Kec. Alang-Alang Lebar Kota Palembang Prov. Sumatera Selatan,,Kota Palembang,Sumatera Selatan
50204730,SMAN 3 KOTA BIMA,https://sekolah.data.kemdikbud.go.id/index.php/Chome/profil/388A203D-F950-4C34-A4F4-931600986ADB,JL. ANGGUR NO. 1 Rabadompu Barat Kec. Raba Kota Bima Prov. Nusa Tenggara Barat,,Kota Bima,Nusa Tenggara Barat
50302952,SMAS ST CLEMENS BOAWAE,https://sekolah.data.kemdikbud.go.id/index.php/Chome/profil/2A38A6A9-0AC9-4381-A713-9317671AC56C,JL. TRANS BAJAWA -  ENDE NATANAGE TIMUR Kec. Boawae Kab. Nagekeo Prov. Nusa Tenggara Timur,Kab. Nagekeo,,Nusa Tenggara Timur
20532158,SMA PAMARDI PUTRA,https://sekolah.data.kemdikbud.go.id/index.php/Chome/profil/F1A2EC1B-1E8C-4FCF-B8CD-93183FA38747,JL. DUKUH PAKIS NO. 40 Dukuh Pakis Kec. Dukuh Pakis Kota Surabaya Prov. Jawa Timur,,Kota Surabaya,Jawa Timur
69759178,SMAS DIRGANTARA,https://sekolah.data.kemdikbud.go.id/index.php/Chome/profil/E4E72167-5AAF-4D2F-8839-931AFD79E4B9,DUSUN HARUM SARI Suka Jaya Kec. Besitang Kab. Langkat Prov. Sumatera Utara,Kab. Langkat,,Sumatera Utara
40303984,SMAN 3 BANTAENG,https://sekolah.data.kemdikbud.go.id/index.php/Chome/profil/D4D80859-EA3F-4F29-9580-9321589E9FBF,"JL. Poros Bantaeng-Bulukumba, Tanetea Nipa-Nipa Kec. Pa`jukukang Kab. Bantaeng Prov. Sulawesi Selatan",Kab. Bantaeng,,Sulawesi Selatan
50309608,SMAN 1 WEWEWA SELATAN,https://sekolah.data.kemdikbud.go.id/index.php/Chome/profil/6BBD0693-3A14-4066-A6F6-93349A0259CA,TENA TEKE Tena Teke Kec. Wewewa Selatan Kab. Sumba Barat Daya Prov. Nusa Tenggara Timur,Kab. Sumba Barat Daya,,Nusa Tenggara Timur
20103166,SMAS PERGURUAN RAKYAT 2 JAKARTA,https://sekolah.data.kemdikbud.go.id/index.php/Chome/profil/16E44CA3-4B13-4842-B8CD-9336E6C31CE8,JL. AD. LAMPIRI RAYA NO. 28 Pondok Kelapa Kec. Duren Sawit Kota Adm. Jakarta Timur Prov. D.K.I. Jakarta,,Kota Adm. Jakarta Timur,D.K.I. Jakarta
10404026,SMAS SETIA DHARMA,https://sekolah.data.kemdikbud.go.id/index.php/Chome/profil/4204D0C1-F8D2-472D-ACA0-93372166B320,JL.PROF. M. YAMIN SH. NO. 67 Padang Bulan Kec. Senapelan Kota Pekanbaru Prov. Riau,,Kota Pekanbaru,Riau
20102576,SMAN RAGUNAN JAKARTA,https://sekolah.data.kemdikbud.go.id/index.php/Chome/profil/B2AB6FA7-CB26-4DE6-81AB-9339A334A934,JL.KOMPLEK GOR RAGUNAN Ragunan Kec. Pasar Minggu Kota Adm. Jakarta Selatan Prov. D.K.I. Jakarta,,Kota Adm. Jakarta Selatan,D.K.I. Jakarta
10814587,SMAN 2 TEGINENENG,https://sekolah.data.kemdikbud.go.id/index.php/Chome/profil/C5FAC15F-8978-4D54-A0B8-933F6C4EF91C,JL. NGUDI ILMU NO. 25 Trimulyo Kec. Tegineneng Kab. Pesawaran Prov. Lampung,Kab. Pesawaran,,Lampung
30104506,SMAN 1 SENGAH TEMILA,https://sekolah.data.kemdikbud.go.id/index.php/Chome/profil/085B96FA-C8A6-4CCC-A50A-933FA95EED49,JL. RAYA SENAKIN Senakin Kec. Sengah Temila Kab. Landak Prov. Kalimantan Barat,Kab. Landak,,Kalimantan Barat
70046268,SMA Daarut Tauhiid Boarding School Batam,https://sekolah.data.kemdikbud.go.id/index.php/Chome/profil/661DB288-DCD0-480D-8BBC-934330DD10A2,Jln. Trans Barelang KM.03 RT.03 RW.025 Tembesi Kec. Sagulung Kota Batam Prov. Kepulauan Riau,,Kota Batam,Kepulauan Riau
69942478,SMA MULTI ISTIQLAL,https://sekolah.data.kemdikbud.go.id/index.php/Chome/profil/700A688D-F4D4-4195-A3FA-93498F862436,Kp. Pulo Rt.004 Rw.036 Sumberjaya Kec. Tambun Selatan Kab. Bekasi Prov. Jawa Barat,Kab. Bekasi,,Jawa Barat
20506334,SMA NUSANTARA 1 DEKET,https://sekolah.data.kemdikbud.go.id/index.php/Chome/profil/92C94B10-2D76-45D0-A8DE-934AD2AEF033,JL. RAYA DEKET KULON - DEKET Deket Kulon Kec. Deket Kab. Lamongan Prov. Jawa Timur,Kab. Lamongan,,Jawa Timur
69822717,SMAN 1 SALING,https://sekolah.data.kemdikbud.go.id/index.php/Chome/profil/A72E99FB-1A19-4841-B31C-934E40BAF0BE,JL. LINTAS SUMATERA Tanjung ning simpang Kec. Saling Kab. Empat Lawang Prov. Sumatera Selatan,Kab. Empat Lawang,,Sumatera Selatan
30400218,SMA NEGERI 1 SAMBOJA,https://sekolah.data.kemdikbud.go.id/index.php/Chome/profil/91E8E90E-081D-475E-A125-9356E158FCC9,JL. GUNUNG PASIR RT 5 KAMPUNG LAMA Kec. Samboja Kab. Kutai Kartanegara Prov. Kalimantan Timur,Kab. Kutai Kartanegara,,Kalimantan Timur
69902674,SMA NEGERI 1 WULANGGITANG,https://sekolah.data.kemdikbud.go.id/index.php/Chome/profil/C8CA9DED-6FED-4C68-B439-93575360DF6D,"DESA HEWA, KECAMATAN WULANG GITANG, KAB.... Hewa Kec. Wulang Gitang Kab. Flores Timur Prov. Nusa Tenggara Timur",Kab. Flores Timur,,Nusa Tenggara Timur
20506300,SMA MUHAMMADIYAH 2 PACIRAN,https://sekolah.data.kemdikbud.go.id/index.php/Chome/profil/DB1C9906-8856-4861-B00C-9358A09623CA,JL. H. M. JA`FAR ADENAN NO. 05 DUSUN KEB... Blimbing Kec. Paciran Kab. Lamongan Prov. Jawa Timur,Kab. Lamongan,,Jawa Timur
20603366,SMAN 9 KABUPATEN TANGERANG,https://sekolah.data.kemdikbud.go.id/index.php/Chome/profil/3520E134-C015-46B3-9257-9359C2EE3900,Jl. Pasar Baru No. 1 Kronjo Kronjo Kec. Kronjo Kab. Tangerang Prov. Banten,Kab. Tangerang,,Banten
20607924,SMAN 15 Tangerang,https://sekolah.data.kemdikbud.go.id/index.php/Chome/profil/5E48A845-7490-4371-8032-935C7F1271A0,JL. VILLA TANGERANG REGENSI Periuk Kec. Periuk Kota Tangerang Prov. Banten,,Kota Tangerang,Banten
69947231,SMA NEGERI 2 PULAU MAYA,https://sekolah.data.kemdikbud.go.id/index.php/Chome/profil/17A30337-0FDA-4B67-89C2-935F4888B991,"Dusun Sukamandi, Kemboja Kemboja Kec. Pulau Maya Kab. Kayong Utara Prov. Kalimantan Barat",Kab. Kayong Utara,,Kalimantan Barat
69861172,SMA NEGERI 1 PANCA JAYA,https://sekolah.data.kemdikbud.go.id/index.php/Chome/profil/1E9C53FE-3396-42C0-B5B4-9360EC7B4726,KOMPLEK SEKOLAH TERPADU MESUJI Mukti Karya Kec. Panca Jaya Kab. Mesuji Prov. Lampung,Kab. Mesuji,,Lampung
30303305,SMAN 1 KELUMPANG SELATAN,https://sekolah.data.kemdikbud.go.id/index.php/Chome/profil/1BFE8A3F-32CE-4ED8-9B10-936122D1C536,JL. HAJI ABDULLAH Sungai Nipah Kec. Kelumpang Selatan Kab. Kotabaru Prov. Kalimantan Selatan,Kab. Kotabaru,,Kalimantan Selatan
10800690,SMAN 1 GEDONG TATAAN,https://sekolah.data.kemdikbud.go.id/index.php/Chome/profil/9E700C98-2001-4885-8478-9374BEDEEF40,JL. SWADAYA Sukaraja Kec. Gedung Tataan Kab. Pesawaran Prov. Lampung,Kab. Pesawaran,,Lampung
50306572,SMA NEGERI 1 TAKARI,https://sekolah.data.kemdikbud.go.id/index.php/Chome/profil/9703ED3F-2E3F-4F3C-996A-93771F7AD226,JL. TIMOR RAYA KM. 68 Takari Kec. Takari Kab. Kupang Prov. Nusa Tenggara Timur,Kab. Kupang,,Nusa Tenggara Timur
30400557,SMAN 1 PENYINGGAHAN,https://sekolah.data.kemdikbud.go.id/index.php/Chome/profil/8C580BF0-41C4-4A44-9DDD-937E503F6E36,JL. KI HAJAR DEWANTARA RT 03 Penyinggahan Ilir Kec. Penyinggahan Kab. Kutai Barat Prov. Kalimantan Timur,Kab. Kutai Barat,,Kalimantan Timur
10805995,SMAN 1 LABUHAN MARINGGAI,https://sekolah.data.kemdikbud.go.id/index.php/Chome/profil/0A0D1E07-20F8-4597-AA4E-9383492F6485,JL. PASIKAN Labuhan Maringai Kec. Labuhan Maringgai Kab. Lampung Timur Prov. Lampung,Kab. Lampung Timur,,Lampung
50103149,SMAS TAMAN RAMA,https://sekolah.data.kemdikbud.go.id/index.php/Chome/profil/0F16C9FA-8EF9-4601-8846-938430C22177,JL. COKROAMINOTO NO. 382 DENPASAR Ubung Kaja Kec. Denpasar Utara Kota Denpasar Prov. Bali,,Kota Denpasar,Bali
20506335,SMA NUSANTARA 2 BRONDONG,https://sekolah.data.kemdikbud.go.id/index.php/Chome/profil/F0F24B9E-78EE-48F6-92A6-93866511978F,Jl. Raya Nomor 100 Dsn. Pambon Desa Bren... Brengkok Kec. Brondong Kab. Lamongan Prov. Jawa Timur,Kab. Lamongan,,Jawa Timur
30400560,SMAN 1 SILUQ NGURAI,https://sekolah.data.kemdikbud.go.id/index.php/Chome/profil/FB2C5629-3A40-49A9-A219-938BEDF7F32F,JL. TRANS KALIMANTAN RT. 003 Muhur Kec. Siluq Ngurai Kab. Kutai Barat Prov. Kalimantan Timur,Kab. Kutai Barat,,Kalimantan Timur
70039091,SMA TERPADU BINA BANGSA PATI,https://sekolah.data.kemdikbud.go.id/index.php/Chome/profil/9415A8E2-7019-4B2C-9D78-9394F28BEC61,Jl. Raya Pati KM. 13 Ketanen RT 001 RW 0... Mojoagung Kec. Trangkil Kab. Pati Prov. Jawa Tengah,Kab. Pati,,Jawa Tengah
70007466,SMA ANNIDA,https://sekolah.data.kemdikbud.go.id/index.php/Chome/profil/FBFCBDD2-EFA0-419D-86F1-939CFDCF7642,JL. H. Lubis No. 90 Dusun Tegal Lega Karang Anyar Kec. Jati Agung Kab. Lampung Selatan Prov. Lampung,Kab. Lampung Selatan,,Lampung
50204322,SMA NEGERI 1 TALIWANG,https://sekolah.data.kemdikbud.go.id/index.php/Chome/profil/285E2A65-1BE3-4E8E-A05B-93A14393E2E0,JL. TELAGA BIRU NO. 1 Telaga Bertong Kec. Taliwang Kab. Sumbawa Barat Prov. Nusa Tenggara Barat,Kab. Sumbawa Barat,,Nusa Tenggara Barat
70028289,SMA DAAR-RUHAMA,https://sekolah.data.kemdikbud.go.id/index.php/Chome/profil/A95F348B-02DF-46D6-9193-93A21173632A,Jl. Raya Mandalawangi KM 7 Kp. Cilanggar... Kadumadang Kec. Cimanuk Kab. Pandeglang Prov. Banten,Kab. Pandeglang,,Banten
69900814,SMA Negeri Walea Besar,https://sekolah.data.kemdikbud.go.id/index.php/Chome/profil/E39EA834-8AAA-4F00-8EDE-93A90327A0F9,Desa Pasokan Pasokan Kec. Walea Besar Kab. Tojo Una Una Prov. Sulawesi Tengah,Kab. Tojo Una Una,,Sulawesi Tengah
60203360,SMA NEGERI 27 HALMAHERA SELATAN,https://sekolah.data.kemdikbud.go.id/index.php/Chome/profil/5855F55C-32BB-495E-9707-93A9E8CC23C1,Jln. Tanah Gusur Gane Dalam Kec. Gane Barat Selatan Kab. Halmahera Selatan Prov. Maluku Utara,Kab. Halmahera Selatan,,Maluku Utara
60100977,SMA NEGERI 5 BURU,https://sekolah.data.kemdikbud.go.id/index.php/Chome/profil/F150AEBD-C6C5-44BE-9776-93B0E51C72D3,JL. KURNAMA INDAH Sawa Kec. Lilialy Kab. Buru Prov. Maluku,Kab. Buru,,Maluku
40306081,SMAN 9 LUWU,https://sekolah.data.kemdikbud.go.id/index.php/Chome/profil/6C5AD3FA-67E1-4335-A77E-93B73C371597,JL. POROS PALOPO-MASAMBA KM. 25 Bosso Kec. Walenrang Utara Kab. Luwu Prov. Sulawesi Selatan,Kab. Luwu,,Sulawesi Selatan
10102248,SMA NEGERI 2 TAKENGON,https://sekolah.data.kemdikbud.go.id/index.php/Chome/profil/06897859-CB7F-450D-ABA7-93C067C9BADF,JL. UJUNG TEMETAS Pinangan Kec. Kebayakan Kab. Aceh Tengah Prov. Aceh,Kab. Aceh Tengah,,Aceh
70033364,SMA TRI JAYA NUSANTARA,https://sekolah.data.kemdikbud.go.id/index.php/Chome/profil/6680866C-4FFA-428C-8B23-93C17FF62D70,KP. Sampora RT. 01 RW. 05 Sampora Kec. Cikidang Kab. Sukabumi Prov. Jawa Barat,Kab. Sukabumi,,Jawa Barat
40402335,SMAN 1 BINONGKO,https://sekolah.data.kemdikbud.go.id/index.php/Chome/profil/8DF57517-10AC-4DBB-918C-93CB3CE0BAB1,JL. MURHUM NO. 1 RUKUWA Palahidu Kec. Binongko Kab. Wakatobi Prov. Sulawesi Tenggara,Kab. Wakatobi,,Sulawesi Tenggara
69759157,SMA NEGERI 1 PIRAK TIMU,https://sekolah.data.kemdikbud.go.id/index.php/Chome/profil/E8BFEB19-F203-4012-AD18-93CBDED400C1,JLN. CUT MEUTIA Alue Bungkoh Kec. Pirak Timu Kab. Aceh Utara Prov. Aceh,Kab. Aceh Utara,,Aceh
10106277,SMA NEGERI 2 SEUNUDDON,https://sekolah.data.kemdikbud.go.id/index.php/Chome/profil/B3DAE87D-76C2-44D9-9BAA-93CC77B366E5,JL. BLANG GLUMPANG Cot Trueng Kec. Seunuddon Kab. Aceh Utara Prov. Aceh,Kab. Aceh Utara,,Aceh
69752763,SMAS TELADAN JAYA,https://sekolah.data.kemdikbud.go.id/index.php/Chome/profil/D5392581-35FD-42B8-A8E5-93CF8B1F22F0,JL. KENANGA DESA MUARA BURNAI II Muara Burnai Ii Kec. Lempuing Jaya Kab. Ogan Komering Ilir Prov. Sumatera Selatan,Kab. Ogan Komering Ilir,,Sumatera Selatan
30205287,SMAS BINA ILMU,https://sekolah.data.kemdikbud.go.id/index.php/Chome/profil/11F6E8B9-02CF-4DFD-99FE-93D2FEEF6DD3,"JL. Pemuda Rt.07/Rw.03, Desa Rangga Ilun... Rangga Ilung Kec. Jenamas Kab. Barito Selatan Prov. Kalimantan Tengah",Kab. Barito Selatan,,Kalimantan Tengah
40403186,SMAS KARYA PURN,https://sekolah.data.kemdikbud.go.id/index.php/Chome/profil/2F92F670-81CC-4D53-8109-93D470ECE51D,JL.MEKAR Kec Kadia Baruga Kec. Baruga Kota Kendari Prov. Sulawesi Tenggara,,Kota Kendari,Sulawesi Tenggara
69829547,SMA SWASTA GEMA BUWANA,https://sekolah.data.kemdikbud.go.id/index.php/Chome/profil/C5B8DCDE-7326-4386-843C-93D562D8FA4D,Jl. Gambir Psr VIII Gg. Adil Sei Rotan Kec. Percut Sei Tuan Kab. Deli Serdang Prov. Sumatera Utara,Kab. Deli Serdang,,Sumatera Utara
20212939,SMA NEGERI 1 CIAWIGEBANG,https://sekolah.data.kemdikbud.go.id/index.php/Chome/profil/33E3043E-2215-404E-8247-93D776E7ED8E,JL. SILIWANGI NO. 106 Ciawigebang Kec. Ciawigebang Kab. Kuningan Prov. Jawa Barat,Kab. Kuningan,,Jawa Barat
40313786,SMAN 13 LUWU UTARA,https://sekolah.data.kemdikbud.go.id/index.php/Chome/profil/5D0C0056-4C3F-4DE4-90A2-93D92964DAE5,JL.VETERAN NO.1 Padang Balua Kec. Seko Kab. Luwu Utara Prov. Sulawesi Selatan,Kab. Luwu Utara,,Sulawesi Selatan
70025225,SMA LANGITAN,https://sekolah.data.kemdikbud.go.id/index.php/Chome/profil/5A3343ED-556B-4598-B24B-93DC10324306,Jl. Cimancueri Kampung Gaga Kidurin RT.0... Pagedangan Ilir Kec. Kronjo Kab. Tangerang Prov. Banten,Kab. Tangerang,,Banten
40209808,SMAS CHAIRUL AMIN,https://sekolah.data.kemdikbud.go.id/index.php/Chome/profil/35BE6D2C-E23D-4510-AB66-93E04D7CF4D0,JL. JEND. SUDIRMAN NO. 96 Bailo Kec. Ampana Kota Kab. Tojo Una Una Prov. Sulawesi Tengah,Kab. Tojo Una Una,,Sulawesi Tengah
10262159,SMA SWASTA BUDDHIS JAYANTI,https://sekolah.data.kemdikbud.go.id/index.php/Chome/profil/41B5C94D-1F73-4F3C-92BC-93E0D3BC55DB,Jl. Gatot Subroto No. 12-14 Rantauprapat Cendana Kec. Rantau Utara Kab. Labuhanbatu Prov. Sumatera Utara,Kab. Labuhanbatu,,Sumatera Utara
40313814,SMAN 12 MAROS,https://sekolah.data.kemdikbud.go.id/index.php/Chome/profil/6656A443-D974-4E11-A699-93EC288FF3BC,JL. POROS CAMBA MAROS Limam Poccoe Kec. Cenrana Kab. Maros Prov. Sulawesi Selatan,Kab. Maros,,Sulawesi Selatan
50202499,SMAN 2 SELONG,https://sekolah.data.kemdikbud.go.id/index.php/Chome/profil/49FBEF05-6576-498A-839C-93ED618D5A02,JL. TGKH. M. ZAINUDDIN ABDUL MAJID NO. 1 Pancor Kec. Selong Kab. Lombok Timur Prov. Nusa Tenggara Barat,Kab. Lombok Timur,,Nusa Tenggara Barat
69881555,SMA IT NURUL ISLAM,https://sekolah.data.kemdikbud.go.id/index.php/Chome/profil/C2A00156-2F7F-493B-94CA-93EE8A92CF81,JL BABAKAN PESANTREN DS KUBANG Kubang Kec. Sukaresmi Kab. Cianjur Prov. Jawa Barat,Kab. Cianjur,,Jawa Barat
20575415,SMAS ISLAM ULUL ALBAB,https://sekolah.data.kemdikbud.go.id/index.php/Chome/profil/B7C74FD4-6C52-4766-A2F2-93F288B10D11,Jl. Pekalen Gg. Kusuma Maron Kidul Kec. Maron Kab. Probolinggo Prov. Jawa Timur,Kab. Probolinggo,,Jawa Timur
20252154,SMAS PERJUANGAN DWI WARNA,https://sekolah.data.kemdikbud.go.id/index.php/Chome/profil/1B806D47-9F67-4D3A-8905-93FA41C29B25,JL. BY PASS KLIWED NO. 155 Kliwed Kec. Kertasemaya Kab. Indramayu Prov. Jawa Barat,Kab. Indramayu,,Jawa Barat
69893381,SMA NURUL ILMI,https://sekolah.data.kemdikbud.go.id/index.php/Chome/profil/2EF2EE82-793F-4A63-9113-93FD53E64DD2,JALAN PALEMBANG - BETUNG  KM.18 Sukamoro Kec. Talang Kelapa Kab. Banyuasin Prov. Sumatera Selatan,Kab. Banyuasin,,Sumatera Selatan
30311507,SMAS MUJAHIDIN TJ LALAK,https://sekolah.data.kemdikbud.go.id/index.php/Chome/profil/4DDA29F7-20EA-4134-9280-94017C79F474,JL.PENDIDIKAN Tanjung Lalak Utara Kec. Pulau Laut Kepulauan Kab. Kotabaru Prov. Kalimantan Selatan,Kab. Kotabaru,,Kalimantan Selatan
50220506,SMA NEGERI 2 TALIWANG,https://sekolah.data.kemdikbud.go.id/index.php/Chome/profil/2F659D82-B3B0-4B25-96E9-9404582F1DE9,JL. BRANG REA NO.7 Menala Kec. Taliwang Kab. Sumbawa Barat Prov. Nusa Tenggara Barat,Kab. Sumbawa Barat,,Nusa Tenggara Barat
20219725,SMA KARTIKA XIX-2,https://sekolah.data.kemdikbud.go.id/index.php/Chome/profil/0370DF78-76C8-421C-8FD3-940D3AD6B14E,JL. PAK GATOT RAYA NO. 73 KPAD GEGERKALO... Gegerkalong Kec. Sukasari Kota Bandung Prov. Jawa Barat,,Kota Bandung,Jawa Barat
20220520,SMAS BHAKTI INSANI,https://sekolah.data.kemdikbud.go.id/index.php/Chome/profil/64AACFAF-7DE8-482A-91CC-94114B77C165,JL. BATUTULIS NV. SIDIK NO.5 C Batutulis Kec. Kota Bogor Selatan Kota Bogor Prov. Jawa Barat,,Kota Bogor,Jawa Barat
20300731,SMA NEGERI 1 MAOS,https://sekolah.data.kemdikbud.go.id/index.php/Chome/profil/BC9FB3F8-F3A7-4C6F-BA41-941AB17FE53C,JL. RAYA MAOS NO.484 RT.01/RW.05 Klapagada Kec. Maos Kab. Cilacap Prov. Jawa Tengah,Kab. Cilacap,,Jawa Tengah
40402556,SMAN 11 KENDARI,https://sekolah.data.kemdikbud.go.id/index.php/Chome/profil/F865BD03-BD1B-499D-AE20-9426143F469D,JL. WULELE NO. 99 Bonggoeya Kec. Wua-Wua Kota Kendari Prov. Sulawesi Tenggara,,Kota Kendari,Sulawesi Tenggara
20541225,SMAS MUHAMMADIYAH 3 KEDUNGADEM,https://sekolah.data.kemdikbud.go.id/index.php/Chome/profil/2CEA951D-F62E-4B52-B9C2-9429DE7CCB15,Jl. Ronggolawe Kedungadem Kedungadem Kec. Kedungadem Kab. Bojonegoro Prov. Jawa Timur,Kab. Bojonegoro,,Jawa Timur
10501842,SMAN 13 TANJUNG JABUNG  BARAT,https://sekolah.data.kemdikbud.go.id/index.php/Chome/profil/1E37000D-F11F-412A-869A-943024482F79,JL. PEMUDA SUNGAI RAMBAI SUNGAI RAMBAI Kec. Senyerang Kab. Tanjung Jabung Barat Prov. Jambi,Kab. Tanjung Jabung Barat,,Jambi
10900238,SMAN 1 BELINYU,https://sekolah.data.kemdikbud.go.id/index.php/Chome/profil/382452AF-FF79-437B-89B9-94326FC1E867,JL. M. SYAFRI RACHMAN BELINYU KUTO PANJI Kec. Belinyu Kab. Bangka Prov. Kepulauan Bangka Belitung,Kab. Bangka,,Kepulauan Bangka Belitung
20338496,SMAS PGRI PURWAREJA KLAMPOK,https://sekolah.data.kemdikbud.go.id/index.php/Chome/profil/A6D58F47-60A3-4138-84C8-9438A849D71E,JL. PEKIRINGAN KLAMPOK Klampok Kec. Purwareja Klampok Kab. Banjarnegara Prov. Jawa Tengah,Kab. Banjarnegara,,Jawa Tengah
60403473,SMAN 1 WONDAMA,https://sekolah.data.kemdikbud.go.id/index.php/Chome/profil/A0506B45-C181-42C4-825D-9443F5ADED0B,MIEI Maniwak Kec. Wasior Kab. Teluk Wondama Prov. Papua Barat,Kab. Teluk Wondama,,Papua Barat
69848997,SMAN 1 PLERED,https://sekolah.data.kemdikbud.go.id/index.php/Chome/profil/2D847951-5F72-4A03-8C43-944945F5EE4E,Jl. Sempur RT 09/05 Cibogohilir Kec. Plered Kab. Purwakarta Prov. Jawa Barat,Kab. Purwakarta,,Jawa Barat
20103191,SMAS TRISOKO JAKARTA,https://sekolah.data.kemdikbud.go.id/index.php/Chome/profil/511CD393-ECDF-442E-8A60-9449FAF2B4FF,JL. RAYA PONDOK GEDE DUKUH II/IV Dukuh Kec. Kramat Jati Kota Adm. Jakarta Timur Prov. D.K.I. Jakarta,,Kota Adm. Jakarta Timur,D.K.I. Jakarta
60102712,SMA Negeri 8 Seram Bagian Barat,https://sekolah.data.kemdikbud.go.id/index.php/Chome/profil/DCBB039A-359D-45DF-A26D-9450BD0C19E2,TANAH GOYANG DESA LOKKI Kec. Huamual Kab. Seram Bagian Barat Prov. Maluku,Kab. Seram Bagian Barat,,Maluku
69918146,SMAN 4 CIBINONG,https://sekolah.data.kemdikbud.go.id/index.php/Chome/profil/14D5F67B-654D-4316-A5FC-94578ED97E00,Jl. BOJONG KONENG RT 01 RW 01 Cibinong Kec. Cibinong Kab. Bogor Prov. Jawa Barat,Kab. Bogor,,Jawa Barat
60301895,SMA Negeri 2 Nabire,https://sekolah.data.kemdikbud.go.id/index.php/Chome/profil/30546827-BCC5-4BEF-8814-945883210549,Jl. Poros Bumi Mulia - Wanggar - Nabire ... Bumi Mulia Kec. Wanggar Kab. Nabire Prov. Papua Tengah,Kab. Nabire,,Papua Tengah
20103171,SMAS PGRI 24 JAKARTA,https://sekolah.data.kemdikbud.go.id/index.php/Chome/profil/39DB51B4-DC24-4398-9BBD-9459A31AC15A,JL. Al-Baidho Gg. Karya Lubang Buaya Kec. Cipayung Kota Adm. Jakarta Timur Prov. D.K.I. Jakarta,,Kota Adm. Jakarta Timur,D.K.I. Jakarta
70011748,SMA NEGERI 2 MAGINTI,https://sekolah.data.kemdikbud.go.id/index.php/Chome/profil/94AE690C-95FF-4DA4-A64D-94709C67EAA0,Pulau Maginti KANGKUNAWE Kec. Maginti Kab. Muna Barat Prov. Sulawesi Tenggara,Kab. Muna Barat,,Sulawesi Tenggara
69989458,SMA KRISTEN AIR HIDUP,https://sekolah.data.kemdikbud.go.id/index.php/Chome/profil/12B595B6-2875-4690-B562-9475D9CF20C7,"Jln. Pintu Batu, No.1, RT. 01, RW.02 Omba Rade Kec. Wewewa Tengah Kab. Sumba Barat Daya Prov. Nusa Tenggara Timur",Kab. Sumba Barat Daya,,Nusa Tenggara Timur
20339024,SMA NEGERI 3 PATI,https://sekolah.data.kemdikbud.go.id/index.php/Chome/profil/EC1303F9-DB53-4A11-A707-9479BF20D5EE,JL. P. SUDIRMAN NO. 1A PATI Puri Kec. Pati Kab. Pati Prov. Jawa Tengah,Kab. Pati,,Jawa Tengah
70000957,SMA IRSYAADUL IBAAD,https://sekolah.data.kemdikbud.go.id/index.php/Chome/profil/3852827E-60A2-4739-9083-947ECFC4C518,Jl. Sidomukti Mekar Sari Kec. Pasir Sakti Kab. Lampung Timur Prov. Lampung,Kab. Lampung Timur,,Lampung
50205207,SMAS AL MA ARIF SINAH PENGEMBUR,https://sekolah.data.kemdikbud.go.id/index.php/Chome/profil/BAE06BBC-2354-4BBF-9FD1-948107FEFD8C,PENGEMBUR Pengembur Kec. Pujut Kab. Lombok Tengah Prov. Nusa Tenggara Barat,Kab. Lombok Tengah,,Nusa Tenggara Barat
10259031,SMAN 1 ALASA,https://sekolah.data.kemdikbud.go.id/index.php/Chome/profil/660E0450-2299-402D-8B74-9488473859F1,JL. PRAMUKA Ombolata Kec. Alasa Kab. Nias Utara Prov. Sumatera Utara,Kab. Nias Utara,,Sumatera Utara
69787073,SMAS CITRA BERKAT,https://sekolah.data.kemdikbud.go.id/index.php/Chome/profil/DEBCD56C-5A04-41E4-90F2-949325A3D2CA,Jl.RAYA BUKIT PALMA NO. 2 CITRALAND UTAR... Babat Jerawat Kec. Pakal Kota Surabaya Prov. Jawa Timur,,Kota Surabaya,Jawa Timur
10646224,SMAS ISLAM DARUSSALAM,https://sekolah.data.kemdikbud.go.id/index.php/Chome/profil/F75CFED7-01AE-4F52-A67E-94993715DCD6,JL. LINTAS TIMUR TUGUMULYO Tugumulyo Kec. Lempuing Kab. Ogan Komering Ilir Prov. Sumatera Selatan,Kab. Ogan Komering Ilir,,Sumatera Selatan
10507428,SMA EL MUNDO,https://sekolah.data.kemdikbud.go.id/index.php/Chome/profil/5B5EB876-B2EA-4B69-BEF4-94A609507339,JL.UD Sarkawi (Ki Bajuri) No. 01 Talang Bakung Kec. Paal Merah Kota Jambi Prov. Jambi,,Kota Jambi,Jambi
69959186,SMA NEGERI 4 KANDIS,https://sekolah.data.kemdikbud.go.id/index.php/Chome/profil/D950D148-E87B-4694-B06D-94AAEF1D7901,KAMPUNG LIBO JAYA KECAMATAN KANDIS LIBO JAYA Kec. Kandis Kab. Siak Prov. Riau,Kab. Siak,,Riau
50100851,SMAS DIPONOGORO,https://sekolah.data.kemdikbud.go.id/index.php/Chome/profil/35B49A4C-84C4-4C6A-AA8A-94AC4C630A08,JL. UDAYANA NO. 333 NEGARA Kaliakah Kec. Negara Kab. Jembrana Prov. Bali,Kab. Jembrana,,Bali
20235626,SMAS PGRI PARAKAN MUNCANG,https://sekolah.data.kemdikbud.go.id/index.php/Chome/profil/EC223225-3A25-4181-810D-94B25FAEE325,JL. PARAKAN MUNCANG  SIMPANG KM. 23 CIMA... Sindangpakuon Kec. Cimanggung Kab. Sumedang Prov. Jawa Barat,Kab. Sumedang,,Jawa Barat
70037894,SMA PLUS AL-HIKMAH,https://sekolah.data.kemdikbud.go.id/index.php/Chome/profil/A615D1CE-97A3-4C2C-9AB9-94B939EB9266,Jl. Joglo Kp. Cibeureum Pasir RT. 005 RW... Sukamekar Kec. Sukaraja Kab. Sukabumi Prov. Jawa Barat,Kab. Sukabumi,,Jawa Barat
50300257,SMAS IKARASI OEKABITI,https://sekolah.data.kemdikbud.go.id/index.php/Chome/profil/A7EBA833-3CAC-4644-9493-94BB94559BBA,JL. JURUSAN BURAEN Nonbes Kec. Amarasi Kab. Kupang Prov. Nusa Tenggara Timur,Kab. Kupang,,Nusa Tenggara Timur
10645825,SMAN 1 RANTAU BAYUR,https://sekolah.data.kemdikbud.go.id/index.php/Chome/profil/3D1D8840-46CC-4BC4-B56A-94CAED69B2DB,JL. RAYA PENGUMBUK Tebing Abang Kec. Rantau Bayur Kab. Banyuasin Prov. Sumatera Selatan,Kab. Banyuasin,,Sumatera Selatan
69900824,SMA SWASTA PONTREN AL-IHSAN,https://sekolah.data.kemdikbud.go.id/index.php/Chome/profil/EAB644E4-BE97-4003-AD20-94CF4FDEB86F,Jalan Balai Desa Ujung No. 22 Sidua Dua Kec. Kualuh Selatan Kab. Labuhanbatu Utara Prov. Sumatera Utara,Kab. Labuhanbatu Utara,,Sumatera Utara
10258317,SMAN 1 MANDREHE,https://sekolah.data.kemdikbud.go.id/index.php/Chome/profil/4706A91E-944D-41FC-B50E-94D29C02834D,"Jln. Prof. Moh. Yamin, SH - , Kec. Mandr... Tuho Owo Kec. Mandrehe Kab. Nias Barat Prov. Sumatera Utara",Kab. Nias Barat,,Sumatera Utara
40403968,SMAN 1 OHEO,https://sekolah.data.kemdikbud.go.id/index.php/Chome/profil/8915A319-3B0D-4FD4-9F1F-94DC60DBB9E6,JL. PENDIDIKAN DESA WALANDAWE KEC. OHEO WALANDAWE Kec. Oheo Kab. Konawe Utara Prov. Sulawesi Tenggara,Kab. Konawe Utara,,Sulawesi Tenggara
30112528,SMA NEGERI 2 SEPONTI,https://sekolah.data.kemdikbud.go.id/index.php/Chome/profil/84A65AFE-9508-4FE2-9E82-94E3F70ED75C,JL. PERJUANGAN I DURIAN SEBATANG Kec. Seponti Kab. Kayong Utara Prov. Kalimantan Barat,Kab. Kayong Utara,,Kalimantan Barat
50307413,SMAN BIBOKI ANLEU,https://sekolah.data.kemdikbud.go.id/index.php/Chome/profil/4F741B0F-50C6-4F25-B7C0-94E50C92F40F,PONU PONU Kec. Biboki Anleu Kab. Timor Tengah Utara Prov. Nusa Tenggara Timur,Kab. Timor Tengah Utara,,Nusa Tenggara Timur
70038510,SMA DARUSSALAMAH DIGITAL TECHNOLOGY BOARDING SCHOOL,https://sekolah.data.kemdikbud.go.id/index.php/Chome/profil/1AF50BC5-875F-4943-B4F9-94F1F939BEE2,JL. Ponpes Darussalamah Braja Dewa Kec. Way Jepara Kab. Lampung Timur Prov. Lampung,Kab. Lampung Timur,,Lampung
69958933,UPTD SMA NEGERI 1 TAPANGO,https://sekolah.data.kemdikbud.go.id/index.php/Chome/profil/F41166FF-90E1-4459-9A6C-94F33471930E,Jl. KUA Desa Tapango Tapango Kec. Tapango Kab. Polewali Mandar Prov. Sulawesi Barat,Kab. Polewali Mandar,,Sulawesi Barat
40311957,SMAS TUT WURI HANDAYANI,https://sekolah.data.kemdikbud.go.id/index.php/Chome/profil/75DD1E5B-3FD8-4436-B6E6-94F553A3C353,JL. A.P. PETTARANI II LR. V NO. 4 Tamamaung Kec. Panakukkang Kota Makassar Prov. Sulawesi Selatan,,Kota Makassar,Sulawesi Selatan
10646031,SMA PGRI GELUMBANG,https://sekolah.data.kemdikbud.go.id/index.php/Chome/profil/2B3BFBDC-1464-473A-92FD-94F77F6B9ECE,JL. PIPA PERTAMINA GELUMBANG Gelumbang Kec. Gelumbang Kab. Muara Enim Prov. Sumatera Selatan,Kab. Muara Enim,,Sumatera Selatan
70055746,SEKOLAH MENENGAH ATAS NEGERI 1 SIDAMULIH,https://sekolah.data.kemdikbud.go.id/index.php/Chome/profil/74854136-01A3-4432-BACB-94F8AB1A1B54,Blok Karikil DESA CIKALONG KEC. SIDAMULIH Kab. Pangandaran Prov. Jawa Barat,Kab. Pangandaran,,Jawa Barat
40102406,SMA NEGERI 1 KAUDITAN,https://sekolah.data.kemdikbud.go.id/index.php/Chome/profil/AB44DA1A-67BC-4DB6-A717-94F9A01BC6ED,KAUDITAN 1 Kauditan Satu Kec. Kauditan Kab. Minahasa Utara Prov. Sulawesi Utara,Kab. Minahasa Utara,,Sulawesi Utara
20552090,SMA AL WAROQOT,https://sekolah.data.kemdikbud.go.id/index.php/Chome/profil/503CFF38-D94D-4BC6-B6EF-94FBC72CCDE5,JL. Raya Maddis Pamaroh Kadur Pamekasan Pamaroh Kec. Kadur Kab. Pamekasan Prov. Jawa Timur,Kab. Pamekasan,,Jawa Timur
10805044,SMAN 1 CUKUH BALAK,https://sekolah.data.kemdikbud.go.id/index.php/Chome/profil/C2EC9947-2229-4B8A-B3C3-95050B57D0F9,Jl. Pendidikan Pekon Tanjung Betuah Kec.... Tanjung Betuah Kec. Cukuh Balak Kab. Tanggamus Prov. Lampung,Kab. Tanggamus,,Lampung
20505010,SMA NEGERI 1 TAMBAKBOYO TUBAN,https://sekolah.data.kemdikbud.go.id/index.php/Chome/profil/070D4697-3A57-4344-85CE-950A3A8B351B,JL. RAYA SOBONTORO TAMBAKBOYO Sobontoro Kec. Tambakboyo Kab. Tuban Prov. Jawa Timur,Kab. Tuban,,Jawa Timur
70041497,SMAS TANAH TUMBUH,https://sekolah.data.kemdikbud.go.id/index.php/Chome/profil/0853D983-14C2-4021-B79C-950BD796448F,Jln. Lintas Tengah Km. 28 Rt.08 Desa Tan... Tanah Tumbuh Kec. Renah Mendaluh Kab. Tanjung Jabung Barat Prov. Jambi,Kab. Tanjung Jabung Barat,,Jambi
10220524,SMAN 1 SOSORGADONG,https://sekolah.data.kemdikbud.go.id/index.php/Chome/profil/78EC6284-E38C-4186-9CD5-950CD2D6EEF9,JL. AMD No. 7 SOSORGADONG Sosor Gadong Kec. Sosor Gadong Kab. Tapanuli Tengah Prov. Sumatera Utara,Kab. Tapanuli Tengah,,Sumatera Utara
69966740,SMA NEGERI 14 BENGKULU UTARA,https://sekolah.data.kemdikbud.go.id/index.php/Chome/profil/CDDC0890-2EE5-45FA-AC52-950D416F5B03,Desa Padang Kala Desa Padang Kala Kec. Air Padang Kab. Bengkulu Utara Prov. Bengkulu,Kab. Bengkulu Utara,,Bengkulu
20238519,SMAS PGRI 5,https://sekolah.data.kemdikbud.go.id/index.php/Chome/profil/1F8339C6-9BDF-4F67-AD68-9513E1F9D0FE,JL. PARUNG BANTENG RT 03/01 Katulampa Kec. Kota Bogor Timur Kota Bogor Prov. Jawa Barat,,Kota Bogor,Jawa Barat
40502189,SMAN 1 ASPARAGA,https://sekolah.data.kemdikbud.go.id/index.php/Chome/profil/EF5CA9EE-2C3C-4677-851C-9517C3BFA64B,JL. S.M.S ADUDU NANTU Bululi Kec. Asparaga Kab. Gorontalo Prov. Gorontalo,Kab. Gorontalo,,Gorontalo
10802002,SMAS DARUL ARAFAH BM RT NB,https://sekolah.data.kemdikbud.go.id/index.php/Chome/profil/878A833A-55DE-4C7A-81E9-951818EB8E52,JL. LINTAS SUMATERA Sukajawa Kec. Bumi Ratu Nuban Kab. Lampung Tengah Prov. Lampung,Kab. Lampung Tengah,,Lampung
69823281,SMAN 2 Lubuk Alung,https://sekolah.data.kemdikbud.go.id/index.php/Chome/profil/69801229-9658-4D89-886B-951A1DDF3471,Jl. Gedung Perintis Kasiak Putiah Singgu... LUBUK ALUNG Kec. Lubuk Alung Kab. Padang Pariaman Prov. Sumatera Barat,Kab. Padang Pariaman,,Sumatera Barat
10494192,SMAN BERNAS BINSUS,https://sekolah.data.kemdikbud.go.id/index.php/Chome/profil/4AAEC100-77B1-4359-95D4-951BDB35D296,JL. H. ABD.JALIL KOMP. BAKTI PRAJA Pangkalan Kerinci Barat Kec. Pangkalan Kerinci Kab.  Pelalawan Prov. Riau,Kab.  Pelalawan,,Riau
40300675,SMAS SEMEN TONASA,https://sekolah.data.kemdikbud.go.id/index.php/Chome/profil/E8DEB16A-496E-4459-8B54-951D641DC7F4,JL. MAJENANG NO. 8 Tonasa Kec. Balocci Kab. Pangkajene Dan Kepulauan Prov. Sulawesi Selatan,Kab. Pangkajene Dan Kepulauan,,Sulawesi Selatan
10811093,SMAN 1 KATIBUNG,https://sekolah.data.kemdikbud.go.id/index.php/Chome/profil/15D1D8C1-483C-4F25-8E4B-9521CE9A3398,JL. RADEN AWAS Tanjungan Kec. Katibung Kab. Lampung Selatan Prov. Lampung,Kab. Lampung Selatan,,Lampung
10210728,SMAS DARUSSALAM,https://sekolah.data.kemdikbud.go.id/index.php/Chome/profil/83CA2037-7B1A-4489-8B22-952F894B3EB0,JL.DARUSSALAM NO. 26 ABC Sei Sikambing D Kec. Medan Petisah Kota Medan Prov. Sumatera Utara,,Kota Medan,Sumatera Utara
10258812,SMA NEGERI 1 BAWOLATO,https://sekolah.data.kemdikbud.go.id/index.php/Chome/profil/2E57163E-CA7B-4BBA-9C4C-953358CD6025,JL. ARAH TELUK DALAM KM. 55 Sisarahili Bawolato Kec. Bawolato Kab. Nias Prov. Sumatera Utara,Kab. Nias,,Sumatera Utara
70012731,SMAIT Al-Ulum Singkohor,https://sekolah.data.kemdikbud.go.id/index.php/Chome/profil/E36FA648-E474-4798-BD09-9537C0F894CA,Jl. Melati Mukti Jaya Kec. Singkohor Kab. Aceh Singkil Prov. Aceh,Kab. Aceh Singkil,,Aceh
30301002,SMAN 1 WANARAYA,https://sekolah.data.kemdikbud.go.id/index.php/Chome/profil/07F740C1-4378-43CA-A482-9537EEC3B761,JL. KOLAM KIRI RT. 3 Belawang Kolam Kiri Kec. Wanaraya Kab. Barito Kuala Prov. Kalimantan Selatan,Kab. Barito Kuala,,Kalimantan Selatan
20308626,SMAS MUHAMMADIYAH 4 ANDONG,https://sekolah.data.kemdikbud.go.id/index.php/Chome/profil/A12C4020-66D6-42B7-8F9A-953BA2066CBB,JL. SOLO-KARANGGEDE KM 27 Mojo Kec. Andong Kab. Boyolali Prov. Jawa Tengah,Kab. Boyolali,,Jawa Tengah
11002778,SMAN 1 BUNGURAN TIMUR LAUT,https://sekolah.data.kemdikbud.go.id/index.php/Chome/profil/5E1AC429-3B41-424C-8771-953E0B3F7BD9,Jl. Wan Lempam Tanjung Kec. Bunguran Timur Laut Kab. Natuna Prov. Kepulauan Riau,Kab. Natuna,,Kepulauan Riau
10504161,SMAN 6 TANJUNG JABUNG TIMUR,https://sekolah.data.kemdikbud.go.id/index.php/Chome/profil/E15F1E90-7B35-4E58-B267-953E18BAFCFC,JL. lintas sadu Sungai Lokan Kec. Sadu Kab. Tanjung Jabung Timur Prov. Jambi,Kab. Tanjung Jabung Timur,,Jambi
20232376,SMAN 1 CISEENG,https://sekolah.data.kemdikbud.go.id/index.php/Chome/profil/B824C00A-B2C7-4575-89B6-953F5E9634EF,Jln. Cibeuteung Muara RT 02/06 Putat Nutug Kec. Ciseeng Kab. Bogor Prov. Jawa Barat,Kab. Bogor,,Jawa Barat
60301596,SMAS YPPGI WAMENA,https://sekolah.data.kemdikbud.go.id/index.php/Chome/profil/C510BF6E-4053-4B41-A61A-95417E0FEC58,JL Yos Sudarso Sinakma Kec. Wamena Kab. Jayawijaya Prov. Papua Pegunungan,Kab. Jayawijaya,,Papua Pegunungan
10111320,SMA NEGERI 1 LONGKIB,https://sekolah.data.kemdikbud.go.id/index.php/Chome/profil/6A60B04B-354F-4A0C-93EE-954472D7AB3B,DARUL AMAN Darul Aman Kec. Longkib Kota Subulussalam Prov. Aceh,,Kota Subulussalam,Aceh
50103173,SMAS PGRI 2 DENPASAR,https://sekolah.data.kemdikbud.go.id/index.php/Chome/profil/93A386FE-126E-4B92-B245-9547156A5884,JL. Sangga Buana Tegal Kertha Kec. Denpasar Barat Kota Denpasar Prov. Bali,,Kota Denpasar,Bali
69756871,SMAS MUHAMMADIYAH RITE,https://sekolah.data.kemdikbud.go.id/index.php/Chome/profil/8CC945A1-9EE2-4F55-982D-954ACCC00D60,JL. LINTAS BIMA -WERA Rite Kec. Ambalawi Kab. Bima Prov. Nusa Tenggara Barat,Kab. Bima,,Nusa Tenggara Barat
10800736,SMAS DHARMA ASIH WATES,https://sekolah.data.kemdikbud.go.id/index.php/Chome/profil/A081FC7D-A58A-4AB0-8420-955135BE414C,JL. RAYA WATES WAY RATAI Wates Way Ratai Kec. Padang Cermin Kab. Pesawaran Prov. Lampung,Kab. Pesawaran,,Lampung
69877295,SMA ISLAM AL ISHAQI,https://sekolah.data.kemdikbud.go.id/index.php/Chome/profil/47CFD164-D1BF-48B5-A900-95513B81FA97,Parit Hidup Baru Kubu Padi Kec. Kuala Mandor B Kab. Kubu Raya Prov. Kalimantan Barat,Kab. Kubu Raya,,Kalimantan Barat
40602680,SMAS NUSA BANGSA,https://sekolah.data.kemdikbud.go.id/index.php/Chome/profil/7388ABB3-44E9-4A0B-A6A7-95575CCEB19D,Jl. Poros Tarinding Lakahang Kec. Tabulahan Kab. Mamasa Prov. Sulawesi Barat,Kab. Mamasa,,Sulawesi Barat
10202761,SMA NEGERI 1 PANOMBEIAN PANEI,https://sekolah.data.kemdikbud.go.id/index.php/Chome/profil/3B80073D-F245-44DB-8597-955EB6E2FD4A,JL PENDIDIKAN NO 5 Marjandi Kec. Panombeian Panei Kab. Simalungun Prov. Sumatera Utara,Kab. Simalungun,,Sumatera Utara
70011407,SMA PAHLAWAN BINTANG TIMUR,https://sekolah.data.kemdikbud.go.id/index.php/Chome/profil/5B16DAD0-4D3A-4552-9445-955F85C581BF,Jln. Timor Raya KM.45 Camplong 1 Camplong I Kec. Fatuleu Kab. Kupang Prov. Nusa Tenggara Timur,Kab. Kupang,,Nusa Tenggara Timur
69934033,SMA MIFTAHUL ULUM,https://sekolah.data.kemdikbud.go.id/index.php/Chome/profil/3FD2FBBA-CDF4-462D-8194-9564A1949385,Jl. Trans Kalimantan Parit Masigi Sei Ambawang Kuala Kec. Sungai Ambawang Kab. Kubu Raya Prov. Kalimantan Barat,Kab. Kubu Raya,,Kalimantan Barat
10261532,SMA UNGGULAN CT FOUNDATION,https://sekolah.data.kemdikbud.go.id/index.php/Chome/profil/52302AD2-0686-4ECD-8B95-957AB113A624,KOMPLEKS RUMAH ANAK MADANI JL. VETERAN P... Manunggal Kec. Labuhan Deli Kab. Deli Serdang Prov. Sumatera Utara,Kab. Deli Serdang,,Sumatera Utara
20511956,SMA NEGERI 1 MOJO KABUPATEN KEDIRI,https://sekolah.data.kemdikbud.go.id/index.php/Chome/profil/2F17DBDD-CDC6-4BA3-A874-957BCDAB592B,JL.Tambangan No.16 Ds.Mlati  Kec.Mojo Mlati Kec. Mojo Kab. Kediri Prov. Jawa Timur,Kab. Kediri,,Jawa Timur
20214986,SMAN 1 KARANG WARENG,https://sekolah.data.kemdikbud.go.id/index.php/Chome/profil/97D37F66-B4A6-4655-BE8F-957C5E85BC42,JL. RAYA KH. ZAINAL A. Kubangdeleg Kec. Karangwareng Kab. Cirebon Prov. Jawa Barat,Kab. Cirebon,,Jawa Barat
20107375,SMAS DHARMA SUCI JAKARTA,https://sekolah.data.kemdikbud.go.id/index.php/Chome/profil/06D9563E-3933-4CB9-8247-958B60A50071,JL. JEMB 3 KOMP. PLUIT MAS BLOK F NO. 1-... Pejagalan Kec. Penjaringan Kota Adm. Jakarta Utara Prov. D.K.I. Jakarta,,Kota Adm. Jakarta Utara,D.K.I. Jakarta
11002186,SMAS ISLAM HANG TUAH,https://sekolah.data.kemdikbud.go.id/index.php/Chome/profil/2357053F-F2E6-4413-B0E2-958B949DC844,"JL. RANAI NO. 11, BENGKONG POLISI Tanjung Buntung Kec. Bengkong Kota Batam Prov. Kepulauan Riau",,Kota Batam,Kepulauan Riau
20403159,SMAS SULTAN AGUNG,https://sekolah.data.kemdikbud.go.id/index.php/Chome/profil/E9781727-6F72-4441-8766-9592E5D33110,JL. BANTUL KM 3 YOGYAKARTA Gedongkiwo Kec. Mantrijeron Kota Yogyakarta Prov. D.I. Yogyakarta,,Kota Yogyakarta,D.I. Yogyakarta
10810020,SMAN 1 ULUBELU,https://sekolah.data.kemdikbud.go.id/index.php/Chome/profil/25D431EB-7109-4312-99BE-959F358F1B55,JL. RAYA NGARIP ULU BELU Ngarip Kec. Ulu Belu Kab. Tanggamus Prov. Lampung,Kab. Tanggamus,,Lampung
20523824,SMAN RAMBIPUJI,https://sekolah.data.kemdikbud.go.id/index.php/Chome/profil/E6756709-87F6-4355-B167-95A07208B1A7,JL. DURIAN 30 PECORO Kec. Rambipuji Kab. Jember Prov. Jawa Timur,Kab. Jember,,Jawa Timur
40309310,SMAN 12 LUWU,https://sekolah.data.kemdikbud.go.id/index.php/Chome/profil/A76A7D19-1B27-46AF-83D2-95A3676FC293,JL. TRANS SULAWESI Bunga Eja Kec. Kamanre Kab. Luwu Prov. Sulawesi Selatan,Kab. Luwu,,Sulawesi Selatan
40311889,SMAN 2 MAKASSAR,https://sekolah.data.kemdikbud.go.id/index.php/Chome/profil/C654E74A-A44A-449F-B277-95B6FED1EAD3,JL. BAJI GAU NO. 17 Baji Mappakasunggu Kec. Mamajang Kota Makassar Prov. Sulawesi Selatan,,Kota Makassar,Sulawesi Selatan
10646023,SMA YPNH TANAH ABANG,https://sekolah.data.kemdikbud.go.id/index.php/Chome/profil/E57C413D-5187-4BE6-B5F1-95BC85E8A1A6,JL. RAJA 1 TANAH ABANG Tanah Abang Utara KEC. TANAH ABANG Kab. Penukal Abab Lematang Ilir Prov. Sumatera Selatan,Kab. Penukal Abab Lematang Ilir,,Sumatera Selatan
20306915,SMA NEGERI 1 KALIWIRO,https://sekolah.data.kemdikbud.go.id/index.php/Chome/profil/6F1F3538-147F-469F-AB84-95C2B99CE19A,JL. TANJUNG ANOM Tanjunganom Kec. Kaliwiro Kab. Wonosobo Prov. Jawa Tengah,Kab. Wonosobo,,Jawa Tengah
10801974,SMAS PGRI 1 SEPUTIH MATARAM,https://sekolah.data.kemdikbud.go.id/index.php/Chome/profil/835FE190-47D9-4108-84CF-95C2E60E8644,JL. PENDIDIKAN Banjar Agung Mataram Kec. Seputih Mataram Kab. Lampung Tengah Prov. Lampung,Kab. Lampung Tengah,,Lampung
69964425,SMA ISLAM NUSANTARA,https://sekolah.data.kemdikbud.go.id/index.php/Chome/profil/787E1651-DA93-40F5-8C57-95C3E1B5C767,Desa Tengguli RT. 07 RW. 07 Tengguli Kec. Bangsri Kab. Jepara Prov. Jawa Tengah,Kab. Jepara,,Jawa Tengah
40600231,UPTD SMAN 1 PANGALE,https://sekolah.data.kemdikbud.go.id/index.php/Chome/profil/D7A4276C-D693-4A0C-85A2-95C5552FC845,JL. POROS MAMUJU - PASANGKAYU Polo Pangale Kec. Pangale Kab. Mamuju Tengah Prov. Sulawesi Barat,Kab. Mamuju Tengah,,Sulawesi Barat
10402726,SMAN 1 KUALA KAMPAR,https://sekolah.data.kemdikbud.go.id/index.php/Chome/profil/24CEC1D7-234C-4B1F-9776-95CA790F0BAB,JL. PENGHULU DONGSA NO.2 TELUK DALAM Kec. Kuala Kampar Kab.  Pelalawan Prov. Riau,Kab.  Pelalawan,,Riau
69956896,SMAIT AL USWAH TUBAN,https://sekolah.data.kemdikbud.go.id/index.php/Chome/profil/1B6D5705-C03B-46C5-9F1B-95D7F6143A92,Jl. Al Falah I RT.001 RW.005 Ds. Sumurgu... Sumurgung Kec. Tuban Kab. Tuban Prov. Jawa Timur,Kab. Tuban,,Jawa Timur
20531227,SMA NEGERI 3 BANGKALAN,https://sekolah.data.kemdikbud.go.id/index.php/Chome/profil/60AAC053-BB24-4B33-9E2D-95DBB34B76B5,JL. RE. MARTADINATA 54 Mlajah Kec. Bangkalan Kab. Bangkalan Prov. Jawa Timur,Kab. Bangkalan,,Jawa Timur
20538319,SMAS MUHAMMADIYAH 1,https://sekolah.data.kemdikbud.go.id/index.php/Chome/profil/F1C6A71E-0036-48A1-A2B2-95DBB4A19451,JL. PANGLIMA SUDIRMAN 17 NGANJUK Mangun Dikaran Kec. Nganjuk Kab. Nganjuk Prov. Jawa Timur,Kab. Nganjuk,,Jawa Timur
10401520,SMAN 1 RENGAT BARAT,https://sekolah.data.kemdikbud.go.id/index.php/Chome/profil/CD6F79ED-3BE8-4DF4-93A5-95DD6E56EBC2,JL. GERBANGSARI NO.25 PEMATANG REBA Pematang Reba Kec. Rengat Barat Kab. Indragiri Hulu Prov. Riau,Kab. Indragiri Hulu,,Riau
70003056,SMA Swasta Islam Plus Adzkia,https://sekolah.data.kemdikbud.go.id/index.php/Chome/profil/5B36419E-094F-40E3-9679-95E1EA9238AE,Jl. Kangkung No. 24 Petisah Hulu Kec. Medan Baru Kota Medan Prov. Sumatera Utara,,Kota Medan,Sumatera Utara
20238569,SMAN 1 SUKAWANGI,https://sekolah.data.kemdikbud.go.id/index.php/Chome/profil/D6F0831D-7287-451F-8F61-95E5131E15CD,JL. RAYA SUKAKERTA SUKAWANGI BEKASI Sukakerta Kec. Sukawangi Kab. Bekasi Prov. Jawa Barat,Kab. Bekasi,,Jawa Barat
70054988,SMA Islam As-Salsabila,https://sekolah.data.kemdikbud.go.id/index.php/Chome/profil/562DFD50-C2B2-4E3C-A6C6-95ED4787061E,Kp. Kendal RT.003 RW. 002 Sindang Panon Kec. Sindang Jaya Kab. Tangerang Prov. Banten,Kab. Tangerang,,Banten
50300258,SMAS KRISTEN TARUS TENGAH,https://sekolah.data.kemdikbud.go.id/index.php/Chome/profil/213478A1-1A33-47EA-8AF5-95F910CAFFD1,JL. TIMOR RAYA KM. 14 Mata Air Kec. Kupang Tengah Kab. Kupang Prov. Nusa Tenggara Timur,Kab. Kupang,,Nusa Tenggara Timur
20257102,SMAS IT THORIQ BIN ZIYAD,https://sekolah.data.kemdikbud.go.id/index.php/Chome/profil/2A2FC8FE-3FEF-4044-A6FB-95FB7D51EE9A,"JL. Toyogiri Selatan, Kel Jatimulya, Kec... Jatimulya Kec. Tambun Selatan Kab. Bekasi Prov. Jawa Barat",Kab. Bekasi,,Jawa Barat
10201346,SMAS METHODIST,https://sekolah.data.kemdikbud.go.id/index.php/Chome/profil/0F3A5CD4-FE06-48EB-B6E7-96000D695D8F,JL. GEREJA NO. 41 KUALA Pekan Kuala Kec. Kuala Kab. Langkat Prov. Sumatera Utara,Kab. Langkat,,Sumatera Utara
10809702,SMAN 5 METRO,https://sekolah.data.kemdikbud.go.id/index.php/Chome/profil/F7C130DD-CC22-4A2E-96CA-9608FC820A1E,JL. WOLTER MONGINSIDI Hadimulyo Timur Kec. Metro Pusat Kota Metro Prov. Lampung,,Kota Metro,Lampung
70038801,SMA IT MAHABBATINAH,https://sekolah.data.kemdikbud.go.id/index.php/Chome/profil/9326D099-24CC-4ACC-8836-960AFAE0BC13,Jln. Lintas Timur Ukui Satu UKUI SATU Kec. Ukui Kab.  Pelalawan Prov. Riau,Kab.  Pelalawan,,Riau
69955414,SMA EMIISc Jakarta,https://sekolah.data.kemdikbud.go.id/index.php/Chome/profil/34C375AD-2584-4613-814F-960C69601343,Jl. Raya Condet Kav. 7 No 27 Rt 001/003 Batu Ampar Kec. Kramat Jati Kota Adm. Jakarta Timur Prov. D.K.I. Jakarta,,Kota Adm. Jakarta Timur,D.K.I. Jakarta
70013936,SMA SANTA VERONIKA,https://sekolah.data.kemdikbud.go.id/index.php/Chome/profil/7CB91B95-C4B0-4755-BD83-960E074894FF,"JL. PASTORAN PALAS, RUMBAI - PEKANBARU Palas Kec. Rumbai Kota Pekanbaru Prov. Riau",,Kota Pekanbaru,Riau
69889120,SMA SWASTA MAARIF,https://sekolah.data.kemdikbud.go.id/index.php/Chome/profil/B80C30EC-C933-4483-A973-9611A9934483,PASAR SORKAM KECAMATAN SORKAM BARAT Pasar Sorkam Kec. Sorkam Barat Kab. Tapanuli Tengah Prov. Sumatera Utara,Kab. Tapanuli Tengah,,Sumatera Utara
20107308,SMAS KARTIKA X-1,https://sekolah.data.kemdikbud.go.id/index.php/Chome/profil/CF65BFC9-CABB-4ACC-82FD-96190238FA47,JL. RAYA KODAM BINTARO NO. 53 Pesanggrahan Kec. Pesanggrahan Kota Adm. Jakarta Selatan Prov. D.K.I. Jakarta,,Kota Adm. Jakarta Selatan,D.K.I. Jakarta
20402811,SMA NEGERI 1 SAMIGALUH,https://sekolah.data.kemdikbud.go.id/index.php/Chome/profil/845CB774-DD6E-4C98-88A3-961A0EA9719D,TANJUNG Ngargosari Kec. Samigaluh Kab. Kulon Progo Prov. D.I. Yogyakarta,Kab. Kulon Progo,,D.I. Yogyakarta
69773522,SMAN 1 KETAMBE,https://sekolah.data.kemdikbud.go.id/index.php/Chome/profil/60F8B3BC-4638-41BF-9478-961C2B970125,Jl. Kutacane - Blang Kejeren Leuser Kec. Ketambe Kab. Aceh Tenggara Prov. Aceh,Kab. Aceh Tenggara,,Aceh
10210714,SMAS HANG KESTURI,https://sekolah.data.kemdikbud.go.id/index.php/Chome/profil/DFDAFA5E-973C-451E-B98E-961F653C1BF0,JL. SUTOMO NO. 144 A MEDAN M E S J I D Kec. Medan Kota Kota Medan Prov. Sumatera Utara,,Kota Medan,Sumatera Utara
69867954,SMAS ISLAM AL - FALAH,https://sekolah.data.kemdikbud.go.id/index.php/Chome/profil/EE6B9776-029D-4BC6-A8C0-96240445B69D,Jl. Desa Bringin Tambelangan Beringin Kec. Tambelangan Kab. Sampang Prov. Jawa Timur,Kab. Sampang,,Jawa Timur
10100571,SMAN 1 GEUMPANG,https://sekolah.data.kemdikbud.go.id/index.php/Chome/profil/E7584F18-13EF-4DB6-9203-96243800096D,DESA BANGKEH Bangkeh Kec. Geumpang Kab. Pidie Prov. Aceh,Kab. Pidie,,Aceh
20615874,SMAS AL HUSNA TIGARAKSA,https://sekolah.data.kemdikbud.go.id/index.php/Chome/profil/0F488D86-3450-417D-9284-96286AFFE547,JL. KH. ABDUL WAHID NO 5 Kadu Agung Kec. Tiga raksa Kab. Tangerang Prov. Banten,Kab. Tangerang,,Banten
20607501,SMAN 14 Tangerang,https://sekolah.data.kemdikbud.go.id/index.php/Chome/profil/BD36A606-594E-4485-84E5-962B90272878,"Jl. Pembangunan I, Darussalam II Batusari Kec. Batuceper Kota Tangerang Prov. Banten",,Kota Tangerang,Banten
10302018,SMAN 2 BATANG KAPAS,https://sekolah.data.kemdikbud.go.id/index.php/Chome/profil/62DEC52C-EF76-4C1F-A751-962C24769136,JL. TUIK IV KOTO MUDIEK TUIK IV KOTO MUDIEK Kec. Batang Kapas Kab. Pesisir Selatan Prov. Sumatera Barat,Kab. Pesisir Selatan,,Sumatera Barat
10645053,SMAS SATRIA NUSANTARA,https://sekolah.data.kemdikbud.go.id/index.php/Chome/profil/2C10942A-285B-4B20-8334-962FF961E7C7,JL. PALEMBANG JAMBI KM 67.5 Betung Kec. Betung Kab. Banyuasin Prov. Sumatera Selatan,Kab. Banyuasin,,Sumatera Selatan
10220599,SMAN 1 SILAHISABUNGAN,https://sekolah.data.kemdikbud.go.id/index.php/Chome/profil/E4616454-9AF9-4F31-818A-9630BC34037A,JL. PINGGAN MATIO Silalahi I Kec. Silahi Sabungan Kab. Dairi Prov. Sumatera Utara,Kab. Dairi,,Sumatera Utara
20541242,SMA NEGERI 1 SUMBERREJO BOJONEGORO,https://sekolah.data.kemdikbud.go.id/index.php/Chome/profil/0694CC3B-787C-49DF-B395-9633A9CEF638,JL. RAYA SUMBEREJO NO. 131 Talun Kec. Sumberrejo Kab. Bojonegoro Prov. Jawa Timur,Kab. Bojonegoro,,Jawa Timur
69822750,SMAN 1 SIDOAN,https://sekolah.data.kemdikbud.go.id/index.php/Chome/profil/1D501CA2-30FB-4BF2-81E5-96363113FE91,Jln. Trans Sulawesi No.65 Muara Jaya Kec. Sidoan Kab. Parigi Moutong Prov. Sulawesi Tengah,Kab. Parigi Moutong,,Sulawesi Tengah
30200290,SMA NEGERI 1 DADAHUP,https://sekolah.data.kemdikbud.go.id/index.php/Chome/profil/CF69ECD9-87FE-40C1-8B2C-9636758E0B2F,JL. NUGROHO NOTOSUSANTO NO. 02 KEC. DADA... Dadahup Kec. Dadahup Kab. Kapuas Prov. Kalimantan Tengah,Kab. Kapuas,,Kalimantan Tengah
10207068,SMA NEGERI 1 BARUMUN TENGAH,https://sekolah.data.kemdikbud.go.id/index.php/Chome/profil/CE934B92-44DD-4DE5-9A8C-96368A6D0F89,JL. KH DEWANTARA NO. 15 BINANGA Siolip Kec. Barumun Tengah Kab. Padang Lawas Prov. Sumatera Utara,Kab. Padang Lawas,,Sumatera Utara
10303464,SMAS PERTI PPMTI PADANG,https://sekolah.data.kemdikbud.go.id/index.php/Chome/profil/0FDE619A-6EE8-4ED3-92B6-9638F63A8DD6,JL. BANDAR PURUS NO.65 Padang Pasir Kec. Padang Barat Kota Padang Prov. Sumatera Barat,,Kota Padang,Sumatera Barat
10646286,SMAN SELANGIT,https://sekolah.data.kemdikbud.go.id/index.php/Chome/profil/29A4897A-C03E-4CFB-A43F-963D4B7A3B23,JL. LINTAS SUMATERA KM 21 Lubuk Ngin Kec. Selangit Kab. Musi Rawas Prov. Sumatera Selatan,Kab. Musi Rawas,,Sumatera Selatan
10303904,SMAN 1 PAYAKUMBUH,https://sekolah.data.kemdikbud.go.id/index.php/Chome/profil/8212D1C2-3FEF-4CC7-BD67-964184A76DAB,JL. MERAPI NO. 4 TIAKAR TIAKAR Kec. Payakumbuh Timur Kota Payakumbuh Prov. Sumatera Barat,,Kota Payakumbuh,Sumatera Barat
70026893,SMA ISLAM AS-SALAM,https://sekolah.data.kemdikbud.go.id/index.php/Chome/profil/C37F3B7D-1D68-48D7-8E29-964E1832780E,Jl. Lintas Sumatera Muaro Lingge Jorong ... TIMBULUN Kec. Tanjung Gadang Kab. Sijunjung Prov. Sumatera Barat,Kab. Sijunjung,,Sumatera Barat
69942149,SMA ISLAM TERPADU INSANI,https://sekolah.data.kemdikbud.go.id/index.php/Chome/profil/E20AD0C6-DE16-4FDC-9EA3-9651C04D6608,Jl. Karamat No. 55 Karamat Kec. Gunung Puyuh Kota Sukabumi Prov. Jawa Barat,,Kota Sukabumi,Jawa Barat
10801956,SMAS MAARIF 05 PADANG RATU,https://sekolah.data.kemdikbud.go.id/index.php/Chome/profil/B481589D-3AB3-4A88-88FB-96545B4C795A,JL. KH. Wahid Hasyim Surabaya Kecamatan ... Surabaya Kec. Padang Ratu Kab. Lampung Tengah Prov. Lampung,Kab. Lampung Tengah,,Lampung
20329864,SMAS NAHDLATUL ULAMA,https://sekolah.data.kemdikbud.go.id/index.php/Chome/profil/87684464-04AE-4426-86A6-96589FB70992,JL. DR. WAHIDIN SUDIROHUSODO NO. 4 Pesurungan Kidul Kec. Tegal Barat Kota Tegal Prov. Jawa Tengah,,Kota Tegal,Jawa Tengah
20532370,SMAS DAPENA 1 SURABAYA,https://sekolah.data.kemdikbud.go.id/index.php/Chome/profil/5E9C8F74-BAE9-4AAF-AB41-965AAFFFA4DD,JL. SUMATERA 112-114 Gubeng Kec. Gubeng Kota Surabaya Prov. Jawa Timur,,Kota Surabaya,Jawa Timur
69934728,SMA PLUS ASSYIFA,https://sekolah.data.kemdikbud.go.id/index.php/Chome/profil/B5CBDCBB-0F48-4F40-8CF6-965F8F60796B,Kp. Situpari RT 01 RW 03 Cibeber Kec. Cikalong Kab. Tasikmalaya Prov. Jawa Barat,Kab. Tasikmalaya,,Jawa Barat
40100901,SMAS KRISTEN TONDANO,https://sekolah.data.kemdikbud.go.id/index.php/Chome/profil/28E21C52-1B7B-4953-A30A-966BD2E4F036,JL. WALANDA MARIS NO. 149 KATINGGOLAN Kec. Tondano Timur Kab. Minahasa Prov. Sulawesi Utara,Kab. Minahasa,,Sulawesi Utara
10701823,SMA NEGERI 4 KAUR,https://sekolah.data.kemdikbud.go.id/index.php/Chome/profil/98E11B3E-3507-41B0-9B7F-966E97E21806,JL. SIMPANG TIGA PD. GUCI SIMPANG TIGA Kec. Kaur Utara Kab. Kaur Prov. Bengkulu,Kab. Kaur,,Bengkulu
30304282,SMAN 11 BANJARMASIN,https://sekolah.data.kemdikbud.go.id/index.php/Chome/profil/35F124E1-F9B0-4AFD-B9CC-966FB7FC5EDC,JL. AMD SEI. ANDAI NO. 8 SUNGAI ANDAI Kec. Banjarmasin Utara Kota Banjarmasin Prov. Kalimantan Selatan,,Kota Banjarmasin,Kalimantan Selatan
10643748,SMAS TUNAS BAKTI,https://sekolah.data.kemdikbud.go.id/index.php/Chome/profil/CFB3CF82-AA4E-4BA1-BD7E-9673624E748C,JL.BARU NO. 218 KEL. SUKARAJA Suka Raja Kec. Prabumulih Selatan Kota Prabumulih Prov. Sumatera Selatan,,Kota Prabumulih,Sumatera Selatan
10102514,SMA NEGERI 1 SUNGAI MAS,https://sekolah.data.kemdikbud.go.id/index.php/Chome/profil/13DEE9E3-4D85-46F4-AA5E-967C54FDE11D,JL. Meulaboh - Tutut Km.62 Geudong Kec. Sungai Mas Kab. Aceh Barat Prov. Aceh,Kab. Aceh Barat,,Aceh
69758976,SMAN 1 BOLANGITANG TIMUR,https://sekolah.data.kemdikbud.go.id/index.php/Chome/profil/DB574AB4-EF59-4081-B9E4-968380BA72C8,Jalan Desa Bohabak III Bohabak Iii Kec. Bolaang Itang Timur Kab. Bolaang Mongondow Utara Prov. Sulawesi Utara,Kab. Bolaang Mongondow Utara,,Sulawesi Utara
10219163,SMA SWASTA RK SERDANG MURNI,https://sekolah.data.kemdikbud.go.id/index.php/Chome/profil/B8AA1366-8E50-4C52-A483-9686BB5224DA,JL. P. SIANTAR NO. 146  Lubuk Pakam Cemara Kec. Lubuk Pakam Kab. Deli Serdang Prov. Sumatera Utara,Kab. Deli Serdang,,Sumatera Utara
40301037,SMAN 5 GOWA,https://sekolah.data.kemdikbud.go.id/index.php/Chome/profil/1D4F558B-A992-4E50-958C-969053269227,JL.POROS MAKASSAR-MALINO KM62 TINGGIMONC... Parigi Kec. Tinggi Moncong Kab. Gowa Prov. Sulawesi Selatan,Kab. Gowa,,Sulawesi Selatan
10643911,SMAN 6 PRABUMULIH,https://sekolah.data.kemdikbud.go.id/index.php/Chome/profil/47CFFB23-DDB6-4A64-8647-96A0A4539C0B,JL. Pipa Modong Cambai Kec. Cambai Kota Prabumulih Prov. Sumatera Selatan,,Kota Prabumulih,Sumatera Selatan
30401710,SMA NEGERI 2 TARAKAN,https://sekolah.data.kemdikbud.go.id/index.php/Chome/profil/087E2744-5D92-494E-9854-96A28DA95DF3,JL. GUNUNG KERINCI Kampung Enam Kec. Tarakan Timur Kota Tarakan Prov. Kalimantan Utara,,Kota Tarakan,Kalimantan Utara
20503438,SMA PGRI PERAK,https://sekolah.data.kemdikbud.go.id/index.php/Chome/profil/45C38EF1-223B-4E89-BBE5-96A2D7B0C5F5,JL. RAYA PERAK Sembung Kec. Perak Kab. Jombang Prov. Jawa Timur,Kab. Jombang,,Jawa Timur
69883572,SMA PRATAMA BATANGASE,https://sekolah.data.kemdikbud.go.id/index.php/Chome/profil/5CF46E55-D1E0-438A-9B70-96A526D6EE5F,JL. SISWA -PELAJAR NO.5 Bontoa Kec. Mandai Kab. Maros Prov. Sulawesi Selatan,Kab. Maros,,Sulawesi Selatan
20101307,SMAS 2 KEMURNIAN,https://sekolah.data.kemdikbud.go.id/index.php/Chome/profil/1DA9FB9F-8B17-4AD3-9761-96A5A2737723,PERUM GREEN VILLE BLOK Q/209 Duri Kepa Kec. Kebon Jeruk Kota Adm. Jakarta Barat Prov. D.K.I. Jakarta,,Kota Adm. Jakarta Barat,D.K.I. Jakarta
69981952,SMA IT BINA ILMI PALEMBANG,https://sekolah.data.kemdikbud.go.id/index.php/Chome/profil/6DA1CB5A-EBB4-49DE-9E55-96AE99F4F21C,Jl. Letjend Alamsyah Ratu Prawira Negara... Bukit Baru Kec. Ilir Barat I Kota Palembang Prov. Sumatera Selatan,,Kota Palembang,Sumatera Selatan
20306806,SMA NEGERI 2 WONOSOBO,https://sekolah.data.kemdikbud.go.id/index.php/Chome/profil/11FBCBE2-E985-44C6-9F90-96AF130FDC07,JL. BANYUMAS KM. 5 WONOSOBO Kalierang Kec. Selomerto Kab. Wonosobo Prov. Jawa Tengah,Kab. Wonosobo,,Jawa Tengah
20536280,SMAS SUNAN GIRI PROBOLINGGO,https://sekolah.data.kemdikbud.go.id/index.php/Chome/profil/D037001F-CDF3-4952-AFFC-96BCD12E94D5,JL.PROF. DR. HAMKA NO. 54 A Kademangan -... Kademangan Kec. Kademangan Kota Probolinggo Prov. Jawa Timur,,Kota Probolinggo,Jawa Timur
69919741,SMA BIP MALANGBONG,https://sekolah.data.kemdikbud.go.id/index.php/Chome/profil/BE908FF2-EBAA-4D73-9171-96BCD2AFBD62,Jl. Barudua RT 01/01 Barudua Kec. Malangbong Kab. Garut Prov. Jawa Barat,Kab. Garut,,Jawa Barat
50203693,SMAS TRI DHARMA KOSGORO DOMPU,https://sekolah.data.kemdikbud.go.id/index.php/Chome/profil/D93D6249-BA7C-4E24-87F2-96BDE46D3669,JL. UDANG Bali Kec. Dompu Kab. Dompu Prov. Nusa Tenggara Barat,Kab. Dompu,,Nusa Tenggara Barat
10220227,SMA SWASTA YAPIM SEI GLUGUR,https://sekolah.data.kemdikbud.go.id/index.php/Chome/profil/3C3544D2-539F-480A-8C23-96BF3CA96A8B,Jl. Gelugur Rimbun Sei Gelugur Kec. Pancur Batu Kab. Deli Serdang Prov. Sumatera Utara,Kab. Deli Serdang,,Sumatera Utara
60201665,SMA NEGERI 17 HALMAHERA SELATAN,https://sekolah.data.kemdikbud.go.id/index.php/Chome/profil/3E6F2CA2-C34E-49FA-9EB6-96D054907A02,Jl. Sis Aljufri - Desa Wayaua Wayaua Kec. Bacan Timur Selatan Kab. Halmahera Selatan Prov. Maluku Utara,Kab. Halmahera Selatan,,Maluku Utara
69945082,SMA ISLAM ANDALAS,https://sekolah.data.kemdikbud.go.id/index.php/Chome/profil/0350C296-7348-40AD-9A96-96D0E0F5A62A,Jl. Walikota Gatot RT. 01 RW. 06 Kanigaran Kec. Kanigaran Kota Probolinggo Prov. Jawa Timur,,Kota Probolinggo,Jawa Timur
20326490,SMA NEGERI 1 BUMIAYU,https://sekolah.data.kemdikbud.go.id/index.php/Chome/profil/F56C86A1-D4AE-4384-8339-96D629451F5A,JL. P. DIPONEGORO NO. 2 BUMIAYU Bumiayu Kec. Bumiayu Kab. Brebes Prov. Jawa Tengah,Kab. Brebes,,Jawa Tengah
40101745,SMAN 1 NANUSA,https://sekolah.data.kemdikbud.go.id/index.php/Chome/profil/504C19FD-3CFB-4193-A5C2-96D85930140C,Jln. Taloara Desa Karatung Kec. Nanusa Karatung Kec. Nanusa Kab. Kepulauan Talaud Prov. Sulawesi Utara,Kab. Kepulauan Talaud,,Sulawesi Utara
10212248,SMAN 8 PADANG SIDEMPUAN,https://sekolah.data.kemdikbud.go.id/index.php/Chome/profil/7C4DEE58-87E3-4A79-A25B-96D88FD4D739,JL. PERKEBUNAN PIJORKOLING Perkebunan P Koling Kec. Padang Sidimpuan Tenggara Kota Padang Sidempuan Prov. Sumatera Utara,,Kota Padang Sidempuan,Sumatera Utara
40307219,SMAS BONERATE,https://sekolah.data.kemdikbud.go.id/index.php/Chome/profil/7FEDB61D-9B74-4947-81E2-96D99D65944B,JL. TERNATE LR. 238/ I MAKASSAR Melayu Baru Kec. Wajo Kota Makassar Prov. Sulawesi Selatan,,Kota Makassar,Sulawesi Selatan
10214106,SMAS BANDUNG PERCUT SEI TUAN,https://sekolah.data.kemdikbud.go.id/index.php/Chome/profil/8CB606BC-5EB0-4B29-98A1-96D9D871A480,JL. PENGABDIAN NO. 72 Bandar Setia Kec. Percut Sei Tuan Kab. Deli Serdang Prov. Sumatera Utara,Kab. Deli Serdang,,Sumatera Utara
70054204,SMA TARUNA KEPULAUAN RIAU,https://sekolah.data.kemdikbud.go.id/index.php/Chome/profil/36217798-AF92-42BD-A4C5-96DB98708350,Kavling Tiban Utara Patam Lestari Kec. Sekupang Kota Batam Prov. Kepulauan Riau,,Kota Batam,Kepulauan Riau
10800707,SMAN 1 NATAR,https://sekolah.data.kemdikbud.go.id/index.php/Chome/profil/C9283673-2572-42FF-B95F-96DD7C8FF98D,JL. DAHLIA  III NATAR Natar Kec. Natar Kab. Lampung Selatan Prov. Lampung,Kab. Lampung Selatan,,Lampung
20532150,SMAS KEMALA BHAYANGKARI 2,https://sekolah.data.kemdikbud.go.id/index.php/Chome/profil/41E387CA-78AF-4512-B4BE-96E4F39A1E90,Jalan Gresik No. 39 Morokrembangan Kec. Krembangan Kota Surabaya Prov. Jawa Timur,,Kota Surabaya,Jawa Timur
10807016,SMA S XAVERIUS BANDAR LAMPUNG,https://sekolah.data.kemdikbud.go.id/index.php/Chome/profil/C618DAAA-6428-4BB8-99A8-96E6756A8531,JL. CENDANA NO. 31 RAWA LAUT Rawa Laut Kec. Enggal Kota Bandar Lampung Prov. Lampung,,Kota Bandar Lampung,Lampung
40203510,SMAS PGRI 2 PALU,https://sekolah.data.kemdikbud.go.id/index.php/Chome/profil/71579AB2-84CF-4E6F-BBA3-96E94B963669,JL MOKOLEMBAKE NO. 3 Lere Kec. Palu Barat Kota Palu Prov. Sulawesi Tengah,,Kota Palu,Sulawesi Tengah
70054788,SMA ISLAM BAITUL QURRO,https://sekolah.data.kemdikbud.go.id/index.php/Chome/profil/3F120325-AD1E-4059-ADB2-96EBB3117BBF,Jln. Jurusan Wakul Pagutan Jago Kec. Praya Kab. Lombok Tengah Prov. Nusa Tenggara Barat,Kab. Lombok Tengah,,Nusa Tenggara Barat
20601871,SMAN 3 RANGKASBITUNG,https://sekolah.data.kemdikbud.go.id/index.php/Chome/profil/EB3E1D2D-DF25-432C-B84F-96F1454AE001,Jl. Letnan Muharam No. 5 Rangkasbitung Muara Ciujung Barat Kec. Rangkasbitung Kab. Lebak Prov. Banten,Kab. Lebak,,Banten
69899172,SMA NEGERI 1 LAHEWA TIMUR,https://sekolah.data.kemdikbud.go.id/index.php/Chome/profil/2432E45B-9D0D-4114-BD21-96F69BAEEAA6,TUGALA LAURU Tugala Lauru Kec. Lahewa Timur Kab. Nias Utara Prov. Sumatera Utara,Kab. Nias Utara,,Sumatera Utara
20313070,SMAS MUHAMMADIYAH 3 MASARAN SRAGEN,https://sekolah.data.kemdikbud.go.id/index.php/Chome/profil/E192A855-0366-4C53-ABBC-970163DF6E08,JL. RAYA MASARAN SRAGEN Jati Kec. Masaran Kab. Sragen Prov. Jawa Tengah,Kab. Sragen,,Jawa Tengah
69855672,SMA ISLAM AL FATH,https://sekolah.data.kemdikbud.go.id/index.php/Chome/profil/A4AAA083-327D-491F-82BD-9703678E9D2C,JALAN KI HAJAR DEWANTARA  RT 002 RW 04 5... Tlogopayung Kec. Plantungan Kab. Kendal Prov. Jawa Tengah,Kab. Kendal,,Jawa Tengah
20601881,SMAN 1 BAYAH,https://sekolah.data.kemdikbud.go.id/index.php/Chome/profil/496B03A7-6E07-49DD-9B1A-9709C7223B91,"JL. RAYA MALINGPING KM. 2,5 BAYAH Bayah Barat Kec. Bayah Kab. Lebak Prov. Banten",Kab. Lebak,,Banten
30105208,SMAS YPK PONTIANAK,https://sekolah.data.kemdikbud.go.id/index.php/Chome/profil/780FAF46-5750-4D19-BDB3-970FAD01EFEE,JL. P TENDEAN Benua Melayu Darat Kec. Pontianak Selatan Kota Pontianak Prov. Kalimantan Barat,,Kota Pontianak,Kalimantan Barat
70041333,SMA NEGERI V WONDAMA,https://sekolah.data.kemdikbud.go.id/index.php/Chome/profil/D25377AC-E1BB-4850-A67C-9710FE9451A6,KAMPUNG RADO Rado Kec. Wasior Kab. Teluk Wondama Prov. Papua Barat,Kab. Teluk Wondama,,Papua Barat
69755793,SMAN 19 LUWU UTARA,https://sekolah.data.kemdikbud.go.id/index.php/Chome/profil/552F9FAC-001A-4951-8202-9712B2AC7558,DESA SEPAKAT Sepakat Kec. Masamba Kab. Luwu Utara Prov. Sulawesi Selatan,Kab. Luwu Utara,,Sulawesi Selatan
69944240,SMA Negeri 5 Lamba Leda,https://sekolah.data.kemdikbud.go.id/index.php/Chome/profil/B8E23BAE-8E72-4552-A574-971406781A8B,Wae Rambung GOLO MUNGA BARAT Kec. Lamba Leda Kab. Manggarai Timur Prov. Nusa Tenggara Timur,Kab. Manggarai Timur,,Nusa Tenggara Timur
20220338,SMAN 9 BOGOR,https://sekolah.data.kemdikbud.go.id/index.php/Chome/profil/58B71D5C-5546-418B-8CB7-9715D8BA1765,JL. KARTINI NO. 1 Ciwaringin Kec. Kota Bogor Tengah Kota Bogor Prov. Jawa Barat,,Kota Bogor,Jawa Barat
10201991,SMA NEGERI 1 TIGAPANAH,https://sekolah.data.kemdikbud.go.id/index.php/Chome/profil/CFC37B11-73D0-469E-A517-971A803E0215,JL. Tigapanah No. 121 Mulawari Kec. Tigapanah Kab. Karo Prov. Sumatera Utara,Kab. Karo,,Sumatera Utara
69987474,SMA ISLAM TERPADU NURUL FIKRI BOARDING SCHOOL,https://sekolah.data.kemdikbud.go.id/index.php/Chome/profil/704239A8-9900-497B-B28B-971B7D34A23D,Jl. Jami RT002/008  Ciapus Bogor Sukaluyu Kec. Tamansari Kab. Bogor Prov. Jawa Barat,Kab. Bogor,,Jawa Barat
10403243,SMAN 2 BANGKO,https://sekolah.data.kemdikbud.go.id/index.php/Chome/profil/B746E386-9412-4B04-8088-9724582C3D8B,JL. SMA BAGAN HULU Bagan Hulu Kec. Bangko Kab.  Rokan Hilir Prov. Riau,Kab.  Rokan Hilir,,Riau
69954004,SMAN 2 KUBU,https://sekolah.data.kemdikbud.go.id/index.php/Chome/profil/77457136-90D5-40EE-A5C3-9727C6A0D0E6,JL. SIMPANG LASA SUNGAI SEGAJAH Sungai Sigajah Kec. Kubu Kab.  Rokan Hilir Prov. Riau,Kab.  Rokan Hilir,,Riau
20503627,SMA DIPONEGORO,https://sekolah.data.kemdikbud.go.id/index.php/Chome/profil/DCBF47B0-D344-4F83-8390-97371AF58ABB,JL. REJOAGUNG NO.87 PLOSO Rejoagung Kec. Ploso Kab. Jombang Prov. Jawa Timur,Kab. Jombang,,Jawa Timur
20517791,SMAS DHARMA WANITA 3 PAGELARAN,https://sekolah.data.kemdikbud.go.id/index.php/Chome/profil/53B7A4B1-65AC-4F23-9CE2-973935F04D22,JL. JENDERAL SUDIRMAN 100 PAGELARAN Pagelaran Kec. Pagelaran Kab. Malang Prov. Jawa Timur,Kab. Malang,,Jawa Timur
20253399,SMAS MAARIF BANYURESMI,https://sekolah.data.kemdikbud.go.id/index.php/Chome/profil/D09965BE-F006-455F-93EA-973D4FED03B6,Kp. Teureup RT 01/06 Sukakarya Kec. Banyuresmi Kab. Garut Prov. Jawa Barat,Kab. Garut,,Jawa Barat
69864615,SMA NEGERI MAGEPANDA,https://sekolah.data.kemdikbud.go.id/index.php/Chome/profil/337804C6-3EB3-48B6-B92A-973F7D3FC4C7,MAGEPANDA Magepanda Kec. Magependa Kab. Sikka Prov. Nusa Tenggara Timur,Kab. Sikka,,Nusa Tenggara Timur
20532387,SMAS DR SOETOMO,https://sekolah.data.kemdikbud.go.id/index.php/Chome/profil/C45DD99E-F9C1-47A1-9815-97432621DF41,Jl. Manyar Rejo 1 No. 39 Menur Pumpungan Kec. Sukolilo Kota Surabaya Prov. Jawa Timur,,Kota Surabaya,Jawa Timur
10210837,SMAS UTAMA,https://sekolah.data.kemdikbud.go.id/index.php/Chome/profil/D9D9B568-0622-44F8-B795-9743472272DB,JL. SULUH NO. 80 A MEDAN Sidorejo Kec. Medan Tembung Kota Medan Prov. Sumatera Utara,,Kota Medan,Sumatera Utara
40404643,SMAN 1 AMONGGEDO,https://sekolah.data.kemdikbud.go.id/index.php/Chome/profil/408FD748-7EB8-4752-B373-9744BCF7A6A9,JL.POROS AMONGGEDO-MELUHU Amonggedo Kec. Amonggedo Kab. Konawe Prov. Sulawesi Tenggara,Kab. Konawe,,Sulawesi Tenggara
69896909,SMA ISLAM AL AZHAR 16,https://sekolah.data.kemdikbud.go.id/index.php/Chome/profil/BBA24E00-BBF5-47E3-829C-974E12752783,Jl. RM Hadi Soebeno S Komplek BSB Kedungpani Kec. Mijen Kota Semarang Prov. Jawa Tengah,,Kota Semarang,Jawa Tengah
11002183,SMAS ANANDA,https://sekolah.data.kemdikbud.go.id/index.php/Chome/profil/C2DA09DF-5A9E-41FC-8395-974E722F98BA,"JL. RADEN PATAH BALOI BLOK III, LUBUK BA... Lubuk Baja Kota Kec. Lubuk Baja Kota Batam Prov. Kepulauan Riau",,Kota Batam,Kepulauan Riau
70025461,SMA Islam Insan Madani,https://sekolah.data.kemdikbud.go.id/index.php/Chome/profil/9565F0F9-A25D-4F7C-8DAB-974F83D48E9A,Jalan Sungai Gampa RT. 21 Sungai Jingah Kec. Banjarmasin Utara Kota Banjarmasin Prov. Kalimantan Selatan,,Kota Banjarmasin,Kalimantan Selatan
30201449,SMAS PGRI-1 SAMPIT,https://sekolah.data.kemdikbud.go.id/index.php/Chome/profil/4B98979A-9725-4923-939F-9761081BDAB0,"JL. JENDRAL SUDIRMAN  KM.1,5 SAMPIT Mentawa Baru Hulu Kec. Mentawa Baru Ketapang Kab. Kotawaringin Timur Prov. Kalimantan Tengah",Kab. Kotawaringin Timur,,Kalimantan Tengah
10100185,SMA NEGERI 1 DARUL IMARAH,https://sekolah.data.kemdikbud.go.id/index.php/Chome/profil/41A4983D-02FF-4195-853E-97625EDD64B1,Jl. Soekarno - Hatta KM.3 Lampeuneurut Gampong Kec. Darul Imarah Kab. Aceh Besar Prov. Aceh,Kab. Aceh Besar,,Aceh
10645021,SMAS SANDIKA SUKAJADI,https://sekolah.data.kemdikbud.go.id/index.php/Chome/profil/6480F820-9406-48EB-AB6A-976830D1BA46,"JL.RAYA PALEMBANG - BETUNG KM.14,5 Sukajadi Kec. Talang Kelapa Kab. Banyuasin Prov. Sumatera Selatan",Kab. Banyuasin,,Sumatera Selatan
40401533,SMAN 1 KOLAKA,https://sekolah.data.kemdikbud.go.id/index.php/Chome/profil/613C49F5-C8F4-432C-B893-976ACF43B733,JL. PENDIDIKAN NO. 45 LALOEHA Kec. Kolaka Kab. Kolaka Prov. Sulawesi Tenggara,Kab. Kolaka,,Sulawesi Tenggara
40206524,SMAN 1 LABOBO,https://sekolah.data.kemdikbud.go.id/index.php/Chome/profil/8A0337CF-CF36-4C2E-99BF-97703C8A752D,Jln Bubung No. 01 Lipulalongo KP. 94792 Lipulalongo KEC. LABOBO Kab. Banggai Laut Prov. Sulawesi Tengah,Kab. Banggai Laut,,Sulawesi Tengah
69946189,SMA MUHAMMADIYAH 10 GKB GRESIK,https://sekolah.data.kemdikbud.go.id/index.php/Chome/profil/F7A65E98-1EB6-4EC3-A059-977111A708B1,Jl. Raya Mutiara No. 95 Perum PPS GSK Suci Kec. Manyar Kab. Gresik Prov. Jawa Timur,Kab. Gresik,,Jawa Timur
69787117,SMAS BINA PUTRA,https://sekolah.data.kemdikbud.go.id/index.php/Chome/profil/DC12489C-BC52-442C-AEED-97725E023748,JL. GATOT SUBROTO KEDAUNG BARAT Kedaung Barat Kec. Sepatan Timur Kab. Tangerang Prov. Banten,Kab. Tangerang,,Banten
69831956,SMA IT INSAN CENDEKIA,https://sekolah.data.kemdikbud.go.id/index.php/Chome/profil/1F90F620-F733-4A8B-A48A-97749FDF3037,Jl.RA.Kartini Padang Kaduduk TIGO KOTO DIATE Kec. Payakumbuh Utara Kota Payakumbuh Prov. Sumatera Barat,,Kota Payakumbuh,Sumatera Barat
20320383,SMA NEGERI 1 PABELAN,https://sekolah.data.kemdikbud.go.id/index.php/Chome/profil/B7DFAA93-4ADE-45EB-9CCD-9779191EFCCB,DESA SEMOWO KEC. PABELAN Semowo Kec. Pabelan Kab. Semarang Prov. Jawa Tengah,Kab. Semarang,,Jawa Tengah
20500454,SMAS NUSANTARA BALONGPANGGANG,https://sekolah.data.kemdikbud.go.id/index.php/Chome/profil/E008CE0F-1F2B-4AE2-B30E-97843BDC8994,JL. BRAWIJAYA  NO. 01 KEDUNGPRING BALONG... Kedungpring Kec. Balong Panggang Kab. Gresik Prov. Jawa Timur,Kab. Gresik,,Jawa Timur
69971485,SMAS TECHNOSA,https://sekolah.data.kemdikbud.go.id/index.php/Chome/profil/432D1B76-B26F-422E-AEEC-978ECEBC1985,Jl Pondok Jagung No.67 Pondok Jagung Timur Kec. Serpong Utara Kota Tangerang Selatan Prov. Banten,,Kota Tangerang Selatan,Banten
70001504,SMA AQL ISLAMIC SCHOOL,https://sekolah.data.kemdikbud.go.id/index.php/Chome/profil/FFC41572-5642-439B-96CF-978ED3EBB613,Jl. Irigasi Kampung Rawei Blok Perum ASA... Sukasirna Kec. Jonggol Kab. Bogor Prov. Jawa Barat,Kab. Bogor,,Jawa Barat
20517821,SMAS PGRI KEPANJEN,https://sekolah.data.kemdikbud.go.id/index.php/Chome/profil/73D208BB-52D5-4097-9488-9792044DD934,JL. ADI WALUYO NO. 30 KEPANJEN Ardirejo Kec. Kepanjen Kab. Malang Prov. Jawa Timur,Kab. Malang,,Jawa Timur
70055434,Sekolah Rakyat Menengah Atas 20 Sleman,https://sekolah.data.kemdikbud.go.id/index.php/Chome/profil/23DAD2DF-A817-4E2D-9D79-9792A1A9FDF8,"Jl. Karang Mojo, Bromonilan, Purwomartan... Purwo Martani Kec. Kalasan Kab. Sleman Prov. D.I. Yogyakarta",Kab. Sleman,,D.I. Yogyakarta
20501860,SMAS KATOLIK UNTUNG SUROPATI KRIAN,https://sekolah.data.kemdikbud.go.id/index.php/Chome/profil/E3E2A2D7-D98D-4283-9AD6-9795F1D465B7,JL. KI HAJAR DEWANTARA 175 KRIAN Katerungan Kec. Krian Kab. Sidoarjo Prov. Jawa Timur,Kab. Sidoarjo,,Jawa Timur
70055438,Sekolah Rakyat Menengah Atas 24 Kediri,https://sekolah.data.kemdikbud.go.id/index.php/Chome/profil/DB38FC6E-2616-41AF-BF6F-979A187E4F21,"Gang 2, Bulusari Utara, Bulusari, Kec. T... Bulusari Kec. Tarokan Kab. Kediri Prov. Jawa Timur",Kab. Kediri,,Jawa Timur
40312502,SMAN 8 JENEPONTO,https://sekolah.data.kemdikbud.go.id/index.php/Chome/profil/C147D4FC-057D-4BA1-A942-97A08327C7C6,JL. LABUANGBAJI MATTOANGING Langkura Kec. Turatea Kab. Jeneponto Prov. Sulawesi Selatan,Kab. Jeneponto,,Sulawesi Selatan
20326498,SMA AN-NURIYYAH BUMIAYU,https://sekolah.data.kemdikbud.go.id/index.php/Chome/profil/6CE627F4-D8B1-4AB3-B18A-97A2DEBBD8B3,JL. Bandung No 55 Bumiayu Bumiayu Kec. Bumiayu Kab. Brebes Prov. Jawa Tengah,Kab. Brebes,,Jawa Tengah
20101318,SMAS PROVIDENTIA,https://sekolah.data.kemdikbud.go.id/index.php/Chome/profil/0DD5328D-2D2A-4FEB-9AF6-97A7A5855679,JL. KEDOYA RAYA NO. 35 Kedoya Utara Kec. Kebon Jeruk Kota Adm. Jakarta Barat Prov. D.K.I. Jakarta,,Kota Adm. Jakarta Barat,D.K.I. Jakarta
69933462,SMA ISLAM PLUS AL-BAYAN WIRADESA,https://sekolah.data.kemdikbud.go.id/index.php/Chome/profil/58CA6DD4-1412-4337-BE0D-97ABDC4CCCFB,Jl. Raya Bener No. 16 Kecamatan Wiradesa Bener Kec. Wiradesa Kab. Pekalongan Prov. Jawa Tengah,Kab. Pekalongan,,Jawa Tengah
69895683,SMA Terpadu Darul Muta`allimin,https://sekolah.data.kemdikbud.go.id/index.php/Chome/profil/820DCEAF-563B-49CE-B9E0-97AD0A89F96F,Jl. Bantarsari Lewosari Bantarsari Kec. Bungursari Kota Tasikmalaya Prov. Jawa Barat,,Kota Tasikmalaya,Jawa Barat
69962280,SMA NEGERI 1 TANJUNGSARI,https://sekolah.data.kemdikbud.go.id/index.php/Chome/profil/C9AFE91E-10D0-43AD-8730-97B2901D82AB,Jalan Antajaya No.09 Antajaya Kec.Tanjun... Antajaya Kec. Tanjung Sari Kab. Bogor Prov. Jawa Barat,Kab. Bogor,,Jawa Barat
69786242,SMAN 2 NUHON,https://sekolah.data.kemdikbud.go.id/index.php/Chome/profil/C9EFF93A-2D76-4EF1-B622-97BD3C440C53,Desa Saiti Saiti Kec. Nuhon Kab. Banggai Prov. Sulawesi Tengah,Kab. Banggai,,Sulawesi Tengah
20202317,SMAN 1 CIBADAK,https://sekolah.data.kemdikbud.go.id/index.php/Chome/profil/C5FF6DE6-D2CA-41A7-ADAD-97BD95565096,JL. PERINTIS KEMERDEKAAN 72 CIBADAK Cibadak Kec. Cibadak Kab. Sukabumi Prov. Jawa Barat,Kab. Sukabumi,,Jawa Barat
69822788,SMAN 2 AMABI OEFETO TIMUR,https://sekolah.data.kemdikbud.go.id/index.php/Chome/profil/253B0289-F9D9-4BAA-90B0-97C2EB9630BC,RT 15 RW 08 DUSUN IV NEFOTEAS Oenunutono Kec. Amabi Oefeto Timur Kab. Kupang Prov. Nusa Tenggara Timur,Kab. Kupang,,Nusa Tenggara Timur
69762702,SMAN WELAREK,https://sekolah.data.kemdikbud.go.id/index.php/Chome/profil/8EB96FA4-4EAD-4E90-9A4B-97D10425BDEC,DESA WELAREK Welarek Kec. Welarek Kab. Yalimo Prov. Papua Pegunungan,Kab. Yalimo,,Papua Pegunungan
69958780,SMA IT AT TAUFIQ AL ISLAMY,https://sekolah.data.kemdikbud.go.id/index.php/Chome/profil/947E64F0-4909-45BD-8FB6-97DAB3F0686F,JL. BATARA SINDANGGALIH NO.02 RT.02 RW.1... Kahuripan Kec. Tawang Kota Tasikmalaya Prov. Jawa Barat,,Kota Tasikmalaya,Jawa Barat
69757353,SMAN 1 SALAM BABARIS,https://sekolah.data.kemdikbud.go.id/index.php/Chome/profil/65D71448-070B-4360-9862-97DBC8F03E7B,JL.TRANSMIGASI UTARA NO. 212 Salam Babaris Kec. Salam Babaris Kab. Tapin Prov. Kalimantan Selatan,Kab. Tapin,,Kalimantan Selatan
60304904,SMA NEGERI POOM,https://sekolah.data.kemdikbud.go.id/index.php/Chome/profil/9BB3B2C4-A49B-4B03-9372-97DC50198653,JL. KAMPUNG HUMBE AWAI Humbe Awai Kec. Poom Kab. Kepulauan Yapen Prov. Papua,Kab. Kepulauan Yapen,,Papua
69967270,SMA IT DARUL ULUM KUMPAY,https://sekolah.data.kemdikbud.go.id/index.php/Chome/profil/38F63AAD-BED0-476A-875E-97E4102CE273,KUMPAY Kumpay Kec. Jalancagak Kab. Subang Prov. Jawa Barat,Kab. Subang,,Jawa Barat
70023502,SMA Swasta Thomas Alva Edison,https://sekolah.data.kemdikbud.go.id/index.php/Chome/profil/57717B94-B46E-42C9-8028-97E45B46A6D2,Jl. Pos dan Giro/ Jl. Denai No. 131 Tegal Sari Mandala Ii Kec. Medan Denai Kota Medan Prov. Sumatera Utara,,Kota Medan,Sumatera Utara
10214165,SMA SWASTA SINAR HARAPAN,https://sekolah.data.kemdikbud.go.id/index.php/Chome/profil/2BC38D8C-1259-47FB-9192-97ECC457EB55,JL. PANTAI LABU GG. BALI Sidodadi Ramunia Kec. Beringin Kab. Deli Serdang Prov. Sumatera Utara,Kab. Deli Serdang,,Sumatera Utara
20517798,SMAS AL MUNAWARIYYAH BULULAWANG,https://sekolah.data.kemdikbud.go.id/index.php/Chome/profil/2177F12C-A382-4F22-B7E6-97ED65F0E969,JL. RAYA SUDIMORO 09 BULULAWANG Sudimoro Kec. Bululawang Kab. Malang Prov. Jawa Timur,Kab. Malang,,Jawa Timur
70053718,SMA Negeri 65 Maluku Tengah,https://sekolah.data.kemdikbud.go.id/index.php/Chome/profil/465F74F5-2B6B-459B-800F-97EF69E49755,Jl. Raya Kalauli - Dusun Kalauli Kaitetu Kec. Leihitu Kab. Maluku Tengah Prov. Maluku,Kab. Maluku Tengah,,Maluku
20313048,SMA NEGERI 1 GEMOLONG,https://sekolah.data.kemdikbud.go.id/index.php/Chome/profil/7CA0B835-5560-454B-BF7B-97F0C9F5FB66,Jln. Tjitro Santjoko Gemolong Kabupaten ... Tegaldowo Kec. Gemolong Kab. Sragen Prov. Jawa Tengah,Kab. Sragen,,Jawa Tengah
40204433,SMA NEGERI 9 SIGI,https://sekolah.data.kemdikbud.go.id/index.php/Chome/profil/6FB0E1A9-29EC-46AA-8169-97F2A6DC6637,DESA PAKULI Pakuli Kec. Gumbasa Kab. Sigi Prov. Sulawesi Tengah,Kab. Sigi,,Sulawesi Tengah
20218378,SMAN 1 CIKARANG SELATAN,https://sekolah.data.kemdikbud.go.id/index.php/Chome/profil/F3A98AE4-BCF6-4C95-AE1C-97F4A79DDA9D,Jl. K.H. Raden Mamun Nawawi KM. 1 Sukaresmi Kec. Cikarang Selatan Kab. Bekasi Prov. Jawa Barat,Kab. Bekasi,,Jawa Barat
10204254,SMA SWASTA NUSANTARA LABUHANRUKU,https://sekolah.data.kemdikbud.go.id/index.php/Chome/profil/949678BA-5240-494B-AE1D-97F5AE5ED447,JL. BESAR KAYU ARA Pahang Kec. Talawi Kab. Batu Bara Prov. Sumatera Utara,Kab. Batu Bara,,Sumatera Utara
20401146,SMAN 1 GODEAN,https://sekolah.data.kemdikbud.go.id/index.php/Chome/profil/6337FCDE-2DF1-41F8-A415-97FD88286736,"Jl. Sidokarto No. 5, Godean, Sleman Sidokarto Kec. Godean Kab. Sleman Prov. D.I. Yogyakarta",Kab. Sleman,,D.I. Yogyakarta
40402619,SMAN 1 KENDARI,https://sekolah.data.kemdikbud.go.id/index.php/Chome/profil/CDA11D80-376D-4A40-80D9-9802FA5EBE13,JL. MAYJEN SOETOYO NO. 102 Watu-Watu Kec. Kendari Barat Kota Kendari Prov. Sulawesi Tenggara,,Kota Kendari,Sulawesi Tenggara
10104295,SMAS AL - WASHLIYAH,https://sekolah.data.kemdikbud.go.id/index.php/Chome/profil/887250D7-C16A-4B7E-8A55-980642B79CF4,"Jln. Letjend S. Parman No. 48, Kec. Kota... Sriwijaya Kec. Kualasimpang Kab. Aceh Tamiang Prov. Aceh",Kab. Aceh Tamiang,,Aceh
