kode,nama,link_profil,alamat,kabupaten,kota,provinsi
69786368,SMAS DWIMAS SEJATI,https://sekolah.data.kemdikbud.go.id/index.php/Chome/profil/71D046C9-CE1B-4652-8196-E3B961024BA6,PT. BNS Km. 12.5 Desa Rotan Semelur Pela... Rotan Semelur Kec. Pelangiran Kab. Indragiri Hilir Prov. Riau,Kab. Indragiri Hilir,,Riau
69944385,SMA PGRI KADUPANDAK,https://sekolah.data.kemdikbud.go.id/index.php/Chome/profil/AA52D35D-AB53-46D5-A0AC-E3BB5F5871C2,Kp. Wargasari Wargasari Kec. Kadupandak Kab. Cianjur Prov. Jawa Barat,Kab. Cianjur,,Jawa Barat
20603360,SMAN 8 KABUPATEN TANGERANG,https://sekolah.data.kemdikbud.go.id/index.php/Chome/profil/DDD29F35-5362-47AC-A63C-E3BCEA8D1A96,JL. SILIWANGI NO. 30 CISOKA Cisoka Kec. Cisoka Kab. Tangerang Prov. Banten,Kab. Tangerang,,Banten
70043933,SMAS MULYO BUDIONO ISLAMIC BOARDING SCHOOL,https://sekolah.data.kemdikbud.go.id/index.php/Chome/profil/A97E3EDA-DAB6-4EDB-A20E-E3BDE23A2811,"Jl. Batu Nirwana RT.06 RW.01, Kelurahan ... Semabung Lama Kec. Bukit Intan Kota Pangkal Pinang Prov. Kepulauan Bangka Belitung",,Kota Pangkal Pinang,Kepulauan Bangka Belitung
10501837,SMAN 7 TANJUNG JABUNG  BARAT,https://sekolah.data.kemdikbud.go.id/index.php/Chome/profil/9EEA0047-33CF-460B-8E48-E3C7B9BB34A3,JL. MERPATI NO.1 DESA DATARAN KEMPAS Dataran Kempas Kec. Tebing Tinggi Kab. Tanjung Jabung Barat Prov. Jambi,Kab. Tanjung Jabung Barat,,Jambi
20313050,SMAS BHAKTI PRAJA 3 KALIJAMBE,https://sekolah.data.kemdikbud.go.id/index.php/Chome/profil/E32F915A-D573-4393-A52B-E3CD8A99238B,JL. SOLO - PURWODADI KM. 15 Samberembe Kec. Kalijambe Kab. Sragen Prov. Jawa Tengah,Kab. Sragen,,Jawa Tengah
30108801,SMAN 2 SEKADAU,https://sekolah.data.kemdikbud.go.id/index.php/Chome/profil/D5EFAD57-56FE-4C4F-B033-E3D1E074B50C,"JL. SEBERANG KAPUAS, SEKADAU HILIR Seberang Kapuas Kec. Sekadau Hilir Kab. Sekadau Prov. Kalimantan Barat",Kab. Sekadau,,Kalimantan Barat
20202251,SMAN 1 WARUNG KIARA,https://sekolah.data.kemdikbud.go.id/index.php/Chome/profil/C7D8171A-897C-4DF0-B409-E3D323009169,JL. PELABUHAN RATU KM. 29 WARUNGKIARA Warungkiara Kec. Warung Kiara Kab. Sukabumi Prov. Jawa Barat,Kab. Sukabumi,,Jawa Barat
70048439,SMA TERPADU AL-MA ARIF,https://sekolah.data.kemdikbud.go.id/index.php/Chome/profil/F4D23950-B58D-4FDF-A2BB-E3D3A2E47EEE,Jl. Raya Kerehkel Kp. Bojong Tengah RT. ... Karehkel Kec. Leuwiliang Kab. Bogor Prov. Jawa Barat,Kab. Bogor,,Jawa Barat
30402381,SMAN 1 DAMAI,https://sekolah.data.kemdikbud.go.id/index.php/Chome/profil/307C592D-F1E8-4D58-A132-E3D45269ACB7,JL. TRANS KALIMANTAN RT.VI Jengan Danum Kec. Damai Kab. Kutai Barat Prov. Kalimantan Timur,Kab. Kutai Barat,,Kalimantan Timur
69945998,SMAN 4 SENGAH TEMILA,https://sekolah.data.kemdikbud.go.id/index.php/Chome/profil/66A4ABE5-1D0A-49EE-A921-E3DCA4D1EB25,JL. RAYA DUSUN SINGKUT BULUH Rabak Kec. Sengah Temila Kab. Landak Prov. Kalimantan Barat,Kab. Landak,,Kalimantan Barat
70010599,SMAIT PERMATA BUNDA,https://sekolah.data.kemdikbud.go.id/index.php/Chome/profil/F64EC83A-765F-428E-BBBD-E3E06423B91C,Jalan Pulau Singkep SUKARAME BARU Kec. Sukarame Kota Bandar Lampung Prov. Lampung,,Kota Bandar Lampung,Lampung
10405227,SMAS MUHAMMADIYAH BANGKO,https://sekolah.data.kemdikbud.go.id/index.php/Chome/profil/8192DA22-ED1D-4619-95F8-E3E440651B2A,JL. SGB Bagan Barat Kec. Bangko Kab.  Rokan Hilir Prov. Riau,Kab.  Rokan Hilir,,Riau
20103282,SMAN 22 JAKARTA,https://sekolah.data.kemdikbud.go.id/index.php/Chome/profil/CAE6D0CE-B5CC-47F5-BCEE-E3E5514AB1A0,"JL. Kramat Asem, Kec. Matraman, Jakarta ... Utan Kayu Selatan Kec. Matraman Kota Adm. Jakarta Timur Prov. D.K.I. Jakarta",,Kota Adm. Jakarta Timur,D.K.I. Jakarta
69831996,SMA NEGERI 1 AIR HITAM,https://sekolah.data.kemdikbud.go.id/index.php/Chome/profil/D23AFE4D-FD12-442D-8F82-E3E6ACA3BFA2,Jl. Raya Air Hitam pekon gunung terang Gunungterang Kec. Air Hitam Kab. Lampung Barat Prov. Lampung,Kab. Lampung Barat,,Lampung
20600466,SMAN 4 PANDEGLANG,https://sekolah.data.kemdikbud.go.id/index.php/Chome/profil/D4CB49B7-D582-475C-BDDD-E3EFEF06EF2A,JL. RAYA LABUAN KM. 29 - PANDEGLANG Alaswangi Kec. Menes Kab. Pandeglang Prov. Banten,Kab. Pandeglang,,Banten
20584065,SMA PGRI LARANGAN,https://sekolah.data.kemdikbud.go.id/index.php/Chome/profil/437203B4-671A-49DF-9C42-E3FECA1C772D,JL. RAYA SUMENEP KM 15 Montok Kec. Larangan Kab. Pamekasan Prov. Jawa Timur,Kab. Pamekasan,,Jawa Timur
30401051,SMA Negeri 5 Samarinda,https://sekolah.data.kemdikbud.go.id/index.php/Chome/profil/D823E9DF-6721-4242-A267-E4007B6D491C,Jl.Ir. H. Juanda No. 01 RT. 17 Air Putih Kec. Samarinda Ulu Kota Samarinda Prov. Kalimantan Timur,,Kota Samarinda,Kalimantan Timur
30405883,SMA NEGERI 3 MARANG KAYU,https://sekolah.data.kemdikbud.go.id/index.php/Chome/profil/7B34A053-2F7A-49A4-902D-E40C58C9FC48,JL. SAMARINDA - BONTANG KM 73 Perangat Selatan Kec. Marang Kayu Kab. Kutai Kartanegara Prov. Kalimantan Timur,Kab. Kutai Kartanegara,,Kalimantan Timur
70052595,SMA Swasta Hikmatul Fadhillah,https://sekolah.data.kemdikbud.go.id/index.php/Chome/profil/A8C3E25C-1194-427C-9EF5-E410ABB1A770,Jl. Jermal VII Gg. Murni XII Tegal Sari Mandala Ii Kec. Medan Denai Kota Medan Prov. Sumatera Utara,,Kota Medan,Sumatera Utara
20200671,SMAS RIYADLUL JANNAH,https://sekolah.data.kemdikbud.go.id/index.php/Chome/profil/B65A1E47-A13B-43C1-90E9-E410F212F30C,"JL. MADNUR BABAKAN CISEENG, KMP. BINONG Babakan Kec. Ciseeng Kab. Bogor Prov. Jawa Barat",Kab. Bogor,,Jawa Barat
10494840,SMA NEGERI 1 KAMPAR KIRI HULU,https://sekolah.data.kemdikbud.go.id/index.php/Chome/profil/A0695ABC-B6EE-4CE5-B783-E42206F8A798,Jl. HR. Soebrantas Gema Kec. Kampar Kiri Hulu Kab. Kampar Prov. Riau,Kab. Kampar,,Riau
10209422,SMAN 1 BANDAR KHALIPAH,https://sekolah.data.kemdikbud.go.id/index.php/Chome/profil/69778C93-5CED-4A2E-9601-E426C0C89400,JL. BESAR PAGURAWAN KEC. BANDAR KHALIPAH Bandar Tengah Kec. Bandar Khalifah Kab. Serdang Bedagai Prov. Sumatera Utara,Kab. Serdang Bedagai,,Sumatera Utara
40404279,SMA SWASTA TONTONUNU,https://sekolah.data.kemdikbud.go.id/index.php/Chome/profil/0F79A760-9B36-47A8-991A-E42926D8859D,TONTONUNU Tontonunu Kec. Tontonunu Kab. Bombana Prov. Sulawesi Tenggara,Kab. Bombana,,Sulawesi Tenggara
20613546,SMAS PGRI TELUKNAGA,https://sekolah.data.kemdikbud.go.id/index.php/Chome/profil/090A80C9-4A3A-4891-871B-E429E3ED01B7,JL. RAYA TELUKNAGA KM. 12 Kampung Melayu Barat Kec. Teluk naga Kab. Tangerang Prov. Banten,Kab. Tangerang,,Banten
30102527,SMAS SINAR KASIH SINTANG,https://sekolah.data.kemdikbud.go.id/index.php/Chome/profil/85648790-EF0C-4D9E-A30F-E42ADF6AE791,JL. AKCAYA II BLOK B NO. 3 SINTANG Tanjung Puri Kec. Sintang Kab. Sintang Prov. Kalimantan Barat,Kab. Sintang,,Kalimantan Barat
20322743,SMA NEGERI 1 BAWANG,https://sekolah.data.kemdikbud.go.id/index.php/Chome/profil/1BA999A8-F13E-4A93-B0F0-E430AAC30D5B,JL. JLAMPRANG Jlamprang Kec. Bawang Kab. Batang Prov. Jawa Tengah,Kab. Batang,,Jawa Tengah
70035676,SMA LOGOS,https://sekolah.data.kemdikbud.go.id/index.php/Chome/profil/6AE9C861-5B9A-4172-9B9D-E43C7133230A,Jl. Raya Bojonggede No. 53 Pabuaran Kec. Bojong Gede Kab. Bogor Prov. Jawa Barat,Kab. Bogor,,Jawa Barat
60102894,SMA Negeri 15 Seram Bagian Barat,https://sekolah.data.kemdikbud.go.id/index.php/Chome/profil/69077645-B23C-48DC-A2F6-E43DA828431C,Jl. Lintas Seram - Latu Latu Kec. Amalatu Kab. Seram Bagian Barat Prov. Maluku,Kab. Seram Bagian Barat,,Maluku
70039210,SMA ISLAM PLUS BAITUSSALAM KUNINGAN,https://sekolah.data.kemdikbud.go.id/index.php/Chome/profil/89297E7D-7DF7-4B42-8C70-E44047B957A1,Jl. Ir. Soekarno Blok Cikedung RT.001 RW... Cirendang Kec. Kuningan Kab. Kuningan Prov. Jawa Barat,Kab. Kuningan,,Jawa Barat
20341554,SMAS IT NURHIDAYAH,https://sekolah.data.kemdikbud.go.id/index.php/Chome/profil/F746DDA8-E999-4574-9680-E440AFA6979E,JL. PANDAWA NO. 10 Pucangan Kec. Kartasura Kab. Sukoharjo Prov. Jawa Tengah,Kab. Sukoharjo,,Jawa Tengah
10646003,SMA PGRI TALANG UBI,https://sekolah.data.kemdikbud.go.id/index.php/Chome/profil/AB924779-4A05-4448-852A-E446957B5DA7,JL. TALANG AKAR PENDOPO SIMPANG LIMA Talang Ubi Timur KEC. TALANG UBI Kab. Penukal Abab Lematang Ilir Prov. Sumatera Selatan,Kab. Penukal Abab Lematang Ilir,,Sumatera Selatan
69900165,SMA NEGERI 12 BURU,https://sekolah.data.kemdikbud.go.id/index.php/Chome/profil/0034D631-A3B6-4EFD-81D8-E45014884A46,Jln. Raya Pal Lima No.1. Kode Pos ( 9757... Lala Kec. Namlea Kab. Buru Prov. Maluku,Kab. Buru,,Maluku
30202575,SMAN 1 SUKAMARA,https://sekolah.data.kemdikbud.go.id/index.php/Chome/profil/4DFB11C9-84B6-4E1C-97B4-E453B071EF9B,JL. ISKANDAR Mendawai Kec. Sukamara Kab. Sukamara Prov. Kalimantan Tengah,Kab. Sukamara,,Kalimantan Tengah
20330113,SMA AL YAQIN,https://sekolah.data.kemdikbud.go.id/index.php/Chome/profil/98A99289-F793-4A9B-B479-E45428A3D519,"JL. Pesantren No. 42 Pangkalan, Sluke Pangkalan Kec. Sluke Kab. Rembang Prov. Jawa Tengah",Kab. Rembang,,Jawa Tengah
10404987,SMAS YKPP DUMAI,https://sekolah.data.kemdikbud.go.id/index.php/Chome/profil/9FC0E96E-7D11-415D-BE61-E454E3B70259,JL. CILACAP BUKIT DATUK Bukit Datuk Kec. Dumai Selatan Kota Dumai Prov. Riau,,Kota Dumai,Riau
10211688,SMAS KAMPUS NOMMENSEN,https://sekolah.data.kemdikbud.go.id/index.php/Chome/profil/41563389-1CC2-4AB4-89E8-E45941757434,JL. SANGNAWALUH NO. 4 Siopat Suhu Kec. Siantar Timur Kota Pematangsiantar Prov. Sumatera Utara,,Kota Pematangsiantar,Sumatera Utara
40101755,SMA NEGERI 1 MELONGUANE,https://sekolah.data.kemdikbud.go.id/index.php/Chome/profil/7B207D31-1368-4754-9402-E45CF3E22FE6,KOMP. PERK. PEMDA Melonguane Kec. Melonguane Kab. Kepulauan Talaud Prov. Sulawesi Utara,Kab. Kepulauan Talaud,,Sulawesi Utara
40400767,SMA NEGERI 1 WATOPUTE,https://sekolah.data.kemdikbud.go.id/index.php/Chome/profil/9F5D89D6-E93E-41E0-8773-E4647E124891,JL. POROS WATOPUTE - KUSAMBI Wali Kec. Watopute Kab. Muna Prov. Sulawesi Tenggara,Kab. Muna,,Sulawesi Tenggara
40404035,SMA NEGERI 06 BOMBANA,https://sekolah.data.kemdikbud.go.id/index.php/Chome/profil/320ECCDB-ED74-4205-B479-E4672A1CCB01,JL. KI HAJAR DEWANTARA NO. 009 Rakadua Kec. Poleang Barat Kab. Bombana Prov. Sulawesi Tenggara,Kab. Bombana,,Sulawesi Tenggara
20270709,SMAS INFORMATIKA,https://sekolah.data.kemdikbud.go.id/index.php/Chome/profil/1771E09F-DC6F-4941-9AFD-E46AE79A75E0,JL. RAYA PENGARENGAN NO. 1 DS. SUKADAYA ... Sukadaya Kec. Sukawangi Kab. Bekasi Prov. Jawa Barat,Kab. Bekasi,,Jawa Barat
70054853,SMA Swasta IT Al-Fakhri,https://sekolah.data.kemdikbud.go.id/index.php/Chome/profil/908843F5-9848-42C4-A73F-E46FA764BBC0,"Jl. Sei Mencirim Dusun III, Desa/Kel. Su... Suka Maju Kec. Sunggal Kab. Deli Serdang Prov. Sumatera Utara",Kab. Deli Serdang,,Sumatera Utara
20615885,SMAS AL - IZZAH CIPANAS,https://sekolah.data.kemdikbud.go.id/index.php/Chome/profil/8AA07601-A9DE-4110-96BB-E470B534CD7B,Jl. Pasirhaur Kp. Cimarkum Girilaya Kec. Cipanas Kab. Lebak Prov. Banten,Kab. Lebak,,Banten
50309614,SMAN 2 FATULEU,https://sekolah.data.kemdikbud.go.id/index.php/Chome/profil/9B5A161A-CA4A-4426-A0A1-E47B29572FF6,Jln. Jurusan Oelbiteno-Ekateta Ekateta Kec. Fatuleu Kab. Kupang Prov. Nusa Tenggara Timur,Kab. Kupang,,Nusa Tenggara Timur
20231316,SMAS MARDI WALUYA,https://sekolah.data.kemdikbud.go.id/index.php/Chome/profil/C01019BD-40A0-4346-A691-E481FDBC532F,JL.MAYOR OKING NO.15 Ciriung Kec. Cibinong Kab. Bogor Prov. Jawa Barat,Kab. Bogor,,Jawa Barat
20523825,SMAN 1 TANGGUL,https://sekolah.data.kemdikbud.go.id/index.php/Chome/profil/5365E2E5-F61C-41BE-91E0-E486B7984E01,JL. PEMANDIAN  16 PATEMON Kec. Tanggul Kab. Jember Prov. Jawa Timur,Kab. Jember,,Jawa Timur
10210869,SMAS MARISI MEDAN,https://sekolah.data.kemdikbud.go.id/index.php/Chome/profil/2CC81DB1-D184-4E78-92B1-E498BD2DC7D3,JL. GURU SINUMBA NO. 2 Helvetia Timur Kec. Medan Helvetia Kota Medan Prov. Sumatera Utara,,Kota Medan,Sumatera Utara
10303472,SMAS KARTIKA I-5,https://sekolah.data.kemdikbud.go.id/index.php/Chome/profil/E423E2C5-CF6C-4410-B332-E49AAA860643,JL. DR SUTOMO NO. 4 C Simpang Haru Kec. Padang Timur Kota Padang Prov. Sumatera Barat,,Kota Padang,Sumatera Barat
20500654,SMAS HIDAYATUS SALAM,https://sekolah.data.kemdikbud.go.id/index.php/Chome/profil/AB3AE6D4-CADD-48C9-B064-E49C6548ECC8,JL. BANYU BIRU RT 32 RW 08 LOWAYU DUKUN ... Lowayu Kec. Dukun Kab. Gresik Prov. Jawa Timur,Kab. Gresik,,Jawa Timur
20616429,SMAS AL HUDA,https://sekolah.data.kemdikbud.go.id/index.php/Chome/profil/48110FA2-0A65-468E-A231-E49EAFB1565C,JL. MASJID BAETUTAQWA Pasuluhan Kec. Walantaka Kota Serang Prov. Banten,,Kota Serang,Banten
69938142,SMA ISLAM NURUR RAHMAH,https://sekolah.data.kemdikbud.go.id/index.php/Chome/profil/0D061C32-8853-4FB0-A236-E4A149E290B9,JL. PP. NURUR RAHMAH LEGUNG Payudan Dundang Kec. Guluk Guluk Kab. Sumenep Prov. Jawa Timur,Kab. Sumenep,,Jawa Timur
20401155,SMAS KOLOMBO DEPOK,https://sekolah.data.kemdikbud.go.id/index.php/Chome/profil/E4B9263A-BFF7-4531-AEF6-E4A153D18994,JL. RAJAWALI 10 KOMP. KOLOMBO Catur Tunggal Kec. Depok Kab. Sleman Prov. D.I. Yogyakarta,Kab. Sleman,,D.I. Yogyakarta
20549199,SMAN 1 SRESEH,https://sekolah.data.kemdikbud.go.id/index.php/Chome/profil/D27540DA-0613-4314-A6C2-E4A2D9F8EC88,JL. RAYA NOREH Noreh Kec. Sreseh Kab. Sampang Prov. Jawa Timur,Kab. Sampang,,Jawa Timur
40318275,SMAN 10 SINJAI,https://sekolah.data.kemdikbud.go.id/index.php/Chome/profil/323CABA5-AFB9-4123-81B4-E4A50AD089EB,JL. ANDI AKBAR MANGARABOMBANG Samataring Kec. Sinjai Timur Kab. Sinjai Prov. Sulawesi Selatan,Kab. Sinjai,,Sulawesi Selatan
20223817,SMAN 3 KOTA DEPOK,https://sekolah.data.kemdikbud.go.id/index.php/Chome/profil/6C1333ED-32C8-4EE9-9335-E4A55405CFEF,JL. RADEN SALEH NO. 45 SUKMAJAYA Kec. Sukmajaya Kota Depok Prov. Jawa Barat,,Kota Depok,Jawa Barat
10302788,SMAN 7 SIJUNJUNG,https://sekolah.data.kemdikbud.go.id/index.php/Chome/profil/45713B16-4AD1-41BA-826E-E4ACE25888DB,TANJUNG AMPALU LIMO KOTO Kec. Koto VII Kab. Sijunjung Prov. Sumatera Barat,Kab. Sijunjung,,Sumatera Barat
40203340,SMAN 1 AMPANA TETE,https://sekolah.data.kemdikbud.go.id/index.php/Chome/profil/8546AC6F-48DF-4C2A-91F1-E4AE592D39D7,DATARAN BULAN BULAN JAYA Kec. Ampana Tete Kab. Tojo Una Una Prov. Sulawesi Tengah,Kab. Tojo Una Una,,Sulawesi Tengah
10643896,SMAS MUHAMMADIYAH 2 TUGUMULYO,https://sekolah.data.kemdikbud.go.id/index.php/Chome/profil/A5590972-4FAA-41AB-9A79-E4AF230CEAB4,JL. JEND. SUDIRMAN F TRIKOYO TRIWIKATON Kec. Tugu Mulyo Kab. Musi Rawas Prov. Sumatera Selatan,Kab. Musi Rawas,,Sumatera Selatan
10210901,SMAS MAYJEND SUTOYO SM,https://sekolah.data.kemdikbud.go.id/index.php/Chome/profil/B2C7264C-0924-4ECC-8B16-E4B12117960E,JL. BANGAU NO. 2 MEDAN Sei Sikambing B Kec. Medan Sunggal Kota Medan Prov. Sumatera Utara,,Kota Medan,Sumatera Utara
69936614,SMA PLUS MA RUFUL HIDAYAH,https://sekolah.data.kemdikbud.go.id/index.php/Chome/profil/8CE46C39-788B-40E6-AFE2-E4B2F6588C58,Jl. Raya Cigedug Kp. Barukai RT 01/04 Cigedug Kec. Cigedug Kab. Garut Prov. Jawa Barat,Kab. Garut,,Jawa Barat
50309194,SMAN NOEBANA,https://sekolah.data.kemdikbud.go.id/index.php/Chome/profil/0744A70A-6D42-4754-998A-E4B46976695B,NOEBANA Noebana Kec. Noebana Kab. Timor Tengah Selatan Prov. Nusa Tenggara Timur,Kab. Timor Tengah Selatan,,Nusa Tenggara Timur
69946584,SMAS MODERN AL RIFA IE GONDANGLEGI,https://sekolah.data.kemdikbud.go.id/index.php/Chome/profil/DE2D3A2C-F189-4440-BDD2-E4B4E8608274,JL. RAYA KETAWANG NO. 02 RT.05 RW.01 GON... Ketawang Kec. Gondanglegi Kab. Malang Prov. Jawa Timur,Kab. Malang,,Jawa Timur
10100572,SMAN 1 GLUMPANG TIGA,https://sekolah.data.kemdikbud.go.id/index.php/Chome/profil/2965E36C-D75C-4E96-ADF8-E4B7BD0EC93B,"JL. BANDA ACEH - MEDAN KM. 129,8 Kampung Jumpa Kec. Glumpang Tiga Kab. Pidie Prov. Aceh",Kab. Pidie,,Aceh
20317503,SMA NEGERI 1 MEJOBO,https://sekolah.data.kemdikbud.go.id/index.php/Chome/profil/23FFFCBE-AEF6-4D4F-8974-E4C752E59E4B,Jl. Pasar Doro Desa Jepang Mejobo Kudus Jepang Kec. Mejobo Kab. Kudus Prov. Jawa Tengah,Kab. Kudus,,Jawa Tengah
70039938,SMA IT DARUL ULUM,https://sekolah.data.kemdikbud.go.id/index.php/Chome/profil/1BC03C3B-27A1-43D5-98F6-E4C8217F53F7,Jalan Lintas Segamit Segamit Kec. Semende Darat Ulu Kab. Muara Enim Prov. Sumatera Selatan,Kab. Muara Enim,,Sumatera Selatan
20216175,SMAS PGRI 2 SINDANG,https://sekolah.data.kemdikbud.go.id/index.php/Chome/profil/ABDE4362-64FB-4806-950A-E4CAFA6C5798,JL. MT. HARYONO Sindang Kec. Sindang Kab. Indramayu Prov. Jawa Barat,Kab. Indramayu,,Jawa Barat
11003053,SMAN 1 SERASAN TIMUR,https://sekolah.data.kemdikbud.go.id/index.php/Chome/profil/3E6635C6-D341-4610-B44E-E4CE1303F507,Jl. Fena Pa’ ndum No. 02 Desa Arung Ayam... Desa Arung Ayam Kec. Serasan Timur Kab. Natuna Prov. Kepulauan Riau,Kab. Natuna,,Kepulauan Riau
50203690,SMAN 1 HUU,https://sekolah.data.kemdikbud.go.id/index.php/Chome/profil/C5B6FC3E-4896-45FF-B391-E4D06E100311,JL. LINTAS LAKEY Sawe Kec. Hu`u Kab. Dompu Prov. Nusa Tenggara Barat,Kab. Dompu,,Nusa Tenggara Barat
20225276,SMAS AL AZHAR,https://sekolah.data.kemdikbud.go.id/index.php/Chome/profil/9E11CB87-C0D3-4A86-9DE6-E4DCDD3580CD,JL. PESANTREN NO.2 Kujangsari Kec. Langensari Kota Banjar Prov. Jawa Barat,,Kota Banjar,Jawa Barat
50304770,SMAN 1 MACANG PACAR,https://sekolah.data.kemdikbud.go.id/index.php/Chome/profil/F3174328-DE5D-45BE-9948-E4DCF175C0A4,BARI BARI Kec. Macang Pacar Kab. Manggarai Barat Prov. Nusa Tenggara Timur,Kab. Manggarai Barat,,Nusa Tenggara Timur
70010895,SMA NEGERI 1 RESTORASI RIUNG,https://sekolah.data.kemdikbud.go.id/index.php/Chome/profil/16943D49-2A5C-49F2-A2ED-E4E19A39E309,Tanalain Wangka Selatan Kec. Riung Kab. Ngada Prov. Nusa Tenggara Timur,Kab. Ngada,,Nusa Tenggara Timur
70041710,SMA Islam  Terpadu An Nur,https://sekolah.data.kemdikbud.go.id/index.php/Chome/profil/D41E46CD-9596-4CD5-93EE-E4E2F7BA9E3B,Jln Depati Tjik  nanang Kedaton Kec. Kedaton Peninjauan Raya Kab. Ogan Komering Ulu Prov. Sumatera Selatan,Kab. Ogan Komering Ulu,,Sumatera Selatan
60103632,SMA Negeri 6 Maluku Tenggara,https://sekolah.data.kemdikbud.go.id/index.php/Chome/profil/6D3484EB-1AA4-4982-BA3E-E4E5AA876934,"Jln.Pendidikan No.4, Banda Suku Tigapulu... Banda Suku Tigapuluh Kec. Kei Besar Utara Timur Kab. Maluku Tenggara Prov. Maluku",Kab. Maluku Tenggara,,Maluku
70000544,SMA NEGERI MARAU,https://sekolah.data.kemdikbud.go.id/index.php/Chome/profil/C72B1FF5-B5D8-40E6-9C4B-E4E74B89A1E0,Kampung Marau Marau Kec. Yapen Barat Kab. Kepulauan Yapen Prov. Papua,Kab. Kepulauan Yapen,,Papua
20402124,SMAN 1 KARANGMOJO,https://sekolah.data.kemdikbud.go.id/index.php/Chome/profil/14271CD4-CBDD-4F66-A669-E4F0EF5B1AE4,"NGIPAK, KARANGMOJO 55891 Ngipak Kec. Karangmojo Kab. Gunungkidul Prov. D.I. Yogyakarta",Kab. Gunungkidul,,D.I. Yogyakarta
10901018,SMAN 1 GANTUNG,https://sekolah.data.kemdikbud.go.id/index.php/Chome/profil/DB3A6D37-2121-4791-9050-E4F12ADF3127,JL. JEND. SUDIRMAN GANTUNG Gantung Kec. Gantung Kab. Belitung Timur Prov. Kepulauan Bangka Belitung,Kab. Belitung Timur,,Kepulauan Bangka Belitung
20540061,SMAS KATHOLIK UNTUNG SURAPATI SIDOARJO,https://sekolah.data.kemdikbud.go.id/index.php/Chome/profil/CAB4B3D6-D95C-4839-B40B-E4F2F079EA19,"JL. UNTUNG SUROPATI 33, SIDOARJO Sidoklumpuk Kec. Sidoarjo Kab. Sidoarjo Prov. Jawa Timur",Kab. Sidoarjo,,Jawa Timur
20535457,SMAS ISLAM,https://sekolah.data.kemdikbud.go.id/index.php/Chome/profil/507E8412-25C1-4A5D-959A-E5044C7BD885,JL. KH. ABDUL KHAMID 98 B PASURUAN Karanganyar Kec. Panggungrejo Kota Pasuruan Prov. Jawa Timur,,Kota Pasuruan,Jawa Timur
69896913,SMAN 2 KIKIM SELATAN,https://sekolah.data.kemdikbud.go.id/index.php/Chome/profil/F3D08D23-5F02-41A5-8367-E5077ED1C275,DESA NANJUNGAN KECAMATAN KIKIM SELATAN Nanjungan Kec. Kikim Selatan Kab. Lahat Prov. Sumatera Selatan,Kab. Lahat,,Sumatera Selatan
20216194,SMAS AL ISHLAH BOARDING SCHOOL,https://sekolah.data.kemdikbud.go.id/index.php/Chome/profil/5FF4173B-6904-4C9A-A35E-E50D61B4ADD3,JL. RAYA SUDIMAMPIR BALONGAN Sudimampir Kec. Balongan Kab. Indramayu Prov. Jawa Barat,Kab. Indramayu,,Jawa Barat
40100900,SMAN 1 TOMBARIRI,https://sekolah.data.kemdikbud.go.id/index.php/Chome/profil/3E921023-3305-40EE-AC68-E50E8F893902,JL. RANOWANGKO RANOWANGKO Kec. Tombariri Kab. Minahasa Prov. Sulawesi Utara,Kab. Minahasa,,Sulawesi Utara
69905548,SMA ROUDHOTUL ULUM,https://sekolah.data.kemdikbud.go.id/index.php/Chome/profil/FB2B0CB6-E67A-41A9-A189-E50FBF5498DE,: JL. RAYA BANGUN REJO KM 1.5 Sidoasih Kec. Ketapang Kab. Lampung Selatan Prov. Lampung,Kab. Lampung Selatan,,Lampung
20566350,SMA NEGERI 1 SENORI TUBAN,https://sekolah.data.kemdikbud.go.id/index.php/Chome/profil/9D73EA67-7E50-4018-AAD6-E51610B8CCB7,JL. RAYA SIDOHARJO KM 07 Sidoharjo Kec. Senori Kab. Tuban Prov. Jawa Timur,Kab. Tuban,,Jawa Timur
20517819,SMAS PGRI 1 KROMENGAN,https://sekolah.data.kemdikbud.go.id/index.php/Chome/profil/5BB8B5BA-C7FD-48A6-ADB6-E516B279F727,JL. DR. SUTOMO NO. 1 KROMENGAN Kromengan Kec. Kromengan Kab. Malang Prov. Jawa Timur,Kab. Malang,,Jawa Timur
60100973,SMA NEGERI 8 BURU,https://sekolah.data.kemdikbud.go.id/index.php/Chome/profil/894F631D-CEE1-4802-B5AD-E516CE6AC2BF,"JL. BARU, DESA WAPLAU Waplau Kec. Waplau Kab. Buru Prov. Maluku",Kab. Buru,,Maluku
70036877,SMA SWASTA KRISTEN ELOPADA,https://sekolah.data.kemdikbud.go.id/index.php/Chome/profil/58FFA3E0-DB34-4F81-9717-E51944AF74EF,Jln. Elopada Kalembu Ndara Mane Kec. Wewewa Timur Kab. Sumba Barat Daya Prov. Nusa Tenggara Timur,Kab. Sumba Barat Daya,,Nusa Tenggara Timur
69760753,SMA IT IBNU ABBAS KLATEN,https://sekolah.data.kemdikbud.go.id/index.php/Chome/profil/D861628B-AA9A-4B7A-9F02-E52677C70AA7,JL. KLATEN-SOLO KM. 4 Belang Wetan Kec. Klaten Utara Kab. Klaten Prov. Jawa Tengah,Kab. Klaten,,Jawa Tengah
20519323,SMAS DARUT TAQWA PURWOSARI,https://sekolah.data.kemdikbud.go.id/index.php/Chome/profil/1AA00CEF-1DF9-4520-A2EE-E528756CCD32,Jl. PESANTREN NGALAH NO. 16 SENGONAGUNG ... Sengon Agung Kec. Purwosari Kab. Pasuruan Prov. Jawa Timur,Kab. Pasuruan,,Jawa Timur
20555093,SMAS MISBAHUL ULUM JELBUK,https://sekolah.data.kemdikbud.go.id/index.php/Chome/profil/7C18BA41-C8BF-431B-9DF1-E52C0D710190,JL. PB SUDIRMAN 16 Suko Jember Kec. Jelbuk Kab. Jember Prov. Jawa Timur,Kab. Jember,,Jawa Timur
60101540,SMA Negeri 3 Seram Bagian Barat,https://sekolah.data.kemdikbud.go.id/index.php/Chome/profil/A389A6F0-6C5D-4549-A343-E52DAFBA4F2D,JL. WAIMETENG DARAT Piru Kec. Seram Barat Kab. Seram Bagian Barat Prov. Maluku,Kab. Seram Bagian Barat,,Maluku
10205369,SMA SWASTA RK BINTANG TIMUR,https://sekolah.data.kemdikbud.go.id/index.php/Chome/profil/7AB833ED-F475-4B78-96B6-E5344DA13974,JL. CUT MEUTIA UJUNG RANTAUPRAPAT Siringo-Ringo Kec. Rantau Utara Kab. Labuhanbatu Prov. Sumatera Utara,Kab. Labuhanbatu,,Sumatera Utara
20539032,SMAS NU BANCAR,https://sekolah.data.kemdikbud.go.id/index.php/Chome/profil/F37415D8-F9A5-4BE1-BD67-E538D46A0BE9,JL. DESA No . 04 Desa BULUJOWO Kec BANCA... Bulujowo Kec. Bancar Kab. Tuban Prov. Jawa Timur,Kab. Tuban,,Jawa Timur
20232336,SMAS GITA PGRI,https://sekolah.data.kemdikbud.go.id/index.php/Chome/profil/EA7F5A38-9F18-4E34-8FF6-E5411932C132,JL. MEYJEN H.R EDISUKMA NO. 298 DESA WAT... Wates Jaya Kec. Cigombong Kab. Bogor Prov. Jawa Barat,Kab. Bogor,,Jawa Barat
69982085,SMA ADVENT KOTA JAYAPURA,https://sekolah.data.kemdikbud.go.id/index.php/Chome/profil/5FC389B4-2549-42FB-BEAA-E541498A0CCD,JL. ARGAPURA II Argapura Kec. Jayapura Selatan Kota Jayapura Prov. Papua,,Kota Jayapura,Papua
30401062,SMA Kristen Immanuel Samarinda,https://sekolah.data.kemdikbud.go.id/index.php/Chome/profil/F9CD1884-A229-4685-BFF3-E541BCBEAC6F,Jl. Limau No.50 Vorvo Samarinda Gunung Kelua Kec. Samarinda Ulu Kota Samarinda Prov. Kalimantan Timur,,Kota Samarinda,Kalimantan Timur
70051548,SMA AL MANSURIYAH,https://sekolah.data.kemdikbud.go.id/index.php/Chome/profil/9733F18F-AF2C-43CC-A979-E542CA177CDF,Kp. Sindangpalay RT. 02 RW. 01 Cilangari Kec. Gununghalu Kab. Bandung Barat Prov. Jawa Barat,Kab. Bandung Barat,,Jawa Barat
20100196,SMAS TAMAN MADYA 5 JAKARTA,https://sekolah.data.kemdikbud.go.id/index.php/Chome/profil/77EB2135-F557-4B12-9F6F-E544D45DECFE,JL. PERCETAKAN NEGARA VIII NO. 16 Rawasari Kec. Cempaka Putih Kota Adm. Jakarta Pusat Prov. D.K.I. Jakarta,,Kota Adm. Jakarta Pusat,D.K.I. Jakarta
60724686,SMA DEWITA,https://sekolah.data.kemdikbud.go.id/index.php/Chome/profil/2A8D8087-E994-4205-822D-E549E89F81E1,DUSUN III Upang Kec. Air Salek Kab. Banyuasin Prov. Sumatera Selatan,Kab. Banyuasin,,Sumatera Selatan
40201705,SMAS MUHAMMADIYAH LUWUK,https://sekolah.data.kemdikbud.go.id/index.php/Chome/profil/FFA0D552-242D-4812-AE4A-E54C9428AE8E,JL. KHA DAHLAN NO. 79 LUWUK Luwuk Kec. Luwuk Kab. Banggai Prov. Sulawesi Tengah,Kab. Banggai,,Sulawesi Tengah
50101131,SMA Negeri 1 Baturiti,https://sekolah.data.kemdikbud.go.id/index.php/Chome/profil/070E5D58-4AB0-4A95-BB06-E5520A9C384B,JL. PEREAN Perean Kec. Baturiti Kab. Tabanan Prov. Bali,Kab. Tabanan,,Bali
69938434,SMA ZAINUSSALIM,https://sekolah.data.kemdikbud.go.id/index.php/Chome/profil/71D5E8F2-E117-4AB2-BC31-E553ECD71E8A,Jl. Pasarean Agung Pandak No. 04 Gadu Barat Kec. Ganding Kab. Sumenep Prov. Jawa Timur,Kab. Sumenep,,Jawa Timur
20509314,SMAN 1 SUKOMORO,https://sekolah.data.kemdikbud.go.id/index.php/Chome/profil/254B5D6C-B959-455A-873B-E555D4E6AE58,DS. KEDUNGGUWO Kedungguwo Kec. Sukomoro Kab. Magetan Prov. Jawa Timur,Kab. Magetan,,Jawa Timur
50307410,SMAK. ST. GABRIEL NOEMUTI,https://sekolah.data.kemdikbud.go.id/index.php/Chome/profil/2BC9E54B-ABFC-4823-900A-E557A8DF71A3,NOEMUTI Noemuti Kec. Noemuti Kab. Timor Tengah Utara Prov. Nusa Tenggara Timur,Kab. Timor Tengah Utara,,Nusa Tenggara Timur
69990565,SMA NEGERI 4 BABELAN,https://sekolah.data.kemdikbud.go.id/index.php/Chome/profil/34C83D0D-B349-429E-BAF6-E568FCC4F236,"Jl. Pertamina No. 01 Kedung Pengawas,Kec... Kedungpengawas Kec. Babelan Kab. Bekasi Prov. Jawa Barat",Kab. Bekasi,,Jawa Barat
20217459,SMAS PASUNDAN PURWAKARTA,https://sekolah.data.kemdikbud.go.id/index.php/Chome/profil/027BAF2A-638C-492F-B524-E569C4DA0FF7,JL. LAKS. RE. MARTADINATA NO. 111 Nagrikidul Kec. Purwakarta Kab. Purwakarta Prov. Jawa Barat,Kab. Purwakarta,,Jawa Barat
70029864,SMA IT Daarul Amiin,https://sekolah.data.kemdikbud.go.id/index.php/Chome/profil/D7F4FE42-A522-479F-B328-E5702B9451FA,Kp. Barusuda RT. 003 RW. 006 Barusuda Kec. Cigedug Kab. Garut Prov. Jawa Barat,Kab. Garut,,Jawa Barat
60202317,SMAN 8 KOTA TERNATE,https://sekolah.data.kemdikbud.go.id/index.php/Chome/profil/613550B2-205A-44C1-A8A6-E57091448ABF,JL. Limau Jore-Jore Salero Kec. Ternate Utara Kota Ternate Prov. Maluku Utara,,Kota Ternate,Maluku Utara
10604402,SMA NEGERI 2 LUBUKLINGGAU,https://sekolah.data.kemdikbud.go.id/index.php/Chome/profil/253B0B69-E0F3-4965-B5E3-E576839E5A1F,Jl. Mayor Toha Air Kuti Kec. Lubuk Linggau Timur I Kota Lubuk Linggau Prov. Sumatera Selatan,,Kota Lubuk Linggau,Sumatera Selatan
10259101,SMA SWASTA PEMBDA 2 GUNUNGSITOLI,https://sekolah.data.kemdikbud.go.id/index.php/Chome/profil/5E002BBF-C195-4184-AC11-E587E34D2DD1,JL.PELITA NO.9 GUNUNGSITOLI ILIR Kec. Gunungsitoli Kota Gunungsitoli Prov. Sumatera Utara,,Kota Gunungsitoli,Sumatera Utara
10214143,SMAS NURUL HASANAH TEMBUNG,https://sekolah.data.kemdikbud.go.id/index.php/Chome/profil/085530C8-0A56-49EF-A8D7-E5885C07F7CF,JL. AMAL BAKTI TEMBUNG Tembung Kec. Percut Sei Tuan Kab. Deli Serdang Prov. Sumatera Utara,Kab. Deli Serdang,,Sumatera Utara
20500483,SMAS MUHAMMADIYAH 8,https://sekolah.data.kemdikbud.go.id/index.php/Chome/profil/669E27CD-860A-4B28-A018-E59E9545B25D,JL. RAYA MOROWUDI NO. 1 CERME Morowudi Kec. Cerme Kab. Gresik Prov. Jawa Timur,Kab. Gresik,,Jawa Timur
69759021,SMA MAMBAUL ULUM,https://sekolah.data.kemdikbud.go.id/index.php/Chome/profil/27A19037-5410-438B-B822-E59EE27CDDF8,TEBUL TIMUR Tebul Timur Kec. Pegantenan Kab. Pamekasan Prov. Jawa Timur,Kab. Pamekasan,,Jawa Timur
69893731,SMA NEGERI 2 OBAA,https://sekolah.data.kemdikbud.go.id/index.php/Chome/profil/DE12CF4C-A475-4C22-BE37-E59F7C3BBF2D,JL.OGHOM KAU Kepi Kec. Obaa Kab. Mappi Prov. Papua Selatan,Kab. Mappi,,Papua Selatan
20210767,SMAN 1 CIKALONG,https://sekolah.data.kemdikbud.go.id/index.php/Chome/profil/2C18339B-1459-4F13-AC59-E5A0850ED4EF,JL. RAYA CIKALONG KM. 06 Singkir Kec. Cikalong Kab. Tasikmalaya Prov. Jawa Barat,Kab. Tasikmalaya,,Jawa Barat
20506332,SMA NU 1 MODEL,https://sekolah.data.kemdikbud.go.id/index.php/Chome/profil/AA14C243-D9AD-4950-9C9C-E5A37A144413,Jalan Sukodadi Karanggeneng No. 76 Desa ... Sungelebak Kec. Karang Geneng Kab. Lamongan Prov. Jawa Timur,Kab. Lamongan,,Jawa Timur
69830475,SMA Negeri 1 Damar,https://sekolah.data.kemdikbud.go.id/index.php/Chome/profil/06A975EF-5190-477C-8DDD-E5AE23DD6422,Jl. Sumatera RT.024 RW. 011 Mengkubang Kec. Damar Kab. Belitung Timur Prov. Kepulauan Bangka Belitung,Kab. Belitung Timur,,Kepulauan Bangka Belitung
10609721,SMA PESANTREN MODERN SULTAN MAHMUD BADARUDDIN PALEMBANG,https://sekolah.data.kemdikbud.go.id/index.php/Chome/profil/FEED9468-BFDB-459C-97D6-E5B9641FCBD8,JL. TANJUNG API-API TALANG JAMBI  PLG Talang Jambe Kec. Sukarami Kota Palembang Prov. Sumatera Selatan,,Kota Palembang,Sumatera Selatan
10506158,SMAS ISLAM NURUL HUDA,https://sekolah.data.kemdikbud.go.id/index.php/Chome/profil/14602C8F-ADF4-479A-AC9C-E5BE9BC8AB1E,JL. Papadaan  RT 20 Teluk Kempas KEMPAS JAYA Kec. Senyerang Kab. Tanjung Jabung Barat Prov. Jambi,Kab. Tanjung Jabung Barat,,Jambi
30108268,SMAN 2 BENGKAYANG,https://sekolah.data.kemdikbud.go.id/index.php/Chome/profil/15470D47-04FA-43D3-8245-E5C2C6B1F5B1,JL. SANGGAU LEDO Sebalo Kec. Bengkayang Kab. Bengkayang Prov. Kalimantan Barat,Kab. Bengkayang,,Kalimantan Barat
20533631,SMAS ISLAM BAITURROHMAH,https://sekolah.data.kemdikbud.go.id/index.php/Chome/profil/3CCB5876-F24D-4F8C-8AA1-E5C61FDBC253,JL. CILIWUNG  NO. 61 Purwantoro Kec. Blimbing Kota Malang Prov. Jawa Timur,,Kota Malang,Jawa Timur
20107314,SMA MUHAMMADIYAH 3 JAKARTA,https://sekolah.data.kemdikbud.go.id/index.php/Chome/profil/04338026-6B95-43B3-A466-E5CD98C762CF,JL. LIMAU 3 BLOK B Kramat Pela Kec. Kebayoran Baru Kota Adm. Jakarta Selatan Prov. D.K.I. Jakarta,,Kota Adm. Jakarta Selatan,D.K.I. Jakarta
69987822,SMA IT BAITUL JANNAH,https://sekolah.data.kemdikbud.go.id/index.php/Chome/profil/5952880B-B2A0-4DC8-AF4D-E5CDD7B4E015,Jl. Raya Pramuka No.43 KEMILING RAYA Kec. Kemiling Kota Bandar Lampung Prov. Lampung,,Kota Bandar Lampung,Lampung
20517787,SMAS BABUSSALAM PAGELARAN,https://sekolah.data.kemdikbud.go.id/index.php/Chome/profil/76CF0A52-C2E3-4834-A4AD-E5ED87898CE3,JL. KH. HASYIM ASYARI BANJAREJO PAGELARA... Banjarejo Kec. Pagelaran Kab. Malang Prov. Jawa Timur,Kab. Malang,,Jawa Timur
20200683,SMAS AULIA,https://sekolah.data.kemdikbud.go.id/index.php/Chome/profil/B23FBBED-EE6A-41C7-8062-E5F0411DAAEE,JL. KH. ABDUL HAMID KM 3 DESA  SITU ILIR Situ Ilir Kec. Cibungbulang Kab. Bogor Prov. Jawa Barat,Kab. Bogor,,Jawa Barat
10403994,SMAS NURUL FALAH,https://sekolah.data.kemdikbud.go.id/index.php/Chome/profil/D926E35D-14F3-4A73-A13E-E5F58D142628,JL. Mesjid Raya No. 8 Kampung Dalam Kec. Senapelan Kota Pekanbaru Prov. Riau,,Kota Pekanbaru,Riau
70045892,SMA PEACHBLOSSOMS,https://sekolah.data.kemdikbud.go.id/index.php/Chome/profil/F5E885BA-A938-4012-B062-E6003B24E911,Jl. Mutiara Gading City RT.002 RW.003 Kp... Setia Asih Kec. Taruma Jaya Kab. Bekasi Prov. Jawa Barat,Kab. Bekasi,,Jawa Barat
10405225,SMAS BINTANG LAUT,https://sekolah.data.kemdikbud.go.id/index.php/Chome/profil/CBE598ED-3B21-4D83-B719-E6070BCD2B9E,JL BINTANG Bagan Jawa Kec. Bangko Kab.  Rokan Hilir Prov. Riau,Kab.  Rokan Hilir,,Riau
10258468,SMA NEGERI UNGGULAN SUKMA NIAS,https://sekolah.data.kemdikbud.go.id/index.php/Chome/profil/05AF02B6-5A1D-463F-9F65-E6114DC97E2B,"JL.NIAS TENGAH KM 7,5 GUNUNG SITOLI SELA... FAEKHU Kec. Gunungsitoli Selatan Kota Gunungsitoli Prov. Sumatera Utara",,Kota Gunungsitoli,Sumatera Utara
60100347,SMAS MATHLAUL ANWAR MASOHI,https://sekolah.data.kemdikbud.go.id/index.php/Chome/profil/F397524B-0F86-4439-9368-E616C55F9D60,JL. Sultan Hasanuddin Letwaru Kec. Masohi Kab. Maluku Tengah Prov. Maluku,Kab. Maluku Tengah,,Maluku
50300587,SMAN KAPAN,https://sekolah.data.kemdikbud.go.id/index.php/Chome/profil/BA1D642C-BD0F-4622-94C1-E61DD7F3556C,JL. HAUMENI Ajaobaki Kec. Mollo Utara Kab. Timor Tengah Selatan Prov. Nusa Tenggara Timur,Kab. Timor Tengah Selatan,,Nusa Tenggara Timur
10505051,SMAN 16 MERANGIN,https://sekolah.data.kemdikbud.go.id/index.php/Chome/profil/58224FAE-3002-4C87-85C8-E6209407E6CF,Jln. Dubalang Gayo Km 6 Nibung Kec. Batang Masumai Kab.  Merangin Prov. Jambi,Kab.  Merangin,,Jambi
20523815,SMAS BIMA AMBULU,https://sekolah.data.kemdikbud.go.id/index.php/Chome/profil/9CD03F5D-8F5E-4371-9066-E62302712184,JL. Pendidikan No. 11 Ambulu Ambulu Kec. Ambulu Kab. Jember Prov. Jawa Timur,Kab. Jember,,Jawa Timur
69787106,SMA NEGERI 2 KUANTAN MUDIK,https://sekolah.data.kemdikbud.go.id/index.php/Chome/profil/1FF18367-0E07-40EE-B03B-E628F7DAC11D,Jl. Harapan Bangsa Desa Pantai Pantai Kec. Kuantan Mudik Kab. Kuantan Singingi Prov. Riau,Kab. Kuantan Singingi,,Riau
69822821,SMAS ISLAM BANI TAMIM,https://sekolah.data.kemdikbud.go.id/index.php/Chome/profil/1CFB83DF-916C-4E40-9EAA-E629069E890B,JALAN KP. ETEK Sindang Asih Kec. Sindang Jaya Kab. Tangerang Prov. Banten,Kab. Tangerang,,Banten
10609623,SMA ASSANADIYAH PALEMBANG,https://sekolah.data.kemdikbud.go.id/index.php/Chome/profil/0978C118-D10C-4670-903D-E62D471799C9,JL. KH. BALKHI BANTEN V 16 Ulu Kec. Seberang Ulu II Kota Palembang Prov. Sumatera Selatan,,Kota Palembang,Sumatera Selatan
69990582,SMA Nahdlatul Wathan,https://sekolah.data.kemdikbud.go.id/index.php/Chome/profil/FEDBA0E6-137E-46F0-9D10-E62E967334F7,Jl. Transmigrasi RT. 2 RW. 1 Subur Makmur (Upt. Sepagar Ii) Kec. Pulau Laut Barat Kab. Kotabaru Prov. Kalimantan Selatan,Kab. Kotabaru,,Kalimantan Selatan
10403077,SMAS M UJUNG BATU,https://sekolah.data.kemdikbud.go.id/index.php/Chome/profil/C8779C8A-2CF7-4F1A-9E1D-E633C76EF833,Jl. Mawar Petakur Atas Suka Damai Kec. Ujung Batu Kab.  Rokan Hulu Prov. Riau,Kab.  Rokan Hulu,,Riau
30102509,SMAN 1 SERAWAI,https://sekolah.data.kemdikbud.go.id/index.php/Chome/profil/158BA839-A643-47B5-9F31-E63772CCE867,JL. HARAPAN KM 2 Mekar Sari Kec. Serawai Kab. Sintang Prov. Kalimantan Barat,Kab. Sintang,,Kalimantan Barat
20219267,SMAS RAJAWALI,https://sekolah.data.kemdikbud.go.id/index.php/Chome/profil/57144DFC-5241-4C18-AAF6-E638C7AAA1A1,JL. ANDIR NO.117 A/78 BANDUNG Ciroyom Kec. Andir Kota Bandung Prov. Jawa Barat,,Kota Bandung,Jawa Barat
10609311,SMAN 1 PEDAMARAN TIMUR,https://sekolah.data.kemdikbud.go.id/index.php/Chome/profil/4696C100-6BDA-4254-9EC4-E641687F860C,JL. RAYA GADING RAJA Sumber Hidup Kec. Pedamaran Timur Kab. Ogan Komering Ilir Prov. Sumatera Selatan,Kab. Ogan Komering Ilir,,Sumatera Selatan
50202411,SMAN 1 PRINGGABAYA,https://sekolah.data.kemdikbud.go.id/index.php/Chome/profil/A5EEE101-5ABA-4082-A578-E6428F13ACB8,Jalan Raya Labuhan Lombok Pringgabaya Ut... PRINGGABAYA UTARA Kec. Pringgabaya Kab. Lombok Timur Prov. Nusa Tenggara Barat,Kab. Lombok Timur,,Nusa Tenggara Barat
20329812,SMAS MUHAMMADIYAH,https://sekolah.data.kemdikbud.go.id/index.php/Chome/profil/88719D25-17B8-4973-BE0A-E645B20CC596,JL. KARTINI NO. 47 Mangkukusuman Kec. Tegal Timur Kota Tegal Prov. Jawa Tengah,,Kota Tegal,Jawa Tengah
40312503,SMAS DDI KASSI,https://sekolah.data.kemdikbud.go.id/index.php/Chome/profil/D14AA5FB-463E-4E38-A4FD-E64685CF5CDE,JL. POROS KASSI - MAKASSAR Tonrokassi Barat Kec. Tamalatea Kab. Jeneponto Prov. Sulawesi Selatan,Kab. Jeneponto,,Sulawesi Selatan
50301877,SMAS SEMINARI SAN DOMINGGO,https://sekolah.data.kemdikbud.go.id/index.php/Chome/profil/89E794B6-A152-4A8B-9952-E64A3663F1BA,HOKENG Hokeng Jaya Kec. Wulang Gitang Kab. Flores Timur Prov. Nusa Tenggara Timur,Kab. Flores Timur,,Nusa Tenggara Timur
40402614,SMAN 6 KENDARI,https://sekolah.data.kemdikbud.go.id/index.php/Chome/profil/18571C4C-A9C7-4166-843F-E64BB6C75AAB,JL. BANDA PUNGGOLAKA PUNGGOLAKA Kec. Puuwatu Kota Kendari Prov. Sulawesi Tenggara,,Kota Kendari,Sulawesi Tenggara
10497526,SMA NEGERI 1 PENDALIAN IV KOTO,https://sekolah.data.kemdikbud.go.id/index.php/Chome/profil/2D37AD8C-B5C2-41A0-9C48-E6539A61D3FA,JL. PTPN V Sei Siasam KM 22 Pendalian Pendalian Kec. Pendalian IV Koto Kab.  Rokan Hulu Prov. Riau,Kab.  Rokan Hulu,,Riau
20521711,SMAN 2 BONDOWOSO,https://sekolah.data.kemdikbud.go.id/index.php/Chome/profil/6F15C63C-61E0-4F34-9E9D-E653ED87F7A3,JL. LETJ. SUPRAPTO NO. 153 Dabasah Kec. Bondowoso Kab. Bondowoso Prov. Jawa Timur,Kab. Bondowoso,,Jawa Timur
69978146,SMAN 1 Batui Selatan,https://sekolah.data.kemdikbud.go.id/index.php/Chome/profil/3B904170-B3E5-4597-B7E4-E657A737FB33,Jl. Hamka Puasa No. 1 Desa Sukamaju I Sukamaju I Kec. Batui Selatan Kab. Banggai Prov. Sulawesi Tengah,Kab. Banggai,,Sulawesi Tengah
10605576,SMAS BINA BANGSA SEJATI,https://sekolah.data.kemdikbud.go.id/index.php/Chome/profil/82B7BE7B-693B-4E1B-A72A-E65A896D1897,DESA KEMANG Kemang Kec. Sanga Desa Kab. Musi Banyuasin Prov. Sumatera Selatan,Kab. Musi Banyuasin,,Sumatera Selatan
10259074,SMAS BANI ADAM AS,https://sekolah.data.kemdikbud.go.id/index.php/Chome/profil/34E638BE-E588-4D04-AA62-E65B4ABE81E5,JL.MANGAN III PSR 2 NO. 216 M A B A R Kec. Medan Deli Kota Medan Prov. Sumatera Utara,,Kota Medan,Sumatera Utara
10400877,SMAS IT MUTIARA PINGGIR,https://sekolah.data.kemdikbud.go.id/index.php/Chome/profil/3473DAF2-89E1-4F74-B1CA-E65D9E2C10FC,KOMPLEKS PT. PHR SEBANGA DURI Balai Raja Kec. Pinggir Kab. Bengkalis Prov. Riau,Kab. Bengkalis,,Riau
10263528,SMA SWASTA CINTA BUDAYA / CHONG WEN,https://sekolah.data.kemdikbud.go.id/index.php/Chome/profil/3E9E5132-C9E1-4CBD-81EC-E66536F16FB0,"JL. WILLIEM ISKANDAR / PANCING, KOMPLEKS... Medan Estate Kec. Percut Sei Tuan Kab. Deli Serdang Prov. Sumatera Utara",Kab. Deli Serdang,,Sumatera Utara
40313184,SMAS DARUL FALAH ENREKANG,https://sekolah.data.kemdikbud.go.id/index.php/Chome/profil/FC46B493-90D9-4B15-8527-E666BAB6F06B,JL. JENDERAL SUDIRMAN NO. 2 Galonta Kec. Enrekang Kab. Enrekang Prov. Sulawesi Selatan,Kab. Enrekang,,Sulawesi Selatan
70036895,SMA ISLAM TAHFIZ DARUL HASANI LUWU TIMUR,https://sekolah.data.kemdikbud.go.id/index.php/Chome/profil/8E3BB675-D879-4F3E-9CF4-E667798C1B13,Beringin Jaya Beringin Jaya Kec. Tomoni Kab. Luwu Timur Prov. Sulawesi Selatan,Kab. Luwu Timur,,Sulawesi Selatan
50203312,SMAN 2 SUMBAWA BESAR,https://sekolah.data.kemdikbud.go.id/index.php/Chome/profil/E3E62025-8803-4F14-9120-E66B66597D3F,JL. GARUDA 102 SUMBAWA  BESAR Lempeh Kec. Sumbawa Kab. Sumbawa Prov. Nusa Tenggara Barat,Kab. Sumbawa,,Nusa Tenggara Barat
60100343,SMAS KRISTEN AMAHAI,https://sekolah.data.kemdikbud.go.id/index.php/Chome/profil/6B03AD34-84BC-47C7-AE0A-E66FD56605CF,JL SALAIKU Haruru Kec. Amahai Kab. Maluku Tengah Prov. Maluku,Kab. Maluku Tengah,,Maluku
40400763,SMAS YAPRIS RAHA,https://sekolah.data.kemdikbud.go.id/index.php/Chome/profil/DFCB21E1-2786-4CFE-9F9E-E67201CF3251,JL. H AGUS SALIM Laende Kec. Katobu Kab. Muna Prov. Sulawesi Tenggara,Kab. Muna,,Sulawesi Tenggara
70033378,SMAS IT WAHDAH ISLAMIYAH SINJAI,https://sekolah.data.kemdikbud.go.id/index.php/Chome/profil/E5F56155-F1EE-49F3-92B3-E67C981D903C,"JL. POROS SINJAI-KAJANG, SINJAI TIMUR Samataring Kec. Sinjai Timur Kab. Sinjai Prov. Sulawesi Selatan",Kab. Sinjai,,Sulawesi Selatan
40102008,SMAN 1 TENGA,https://sekolah.data.kemdikbud.go.id/index.php/Chome/profil/6E97332C-2BE6-4891-9D6F-E687BDC3481B,JL. DESA TENGA KEC. TENGA Tenga Kec. Tenga Kab. Minahasa Selatan Prov. Sulawesi Utara,Kab. Minahasa Selatan,,Sulawesi Utara
30107427,SMAN 1 JELAI HULU,https://sekolah.data.kemdikbud.go.id/index.php/Chome/profil/5AFB3FE2-6BC3-46F1-918C-E6895A60A082,JL. BUDI UTOMO Periangan Kec. Jelai Hulu Kab. Ketapang Prov. Kalimantan Barat,Kab. Ketapang,,Kalimantan Barat
10503751,SMAN 1 SAROLANGUN,https://sekolah.data.kemdikbud.go.id/index.php/Chome/profil/D4A084F3-E48A-43A1-9C33-E69128DCEDB7,JL. TAMBIR SAROLANGUN Aur Gading Kec. Sarolangun Kab. Sarolangun Prov. Jambi,Kab. Sarolangun,,Jambi
40100324,SMAN 4 KOTAMOBAGU,https://sekolah.data.kemdikbud.go.id/index.php/Chome/profil/8F097B93-69A1-43C4-9003-E6939249C8F3,JL. KESATRIA GENGGULANG Genggulang Kec. Kotamobagu Utara Kota Kotamobagu Prov. Sulawesi Utara,,Kota Kotamobagu,Sulawesi Utara
70024287,SMAS ISLAM RANU HARAPAN,https://sekolah.data.kemdikbud.go.id/index.php/Chome/profil/D5A73457-2746-490D-B41D-E6A6C4B22280,Jl. Gagak No. 34 Mariso Kec. Mariso Kota Makassar Prov. Sulawesi Selatan,,Kota Makassar,Sulawesi Selatan
70050605,SMA GLOBAL DARUSSALAM ACADEMY,https://sekolah.data.kemdikbud.go.id/index.php/Chome/profil/54D4CDDC-A643-424C-A4DD-E6A72F8183EB,Jl.Boyong Gondanglegi Pandanpuro Hargobi... Hargo Binangun Kec. Pakem Kab. Sleman Prov. D.I. Yogyakarta,Kab. Sleman,,D.I. Yogyakarta
10214172,SMAS MASEHI SEBIRU BIRU,https://sekolah.data.kemdikbud.go.id/index.php/Chome/profil/A381A3DA-FA4F-4CA3-A748-E6A7D8AB3E81,"JL. DELI TUA - PENEN KM 36,5 DESA PERIAR... Per Ria Ria Kec. Sibiru-biru Kab. Deli Serdang Prov. Sumatera Utara",Kab. Deli Serdang,,Sumatera Utara
30104078,SMAN 1 SELUAS,https://sekolah.data.kemdikbud.go.id/index.php/Chome/profil/5CE42663-F742-4394-9833-E6AC758804FC,JL. RAYA SELUAS Seluas Kec. Seluas Kab. Bengkayang Prov. Kalimantan Barat,Kab. Bengkayang,,Kalimantan Barat
20270484,SMA MODERN RIYADHUL JANNAH JALANCAGAK,https://sekolah.data.kemdikbud.go.id/index.php/Chome/profil/C5E094B7-FD46-4924-92CD-E6ACB607ECEA,JL. RAYA PRAPATAN BANDUNG Jalancagak Kec. Jalancagak Kab. Subang Prov. Jawa Barat,Kab. Subang,,Jawa Barat
20229174,SMA PUTRA BANGSA,https://sekolah.data.kemdikbud.go.id/index.php/Chome/profil/2D7D6A50-4A2E-4044-8E92-E6ACB7A041C6,JL. Margonda Raya KM. 2 Gg. Kedondong Kemirimuka Kec. Beji Kota Depok Prov. Jawa Barat,,Kota Depok,Jawa Barat
69910576,SMA NEGERI 2 TINANGKUNG,https://sekolah.data.kemdikbud.go.id/index.php/Chome/profil/8889A95E-E103-42DA-8604-E6AD1786FA49,Jl. Mondoutus No. 1 Bulungkobit Bulungkobit Kec. Tinangkung Kab. Banggai Kepulauan Prov. Sulawesi Tengah,Kab. Banggai Kepulauan,,Sulawesi Tengah
20532242,SMAN 1 SURABAYA,https://sekolah.data.kemdikbud.go.id/index.php/Chome/profil/85670226-ED35-4ACD-8C72-E6AEDD2227B2,JL. WIJAYAKUSUMA  48 Ketabang Kec. Genteng Kota Surabaya Prov. Jawa Timur,,Kota Surabaya,Jawa Timur
60302732,SMAN 1 TANAH MERAH,https://sekolah.data.kemdikbud.go.id/index.php/Chome/profil/FD2DF778-1C6A-423D-843B-E6AF25A1DD63,JL. RAYA AMBONGGO TANAH MERAH Sokanggo Kec. Mandobo Kab. Boven Digoel Prov. Papua Selatan,Kab. Boven Digoel,,Papua Selatan
10802966,SMAS PRIMA,https://sekolah.data.kemdikbud.go.id/index.php/Chome/profil/7E01D187-C615-448D-865E-E6B63DA5DE98,JL. PERJUANGAN GAPURA Kec. Kotabumi Kab. Lampung Utara Prov. Lampung,Kab. Lampung Utara,,Lampung
10103090,SMAN 2 LAWE SIGALAGALA,https://sekolah.data.kemdikbud.go.id/index.php/Chome/profil/8A954A9F-C0A2-4115-B98A-E6B9C98E1DFC,"JL. KUTACANE-MEDAN KM.31,5 Kampung Bhakti Kec. Babul Makmur Kab. Aceh Tenggara Prov. Aceh",Kab. Aceh Tenggara,,Aceh
20318323,SMAS ISLAM JEPARA,https://sekolah.data.kemdikbud.go.id/index.php/Chome/profil/DF7AC1D6-05F4-4997-B076-E6BC0DEB139C,Desa Krapyak RT. 05 RW. 09 Krapyak Kec. Tahunan Kab. Jepara Prov. Jawa Tengah,Kab. Jepara,,Jawa Tengah
69899343,SMA ISLAM TERPADU GRANADA,https://sekolah.data.kemdikbud.go.id/index.php/Chome/profil/02B15944-3AE2-4948-9E88-E6BC9FA36A5D,"Jln. Ki Mulud, Kp. Baru Rt. 001/03 Bojon... Bojongjaya Kec. Karawaci Kota Tangerang Prov. Banten",,Kota Tangerang,Banten
50103722,SMAS KERTHA WISATA,https://sekolah.data.kemdikbud.go.id/index.php/Chome/profil/3DAC1895-55AB-4966-840A-E6BD3014E421,"Jln. Setra Gandamayu, Desa Tukadmungga Tukadmungga Kec. Buleleng Kab. Buleleng Prov. Bali",Kab. Buleleng,,Bali
69985722,SMAN 2 Panggarangan,https://sekolah.data.kemdikbud.go.id/index.php/Chome/profil/6C71C412-EB4B-4E4B-A599-E6BDA1449CB8,Kp. Pamatanggedong RT.01 RW. 01 Gunung Gede Kec. Panggarangan Kab. Lebak Prov. Banten,Kab. Lebak,,Banten
70055991,SMA Sains Peradaban Al Amin,https://sekolah.data.kemdikbud.go.id/index.php/Chome/profil/7983214B-836C-44BE-8EF3-E6C03C41D468,Jl. Miramareu Kp. Baru Jati RT 003 RW 00... Mandalakasih Kec. Pameungpeuk Kab. Garut Prov. Jawa Barat,Kab. Garut,,Jawa Barat
50103122,SMA Negeri 5 Denpasar,https://sekolah.data.kemdikbud.go.id/index.php/Chome/profil/8307899A-B460-4B80-8DC7-E6CA4FA38B4A,JL. SANITASI DENPASAR Sidakarya Kec. Denpasar Selatan Kota Denpasar Prov. Bali,,Kota Denpasar,Bali
69946086,SMA NEGERI KEBERBAKATAN OLAHRAGA FLOBAMORATA,https://sekolah.data.kemdikbud.go.id/index.php/Chome/profil/C94AB6B3-8DD8-446C-8220-E6CFEA4CCE9B,"JALAN W. J. LALAMENTIK, STADION OEPOI KU... Oebufu Kec. Oebobo Kota Kupang Prov. Nusa Tenggara Timur",,Kota Kupang,Nusa Tenggara Timur
20227872,SMAS PGRI CIPEUNDEUY,https://sekolah.data.kemdikbud.go.id/index.php/Chome/profil/9384DFD2-E5F2-4DD9-A75C-E6D54A4F40A0,Jl. Cirata Margalaksana Margalaksana Kec. Cipeundeuy Kab. Bandung Barat Prov. Jawa Barat,Kab. Bandung Barat,,Jawa Barat
10260454,SMA NEGERI 2 LAHUSA,https://sekolah.data.kemdikbud.go.id/index.php/Chome/profil/F29503CA-A32D-400C-B5FD-E6D6D5920578,Desa Hilisimaetano Hilisimaetano Kec. Lahusa Kab. Nias Selatan Prov. Sumatera Utara,Kab. Nias Selatan,,Sumatera Utara
69894294,SMA IT WAHDAH ISLAMIYAH,https://sekolah.data.kemdikbud.go.id/index.php/Chome/profil/4F62FCAB-0D2C-4D17-B3A0-E6DAEB9CDCAB,JL. POROS MAJENE REA BARAT Patampanua Kec. Matakali Kab. Polewali Mandar Prov. Sulawesi Barat,Kab. Polewali Mandar,,Sulawesi Barat
10400365,SMA NEGERI 1 BANGKINANG KOTA,https://sekolah.data.kemdikbud.go.id/index.php/Chome/profil/CC4108A3-8089-42AC-BE56-E6E5C78662DA,Jl. Jend. Sudirman No. 65 Langgini Kec. Bangkinang Kota Kab. Kampar Prov. Riau,Kab. Kampar,,Riau
10209423,SMAS YAPIM KP PON,https://sekolah.data.kemdikbud.go.id/index.php/Chome/profil/17EC18F5-A392-44BA-ABCE-E6EAE8A9DFC0,JL. B ESAR DESA PON PON Kec. Sei Bamban Kab. Serdang Bedagai Prov. Sumatera Utara,Kab. Serdang Bedagai,,Sumatera Utara
69990689,SMA NUSA BANGSA LATA-LATA,https://sekolah.data.kemdikbud.go.id/index.php/Chome/profil/B25CEF08-3595-4CA4-9512-E6EE25407B3F,Jln. Siswa Desa Lata-lata Lata Lata Kec. Kasiruta Barat Kab. Halmahera Selatan Prov. Maluku Utara,Kab. Halmahera Selatan,,Maluku Utara
70013372,SMA NEGERI 2 LEMBOR,https://sekolah.data.kemdikbud.go.id/index.php/Chome/profil/9FDFB777-6A33-49EE-AA22-E6F576A255BA,"Jl. Malawatar Nangalili, Sambir Jong Tangge Kec. Lembor Kab. Manggarai Barat Prov. Nusa Tenggara Timur",Kab. Manggarai Barat,,Nusa Tenggara Timur
60103518,SMA Negeri 30 Maluku Tengah,https://sekolah.data.kemdikbud.go.id/index.php/Chome/profil/C811F8B2-6458-4CBE-AB3D-E6F71E741C7D,Jl. Boi Saidi RT.02 Wailing Spanciby Kec. Banda Kab. Maluku Tengah Prov. Maluku,Kab. Maluku Tengah,,Maluku
20218379,SMAN 2 TAMBUN SELATAN,https://sekolah.data.kemdikbud.go.id/index.php/Chome/profil/65BD6E6C-93D4-4114-96E3-E6F9B16CBF11,JL. ARIES PERUM SKU TAMBUN SELATAN KAB.B... Mekarsari Kec. Tambun Selatan Kab. Bekasi Prov. Jawa Barat,Kab. Bekasi,,Jawa Barat
69856246,SMA Negeri  1 BALAURING,https://sekolah.data.kemdikbud.go.id/index.php/Chome/profil/C0B1F349-29D7-4E38-97C3-E6FA227344FA,Jln Trans Lembata-Lokasi Lohu-Desa Balau... Balauring Kec. Omesuri Kab. Lembata Prov. Nusa Tenggara Timur,Kab. Lembata,,Nusa Tenggara Timur
10108216,SMA NEGERI 3 CITRA BANGSA TANAH JAMBOAYE,https://sekolah.data.kemdikbud.go.id/index.php/Chome/profil/3536E9D8-52A2-4015-A8D5-E6FB91FCBCD5,JL. T. UMAR RAWANG ITEK - PANTON LABU Rawang Itik Kec. Tanah Jambo Aye Kab. Aceh Utara Prov. Aceh,Kab. Aceh Utara,,Aceh
50102081,SMA Negeri 1 Sukawati,https://sekolah.data.kemdikbud.go.id/index.php/Chome/profil/F012C3A4-458D-4535-B5EA-E6FBCD923BAB,"Jl. Lettu Wayan Sutha, Sukawati, Gianyar Batuan Kec. Sukawati Kab. Gianyar Prov. Bali",Kab. Gianyar,,Bali
69964626,SMAN 1 BANYUSARI,https://sekolah.data.kemdikbud.go.id/index.php/Chome/profil/2A3FA6F7-18CC-444B-99E5-E6FC996D10B9,JL. Pengairan Desa Gempol Kecamatan Bany... Gempol Kec. Banyusari Kab. Karawang Prov. Jawa Barat,Kab. Karawang,,Jawa Barat
10107090,SMA NEGERI 1 PEUDADA,https://sekolah.data.kemdikbud.go.id/index.php/Chome/profil/D9790B06-E7AC-4B94-BED8-E70994006F73,JL. MEDAN - BANDA ACEH KM 209 PULO ARA P... Pulo Ara Kec. Peudada Kab. Bireuen Prov. Aceh,Kab. Bireuen,,Aceh
69786503,SMAS MAFAKATI KOTA TERNATE,https://sekolah.data.kemdikbud.go.id/index.php/Chome/profil/8BC6A908-C1C8-45A8-969D-E70F9A503DA6,JALAN PENDIDIKAN Togolobe KEC. PULAU HIRI Kota Ternate Prov. Maluku Utara,,Kota Ternate,Maluku Utara
10502400,SMAN 4 SUNGAI PENUH,https://sekolah.data.kemdikbud.go.id/index.php/Chome/profil/372F9026-8049-4B71-8DE4-E7130BFFEB6F,JL.ARIF RAHMAN HAKIM SUNGAI PENUH KELURAHAN SUNGAI PENUH Kec. Sungai Penuh Kota Sungai Penuh Prov. Jambi,,Kota Sungai Penuh,Jambi
20514371,SMAS PGRI SRENGAT,https://sekolah.data.kemdikbud.go.id/index.php/Chome/profil/68BAFD79-62BF-4AC7-9A34-E71CCD15C52F,DS.KENDALREJO SRENGAT Kendalrejo Kec. Srengat Kab. Blitar Prov. Jawa Timur,Kab. Blitar,,Jawa Timur
70050033,SMA Plus Ulumul Quran Aceh Selatan,https://sekolah.data.kemdikbud.go.id/index.php/Chome/profil/DFA5F027-3825-4421-8300-E722565C0FFD,Jl. Cut Ali Gampong Panjupian Kecamatan ... Panjupian Kec. Tapak Tuan Kab. Aceh Selatan Prov. Aceh,Kab. Aceh Selatan,,Aceh
60201658,SMA NEGERI 1 HALMAHERA SELATAN,https://sekolah.data.kemdikbud.go.id/index.php/Chome/profil/9CE0DA8E-E3D1-415D-A6B8-E724D02AD20E,JL. Inggoi Desa Labuha Labuha Kec. Bacan Kab. Halmahera Selatan Prov. Maluku Utara,Kab. Halmahera Selatan,,Maluku Utara
10609691,SMA SJAKHYAKIRTI PALEMBANG,https://sekolah.data.kemdikbud.go.id/index.php/Chome/profil/13126B31-EC7C-4140-ACE9-E727D4ECAF9D,Jl. SULTAN MANSYUR PALEMBANG 32 Ilir Kec. Ilir Barat II Kota Palembang Prov. Sumatera Selatan,,Kota Palembang,Sumatera Selatan
60203679,SMA NEGERI 36 HALMAHERA SELATAN,https://sekolah.data.kemdikbud.go.id/index.php/Chome/profil/91BFD1FF-E3F0-4CE9-BCDF-E7283569D73B,Jl.Paisu Loyang Rt. 06 Jiko Jiko Kec. Mandioli Selatan Kab. Halmahera Selatan Prov. Maluku Utara,Kab. Halmahera Selatan,,Maluku Utara
10303376,SMAN 6 SOLOK SELATAN,https://sekolah.data.kemdikbud.go.id/index.php/Chome/profil/B731D4AE-3EB8-49ED-98C6-E728D3FC709D,SUNGAI LAMBAI LUBUK GADANG SELATAN Kec. Sangir Kab. Solok Selatan Prov. Sumatera Barat,Kab. Solok Selatan,,Sumatera Barat
60303522,SMAN SAMBER,https://sekolah.data.kemdikbud.go.id/index.php/Chome/profil/817DD7D5-8766-414B-BE55-E738C7434146,JL. URFU SAMBER Samber Kec. Yendidori Kab. Biak Numfor Prov. Papua,Kab. Biak Numfor,,Papua
10259751,SMAS DHARMA PATRA PK SUSU,https://sekolah.data.kemdikbud.go.id/index.php/Chome/profil/1A41DFD8-5B07-48DB-927B-E74394CD0C2C,JL. BARUNA BUKIT KUNCI Alur Cempedak Kec. Pangkalan Susu Kab. Langkat Prov. Sumatera Utara,Kab. Langkat,,Sumatera Utara
10400875,SMAN 1 SIAK KECIL,https://sekolah.data.kemdikbud.go.id/index.php/Chome/profil/6DA47149-6A2B-48EB-A182-E751C6837EF1,JL. A.MANAF YAHYA Lubuk Muda Kec. Siak Kecil Kab. Bengkalis Prov. Riau,Kab. Bengkalis,,Riau
70046333,SMA AL QADRI ISLAMIC SCHOOL,https://sekolah.data.kemdikbud.go.id/index.php/Chome/profil/0E99D017-781E-4E2D-A0C9-E758DE5857F3,Jl. Briptu Suherman Penrang Kec. Watang Sawitto Kab. Pinrang Prov. Sulawesi Selatan,Kab. Pinrang,,Sulawesi Selatan
20227474,SMAN 1 GARUT,https://sekolah.data.kemdikbud.go.id/index.php/Chome/profil/6EDD9B6E-FB9B-4757-B76A-E75A54654C8A,JL. MERDEKA NO. 91 Jayaraga Kec. Tarogong Kidul Kab. Garut Prov. Jawa Barat,Kab. Garut,,Jawa Barat
60401551,SMAS YABT MANOKWARI,https://sekolah.data.kemdikbud.go.id/index.php/Chome/profil/CC44F998-BFBC-40B3-A4A2-E75F7B5D0E29,JL. PAHLAWAN Sanggeng Kec. Manokwari Barat Kab. Manokwari Prov. Papua Barat,Kab. Manokwari,,Papua Barat
70049075,SMA-IT ZAINUL HASAN NW,https://sekolah.data.kemdikbud.go.id/index.php/Chome/profil/1863BAF9-834F-44E6-B68D-E765F88EAB18,Jln. Mata Air Tojang Lendang Nangka Kec. Masbagik Kab. Lombok Timur Prov. Nusa Tenggara Barat,Kab. Lombok Timur,,Nusa Tenggara Barat
40310218,SMAS MUHAMMADIYAH 5 MAKASSAR,https://sekolah.data.kemdikbud.go.id/index.php/Chome/profil/2126417D-7163-4282-88FA-E76A45855EF7,Jl. Sabutung Baru No. 12 Cambaya Kec. Ujung Tanah Kota Makassar Prov. Sulawesi Selatan,,Kota Makassar,Sulawesi Selatan
60300179,SMAS YPK 2 SENTANI,https://sekolah.data.kemdikbud.go.id/index.php/Chome/profil/46993B47-BDFA-49D1-B81F-E76E35999F39,JL. RAYA ELUAY SENTANI Hobong Kec. Sentani Kab. Jayapura Prov. Papua,Kab. Jayapura,,Papua
70000071,SMA IT FITRAH INSANI,https://sekolah.data.kemdikbud.go.id/index.php/Chome/profil/2C8EE31C-6A86-44AE-80B0-E77629059F9B,Jl. Terusan Ragom Gawi III Kedaung Kec. Kemiling Kota Bandar Lampung Prov. Lampung,,Kota Bandar Lampung,Lampung
40403969,SMAN 1 ASERA,https://sekolah.data.kemdikbud.go.id/index.php/Chome/profil/A336B803-133A-4C9C-B520-E77A884BD0C1,JL. Lahulubala No. 1 Kel. Wanggudu Wanggudu Kec. Asera Kab. Konawe Utara Prov. Sulawesi Tenggara,Kab. Konawe Utara,,Sulawesi Tenggara
69760713,SMAN 13 PANGKAJENE DAN KEPULAUAN,https://sekolah.data.kemdikbud.go.id/index.php/Chome/profil/1BD56390-FD2F-4982-8643-E78B6EA1ACD7,Borong-Borong Kassi Loe Kec. Labakkang Kab. Pangkajene Dan Kepulauan Prov. Sulawesi Selatan,Kab. Pangkajene Dan Kepulauan,,Sulawesi Selatan
70049192,SMA ISLAM AL-ITTIHAD SAMBIK BANGKOL,https://sekolah.data.kemdikbud.go.id/index.php/Chome/profil/B67C2EA4-7185-43DF-900C-E79113300F9C,"Luk-Senjajak, Dusun Perpanda Sambik Bangkol Kec. Gangga Kab. Lombok Utara Prov. Nusa Tenggara Barat",Kab. Lombok Utara,,Nusa Tenggara Barat
60103904,SMA Negeri 19 Seram Bagian Barat,https://sekolah.data.kemdikbud.go.id/index.php/Chome/profil/8AE60F8E-C660-483F-AAEC-E792FB7FBD93,SUKARAJA Sukaraja Kec. Taniwel Timur Kab. Seram Bagian Barat Prov. Maluku,Kab. Seram Bagian Barat,,Maluku
20227833,SMA DARMAYANTI CIMAUNG,https://sekolah.data.kemdikbud.go.id/index.php/Chome/profil/8D18CE36-4674-4384-9D06-E793393E6C19,JL. CANGKUANG MADUR MALASARI CIMAUNG Malasari Kec. Cimaung Kab. Bandung Prov. Jawa Barat,Kab. Bandung,,Jawa Barat
10801945,SMAS PARAMARTA 1 SEP BANYAK,https://sekolah.data.kemdikbud.go.id/index.php/Chome/profil/205A81DA-8EBD-4FC0-8BFE-E793BA76B92D,JL. RAYA SUMBER BARU Sumber Baru Kec. Seputih Banyak Kab. Lampung Tengah Prov. Lampung,Kab. Lampung Tengah,,Lampung
20338802,SMAS ISLAM AL KAHFI SOMALANGU,https://sekolah.data.kemdikbud.go.id/index.php/Chome/profil/256FCE4A-E6DA-4FE1-83E6-E7957C94816E,KOMPLEK DOKTREN AL KAHFI Sumberadi Kec. Kebumen Kab. Kebumen Prov. Jawa Tengah,Kab. Kebumen,,Jawa Tengah
10402730,SMAN 1 PANGKALAN KERINCI,https://sekolah.data.kemdikbud.go.id/index.php/Chome/profil/8BC3B4AC-368A-4D79-996D-E79A76028114,"JL. MAHARAJA INDRA, PANGKALAN KERINCI Pangkalan Kerinci Timur Kec. Pangkalan Kerinci Kab.  Pelalawan Prov. Riau",Kab.  Pelalawan,,Riau
30200729,SMAS MUHAMMADIYAH BUNTOK,https://sekolah.data.kemdikbud.go.id/index.php/Chome/profil/F9E8CCE4-8E73-4135-8724-E79E9C537689,JL. PELITA  RAYA N0.41 Rt.25 Rw.5 Buntok Hilir Sper Kec. Dusun Selatan Kab. Barito Selatan Prov. Kalimantan Tengah,Kab. Barito Selatan,,Kalimantan Tengah
70010059,SMA KARAKTER BANGSA BOARDING SCHOOL,https://sekolah.data.kemdikbud.go.id/index.php/Chome/profil/740E20C4-D134-4FE3-AF1A-E7A5DFE43261,JLN. RAMANIA RT 3 L2 BLOK D Manunggal Jaya Kec. Tenggarong Seberang Kab. Kutai Kartanegara Prov. Kalimantan Timur,Kab. Kutai Kartanegara,,Kalimantan Timur
10210971,SMAN 19 MEDAN,https://sekolah.data.kemdikbud.go.id/index.php/Chome/profil/B7152FE2-91BE-4644-88BF-E7A85D5CE385,Jalan Seruwai Sei Mati Kec. Medan Labuhan Kota Medan Prov. Sumatera Utara,,Kota Medan,Sumatera Utara
20229749,SMAS PASUNDAN PLERED,https://sekolah.data.kemdikbud.go.id/index.php/Chome/profil/52734D68-37DB-4D1E-B653-E7AF6CBAFFFA,JL. WARUNG KANDANG PLERED GG COKLAT P L E R E D Kec. Plered Kab. Purwakarta Prov. Jawa Barat,Kab. Purwakarta,,Jawa Barat
40400754,SMA NEGERI 1 WAKORUMBA SELATAN,https://sekolah.data.kemdikbud.go.id/index.php/Chome/profil/B5D511F6-E955-4321-B13D-E7B0E1819718,JL. TAMAN SISWA NO.2 DESA PURE Pure Kec. Wakorumba Selatan Kab. Muna Prov. Sulawesi Tenggara,Kab. Muna,,Sulawesi Tenggara
20232337,SMAS HANURA,https://sekolah.data.kemdikbud.go.id/index.php/Chome/profil/30516DD2-9B30-4B77-B311-E7B2C45ACBB7,JL. BABAKAN KEMANG DS. CIHIDEUNG UDIK Cihideung Udik Kec. Ciampea Kab. Bogor Prov. Jawa Barat,Kab. Bogor,,Jawa Barat
20320376,SMA ASSALAFI SUSUKAN,https://sekolah.data.kemdikbud.go.id/index.php/Chome/profil/3800831F-4ED5-4F44-B6FA-E7B6E74E82E6,JL. PELTU SOEBOWO-SOEPANGAT KM.05 KENTEN... Kenteng Kec. Susukan Kab. Semarang Prov. Jawa Tengah,Kab. Semarang,,Jawa Tengah
50302619,SMA NEGERI 1 NANGAPANDA,https://sekolah.data.kemdikbud.go.id/index.php/Chome/profil/943BFF87-55EA-44BD-AB07-E7B73DE1C89D,JL. RAYA ENDE BAJAWA KM. 30 Ondorea Kec. Nangapanda Kab. Ende Prov. Nusa Tenggara Timur,Kab. Ende,,Nusa Tenggara Timur
69924466,SMA YPPGI DEKAI YAHUKIMO,https://sekolah.data.kemdikbud.go.id/index.php/Chome/profil/A4C2F167-96CC-4EDA-864B-E7BE74D70F53,DEKAI Dekai Kec. Dekai Kab. Yahukimo Prov. Papua Pegunungan,Kab. Yahukimo,,Papua Pegunungan
69904078,SMA AL-HASBI,https://sekolah.data.kemdikbud.go.id/index.php/Chome/profil/15B3B834-FBA6-48E6-AA86-E7C18BFFBFF7,Jl. Raya Cibeber Kp. Nyelempet Wetan Sukasari Kec. Cilaku Kab. Cianjur Prov. Jawa Barat,Kab. Cianjur,,Jawa Barat
20206131,SMAN 1 CIPEUNDEUY,https://sekolah.data.kemdikbud.go.id/index.php/Chome/profil/E3CC46D4-A319-4258-BE9B-E7C8A532C35D,JL. CINANGSI NANGGELENG CIPEUNDEUY NANGGELENG Kec. Cipeundeuy Kab. Bandung Barat Prov. Jawa Barat,Kab. Bandung Barat,,Jawa Barat
20402121,SMAN 1 PANGGANG,https://sekolah.data.kemdikbud.go.id/index.php/Chome/profil/1222BF33-067D-4280-9C38-E7C900D014DE,PUDAK GIRIWUNGU PANGGANG  55872 Giriwungu Kec. Panggang Kab. Gunungkidul Prov. D.I. Yogyakarta,Kab. Gunungkidul,,D.I. Yogyakarta
10103352,SMA NEGERI 1 SIMEULUE BARAT,https://sekolah.data.kemdikbud.go.id/index.php/Chome/profil/74196AE4-AB89-4AFD-B1B8-E7CE52E9A1E8,JL. Tgk.Ismail.No.01 Desa Malasin Kec.Si... Malasin Kec. Simeulue Barat Kab. Simeulue Prov. Aceh,Kab. Simeulue,,Aceh
20613545,SMAS HIRO,https://sekolah.data.kemdikbud.go.id/index.php/Chome/profil/06831CE5-58E4-4C74-B2FF-E7D35619ACD6,Jl. Raya Tanjung Pasir No. 32 Tegal Angus Kec. Teluk naga Kab. Tangerang Prov. Banten,Kab. Tangerang,,Banten
70039483,SMA Terpadu Babusalam Mentawak Baru Sarolangun,https://sekolah.data.kemdikbud.go.id/index.php/Chome/profil/B5F98F13-6BE5-4B3D-968F-E7D48A8B3D34,Jln. Krakatau Desa Mentawak Baru Air Hit... Mentawak Baru Kec. Air Hitam Kab. Sarolangun Prov. Jambi,Kab. Sarolangun,,Jambi
20220314,SMAS MUHAMMADIYAH,https://sekolah.data.kemdikbud.go.id/index.php/Chome/profil/EEC66046-CF8F-49A4-944F-E7D859248206,JL. MERDEKA NO.118 Empang Kec. Kota Bogor Selatan Kota Bogor Prov. Jawa Barat,,Kota Bogor,Jawa Barat
10112861,SMA NEGERI 15 TAKENGON BINAAN NENGGERI ANTARA,https://sekolah.data.kemdikbud.go.id/index.php/Chome/profil/D9A3C205-FEF5-4E15-A5B1-E7D8A823337C,JL. SP. KELAPING-LUKUP BADAK Simpang Kelaping Kec. Pegasing Kab. Aceh Tengah Prov. Aceh,Kab. Aceh Tengah,,Aceh
10205392,SMAN 1 KUALUH LEIDONG,https://sekolah.data.kemdikbud.go.id/index.php/Chome/profil/182C3511-8B49-4FC0-A749-E7DB9255EFCF,JL. STADION TANJUNG LEIDONG Tanjung Leidong Kec. Kualuh Leidong Kab. Labuhanbatu Utara Prov. Sumatera Utara,Kab. Labuhanbatu Utara,,Sumatera Utara
70032208,SMA BUMI CENDEKIA,https://sekolah.data.kemdikbud.go.id/index.php/Chome/profil/14B2A6D6-3FF7-4CF6-9525-E7DD17164973,Dusun Rajeg Lor Tirtoadi Kec. Mlati Kab. Sleman Prov. D.I. Yogyakarta,Kab. Sleman,,D.I. Yogyakarta
20235618,SMAS DARUL FATWA JATINANGOR,https://sekolah.data.kemdikbud.go.id/index.php/Chome/profil/80EED46C-0DC0-4DAB-A522-E7DE0153AA11,JL. JATIROKE - JATINANGOR - SUMEDANG Jatiroke Kec. Jatinangor Kab. Sumedang Prov. Jawa Barat,Kab. Sumedang,,Jawa Barat
10610320,SMAS PLUS ALHANNAN,https://sekolah.data.kemdikbud.go.id/index.php/Chome/profil/0BAE43D0-F278-4485-85EB-E7E042B6806B,JL.RAYA  SALI PAYAK DESA ULUDANAU KECAMA... Ulu Danau Kec. Sindang Danau Kab. Ogan Komering Ulu Selatan Prov. Sumatera Selatan,Kab. Ogan Komering Ulu Selatan,,Sumatera Selatan
20517734,SMAN 1 SUMBERMANJING,https://sekolah.data.kemdikbud.go.id/index.php/Chome/profil/70F9A29A-CBB9-45A3-9889-E7E059486C1F,JL.TAMBAKASRI Tambakasri Kec. Sumber Manjing Wetan Kab. Malang Prov. Jawa Timur,Kab. Malang,,Jawa Timur
20223076,SMAS MANDALAHAYU,https://sekolah.data.kemdikbud.go.id/index.php/Chome/profil/C6644F4E-11D3-4175-8AE6-E7E27A0F4EC1,JL. MARGAHAYU JAYA NO. 304 Margahayu Kec. Bekasi Timur Kota Bekasi Prov. Jawa Barat,,Kota Bekasi,Jawa Barat
20607820,SMAS NURUL MADAANY CIPANAS,https://sekolah.data.kemdikbud.go.id/index.php/Chome/profil/9B5575EE-3298-4FFE-B9C1-E7E2CC14D48E,JL. CIPANAS KM. 36 Sipayung Kec. Cipanas Kab. Lebak Prov. Banten,Kab. Lebak,,Banten
70055437,Sekolah Rakyat Menengah Atas 23 Pacitan,https://sekolah.data.kemdikbud.go.id/index.php/Chome/profil/F130C877-5BEA-42EC-BE60-E7EA18ACA12C,"Jl. H. Samanhudi No. 19 Kec. Pacitan, Ka... Pacitan Kec. Pacitan Kab. Pacitan Prov. Jawa Timur",Kab. Pacitan,,Jawa Timur
20613788,SMAN 1 KOPO,https://sekolah.data.kemdikbud.go.id/index.php/Chome/profil/1BE1DC6D-EF58-454C-9F32-E7F4563078C6,JL. Cikande-Kopo Garut Kec. Kopo Kab. Serang Prov. Banten,Kab. Serang,,Banten
69950985,SMA Negeri 24 Seram Bagian Barat,https://sekolah.data.kemdikbud.go.id/index.php/Chome/profil/D11174E6-5D39-4072-969E-E7F665073A4E,Dusun Eli Besar Desa Iha Kec. Huamual Kab. Seram Bagian Barat Prov. Maluku,Kab. Seram Bagian Barat,,Maluku
10205417,SMAS BHAYANGKARI 2 RANTAUPRAPAT,https://sekolah.data.kemdikbud.go.id/index.php/Chome/profil/3314E08A-C88E-4569-A029-E7F7D0B0C3D8,JL. T. Cik Di Tiro Rantau Prapat Kec. Rantau Utara Kab. Labuhanbatu Prov. Sumatera Utara,Kab. Labuhanbatu,,Sumatera Utara
10400366,SMA NEGERI 1 KUOK,https://sekolah.data.kemdikbud.go.id/index.php/Chome/profil/777CB2E2-3D54-412B-871D-E7F9DB1BD028,SUNGAI MAKI Kuok Kec. Kuok Kab. Kampar Prov. Riau,Kab. Kampar,,Riau
69855671,SMA ANNIDHAMIYAH,https://sekolah.data.kemdikbud.go.id/index.php/Chome/profil/1BB93EAF-F2A5-4C89-A9F8-E7FB1E3672C1,Jl. Sumber Kaljannah Dusun Jeppon Bindang Kec. Pasean Kab. Pamekasan Prov. Jawa Timur,Kab. Pamekasan,,Jawa Timur
69894202,SMA NEGERI 2 BANGKUNAT BELIMBING,https://sekolah.data.kemdikbud.go.id/index.php/Chome/profil/8FA48BFA-E359-4B7D-A2E1-E7FF41997D0E,JL. SUMUR PITU PEKON WAY HARU Way Haru KEC. BANGKUNAT Kab. Pesisir Barat Prov. Lampung,Kab. Pesisir Barat,,Lampung
69954754,SMA DIAN HARAPAN BANGKA,https://sekolah.data.kemdikbud.go.id/index.php/Chome/profil/B2F21AF4-74FD-4804-8DDA-E802DE0DC7B6,JL. SOEKARNO HATTA DUL Kec. Pangkalan Baru Kab. Bangka Tengah Prov. Kepulauan Bangka Belitung,Kab. Bangka Tengah,,Kepulauan Bangka Belitung
10107933,SMAN 1 PANTERAJA,https://sekolah.data.kemdikbud.go.id/index.php/Chome/profil/CCD894EF-6F77-4BEF-BD57-E80313592773,JL. BANDA ACEH - MEDAN. KM. 143. POS.241... Peurade Kec. Panteraja Kab. Pidie Jaya Prov. Aceh,Kab. Pidie Jaya,,Aceh
20339005,SMA JOYO KUSUMO,https://sekolah.data.kemdikbud.go.id/index.php/Chome/profil/C5094C6B-05E5-464A-BCB6-E8045539835D,DESA PASURUHAN RT 05 RW 02  KECAMATAN KA... Pasuruhan Kec. Kayen Kab. Pati Prov. Jawa Tengah,Kab. Pati,,Jawa Tengah
69984539,SMAS BUKIT TINGGI,https://sekolah.data.kemdikbud.go.id/index.php/Chome/profil/84F96018-9752-4CDD-9C6B-E80A43F77A80,DUSUN BAHAGIA Bonto Manurung Kec. Tompobulu Kab. Maros Prov. Sulawesi Selatan,Kab. Maros,,Sulawesi Selatan
70028407,SMA IT AL  QUDS,https://sekolah.data.kemdikbud.go.id/index.php/Chome/profil/9B28D1B8-085E-4541-9A08-E80AB7AA96BF,Jl H Yani Rt 007 Rw.003 Kuripan Babas Kec. Pagar Alam Utara Kota Pagar Alam Prov. Sumatera Selatan,,Kota Pagar Alam,Sumatera Selatan
20206151,SMAN 1 BALEENDAH,https://sekolah.data.kemdikbud.go.id/index.php/Chome/profil/0A592072-2DE1-4126-B455-E80E8E258AD3,JL. RAA. WIRANATAKUSUMAH NO. 30 BALEENDA... Baleendah Kec. Baleendah Kab. Bandung Prov. Jawa Barat,Kab. Bandung,,Jawa Barat
69787175,SMA NEGERI NENEI,https://sekolah.data.kemdikbud.go.id/index.php/Chome/profil/1D91837D-4A9B-4CCA-BBDB-E817C2BC03B1,Kampung Nenei Nenei Kec. Nenei Kab. Manokwari Selatan Prov. Papua Barat,Kab. Manokwari Selatan,,Papua Barat
10807018,SMAS YPPL PANJANG,https://sekolah.data.kemdikbud.go.id/index.php/Chome/profil/C0ABD331-679A-4849-A918-E8245344C88A,JL. KP. BARUNARIA Karang Maritim Kec. Panjang Kota Bandar Lampung Prov. Lampung,,Kota Bandar Lampung,Lampung
20100606,SMAS MUTIARA 1 JAKARTA,https://sekolah.data.kemdikbud.go.id/index.php/Chome/profil/8D80CEA6-E482-4F36-AC21-E825C5FA03A5,JL. KOMP. YOS SUDARSO II / 19 Kebon Bawang Kec. Tanjung Priok Kota Adm. Jakarta Utara Prov. D.K.I. Jakarta,,Kota Adm. Jakarta Utara,D.K.I. Jakarta
10494992,SMAN 1 PERHENTIAN RAJA,https://sekolah.data.kemdikbud.go.id/index.php/Chome/profil/43377D26-E20B-4D9E-88A9-E8289A978DDE,JL. RAYA PEKANBARU - TALUK KUANTAN Pantai Raja Kec. Perhentian Raja Kab. Kampar Prov. Riau,Kab. Kampar,,Riau
69981956,SMAS CAHAYA KEMULIAAN SOSOK,https://sekolah.data.kemdikbud.go.id/index.php/Chome/profil/22390D52-9D9D-4527-AA3C-E8292F7317EE,JL. BATANG TARANG Sosok Kec. Tayan Hulu Kab. Sanggau Prov. Kalimantan Barat,Kab. Sanggau,,Kalimantan Barat
69897019,SMA SABILUL HUDA,https://sekolah.data.kemdikbud.go.id/index.php/Chome/profil/FF94ADFB-6979-4925-ABFC-E8326D90B12E,Kp Baru Sindangsari RT 01 RW 01 Sukasukur Kec. Mangunreja Kab. Tasikmalaya Prov. Jawa Barat,Kab. Tasikmalaya,,Jawa Barat
70030107,SMA NEGERI 2 PINOH SELATAN,https://sekolah.data.kemdikbud.go.id/index.php/Chome/profil/2B4ED351-1D9A-43CC-845C-E83AEF1CCE66,JL. PROVINSI PINOH KOTA BARU Nanga Pintas Kec. Pinoh Selatan Kab. Melawi Prov. Kalimantan Barat,Kab. Melawi,,Kalimantan Barat
69947279,SMA ISTAFAD ISLAMIC SCHOOL,https://sekolah.data.kemdikbud.go.id/index.php/Chome/profil/EDF798C3-3618-4B37-A07B-E841D641CD12,JL RAYA MAUK KM. 15 Buaran Jati Kec. Sukadiri Kab. Tangerang Prov. Banten,Kab. Tangerang,,Banten
30203404,SMAS BINA CITA UTAMA,https://sekolah.data.kemdikbud.go.id/index.php/Chome/profil/1269C897-6E31-4CD5-8DF3-E84A668517B4,JL.TJILIK RIWUT KOMP.RUNGAN SARI Sei Gohong Kec. Bukit Batu Kota Palangka Raya Prov. Kalimantan Tengah,,Kota Palangka Raya,Kalimantan Tengah
60202502,SMAN 9 KOTA TERNATE,https://sekolah.data.kemdikbud.go.id/index.php/Chome/profil/7A557EAD-FEF1-4316-93F4-E84E879C7D3E,"Jl. Siswa, Kel, Moti Kota, Kec, Moti Tel... Moti Kota KEC. MOTI Kota Ternate Prov. Maluku Utara",,Kota Ternate,Maluku Utara
20536830,SMAS KATOLIK YOS SUDARSO BATU,https://sekolah.data.kemdikbud.go.id/index.php/Chome/profil/FE11AA47-8F0C-472F-BDB8-E84F16368DA5,JL. PANGLIMA SUDIRMAN NO. 67 BATU Ngaglik Kec. Batu Kota Batu Prov. Jawa Timur,,Kota Batu,Jawa Timur
69822774,SMA Negeri 48 Maluku Tengah,https://sekolah.data.kemdikbud.go.id/index.php/Chome/profil/D5FF5A37-F552-4591-B01C-E850FE86EE4C,Simalouw Sepa Kec. Amahai Kab. Maluku Tengah Prov. Maluku,Kab. Maluku Tengah,,Maluku
20244052,SMAS AL MAGHFIRAH,https://sekolah.data.kemdikbud.go.id/index.php/Chome/profil/E3C4A965-3180-49FD-9C22-E85527CED2C4,JL. KP. UTAN SETU TELAJUNG CIKARANG BARA... Telajung Kec. Cikarang Barat Kab. Bekasi Prov. Jawa Barat,Kab. Bekasi,,Jawa Barat
69772549,SMA Negeri 21 Seram Bagian Barat,https://sekolah.data.kemdikbud.go.id/index.php/Chome/profil/680D6B39-0D8F-4BBC-A51A-E85A2E4887C1,Batu Lubang Desa Luhu Kec. Huamual Kab. Seram Bagian Barat Prov. Maluku,Kab. Seram Bagian Barat,,Maluku
10404986,SMAS PGRI,https://sekolah.data.kemdikbud.go.id/index.php/Chome/profil/CF2855FC-4509-4625-AF13-E85CD9D7A7FB,JL.KESUMA Jaya Mukti Kec. Dumai Timur Kota Dumai Prov. Riau,,Kota Dumai,Riau
69990872,SMA NEGERI KANGAE,https://sekolah.data.kemdikbud.go.id/index.php/Chome/profil/94CCD095-48D0-4D82-B5EF-E860B154757A,RT. 11/ RW. 06 BLATAT - DESA KOKOWAHOR Kokowahor Kec. Kangae Kab. Sikka Prov. Nusa Tenggara Timur,Kab. Sikka,,Nusa Tenggara Timur
20318343,SMA NEGERI 1 JEPARA,https://sekolah.data.kemdikbud.go.id/index.php/Chome/profil/3689674D-A269-4B09-A92C-E8614054B6A8,Kelurahan Demaan RT. 01 RW. 02 Demaan Kec. Jepara Kab. Jepara Prov. Jawa Tengah,Kab. Jepara,,Jawa Tengah
20331894,SMA AL FATTAH,https://sekolah.data.kemdikbud.go.id/index.php/Chome/profil/42B0DC09-1EE3-4D32-AA89-E861A98C9485,Jl. Masjid Terboyo No. III Tambakrejo Kec. Gayamsari Kota Semarang Prov. Jawa Tengah,,Kota Semarang,Jawa Tengah
30302535,SMAN 1 DANAU PANGGANG,https://sekolah.data.kemdikbud.go.id/index.php/Chome/profil/F9039E4E-EAD7-40AB-BD52-E8660BA73C12,JL. SUKA RAMAI NO. 063 RT.4 Danau Panggang Kec. Danau Panggang Kab. Hulu Sungai Utara Prov. Kalimantan Selatan,Kab. Hulu Sungai Utara,,Kalimantan Selatan
69948476,SMA PERGURUAN ADVENT XV,https://sekolah.data.kemdikbud.go.id/index.php/Chome/profil/BE420269-FCD6-4093-9B08-E866BCC307FC,Jl. Pembaharuan No. 2 Kelapa Dua Wetan Kelapa Dua Wetan Kec. Ciracas Kota Adm. Jakarta Timur Prov. D.K.I. Jakarta,,Kota Adm. Jakarta Timur,D.K.I. Jakarta
70005430,SMAIT BAIT ET-TAUHIED,https://sekolah.data.kemdikbud.go.id/index.php/Chome/profil/A30D1B9B-20C0-450F-92D3-E8679EBF699F,Jalan Raya Ciracas-Sepang. Lingk. Batok ... Serang Kec. Serang Kota Serang Prov. Banten,,Kota Serang,Banten
70005347,SMA IT MISBAAHUSSUDUUR,https://sekolah.data.kemdikbud.go.id/index.php/Chome/profil/189C16B0-7640-41A3-A851-E86908AE876C,Jalan Nimun Boulevard Raya Grand Depok ... Jatimulya Kec. Cilodong Kota Depok Prov. Jawa Barat,,Kota Depok,Jawa Barat
10504623,SMAN 2 KOTA JAMBI,https://sekolah.data.kemdikbud.go.id/index.php/Chome/profil/F69E6566-2256-4207-B848-E8692BDC7BA6,JL. PANGERAN ANTASARI Talang Banjar Kec. Jambi Timur Kota Jambi Prov. Jambi,,Kota Jambi,Jambi
40318126,SMAN 24 BONE,https://sekolah.data.kemdikbud.go.id/index.php/Chome/profil/8F277F90-F324-4A7A-AC0E-E8698DFC055F,JL. POROS BONE WAJO Pattiro Kec. Dua Boccoe Kab. Bone Prov. Sulawesi Selatan,Kab. Bone,,Sulawesi Selatan
10504157,SMAN 5 TANJUNG JABUNG TIMUR,https://sekolah.data.kemdikbud.go.id/index.php/Chome/profil/0FC6CF0E-B741-40CC-9EE7-E86CB0437067,JL. HASANUDIN POROS BARAT BLOK D KEL. PA... Pandan Jaya Kec. Geragai Kab. Tanjung Jabung Timur Prov. Jambi,Kab. Tanjung Jabung Timur,,Jambi
10609639,SMA ETHIKA PALEMBANG,https://sekolah.data.kemdikbud.go.id/index.php/Chome/profil/A1586F1E-BFBF-48CB-B5A0-E874977244A7,JL. SEI SEPUTIH NO.3264 PLG Demang Lebar Daun Kec. Ilir Barat I Kota Palembang Prov. Sumatera Selatan,,Kota Palembang,Sumatera Selatan
40401166,SMAS LAKINA LIMBO,https://sekolah.data.kemdikbud.go.id/index.php/Chome/profil/25DFAF4F-B08A-45D5-ABCA-E876771542D1,JL. Sangia Wambulu No.71 Tolandona Kec. Sangia Wambulu Kab. Buton Tengah Prov. Sulawesi Tenggara,Kab. Buton Tengah,,Sulawesi Tenggara
40316629,SMAS MAHYAJATUL QURRA,https://sekolah.data.kemdikbud.go.id/index.php/Chome/profil/0D2488B8-29A9-4BC6-A19F-E879EF73D204,JL. MESJID RAYA Lassang Kec. Polombangkeng Utara Kab. Takalar Prov. Sulawesi Selatan,Kab. Takalar,,Sulawesi Selatan
70040919,SMA ISLAM TERPADU LEKOR,https://sekolah.data.kemdikbud.go.id/index.php/Chome/profil/1DE412A4-531E-4EBD-BDEB-E87C3052AC57,Kp. Lekor RT. 02 RW. 01 Lembang Kec. Leles Kab. Garut Prov. Jawa Barat,Kab. Garut,,Jawa Barat
50304069,SMAN 1 WAIKABUBAK,https://sekolah.data.kemdikbud.go.id/index.php/Chome/profil/5BBE4ABB-AE51-481C-9266-E87DD73CE445,JL.TERATAI NO. 6 Kodaka Kec. Kota Waikabubak Kab. Sumba Barat Prov. Nusa Tenggara Timur,Kab. Sumba Barat,,Nusa Tenggara Timur
10605915,SMA PGRI INDRALAYA UTARA,https://sekolah.data.kemdikbud.go.id/index.php/Chome/profil/5D30D142-B011-499E-848F-E87E639DD506,JL. RAYA NEGARA KM. 32 Timbangan Kec. Indralaya Utara Kab. Ogan Ilir Prov. Sumatera Selatan,Kab. Ogan Ilir,,Sumatera Selatan
30109983,SMA NEGERI 2 SUKADANA,https://sekolah.data.kemdikbud.go.id/index.php/Chome/profil/FE92EA4F-4896-46C9-B494-E87EF6A5A97B,JL. SUKADANA-KETAPANG Sejahtera Kec. Sukadana Kab. Kayong Utara Prov. Kalimantan Barat,Kab. Kayong Utara,,Kalimantan Barat
70040801,SMAN 1 PARINDU,https://sekolah.data.kemdikbud.go.id/index.php/Chome/profil/415C4AC5-9118-4567-A915-E88128895127,Dusun Senunuk Sebara Kec. Parindu Kab. Sanggau Prov. Kalimantan Barat,Kab. Sanggau,,Kalimantan Barat
70052011,SMA Swasta Dewani Akbar Serdang Bedagai,https://sekolah.data.kemdikbud.go.id/index.php/Chome/profil/E45DBD1D-CB0C-4444-904F-E88B9CFE7FDD,Jl. Besar Dusun XV Paya Lombang Kec. Tebing Tinggi Kab. Serdang Bedagai Prov. Sumatera Utara,Kab. Serdang Bedagai,,Sumatera Utara
10210826,SMAS TRI MURNI,https://sekolah.data.kemdikbud.go.id/index.php/Chome/profil/FE01232E-6823-4917-AE9A-E88C4C0EE60D,"JL. KL. YOS SUDARSO KM. 6,5 TANJUNG MULIA Kec. Medan Deli Kota Medan Prov. Sumatera Utara",,Kota Medan,Sumatera Utara
20500481,SMAN 1 CERME,https://sekolah.data.kemdikbud.go.id/index.php/Chome/profil/7A81B05C-5300-4669-8780-E8917A7D7388,JL. RAYA CERME LOR 176 CERME Ngabetan Kec. Cerme Kab. Gresik Prov. Jawa Timur,Kab. Gresik,,Jawa Timur
40402338,SMAN 1 WANGI-WANGI,https://sekolah.data.kemdikbud.go.id/index.php/Chome/profil/43B8280A-4F16-4B07-8957-E892A7D3A653,JL. LEBE UMARA NO. 1 Pongo Kec. Wangi-Wangi Kab. Wakatobi Prov. Sulawesi Tenggara,Kab. Wakatobi,,Sulawesi Tenggara
70004667,SMA IT INSAN CENDEKIA JAYAPURA,https://sekolah.data.kemdikbud.go.id/index.php/Chome/profil/F71715DC-9C85-445D-8BC5-E894D1BFC301,"Jl. Yowanibi-Polres, Perum Darsua Doyo B... Doyo Baru Kec. Waibu Kab. Jayapura Prov. Papua",Kab. Jayapura,,Papua
69849615,SMA NEGERI 1 BOAWAE,https://sekolah.data.kemdikbud.go.id/index.php/Chome/profil/672EBD06-C13F-4F9E-B451-E89C67910122,PADHAPAE - BOAWAE RAJA TIMUR Kec. Boawae Kab. Nagekeo Prov. Nusa Tenggara Timur,Kab. Nagekeo,,Nusa Tenggara Timur
40319016,SMAS MUHAMMADIYAH MALINO,https://sekolah.data.kemdikbud.go.id/index.php/Chome/profil/2ED0453B-3CAD-4D2F-9E17-E8A64585AD1D,JL.A MANGERANGI MALINO Malino Kec. Tinggi Moncong Kab. Gowa Prov. Sulawesi Selatan,Kab. Gowa,,Sulawesi Selatan
10214115,SMAS DHARMA KARYA,https://sekolah.data.kemdikbud.go.id/index.php/Chome/profil/0DF6DB85-DA6D-40CF-A7A7-E8A6590B6DF2,JL. PANTAI LABU SIDODADI Sidodadi Ramunia Kec. Beringin Kab. Deli Serdang Prov. Sumatera Utara,Kab. Deli Serdang,,Sumatera Utara
20104417,SMAS JOSUA,https://sekolah.data.kemdikbud.go.id/index.php/Chome/profil/31345023-A6FB-48F8-A59F-E8ACE1FA5CFF,Jl. Kota Bambu Utara II No. 08 Kota Bambu Utara Kec. Palmerah Kota Adm. Jakarta Barat Prov. D.K.I. Jakarta,,Kota Adm. Jakarta Barat,D.K.I. Jakarta
20319305,SMAS KY AGENG GIRI MRANGGEN,https://sekolah.data.kemdikbud.go.id/index.php/Chome/profil/40EDBB7A-FF65-483D-9DE4-E8ADF8AF073A,Jl. Raya Girikusumo 04/03 Banyumeneng Kec. Mranggen Kab. Demak Prov. Jawa Tengah,Kab. Demak,,Jawa Tengah
70049478,SMA IT MUTIARA GLOBAL,https://sekolah.data.kemdikbud.go.id/index.php/Chome/profil/33BB520D-CB7D-4E31-A1A5-E8B413496B8D,Jl. Kubang Raya Kualu Kec. Tambang Kab. Kampar Prov. Riau,Kab. Kampar,,Riau
20112438,SMAS CITRA KASIH,https://sekolah.data.kemdikbud.go.id/index.php/Chome/profil/6FE8C907-71E1-49E7-8CA0-E8B7EC97D0FB,CITRA GARDEN 5 BLOK H 3 Kalideres Kec. Kali Deres Kota Adm. Jakarta Barat Prov. D.K.I. Jakarta,,Kota Adm. Jakarta Barat,D.K.I. Jakarta
40402620,SMAS SEJAHTERA KENDARI,https://sekolah.data.kemdikbud.go.id/index.php/Chome/profil/5B5FC6F4-6EFB-4C7C-9C6A-E8B9248EE059,"JL. Liambo, No. 5 BTN II Bonggoeya Kec. Wua-Wua Kota Kendari Prov. Sulawesi Tenggara",,Kota Kendari,Sulawesi Tenggara
40311954,SMAS YP PGRI 3 MAKASSAR,https://sekolah.data.kemdikbud.go.id/index.php/Chome/profil/36EEE1EE-8011-49F6-AC17-E8BA87AFBBE5,JL. SINGA NO. 2 Bonto Biraeng Kec. Mamajang Kota Makassar Prov. Sulawesi Selatan,,Kota Makassar,Sulawesi Selatan
40302148,SMAN 1 BARRU,https://sekolah.data.kemdikbud.go.id/index.php/Chome/profil/1424967F-2317-4F64-8FD6-E8BE6686F4AA,JENDERAL SUDIRMAN NO. 32 Sumpang Binangae Kec. Barru Kab. Barru Prov. Sulawesi Selatan,Kab. Barru,,Sulawesi Selatan
40102405,SMAN 1 LIKUPANG,https://sekolah.data.kemdikbud.go.id/index.php/Chome/profil/B5A171FB-9EE4-499B-9099-E8C625D15047,Jl. Raya Likupang-Manado Likupang Satu Kec. Likupang Timur Kab. Minahasa Utara Prov. Sulawesi Utara,Kab. Minahasa Utara,,Sulawesi Utara
11002256,SMAN 1 BINTAN UTARA,https://sekolah.data.kemdikbud.go.id/index.php/Chome/profil/ED0175EA-287B-4DD8-A4BA-E8C8D9BBE737,JL. SEKERA NO. 11 TANJUNG UBAN UTARA Kec. Bintan Utara Kab. Bintan Prov. Kepulauan Riau,Kab. Bintan,,Kepulauan Riau
10400868,SMA NEGERI 1 TASIK PUTRI PUYU,https://sekolah.data.kemdikbud.go.id/index.php/Chome/profil/477E8AE3-9974-4C2E-BB09-E8CDFFF3E693,Jl. H. Tamrin no 01 kudap Kudap Kec. Tasik Putri Puyu Kab. Kepulauan Meranti Prov. Riau,Kab. Kepulauan Meranti,,Riau
70055452,Sekolah Rakyat Menengah Atas 38 Lombok Timur,https://sekolah.data.kemdikbud.go.id/index.php/Chome/profil/57E18479-747F-4951-8411-E8D4CC6A2FB7,Jl. Soekarno-Hatta Desa Suangi Kecamatan... Suangi Kec. Sakra Kab. Lombok Timur Prov. Nusa Tenggara Barat,Kab. Lombok Timur,,Nusa Tenggara Barat
70035109,SMA BOARDING AR-ROHMAT,https://sekolah.data.kemdikbud.go.id/index.php/Chome/profil/89D264AF-DAEB-4466-836C-E8D92100D858,Jl. Otista Kp. Cileungsing Rt 02 Rw 11 Pasawahan Kec. Tarogong Kaler Kab. Garut Prov. Jawa Barat,Kab. Garut,,Jawa Barat
10107101,SMA NEGERI 3 BIREUEN,https://sekolah.data.kemdikbud.go.id/index.php/Chome/profil/83FBA575-9113-4A5D-AC38-E8DA193EA4D0,Jalan Putro Bungsu Geulanggang Baro Kec. Kota Juang Kab. Bireuen Prov. Aceh,Kab. Bireuen,,Aceh
20503411,SMA NEGERI BARENG,https://sekolah.data.kemdikbud.go.id/index.php/Chome/profil/189CA8D3-AF18-421C-A04A-E8DA5E22D07F,SOEKARNO-HATTA Mojotengah Kec. Bareng Kab. Jombang Prov. Jawa Timur,Kab. Jombang,,Jawa Timur
60730392,SMA NEGERI 1 GEMEH,https://sekolah.data.kemdikbud.go.id/index.php/Chome/profil/06A2D79F-5266-425E-AE15-E8DBC1C93F24,Bambung Timur Bambung Timur Kec. Gemeh Kab. Kepulauan Talaud Prov. Sulawesi Utara,Kab. Kepulauan Talaud,,Sulawesi Utara
50308982,SMAN 1 LEMBOR SELATAN,https://sekolah.data.kemdikbud.go.id/index.php/Chome/profil/AB4C5E94-EF8C-4AD5-A1A2-E8E22C5117F6,AMBA Watu Rambung Kec. Lembor Selatan Kab. Manggarai Barat Prov. Nusa Tenggara Timur,Kab. Manggarai Barat,,Nusa Tenggara Timur
69978301,SMAN 5 TAMBUSAI UTARA,https://sekolah.data.kemdikbud.go.id/index.php/Chome/profil/F3F999C7-6238-4F56-9403-E8E6CBC5FB31,Jalan Pelajar Rantau Sakti Rantau Sakti Kec. Tambusai Utara Kab.  Rokan Hulu Prov. Riau,Kab.  Rokan Hulu,,Riau
10807576,SMAS PGRI,https://sekolah.data.kemdikbud.go.id/index.php/Chome/profil/68E183FE-78D4-46FE-A32C-E8EAA3D15C8A,JL. BATAM 22 Hadimulyo Barat Kec. Metro Pusat Kota Metro Prov. Lampung,,Kota Metro,Lampung
20508469,SMAN 1 KENDAL,https://sekolah.data.kemdikbud.go.id/index.php/Chome/profil/4B71C904-BC96-4B89-A450-E8EAC55DDA31,JL. RAYA NGAWI - KENDAL KM.32 Kendal Kec. Kendal Kab. Ngawi Prov. Jawa Timur,Kab. Ngawi,,Jawa Timur
70051173,SMA IT SAYYID UMAR,https://sekolah.data.kemdikbud.go.id/index.php/Chome/profil/6C5F1E3B-C242-45DC-B65D-E8F2BDE9741F,Jln Padat Karya Rt.002  Desa Aman Jaya Aman Jaya Kec. Buay Madang Kab. Ogan Komering Ulu Timur Prov. Sumatera Selatan,Kab. Ogan Komering Ulu Timur,,Sumatera Selatan
10100573,SMAN 1 INDRAJAYA,https://sekolah.data.kemdikbud.go.id/index.php/Chome/profil/466289DF-1BE9-4220-B7FB-E8F7AAF8B411,JL. CALEUE-GAROT Mesjid Tungkop Kec. Indrajaya Kab. Pidie Prov. Aceh,Kab. Pidie,,Aceh
20219271,SMAN 1 BANDUNG,https://sekolah.data.kemdikbud.go.id/index.php/Chome/profil/E0ED671A-7389-442C-95F2-E8F838D8EDA7,JL. IR. H. JUANDA NO. 93 Bandung Lebak Siliwangi Kec. Coblong Kota Bandung Prov. Jawa Barat,,Kota Bandung,Jawa Barat
20514351,SMAN 1 GARUM,https://sekolah.data.kemdikbud.go.id/index.php/Chome/profil/E95F96A2-3F07-4DE8-B826-E8FA62B22823,JL. RAYA BENCE GARUM Bence Kec. Garum Kab. Blitar Prov. Jawa Timur,Kab. Blitar,,Jawa Timur
60302718,SMA NEGERI 1 OKABA,https://sekolah.data.kemdikbud.go.id/index.php/Chome/profil/463BBB43-6A03-485A-9B82-E9082BFF4E67,Jln. Cenderawasi Okaba Okaba Kec. Okaba Kab. Merauke Prov. Papua Selatan,Kab. Merauke,,Papua Selatan
10807060,SMAN 14 BANDAR LAMPUNG,https://sekolah.data.kemdikbud.go.id/index.php/Chome/profil/E80E70DE-BD7F-4B60-AD3A-E909E8A75302,BUKIT KEMILING PERMAI KEMILING PERMAI Kec. Kemiling Kota Bandar Lampung Prov. Lampung,,Kota Bandar Lampung,Lampung
69807689,SMA NEGERI 2 BAYAN,https://sekolah.data.kemdikbud.go.id/index.php/Chome/profil/6E839605-5FB0-4CF2-A134-E90D416D5F03,ANCAK Karang Bajo Kec. Bayan Kab. Lombok Utara Prov. Nusa Tenggara Barat,Kab. Lombok Utara,,Nusa Tenggara Barat
10260457,SMA NEGERI 1 HIBALA,https://sekolah.data.kemdikbud.go.id/index.php/Chome/profil/72899FCE-4289-4DF7-B1B5-E90E917066F2,"Jl. Ujung Pasir, Desa Eho, Kecamatan Hib... Eho Kec. Hibala Kab. Nias Selatan Prov. Sumatera Utara",Kab. Nias Selatan,,Sumatera Utara
20535044,SMAS KATOLIK DIPONEGORO,https://sekolah.data.kemdikbud.go.id/index.php/Chome/profil/EDC689AE-2573-4CB0-ACE9-E90FA090F71D,JL. DIPONEGORO NO. 32 Bendogerit Kec. Sananwetan Kota Blitar Prov. Jawa Timur,,Kota Blitar,Jawa Timur
69756258,SMA SUP BYAKI FYADI,https://sekolah.data.kemdikbud.go.id/index.php/Chome/profil/D43B8479-5544-4DAA-9EE3-E91AA8F331D6,JL. BRONCO RIDGE I BIAK Brambaken Kec. Samofa Kab. Biak Numfor Prov. Papua,Kab. Biak Numfor,,Papua
50202421,SMAS MUHAMMADIYAH BOARDING SCHOOL SELONG,https://sekolah.data.kemdikbud.go.id/index.php/Chome/profil/9ECFE2F8-4851-4422-8230-E9228CCA0CDF,JL. TGH. UMAR NO. 22 Sandubaya Kec. Selong Kab. Lombok Timur Prov. Nusa Tenggara Barat,Kab. Lombok Timur,,Nusa Tenggara Barat
11000241,SMAN 1 KUNDUR,https://sekolah.data.kemdikbud.go.id/index.php/Chome/profil/EC831735-A8F8-490C-80C5-E92580A5B00F,JL. SUNARIO KM 3.5 TG BATU BARAT TANJUNG BATU BARAT Kec. Kundur Kab. Karimun Prov. Kepulauan Riau,Kab. Karimun,,Kepulauan Riau
20318346,SMAS WALISONGO PECANGAAN,https://sekolah.data.kemdikbud.go.id/index.php/Chome/profil/D29231A4-5EF6-4D9B-8FC8-E925D4749103,Desa Pecangaan Kulon RT. 03 RW. 03 Pecangaan Kulon Kec. Pecangaan Kab. Jepara Prov. Jawa Tengah,Kab. Jepara,,Jawa Tengah
40304500,SMAN 5 SINJAI,https://sekolah.data.kemdikbud.go.id/index.php/Chome/profil/89797561-FDD4-4F07-995E-E9268DE35DFA,JL. H. A. LATIEF NO. 6 Biringere Kec. Sinjai Utara Kab. Sinjai Prov. Sulawesi Selatan,Kab. Sinjai,,Sulawesi Selatan
10402058,SMAS MUHAMMADIYAH TEMBILAHAN,https://sekolah.data.kemdikbud.go.id/index.php/Chome/profil/CAEBE601-B84E-4C89-A102-E929A6ABFD0C,JL. PENDIDIKAN  NO.3 TEMBILAHAN Tembilahan Hilir Kec. Tembilahan Kab. Indragiri Hilir Prov. Riau,Kab. Indragiri Hilir,,Riau
30301782,SMAN 1 DAHA UTARA,https://sekolah.data.kemdikbud.go.id/index.php/Chome/profil/CB5E98FA-530C-4B75-AC08-E92A42809D9C,JL. KH. ABDULLAH Baruh Kembang Kec. Daha Utara Kab. Hulu Sungai Selatan Prov. Kalimantan Selatan,Kab. Hulu Sungai Selatan,,Kalimantan Selatan
20313835,SMAS ISLAM KARANGRAYUNG,https://sekolah.data.kemdikbud.go.id/index.php/Chome/profil/6EE4F7F6-D260-4FB7-A0AA-E931A3AB06D9,JL. RAYA KARANGRAYUNG - GODONG Mojoagung Kec. Karangrayung Kab. Grobogan Prov. Jawa Tengah,Kab. Grobogan,,Jawa Tengah
70037137,SMA SAINS AL-QUR`AN AL-ABROR SUKRA,https://sekolah.data.kemdikbud.go.id/index.php/Chome/profil/C6067E41-03F9-4CD0-B2C0-E935CD05EF83,Dusun Janggar Desa Ujunggebang Kecamatan... Ujunggebang Kec. Sukra Kab. Indramayu Prov. Jawa Barat,Kab. Indramayu,,Jawa Barat
69774524,SMAS MUHAMMADIYAH 1 WAKATOBI,https://sekolah.data.kemdikbud.go.id/index.php/Chome/profil/1406993A-7D34-436A-9550-E939C19C042F,Jln. Dusun Mina Bahari Mola Nelayan Bhak... Mola Nelayan Bakti Kec. Wangi-Wangi Selatan Kab. Wakatobi Prov. Sulawesi Tenggara,Kab. Wakatobi,,Sulawesi Tenggara
20319279,SMAN 1 DEMPET,https://sekolah.data.kemdikbud.go.id/index.php/Chome/profil/C30EF972-0995-4F1B-A1F7-E93AAF126A22,JL. RAYA DEMAK GODONG KM. 10 DEMPET Botosengon Kec. Dempet Kab. Demak Prov. Jawa Tengah,Kab. Demak,,Jawa Tengah
20102218,SMAN 26 JAKARTA,https://sekolah.data.kemdikbud.go.id/index.php/Chome/profil/607DDCBE-A5C9-46FD-9D7A-E93D486DA015,JL. TEBET BARAT IV Tebet Barat Kec. Tebet Kota Adm. Jakarta Selatan Prov. D.K.I. Jakarta,,Kota Adm. Jakarta Selatan,D.K.I. Jakarta
69948079,SMA INSAN KAMIL,https://sekolah.data.kemdikbud.go.id/index.php/Chome/profil/B2F306C2-2E2C-41CE-8552-E93F23C1AA11,JL. MARE DG. TALLI Lempangang Kec. Bajeng Kab. Gowa Prov. Sulawesi Selatan,Kab. Gowa,,Sulawesi Selatan
20307646,SMA MUHAMMADIYAH SALAMAN,https://sekolah.data.kemdikbud.go.id/index.php/Chome/profil/0E183225-E4B9-4F45-A97F-E940184665C3,JL. Magelang Purworejo Km.17 Kalisalak Kec. Salaman Kab. Magelang Prov. Jawa Tengah,Kab. Magelang,,Jawa Tengah
69949062,SMA IT TALEGONG,https://sekolah.data.kemdikbud.go.id/index.php/Chome/profil/E2FAD41F-6FE8-41A0-8020-E946880949D7,Kp. Pasir Angin RT 01 RW 01 Sukalaksana Kec. Talegong Kab. Garut Prov. Jawa Barat,Kab. Garut,,Jawa Barat
30400100,SMAN 1 PASIR BELENGKONG,https://sekolah.data.kemdikbud.go.id/index.php/Chome/profil/CE59E5A5-BF64-40BC-8CBA-E9479AC8EC7D,"JL. Negara KM. 12,5 Simpang Batu Pasir Belengkong Kec. Paser Belengkong Kab. Paser Prov. Kalimantan Timur",Kab. Paser,,Kalimantan Timur
69947379,SMA NEGERI 20 MERANGIN,https://sekolah.data.kemdikbud.go.id/index.php/Chome/profil/313E6E4B-6A07-427B-B542-E948B5751384,Jln. Poros Sungai Kapas-Mampun Baru Sungai Kapas Kec. Bangko Kab.  Merangin Prov. Jambi,Kab.  Merangin,,Jambi
10700686,SMA NEGERI 4 REJANG LEBONG,https://sekolah.data.kemdikbud.go.id/index.php/Chome/profil/9B7375AB-5FFA-4DC7-AC92-E949FE85E542,JL. SMA 4 NO. 03 Desa Teladan Kec. Curup Selatan Kab. Rejang Lebong Prov. Bengkulu,Kab. Rejang Lebong,,Bengkulu
10702415,SMA NEGERI 2 KOTA BENGKULU,https://sekolah.data.kemdikbud.go.id/index.php/Chome/profil/453921BD-9EA2-4A91-ADBB-E94A45007131,JL. MAHONI NO.14 Padang Jati Kec. Ratu Samban Kota Bengkulu Prov. Bengkulu,,Kota Bengkulu,Bengkulu
20222364,SMAN 1 CIREBON,https://sekolah.data.kemdikbud.go.id/index.php/Chome/profil/895D0340-7037-4265-8094-E94F20532204,JL. WAHIDIN SUDIROHUSODO NO. 81 Sukapura Kec. Kejaksan Kota Cirebon Prov. Jawa Barat,,Kota Cirebon,Jawa Barat
50305401,SMA KATOLIK SYURADIKARA,https://sekolah.data.kemdikbud.go.id/index.php/Chome/profil/2EF42128-6760-4C1E-B7E9-E951D7998475,JL. WIRAJAYA Kel. Onekore Kec. Ende Tengah Kab. Ende Prov. Nusa Tenggara Timur,Kab. Ende,,Nusa Tenggara Timur
69888811,SMA PGRI KATIBUNG,https://sekolah.data.kemdikbud.go.id/index.php/Chome/profil/3A09B4C5-858F-4B29-A5AE-E95FDA40D963,JL. SOEKARNO HATTA Tarahan Kec. Katibung Kab. Lampung Selatan Prov. Lampung,Kab. Lampung Selatan,,Lampung
20100218,SMAN 20 JAKARTA,https://sekolah.data.kemdikbud.go.id/index.php/Chome/profil/BDB9F716-2B3D-4672-85CA-E96130177858,JL. KREKOT BUNDER III/I Pasar Baru Kec. Sawah Besar Kota Adm. Jakarta Pusat Prov. D.K.I. Jakarta,,Kota Adm. Jakarta Pusat,D.K.I. Jakarta
69822810,SMA BINA KARYA,https://sekolah.data.kemdikbud.go.id/index.php/Chome/profil/22A1F886-A44A-4AF6-B061-E96423AF948E,Jln. Siswa SUMA Kec. Pulau Makian Kab. Halmahera Selatan Prov. Maluku Utara,Kab. Halmahera Selatan,,Maluku Utara
20325303,SMAN 1 DUKUHWARU,https://sekolah.data.kemdikbud.go.id/index.php/Chome/profil/A8A30BD8-6C0A-4205-9F31-E96D6684AE12,Jalan Pramuka Nomor 48 Dukuhwaru Kec. Dukuhwaru Kab. Tegal Prov. Jawa Tengah,Kab. Tegal,,Jawa Tengah
20521445,SMAN KLAKAH,https://sekolah.data.kemdikbud.go.id/index.php/Chome/profil/49D98DE5-8286-41C8-8C33-E9712D773206,JL. RAYA KLAKAH Mlawang Kec. Klakah Kab. Lumajang Prov. Jawa Timur,Kab. Lumajang,,Jawa Timur
50300268,SMA NEGERI 1 SEMAU,https://sekolah.data.kemdikbud.go.id/index.php/Chome/profil/FB38E794-A956-4721-8EB3-E97651282F6C,DESA OTAN - KEC SEMAU OTAN Kec. Semau Kab. Kupang Prov. Nusa Tenggara Timur,Kab. Kupang,,Nusa Tenggara Timur
69969029,SMA PENYIMBANG,https://sekolah.data.kemdikbud.go.id/index.php/Chome/profil/883A35ED-94BB-48D7-8E11-E976D1DEA84A,Jl. Teuku Umar Gg. Suci Kedaton Kec. Kedaton Kota Bandar Lampung Prov. Lampung,,Kota Bandar Lampung,Lampung
69964337,SMA AL - AZIZ ISLAMIC BOARDING SCHOOL,https://sekolah.data.kemdikbud.go.id/index.php/Chome/profil/28B678BB-DEF9-4353-9042-E977CA4BB74D,Jl. Gandrung Kp. Gandrung RT/RW 05/10 Jambudipa Kec. Cisarua Kab. Bandung Barat Prov. Jawa Barat,Kab. Bandung Barat,,Jawa Barat
70011608,SMAN 1 Cirinten,https://sekolah.data.kemdikbud.go.id/index.php/Chome/profil/74BAA077-5AB0-4206-A199-E97DD1199190,Jl. Raya Cirinten - Cigemblong KM.7 Cirinten Kec. Cirinten Kab. Lebak Prov. Banten,Kab. Lebak,,Banten
30110072,SMAS BINA MANDIRI,https://sekolah.data.kemdikbud.go.id/index.php/Chome/profil/F14414A5-F6AC-4680-9BC4-E97DD78E1FC4,DUSUN PENDAMAR Sei Deras Kec. Telok Pakedai Kab. Kubu Raya Prov. Kalimantan Barat,Kab. Kubu Raya,,Kalimantan Barat
70055443,Sekolah Rakyat Menengah Atas 29 Jayapura,https://sekolah.data.kemdikbud.go.id/index.php/Chome/profil/17AE5447-4C9E-4C85-9DC1-E97E6FEE9159,"Jl. Gerilyawan No.135, Awiyo, Kec. Abepu... Awiyo Kec. Abepura Kota Jayapura Prov. Papua",,Kota Jayapura,Papua
69900214,SMA NEGERI LEWA TIDAHU,https://sekolah.data.kemdikbud.go.id/index.php/Chome/profil/6213222D-F78A-4F40-A7A6-E97EBB309472,Jl. Lewa - Watumbelar Bidi Praing Kec. Lewa Tidahu Kab. Sumba Timur Prov. Nusa Tenggara Timur,Kab. Sumba Timur,,Nusa Tenggara Timur
10205396,SMAS KARYA TANI PANAI T S E,https://sekolah.data.kemdikbud.go.id/index.php/Chome/profil/23AB8E02-2AEA-4B3C-A6AF-E980BFD8F0E5,JL. BESAR AJAMU TANJUNG SARANG ELANG Sei Sentosa Kec. Panai Hulu Kab. Labuhanbatu Prov. Sumatera Utara,Kab. Labuhanbatu,,Sumatera Utara
70037335,SMA IP - ICBS RIAU,https://sekolah.data.kemdikbud.go.id/index.php/Chome/profil/D33FF1D9-B544-47CE-AED6-E98B082F86C2,Jl. Pusdiklat Kubang Jaya Kec. Siak Hulu Kab. Kampar Prov. Riau,Kab. Kampar,,Riau
70013944,SMA NEGERI 1 PANUMBANGAN,https://sekolah.data.kemdikbud.go.id/index.php/Chome/profil/164F313F-1D85-4412-8AAD-E98B8CC1701B,"Dusun Cibulakan, RT. 001 RW.004 Buanamekar Kec. Panumbangan Kab. Ciamis Prov. Jawa Barat",Kab. Ciamis,,Jawa Barat
10646177,SMAS YADIKA BATURAJA,https://sekolah.data.kemdikbud.go.id/index.php/Chome/profil/E001164F-DF05-40CE-AEBC-E98EC3F67D37,JL. SULTAN MAHMUD BADARUDDIN II SUKARAYA Sukaraya Kec. Baturaja Timur Kab. Ogan Komering Ulu Prov. Sumatera Selatan,Kab. Ogan Komering Ulu,,Sumatera Selatan
10308439,SMAN 2 LEMBANG JAYA,https://sekolah.data.kemdikbud.go.id/index.php/Chome/profil/3035EE07-BC82-48A6-8A55-E991AAD8AFE2,JL.BUKIT SILEH - SALAYO TANANG SALAYO TANANG BUKIK SILEH Kec. Lembang Jaya Kab. Solok Prov. Sumatera Barat,Kab. Solok,,Sumatera Barat
69969030,SMAN 1 LUMBOK SEMINUNG,https://sekolah.data.kemdikbud.go.id/index.php/Chome/profil/6D1F68B0-E989-4CFC-8148-E997A7300E56,Jl. Raya Wisata Lumbok Lombok Kec. Lumbok Seminung Kab. Lampung Barat Prov. Lampung,Kab. Lampung Barat,,Lampung
69961248,SMA IT PUTRI AL HANIF,https://sekolah.data.kemdikbud.go.id/index.php/Chome/profil/8C72653E-9C3C-4452-9B1B-E9982BE9F459,Jl. Perumnas Bumi Cibeber Kencana Cilego... Karangasem Kec. Cibeber Kota Cilegon Prov. Banten,,Kota Cilegon,Banten
70014461,SMA WAHIDIYAH,https://sekolah.data.kemdikbud.go.id/index.php/Chome/profil/D492B9AD-4B1A-4BF3-AA90-E99AD465B3FD,Desa Nirwana Kec Semendawai Timur Nirwana Kec. Semendawai Timur Kab. Ogan Komering Ulu Timur Prov. Sumatera Selatan,Kab. Ogan Komering Ulu Timur,,Sumatera Selatan
11003223,SMAN 1 SUGIE BESAR,https://sekolah.data.kemdikbud.go.id/index.php/Chome/profil/7F93928D-C4B4-49E8-8CD5-E99B52FCEE1A,JL.KEMPAS DUSUN NIUR NUR PERMAI Kec. Moro Kab. Karimun Prov. Kepulauan Riau,Kab. Karimun,,Kepulauan Riau
69988825,SMAS TAKHASSUS AL QURAN SINTANG,https://sekolah.data.kemdikbud.go.id/index.php/Chome/profil/E8544042-9FFD-4727-9C33-E99BF6F40BE9,JL. KUARI DUSUN TUAH MENUA Dak Jaya Kec. Binjai Hulu Kab. Sintang Prov. Kalimantan Barat,Kab. Sintang,,Kalimantan Barat
50220372,SMAS IT UTSMAN BIN AFFAN,https://sekolah.data.kemdikbud.go.id/index.php/Chome/profil/3CF87C61-9B97-42EC-94DC-E99C2870818F,JL. BENDUNGAN RAHALAYU Oo Kec. Dompu Kab. Dompu Prov. Nusa Tenggara Barat,Kab. Dompu,,Nusa Tenggara Barat
69948027,SMA Negeri 1 Sekerak,https://sekolah.data.kemdikbud.go.id/index.php/Chome/profil/96F21911-38FA-4CA4-B751-E99D4138E3B3,Jln Dusun Tani Kampung Sulum Kec Sekerak Sulum Kec. Sekerak Kab. Aceh Tamiang Prov. Aceh,Kab. Aceh Tamiang,,Aceh
10400371,SMA NEGERI 1 TAMBANG,https://sekolah.data.kemdikbud.go.id/index.php/Chome/profil/6A37881E-8D34-4FF2-BB03-E9A394403684,Jl. Pekanbaru - Bangkinang Km. 29 Sungai Pinang Kec. Tambang Kab. Kampar Prov. Riau,Kab. Kampar,,Riau
70047658,SMA Quran Daarul Hufaadz,https://sekolah.data.kemdikbud.go.id/index.php/Chome/profil/C5C59C81-01DE-439A-8324-E9A9EB91E668,Jl. Raya Cikande - Kopo Kp. Sebe RT.019 ... Rancasumur Kec. Kopo Kab. Serang Prov. Banten,Kab. Serang,,Banten
20402126,SMAN 1 WONOSARI,https://sekolah.data.kemdikbud.go.id/index.php/Chome/profil/C583A07D-E133-45A5-8284-E9AC865B93B6,Jalan Brigjen Katamso 04 Kepek Kec. Wonosari Kab. Gunungkidul Prov. D.I. Yogyakarta,Kab. Gunungkidul,,D.I. Yogyakarta
20606522,SMAS MARKUS,https://sekolah.data.kemdikbud.go.id/index.php/Chome/profil/EB9DC522-2E33-40C5-8185-E9AF6CB83F74,"Jl. M.H. Thamrin KM 4,5 Panunggangan Utara Kec. Pinang Kota Tangerang Prov. Banten",,Kota Tangerang,Banten
40200722,SMA NEGERI 2 SIGI,https://sekolah.data.kemdikbud.go.id/index.php/Chome/profil/67901F7B-C3A2-4BD3-9DA4-E9B1EFEBEB55,JL. DAYOSAWI NO.121 Kotarindau Kec. Dolo Kab. Sigi Prov. Sulawesi Tengah,Kab. Sigi,,Sulawesi Tengah
69775756,SMAS NURUL HIDAYAH 2,https://sekolah.data.kemdikbud.go.id/index.php/Chome/profil/C5BF45CB-19E2-4F43-869C-E9B964C54198,Jl. Tapaan TAPAAN Kec. Banyuates Kab. Sampang Prov. Jawa Timur,Kab. Sampang,,Jawa Timur
30202255,SMA KATOLIK SANTO ARNOLDUS JANSSEN KUALA KURUN,https://sekolah.data.kemdikbud.go.id/index.php/Chome/profil/7ACA0017-462F-4F4D-B433-E9C24E0F6500,JL.DAMANG GAMAN NO.01 KUALA KURUN Kuala Kurun Kec. Kurun Kab. Gunung Mas Prov. Kalimantan Tengah,Kab. Gunung Mas,,Kalimantan Tengah
10800709,SMAS LENTERA HARAPAN,https://sekolah.data.kemdikbud.go.id/index.php/Chome/profil/9EED9758-90D9-4A09-A90D-E9CB37F71564,JL.JATI AGUNG Sidodadi Asri Kec. Jati Agung Kab. Lampung Selatan Prov. Lampung,Kab. Lampung Selatan,,Lampung
10606485,SMAN 1 SEMENDAWAI TIMUR,https://sekolah.data.kemdikbud.go.id/index.php/Chome/profil/F7A98633-5A90-4142-B110-E9CCBE7FD562,"Jln.Raya Karang Melati, Desa Melati Agun... MELATI AGUNG Kec. Semendawai Timur Kab. Ogan Komering Ulu Timur Prov. Sumatera Selatan",Kab. Ogan Komering Ulu Timur,,Sumatera Selatan
20606289,SMAN 1 CILEGON,https://sekolah.data.kemdikbud.go.id/index.php/Chome/profil/61770921-A307-4AA7-ABA4-E9CD96010CBE,JL. KH. TB. ISMAIL KAV. BLOK F CILEGON CIWADUK Kec. Cilegon Kota Cilegon Prov. Banten,,Kota Cilegon,Banten
20577741,SMAS ISLAM TERPADU,https://sekolah.data.kemdikbud.go.id/index.php/Chome/profil/52279295-E090-4A07-9D0B-E9CDE7F0347F,NGLINGI NGASEM Bareng Kec. Ngasem Kab. Bojonegoro Prov. Jawa Timur,Kab. Bojonegoro,,Jawa Timur
20613885,SMAS ISLAM PEMBANGUNAN SAJIRA,https://sekolah.data.kemdikbud.go.id/index.php/Chome/profil/A9CDBB7A-E582-479E-9B12-E9CE8CAE5A1B,Jl.Kopi-Maja Km.01 Parungsari Kec. Sajira Kab. Lebak Prov. Banten,Kab. Lebak,,Banten
10400841,SMAN 1 RUPAT UTARA,https://sekolah.data.kemdikbud.go.id/index.php/Chome/profil/6DAF6CCC-B597-42F3-BBF7-E9D03F66133F,JL. ZAINAL SALEH Tanjung Medang Kec. Rupat Utara Kab. Bengkalis Prov. Riau,Kab. Bengkalis,,Riau
69896698,SMA TERPADU DARUSSAADAH,https://sekolah.data.kemdikbud.go.id/index.php/Chome/profil/9959C53B-98EC-46B8-A031-E9D226026B6D,Jln. Pondok Baru - Ramung Simpang Kala T... Bener Kelipah Utara Kec. Bener Kelipah Kab. Bener Meriah Prov. Aceh,Kab. Bener Meriah,,Aceh
10806030,SMAS KOSGORO SEKAMPUNG,https://sekolah.data.kemdikbud.go.id/index.php/Chome/profil/27370FDD-B3A9-4DDC-AEC5-E9D2F2088940,JL. MATARAM Sumber Gede Kec. Sekampung Kab. Lampung Timur Prov. Lampung,Kab. Lampung Timur,,Lampung
10804119,SMAS MUHAMMADIYAH MESUJI TIMUR,https://sekolah.data.kemdikbud.go.id/index.php/Chome/profil/FC779056-199B-4BC2-A094-E9D34A578CD4,"Jl. Ahmad Dahlan Tanjung Mas Rejo, Kec. ... Tanjung Mas Rejo Kec. Mesuji Timur Kab. Mesuji Prov. Lampung",Kab. Mesuji,,Lampung
69964064,SMA Plus Al-Fata,https://sekolah.data.kemdikbud.go.id/index.php/Chome/profil/645740E1-6FD8-4793-B6A2-E9D3B6A73869,Jln. Gayo Km. 6 Gunci Seuneubok Gunci Kec. Juli Kab. Bireuen Prov. Aceh,Kab. Bireuen,,Aceh
20101352,SMAS 3 GALATIA,https://sekolah.data.kemdikbud.go.id/index.php/Chome/profil/6D0B81AF-74EF-4134-90BB-E9D6F7EEF89D,JL. BAMBU LARANGAN NO.57 Pegadungan Kec. Kali Deres Kota Adm. Jakarta Barat Prov. D.K.I. Jakarta,,Kota Adm. Jakarta Barat,D.K.I. Jakarta
20222311,SMAN 6 CIREBON,https://sekolah.data.kemdikbud.go.id/index.php/Chome/profil/94FEAF47-95AA-460E-8BD8-E9D75D1A486E,JL. WAHIDIN SUDIROHUSODO NO. 79 Sukapura Kec. Kejaksan Kota Cirebon Prov. Jawa Barat,,Kota Cirebon,Jawa Barat
40401873,SMAN 6 KONAWE SELATAN,https://sekolah.data.kemdikbud.go.id/index.php/Chome/profil/1325E850-1E04-435F-8DDF-E9D990DF60CB,JL. POROS ANDOOLO - ANGATA Andoolo Kec. Andolo Kab. Konawe Selatan Prov. Sulawesi Tenggara,Kab. Konawe Selatan,,Sulawesi Tenggara
10600903,SMAN 1 TALANG UBI,https://sekolah.data.kemdikbud.go.id/index.php/Chome/profil/A36DFF05-AE83-4168-9C3C-E9DA1CC8D456,Jl. Beringin Talang Subur Talang Ubi Selatan KEC. TALANG UBI Kab. Penukal Abab Lematang Ilir Prov. Sumatera Selatan,Kab. Penukal Abab Lematang Ilir,,Sumatera Selatan
60300177,SMA YPPGI SENTANI,https://sekolah.data.kemdikbud.go.id/index.php/Chome/profil/CCDFE669-ACDC-41B0-880A-E9E0F789BFC8,JL. YAHIM SENTANI Dobonsolo Kec. Sentani Kab. Jayapura Prov. Papua,Kab. Jayapura,,Papua
69864665,SMA BAHRUL HUDA,https://sekolah.data.kemdikbud.go.id/index.php/Chome/profil/5F29231A-F4A4-45F3-8FB5-E9E1B54FC821,Dusun Sumber Anyar Larangan Tokol Kec. Tlanakan Kab. Pamekasan Prov. Jawa Timur,Kab. Pamekasan,,Jawa Timur
20509322,SMAN 2 MAGETAN,https://sekolah.data.kemdikbud.go.id/index.php/Chome/profil/8C78C8DB-96CF-4DB9-A0E8-E9EBD28C4594,Jl. Tripandita No. 2 Magetan Sukowinangun Kec. Magetan Kab. Magetan Prov. Jawa Timur,Kab. Magetan,,Jawa Timur
20510139,SMAS MUHAMMADIYAH 1 PONOROGO,https://sekolah.data.kemdikbud.go.id/index.php/Chome/profil/06DED01F-15A2-4B93-820F-E9F1F099B409,JL. BATORO KATONG 6B Nologaten Kec. Ponorogo Kab. Ponorogo Prov. Jawa Timur,Kab. Ponorogo,,Jawa Timur
20517832,SMAS ISLAM AL IKHLASH KASEMBON,https://sekolah.data.kemdikbud.go.id/index.php/Chome/profil/686E828B-7421-45C6-B442-E9F3AE626AAB,JL. RAYA NO.87 SUKOSARI Sukosari Kec. Kasembon Kab. Malang Prov. Jawa Timur,Kab. Malang,,Jawa Timur
20326462,SMA NEGERI 1 JATIBARANG,https://sekolah.data.kemdikbud.go.id/index.php/Chome/profil/25E518E0-03EB-47D3-AAEA-E9F8C9BC82E6,JL. RAYA KARANGLO TEGALWULUNG Karanglo Kec. Jatibarang Kab. Brebes Prov. Jawa Tengah,Kab. Brebes,,Jawa Tengah
20505057,SMA ISLAMIYAH SENORI,https://sekolah.data.kemdikbud.go.id/index.php/Chome/profil/C560D285-D450-4D17-BDEB-E9FB08999BDB,Jl. Prawiro Sadir No. 04 Jatisari Senori Jatisari Kec. Senori Kab. Tuban Prov. Jawa Timur,Kab. Tuban,,Jawa Timur
69986565,SMA NEGERI 2 PAGUYAMAN,https://sekolah.data.kemdikbud.go.id/index.php/Chome/profil/14C76BC8-DF88-4202-A39C-EA02CC742051,JALAN TRANS BONGO IV BONGO IV Kec. Paguyaman Kab. Boalemo Prov. Gorontalo,Kab. Boalemo,,Gorontalo
