kode,nama,link_profil,alamat,kabupaten,kota,provinsi
70011819,SMA NEGERI BINONG,https://sekolah.data.kemdikbud.go.id/index.php/Chome/profil/D034A666-48DB-415E-BBF9-C782BBA35996,Jl. Raya Binong No. 125 Binong Kec. Binong Kab. Subang Prov. Jawa Barat,Kab. Subang,,Jawa Barat
20603163,SMAS CENDERAWASIH II,https://sekolah.data.kemdikbud.go.id/index.php/Chome/profil/B28CD683-AD4C-4E1F-9E2A-C786B46DCE61,Komplek Deplu 74 Pondok Karya Kec. Pondok Aren Kota Tangerang Selatan Prov. Banten,,Kota Tangerang Selatan,Banten
69883641,SMA ISLAM BAITURRAHMAN MAHMUDI BEBUAK,https://sekolah.data.kemdikbud.go.id/index.php/Chome/profil/C4787BFB-3C34-4DA5-B9D0-C78922428DE4,Desa Bebuak Kecamatan Kopang Kabupaten L... Bebuaq Kec. Kopang Kab. Lombok Tengah Prov. Nusa Tenggara Barat,Kab. Lombok Tengah,,Nusa Tenggara Barat
10110903,SMA NEGERI 2 SIMEULUE BARAT,https://sekolah.data.kemdikbud.go.id/index.php/Chome/profil/0F1ACC51-8AE7-480C-BEA6-C78C3C137F21,JL . NUSANTARA NO. 02 DESA SIGULAI KEC. ... Sigulai Kec. Simeulue Barat Kab. Simeulue Prov. Aceh,Kab. Simeulue,,Aceh
70055695,SMA AL ABIDIN BILINGUAL BOARDING SCHOOL (ABBS) SUKOHARJO,https://sekolah.data.kemdikbud.go.id/index.php/Chome/profil/D674B2EA-98D9-4F34-A371-C7922B1C6E3D,Jalakan RT 02/03 Begajah Kec. Sukoharjo Kab. Sukoharjo Prov. Jawa Tengah,Kab. Sukoharjo,,Jawa Tengah
20338919,SMA NEGERI 1 KANDANGSERANG,https://sekolah.data.kemdikbud.go.id/index.php/Chome/profil/008A23C7-AF1A-482D-B070-C79BFCCB0869,Jl. Raya Kandangserang Kandangserang Kec. Kandangserang Kab. Pekalongan Prov. Jawa Tengah,Kab. Pekalongan,,Jawa Tengah
20600440,SMAS ISLAM PAGELARAN,https://sekolah.data.kemdikbud.go.id/index.php/Chome/profil/071C2491-D69C-4145-80EF-C79E3273E68D,JL. RAYA PAGELARAN KM. 4 CIPUTRI Pagelaran Kec. Pagelaran Kab. Pandeglang Prov. Banten,Kab. Pandeglang,,Banten
10809855,SMAN 2 TUMIJAJAR,https://sekolah.data.kemdikbud.go.id/index.php/Chome/profil/C14E5F7B-97A2-4B03-826F-C79FF1D002DD,Jln. Ki Hadjar Dewantara No 24 Margo Mulyo Kec. Tumijajar Kab. Tulang Bawang Barat Prov. Lampung,Kab. Tulang Bawang Barat,,Lampung
20584069,SMAS PLUS NURUL FALAH,https://sekolah.data.kemdikbud.go.id/index.php/Chome/profil/522002D5-6CB8-42B1-8410-C7A291599159,Jl. Pontren Nurul Falah Batubintang Batubintang Kec. Batu Marmar Kab. Pamekasan Prov. Jawa Timur,Kab. Pamekasan,,Jawa Timur
70041412,SMA ADVENT SUPIORI,https://sekolah.data.kemdikbud.go.id/index.php/Chome/profil/499242A3-444C-4BA5-8FA5-C7A470448330,Kampung Wafor Wafor Kec. Supiori Timur Kab. Supiori Prov. Papua,Kab. Supiori,,Papua
60201924,SMAS MUHAMMADIYAH GALELA,https://sekolah.data.kemdikbud.go.id/index.php/Chome/profil/ADEE7A9D-61EA-4837-985F-C7B4792DD4A6,Jl. Kapita Simon Towara Kec. Galela Kab. halmahera Utara Prov. Maluku Utara,Kab. halmahera Utara,,Maluku Utara
20510147,SMAN 2 PONOROGO,https://sekolah.data.kemdikbud.go.id/index.php/Chome/profil/E034166D-9830-4AA8-B948-C7C93D1427A9,JL. PACAR 24 Tonatan Kec. Ponorogo Kab. Ponorogo Prov. Jawa Timur,Kab. Ponorogo,,Jawa Timur
10814928,SMAN 1 SRAGI,https://sekolah.data.kemdikbud.go.id/index.php/Chome/profil/8605AFDA-6DFF-44C2-B0CD-C7CC808358EE,JL. LAPANGAN JATI Mandalasari Kec. Sragi Kab. Lampung Selatan Prov. Lampung,Kab. Lampung Selatan,,Lampung
30102526,SMAS IMMANUEL SINTANG,https://sekolah.data.kemdikbud.go.id/index.php/Chome/profil/B3F3B081-37EA-4446-909F-C7DBBFF943ED,JL. TELUK MENYURAI RT. 003 RW 008 Tanjung Puri Kec. Sintang Kab. Sintang Prov. Kalimantan Barat,Kab. Sintang,,Kalimantan Barat
40204252,SMAN 1 TINOMBO SELATAN,https://sekolah.data.kemdikbud.go.id/index.php/Chome/profil/1A9FEFFC-B8EA-4EFE-B38B-C7E21E07DE14,JL.TRANS SULAWESI LR. DANAU ALAGUT Maninili Kec. Tinombo Selatan Kab. Parigi Moutong Prov. Sulawesi Tengah,Kab. Parigi Moutong,,Sulawesi Tengah
69921972,SMAN 2 SUNGAI BEMBAN,https://sekolah.data.kemdikbud.go.id/index.php/Chome/profil/97FD87C7-5E48-4FEC-AC13-C7E44AC4F6EF,JL. Setia Harapan Sei Bemban Kec. Kubu Kab. Kubu Raya Prov. Kalimantan Barat,Kab. Kubu Raya,,Kalimantan Barat
10405547,SMAN 2 BAGAN SINEMBAH,https://sekolah.data.kemdikbud.go.id/index.php/Chome/profil/352FF018-A727-49A5-B78E-C7EA02ADA9CD,JL. GARUDA Pelita Kec. Bagan Sinembah Kab.  Rokan Hilir Prov. Riau,Kab.  Rokan Hilir,,Riau
50205210,SMAS DARUL MAHMUDIEN MT GAMANG,https://sekolah.data.kemdikbud.go.id/index.php/Chome/profil/BF91B8FC-CF22-47EF-A8A2-C7EC2B6E117F,Jln. Pendidikan No. 07 Montong Gamang Montong Gamang Kec. Kopang Kab. Lombok Tengah Prov. Nusa Tenggara Barat,Kab. Lombok Tengah,,Nusa Tenggara Barat
40401162,SMAN 1 SIOTAPINA,https://sekolah.data.kemdikbud.go.id/index.php/Chome/profil/314C5BCF-B9D9-4A66-885B-C7EDCF31274F,Jln. Poros Pasarwajo-Kamaru Km. 25 Matanauwe Kec. Siontapia Kab. Buton Prov. Sulawesi Tenggara,Kab. Buton,,Sulawesi Tenggara
10110281,SMA NEGERI 1 BLANGJERANGO,https://sekolah.data.kemdikbud.go.id/index.php/Chome/profil/6F657523-9655-4108-856F-C7F7ABC28FCE,JL. Dusun Comex No. 03 Desa Penosan Keca... Penosan Kec. Blangjerango Kab. Gayo Lues Prov. Aceh,Kab. Gayo Lues,,Aceh
10505652,SMAN 3 SAROLANGUN,https://sekolah.data.kemdikbud.go.id/index.php/Chome/profil/4A73ABE0-B9E1-4FD6-9098-C7FAE2BEEAD3,JLN. SAROLANGUN -TEMBESI KM 2 PAUH Pauh Kec. Pauh Kab. Sarolangun Prov. Jambi,Kab. Sarolangun,,Jambi
69892374,SMA ISLAM TERPADU BINTANG SEMBILAN,https://sekolah.data.kemdikbud.go.id/index.php/Chome/profil/50FD4E7A-EA06-4718-8112-C7FF5F5E0A0D,JALAN JURUSAN TANJUNG-POHGADING GERES Kec. Labuhan Haji Kab. Lombok Timur Prov. Nusa Tenggara Barat,Kab. Lombok Timur,,Nusa Tenggara Barat
69907243,SMA Alfalakhussaadah,https://sekolah.data.kemdikbud.go.id/index.php/Chome/profil/1FF87176-F6CD-465C-8990-C806E7B2316E,Kampung Tanjung Serupa Kecamatan Pakuan ... Tanjung Serupa Kec. Pakuan Ratu Kab. Way Kanan Prov. Lampung,Kab. Way Kanan,,Lampung
70010137,SMA Kristen  IPEKA Balikpapan,https://sekolah.data.kemdikbud.go.id/index.php/Chome/profil/94E897EF-D988-48D1-8BFA-C8089B9FAA4D,Jl. Sinar Mas Land Boulevard Kompleks Gr... GRAHA INDAH Kec. Balikpapan Utara Kota Balikpapan Prov. Kalimantan Timur,,Kota Balikpapan,Kalimantan Timur
40101432,SMAS PETRA SAWANG JAUH,https://sekolah.data.kemdikbud.go.id/index.php/Chome/profil/ED278021-A735-480D-B06F-C80A89D90249,MOHONG SAWANG Mohongsawang Kec. Kendahe Kab. Kepulauan Sangihe Prov. Sulawesi Utara,Kab. Kepulauan Sangihe,,Sulawesi Utara
50202412,SMAN 1 MASBAGIK,https://sekolah.data.kemdikbud.go.id/index.php/Chome/profil/AA07B450-0A33-44C9-A2E9-C8103C5A742D,JL. RAYA MASBAGIK SELATAN Masbagik Selatan Kec. Masbagik Kab. Lombok Timur Prov. Nusa Tenggara Barat,Kab. Lombok Timur,,Nusa Tenggara Barat
60102247,SMAS NAMBUASA TULEHU,https://sekolah.data.kemdikbud.go.id/index.php/Chome/profil/16D1EE3B-F574-44F9-887A-C810C53E273F,JL. RAYA TULEHU KM. 25 Tulehu Kec. Salahutu Kab. Maluku Tengah Prov. Maluku,Kab. Maluku Tengah,,Maluku
50202501,SMAN 1 WANASABA,https://sekolah.data.kemdikbud.go.id/index.php/Chome/profil/6904E52B-6306-4C8F-B9AB-C81195763851,"JLN. RAYA MATARAM, LABUHAN LOMBOK Wanasaba Kec. Wanasaba Kab. Lombok Timur Prov. Nusa Tenggara Barat",Kab. Lombok Timur,,Nusa Tenggara Barat
69939938,SMA SWASTA AS SUNNAH,https://sekolah.data.kemdikbud.go.id/index.php/Chome/profil/905F828A-8A47-4E14-9013-C81445D5BA17,Jalan Panteu Breuh - Ulee Rubek Dusun Tg... Matang Lada Kec. Seunuddon Kab. Aceh Utara Prov. Aceh,Kab. Aceh Utara,,Aceh
40103171,SMAS KOSGORO TOMOHON,https://sekolah.data.kemdikbud.go.id/index.php/Chome/profil/3B6C5623-7049-4EF9-8966-C822C5DE474A,KOTA TOMOHON TUMATANGTANG SATU Kec. Tomohon Selatan Kota Tomohon Prov. Sulawesi Utara,,Kota Tomohon,Sulawesi Utara
10220891,SMAS TUNAS BANGSA,https://sekolah.data.kemdikbud.go.id/index.php/Chome/profil/7292B2A6-7034-4947-BB7E-C82881AA51BF,Jl. S. Parman No. 6 Kwala Begumit Kwala Begumit Kec. Binjai Kab. Langkat Prov. Sumatera Utara,Kab. Langkat,,Sumatera Utara
20220349,SMAS YASIH,https://sekolah.data.kemdikbud.go.id/index.php/Chome/profil/93F503D2-AE3D-445C-8FAF-C84014C71CF7,JL. BARANANGSIANG INDAH CIKEAS Katulampa Kec. Kota Bogor Timur Kota Bogor Prov. Jawa Barat,,Kota Bogor,Jawa Barat
20100809,SMAN 18 JAKARTA,https://sekolah.data.kemdikbud.go.id/index.php/Chome/profil/A7544C54-2466-4C3C-9ED1-C841FBE37E39,JL. WARAKAS 1 TANJUNG PRIOK Warakas Kec. Tanjung Priok Kota Adm. Jakarta Utara Prov. D.K.I. Jakarta,,Kota Adm. Jakarta Utara,D.K.I. Jakarta
20532236,SMAN 16 SURABAYA,https://sekolah.data.kemdikbud.go.id/index.php/Chome/profil/2A397E1B-CCAA-484D-8C1B-C8477FD1F8A1,JL.  PRAPEN Panjang Jiwo Kec. Tenggilis Mejoyo Kota Surabaya Prov. Jawa Timur,,Kota Surabaya,Jawa Timur
70047598,SMA Alkairaat Lado,https://sekolah.data.kemdikbud.go.id/index.php/Chome/profil/FB65EB61-70BB-4888-BF5B-C847AA265AE6,Desa Lado Lado Kec. Sidoan Kab. Parigi Moutong Prov. Sulawesi Tengah,Kab. Parigi Moutong,,Sulawesi Tengah
69946512,SMA PLUS SINGAJAYA,https://sekolah.data.kemdikbud.go.id/index.php/Chome/profil/1AD5A7D1-09E8-48FD-B3E9-C84FC813820F,Kp. Cijungklang RT 01 RW 08 Girimukti Kec. Singajaya Kab. Garut Prov. Jawa Barat,Kab. Garut,,Jawa Barat
20216942,SMAN 1 KALIJATI,https://sekolah.data.kemdikbud.go.id/index.php/Chome/profil/1AC1F1FD-07FE-4B09-A05F-C85513B2A477,JL. RAYA TANGGULUN BARAT NO. 1 Tanggulun Barat Kec. Kalijati Kab. Subang Prov. Jawa Barat,Kab. Subang,,Jawa Barat
69976631,SMA NURUL HUDA,https://sekolah.data.kemdikbud.go.id/index.php/Chome/profil/92E142F4-4CF2-4D65-9303-C856CDDD6D12,TANJUNG PASIR Kuala Mandor A Kec. Kuala Mandor B Kab. Kubu Raya Prov. Kalimantan Barat,Kab. Kubu Raya,,Kalimantan Barat
50101133,SMA Negeri 1 Pupuan,https://sekolah.data.kemdikbud.go.id/index.php/Chome/profil/6075DADF-245B-4918-8FF5-C858A59002F4,JL. JURUSAN GUNUNG BATUKARU Pujungan Kec. Pupuan Kab. Tabanan Prov. Bali,Kab. Tabanan,,Bali
70051608,SMA Swasta IT Raudhatul Ulum,https://sekolah.data.kemdikbud.go.id/index.php/Chome/profil/4E1FDE5D-5674-4B19-80DC-C85B50BF7964,Jln. Abu Hamid Arongan Ceureucok Kec. Simpang Mamplam Kab. Bireuen Prov. Aceh,Kab. Bireuen,,Aceh
20218354,SMAN 1 PEBAYURAN,https://sekolah.data.kemdikbud.go.id/index.php/Chome/profil/F64065CA-7A26-4B94-B8DC-C86138E229E3,JL. RAYA PEBAYURAN KABUPATEN BEKASI Kertasari Kec. Pebayuran Kab. Bekasi Prov. Jawa Barat,Kab. Bekasi,,Jawa Barat
10805043,SMAS XAVERIUS PRINGSEWU,https://sekolah.data.kemdikbud.go.id/index.php/Chome/profil/E5D75472-D113-4ABF-8B6B-C8640948F05D,JL. MAWAR I NO. 32 Pringsewu Timur Kec. Pringsewu Kab. Pringsewu Prov. Lampung,Kab. Pringsewu,,Lampung
20319288,SMAS MUHAMMADIYAH 1 DEMAK,https://sekolah.data.kemdikbud.go.id/index.php/Chome/profil/6A9BB964-F6F0-42EE-A17C-C86449F414F4,JALAN KYAI JEBAT NO. 9 DEMAK Bintoro Kec. Demak Kab. Demak Prov. Jawa Tengah,Kab. Demak,,Jawa Tengah
20528663,SMAN 1 KEDUNGDUNG,https://sekolah.data.kemdikbud.go.id/index.php/Chome/profil/19BCB211-7B97-46B8-8ADD-C864A477056D,JL. RAYA KEDUNGDUNG Kedungdung Kec. Kedungdung Kab. Sampang Prov. Jawa Timur,Kab. Sampang,,Jawa Timur
69727090,SMAN 14 TANJUNG JABUNG  BARAT,https://sekolah.data.kemdikbud.go.id/index.php/Chome/profil/54DA8BE6-5079-4C89-A3B2-C86763230B32,JL. LINTAS KUALA TUNGKAL - PULAU KIJANG ... Pasar Senin Kec. Pengabuan Kab. Tanjung Jabung Barat Prov. Jambi,Kab. Tanjung Jabung Barat,,Jambi
60401961,SMAN 1 BINTUNI,https://sekolah.data.kemdikbud.go.id/index.php/Chome/profil/2C95CD02-5420-4F81-B327-C867AE4CBBAB,"Jl. Raya Bintuni, KM. 5 Wesiri - Bintuni... Bintuni Barat Kec. Bintuni Kab. Teluk Bintuni Prov. Papua Barat",Kab. Teluk Bintuni,,Papua Barat
20532112,SMAS WIDYA DARMA,https://sekolah.data.kemdikbud.go.id/index.php/Chome/profil/199CD3EE-640E-4F3F-9C21-C867E3369A80,JL. KETINTANG NO.147-151 SURABAYA Wonokromo Kec. Wonokromo Kota Surabaya Prov. Jawa Timur,,Kota Surabaya,Jawa Timur
40102633,SMAS PERTIWI MANADO,https://sekolah.data.kemdikbud.go.id/index.php/Chome/profil/108D9512-3C58-4ADA-A8E6-C871AB6E19A7,JL. YOS SUDARSO Tikala Baru Kec. Tikala Kota Manado Prov. Sulawesi Utara,,Kota Manado,Sulawesi Utara
69972549,SMA ISLAM TERPADU AL FATH,https://sekolah.data.kemdikbud.go.id/index.php/Chome/profil/B77C25D5-A643-4E01-BC81-C87C1962EA15,Jl. Merbabu Perum Gading Kencana Asri Karang Tengah Kec. Gunung Puyuh Kota Sukabumi Prov. Jawa Barat,,Kota Sukabumi,Jawa Barat
10604719,SMAS MUHAMMADIYAH TANJUNG LENGKAYAP,https://sekolah.data.kemdikbud.go.id/index.php/Chome/profil/DB898B0F-E04B-4672-8114-C87CBCCD26A0,DESA TANJUNG LENGKAYAP KEC. LENGKITI Tanjung Lengkayap Kec. Lengkiti Kab. Ogan Komering Ulu Prov. Sumatera Selatan,Kab. Ogan Komering Ulu,,Sumatera Selatan
70051634,SMA RAHMATAN LIL ALAMIN,https://sekolah.data.kemdikbud.go.id/index.php/Chome/profil/D5566549-FA21-490A-A319-C8820AE307F8,Jl. Bangko – Sungai Manau KM.6 Kungkai Kungkai Kec. Bangko Kab.  Merangin Prov. Jambi,Kab.  Merangin,,Jambi
20244679,SMAS YAKPI SUSUKAN,https://sekolah.data.kemdikbud.go.id/index.php/Chome/profil/DEDB2229-0E11-4D59-BE55-C886C270DCB5,JL. KH. BUNYAMIN NO. 03 Susukan Kec. Susukan Kab. Cirebon Prov. Jawa Barat,Kab. Cirebon,,Jawa Barat
20227469,SMAN 9 GARUT,https://sekolah.data.kemdikbud.go.id/index.php/Chome/profil/3CA42F7C-CA14-47D6-9E69-C888132FC081,JL. BOJONGSARI TANGSI NO. 224 Malangbong Kec. Malangbong Kab. Garut Prov. Jawa Barat,Kab. Garut,,Jawa Barat
20523814,SMAS BAITUL ARQOM,https://sekolah.data.kemdikbud.go.id/index.php/Chome/profil/E5705715-78BD-4287-8A3D-C888A2FEF59B,JL. KARANG DUREN NO. 32 Balung Lor Kec. Balung Kab. Jember Prov. Jawa Timur,Kab. Jember,,Jawa Timur
10494578,SMAS TRI TUNGGAL,https://sekolah.data.kemdikbud.go.id/index.php/Chome/profil/4E34FB63-4AC6-4274-BC65-C8969E37BABC,PULAU BURUNG Bukit Sari Intan Jaya Kec. Pulau Burung Kab. Indragiri Hilir Prov. Riau,Kab. Indragiri Hilir,,Riau
69774668,SMA NEGERI 41 MALUKU TENGAH,https://sekolah.data.kemdikbud.go.id/index.php/Chome/profil/39FB8F4C-9C3C-49E3-93D9-C89A3214A116,PORTHO Portho Kec. Saparua Kab. Maluku Tengah Prov. Maluku,Kab. Maluku Tengah,,Maluku
50308603,SMA NEGERI PLUS KOPI COLOL,https://sekolah.data.kemdikbud.go.id/index.php/Chome/profil/92BBC81D-E438-42F1-9B4E-C8A72C7434E5,BITING Ulu Wae Kec. Lamba Leda Timur (Poco Ranaka Timur) Kab. Manggarai Timur Prov. Nusa Tenggara Timur,Kab. Manggarai Timur,,Nusa Tenggara Timur
20222382,SMAS ISLAM AL-AZHAR CIREBON,https://sekolah.data.kemdikbud.go.id/index.php/Chome/profil/BDFC0D78-FDEE-45D9-A9CB-C8AA76554B67,JL. PILANG SETRAYASA NO. 31 Sukapura Kec. Kejaksan Kota Cirebon Prov. Jawa Barat,,Kota Cirebon,Jawa Barat
70033531,SMA TAHFIZH TERPADU EL QUDWAH,https://sekolah.data.kemdikbud.go.id/index.php/Chome/profil/74B8D5E8-0F20-49CF-8293-C8ABB649BD26,Keruwing Indah Jl. Cendrawasih No. 24 RT... Semangat Dalam Kec. Alalak Kab. Barito Kuala Prov. Kalimantan Selatan,Kab. Barito Kuala,,Kalimantan Selatan
20307643,SMAS SEMINARI MERTOYUDAN,https://sekolah.data.kemdikbud.go.id/index.php/Chome/profil/E5240128-A741-4632-8B52-C8AC6A48FD98,JL. MAYJEND BAMBANG SOEGENG NO. 15 Sumberrejo Kec. Mertoyudan Kab. Magelang Prov. Jawa Tengah,Kab. Magelang,,Jawa Tengah
69946581,SMA NEGERI KEULUANG,https://sekolah.data.kemdikbud.go.id/index.php/Chome/profil/2713D170-D1F5-46ED-8799-C8AD9F30F48B,Jl. Banda Aceh - Meulaboh Km.73 Jambo Masi Kec. Jaya Kab. Aceh Jaya Prov. Aceh,Kab. Aceh Jaya,,Aceh
69991233,SMA NURAIDA ISLAMIC BOARDING SCHOOL,https://sekolah.data.kemdikbud.go.id/index.php/Chome/profil/DCCDAD45-E473-46C2-A364-C8AF1819B9D1,Cimahpar Pakauman RT003/015 Cimahpar Kot... Cimahpar Kec. Kota Bogor Utara Kota Bogor Prov. Jawa Barat,,Kota Bogor,Jawa Barat
60303893,SMAS ADVENT SOGOKMO,https://sekolah.data.kemdikbud.go.id/index.php/Chome/profil/5C5342B6-1613-4ED2-84B0-C8B1280EB0CD,Jl. Raya Wamena - Kurima Asotipo Kec. Asotipo Kab. Jayawijaya Prov. Papua Pegunungan,Kab. Jayawijaya,,Papua Pegunungan
40310358,SMAN 11 PANGKAJENE DAN KEPULAUAN,https://sekolah.data.kemdikbud.go.id/index.php/Chome/profil/20591A34-5E4E-4E06-889D-C8BDA10712D8,JL. H.M. ARSYAD B NO. 5 Paddoang Doangan Kec. Pangkajene Kab. Pangkajene Dan Kepulauan Prov. Sulawesi Selatan,Kab. Pangkajene Dan Kepulauan,,Sulawesi Selatan
70040620,SMA ISLAM TERPADU AR-ROFI`I JATILUHUR,https://sekolah.data.kemdikbud.go.id/index.php/Chome/profil/E6D6B72C-F62A-4C5F-8D23-C8C36B829561,Dusun Karanganyar RT.03 RW.20 Rancah Kec. Rancah Kab. Ciamis Prov. Jawa Barat,Kab. Ciamis,,Jawa Barat
70051099,SMA NEGERI 1 NGADU NGALA,https://sekolah.data.kemdikbud.go.id/index.php/Chome/profil/954AF755-449A-486F-A669-C8CDC543097F,Desa Kakaha Kac. Ngadu Ngala Kakaha Kec. Ngadu Ngala Kab. Sumba Timur Prov. Nusa Tenggara Timur,Kab. Sumba Timur,,Nusa Tenggara Timur
70055795,SEKOLAH MENENGAH ATAS NEGERI 1 KUTAWARINGIN,https://sekolah.data.kemdikbud.go.id/index.php/Chome/profil/F77906C3-ABB4-46EA-99F2-C8D2734CF577,Desa Jatisari Kecamatan Kutawaringin Kab... Jatisari Kec. Kutawaringin Kab. Bandung Prov. Jawa Barat,Kab. Bandung,,Jawa Barat
20103179,SMAS MUHAMMADIYAH 4 JAKARTA,https://sekolah.data.kemdikbud.go.id/index.php/Chome/profil/511A2F1A-939F-439C-AC84-C8D526822C40,JL. DEWI SARTIKA 316 A Cawang Kec. Kramat Jati Kota Adm. Jakarta Timur Prov. D.K.I. Jakarta,,Kota Adm. Jakarta Timur,D.K.I. Jakarta
30203802,SMA NEGERI 1 KOTA BESI,https://sekolah.data.kemdikbud.go.id/index.php/Chome/profil/A81C7EFE-38F3-4031-8006-C8D8A5E9FC97,"JL. TENGKU GEMBO, KOTA BESI Kota Besi Hilir Kec. Kota Besi Kab. Kotawaringin Timur Prov. Kalimantan Tengah",Kab. Kotawaringin Timur,,Kalimantan Tengah
10506129,SMAS KRISTEN BINA KASIH KOTA JAMBI,https://sekolah.data.kemdikbud.go.id/index.php/Chome/profil/49FB949B-2F4E-482C-BC20-C8DC6625ACD7,JL. LOMBOK NO.4 RT 19 Kebun Handil Kec. Jelutung Kota Jambi Prov. Jambi,,Kota Jambi,Jambi
60100976,SMA Negeri 2 Buru Selatan,https://sekolah.data.kemdikbud.go.id/index.php/Chome/profil/BCCED56F-2F2A-441F-BAC0-C8E45FBA566B,WAELUA Siwar Kec. Ambalau Kab. Buru Selatan Prov. Maluku,Kab. Buru Selatan,,Maluku
60726120,SMAN 02 NEGERI AGUNG,https://sekolah.data.kemdikbud.go.id/index.php/Chome/profil/1E58011D-DB9C-43BD-8F10-C8F01A8F4718,KALIPAPAN Kali Papan Kec. Negeri Agung Kab. Way Kanan Prov. Lampung,Kab. Way Kanan,,Lampung
69861085,SMA AL MUBAROK,https://sekolah.data.kemdikbud.go.id/index.php/Chome/profil/CADDE19D-9020-4357-8AE6-C8F485A4F728,Jl. Sudomo Desa Jambewangi Kec. Sempu Jambewangi Kec. Sempu Kab. Banyuwangi Prov. Jawa Timur,Kab. Banyuwangi,,Jawa Timur
10502796,SMAN 5 MUARO JAMBI,https://sekolah.data.kemdikbud.go.id/index.php/Chome/profil/5FDFE905-A7FE-4881-8843-C8F8B270EA53,DS. ARANG - ARANG Arang Arang Kec. Kumpeh Ulu Kab.  Muaro Jambi Prov. Jambi,Kab.  Muaro Jambi,,Jambi
10204253,SMAS PANTI BUDAYA KISARAN,https://sekolah.data.kemdikbud.go.id/index.php/Chome/profil/65B42BE8-529B-4CD2-9607-C902C2F0EBBE,JL. DURIAN NO. 24 KISARAN Kisaran Naga Kec. Kisaran Timur Kab. Asahan Prov. Sumatera Utara,Kab. Asahan,,Sumatera Utara
69922924,SMA PERSIAPAN NEGERI BANGKO PUSAKO,https://sekolah.data.kemdikbud.go.id/index.php/Chome/profil/AEAECD2B-12A6-47B4-9D88-C90310ED4B4A,JL. PENDEKAR BAHAN Pematang Ibul Kec. Bangko Pusako Kab.  Rokan Hilir Prov. Riau,Kab.  Rokan Hilir,,Riau
30100382,SMAN 1 PALOH,https://sekolah.data.kemdikbud.go.id/index.php/Chome/profil/2907C266-8E56-4183-8690-C90651D59758,JL. RAYA NIBUNG PALOH Nibung Kec. Paloh Kab. Sambas Prov. Kalimantan Barat,Kab. Sambas,,Kalimantan Barat
69820644,SMAS AZ - ZAIN,https://sekolah.data.kemdikbud.go.id/index.php/Chome/profil/BEE3C05A-8F6A-4ED5-911B-C90E20B39E03,Jl. Desa Jelgung Jelgung Kec. Robatal Kab. Sampang Prov. Jawa Timur,Kab. Sampang,,Jawa Timur
20510152,SMAN 1 SAMBIT,https://sekolah.data.kemdikbud.go.id/index.php/Chome/profil/5BD39443-0269-4C79-9A56-C910969880FF,JL. PONOROGO - TRENGGALEK Besuki Kec. Sambit Kab. Ponorogo Prov. Jawa Timur,Kab. Ponorogo,,Jawa Timur
69772327,SMAN 1 MOMUNU,https://sekolah.data.kemdikbud.go.id/index.php/Chome/profil/9487F093-13DC-4809-8B77-C913295EAE72,"Jalan Kali Momunu, Desa Lamadong Lamadong 2 Kec. Momunu Kab. Buol Prov. Sulawesi Tengah",Kab. Buol,,Sulawesi Tengah
20549086,SMAS MA ARIF JOMBANG,https://sekolah.data.kemdikbud.go.id/index.php/Chome/profil/086422E9-467E-4B36-8727-C9153FEBFC07,JL. KI HAJAR DEWANTARA 11 Jombang desa J... Jombang Kec. Jombang Kab. Jember Prov. Jawa Timur,Kab. Jember,,Jawa Timur
69955069,SMAS FAIDLON NUJUM,https://sekolah.data.kemdikbud.go.id/index.php/Chome/profil/37ADFD04-8F63-4EE7-B1CF-C918205D1B8F,Dusun Karang Aor Taman Sareh Kec. Sampang Kab. Sampang Prov. Jawa Timur,Kab. Sampang,,Jawa Timur
20539241,SMA LITTLE SUN,https://sekolah.data.kemdikbud.go.id/index.php/Chome/profil/80A1B945-1E8C-4208-9C4E-C91A4CFD119F,Jalan Manyar Kartika No.48 Surabaya Menur Pumpungan Kec. Sukolilo Kota Surabaya Prov. Jawa Timur,,Kota Surabaya,Jawa Timur
20310414,SMA KRISTEN KALAM KUDUS SUKOHARJO,https://sekolah.data.kemdikbud.go.id/index.php/Chome/profil/DC71F59E-6E6C-4C96-A66C-C91AB3FADF2E,JL. DIPONEGORO KOMPLEK PERUMAHAN SOLO BA... Madegondo Kec. Grogol Kab. Sukoharjo Prov. Jawa Tengah,Kab. Sukoharjo,,Jawa Tengah
70050744,SMA NEGERI SAIFI,https://sekolah.data.kemdikbud.go.id/index.php/Chome/profil/45F35EFC-7F60-4252-A4DD-C91FFC458108,Dusun Towato Manggroholo Kec. Saifi Kab. Sorong Selatan Prov. Papua Barat Daya,Kab. Sorong Selatan,,Papua Barat Daya
10609622,SMA ARINDA PALEMBANG,https://sekolah.data.kemdikbud.go.id/index.php/Chome/profil/E4416283-4A12-4BEC-872C-C922B945CCE1,JL. ANGKATAN 45 PALEMBANG Lorok Pakjo Kec. Ilir Barat I Kota Palembang Prov. Sumatera Selatan,,Kota Palembang,Sumatera Selatan
69915725,SMA PEDULI BANGSA WARINGI,https://sekolah.data.kemdikbud.go.id/index.php/Chome/profil/B3F7DDCC-ECEA-4735-80B4-C9231563DC7A,Jln. Mangga Utang Desa Waringi Waringi Kec. Obi Utara Kab. Halmahera Selatan Prov. Maluku Utara,Kab. Halmahera Selatan,,Maluku Utara
40315297,SMAN 10 SIDENRENG RAPPANG,https://sekolah.data.kemdikbud.go.id/index.php/Chome/profil/D6211A6D-6819-4B88-B487-C9251983920A,JL. KORBAN 40.000 JIWA Baranti Kec. Baranti Kab. Sidenreng Rappang Prov. Sulawesi Selatan,Kab. Sidenreng Rappang,,Sulawesi Selatan
60102897,SMAS PGRI 4 KAIRATU,https://sekolah.data.kemdikbud.go.id/index.php/Chome/profil/C9F52F57-4274-42B0-8803-C9290BDA4827,KAMAL Kamal Kec. Kairatu Barat Kab. Seram Bagian Barat Prov. Maluku,Kab. Seram Bagian Barat,,Maluku
20503407,SMA NEGERI NGORO,https://sekolah.data.kemdikbud.go.id/index.php/Chome/profil/340E1A5D-C9B5-4D86-B702-C9299C25D2CD,JL.KAWI 6 NGORO Kauman Kec. Ngoro Kab. Jombang Prov. Jawa Timur,Kab. Jombang,,Jawa Timur
69985504,SMA Muhammadiyah Boarding School,https://sekolah.data.kemdikbud.go.id/index.php/Chome/profil/024287C5-48BB-4003-9E3B-C92A3C67FE0D,Jl. Katamso No.07 Poncowati Kec. Terbanggi Besar Kab. Lampung Tengah Prov. Lampung,Kab. Lampung Tengah,,Lampung
69899135,SMA TUNAS NUSANTARA,https://sekolah.data.kemdikbud.go.id/index.php/Chome/profil/4A949E9A-B9F8-4FD4-BB1C-C92C313AC5A9,Jl. Sopyan Sukendar No. 1 Parentas Kec. Cigalontang Kab. Tasikmalaya Prov. Jawa Barat,Kab. Tasikmalaya,,Jawa Barat
40311938,SMAS KATOLIK CENDRAWASIH,https://sekolah.data.kemdikbud.go.id/index.php/Chome/profil/F550AD0B-8E4F-4ED9-9BA4-C92EC20C584E,Jl.Opu Daeng Risadju No.61 Kunjung Mae Kec. Mariso Kota Makassar Prov. Sulawesi Selatan,,Kota Makassar,Sulawesi Selatan
70048523,SMA NEGERI 2 ROTE BARAT DAYA,https://sekolah.data.kemdikbud.go.id/index.php/Chome/profil/6193272B-9C42-4988-81FC-C935C900A8F7,JL. BATUNGGOIS Oelasin Kec. Rote Barat Daya Kab. Rote Ndao Prov. Nusa Tenggara Timur,Kab. Rote Ndao,,Nusa Tenggara Timur
69973672,SMA KRISTEN ARASTAMAR NDAO NUSE,https://sekolah.data.kemdikbud.go.id/index.php/Chome/profil/66AEC83D-7EFC-4FA7-965F-C9396D467E08,Oly Desa Ndao Nuse Kec. Ndao Nuse Kab. Rote Ndao Prov. Nusa Tenggara Timur,Kab. Rote Ndao,,Nusa Tenggara Timur
20613630,SMAS QOTHROTUL FALAH CIKULUR,https://sekolah.data.kemdikbud.go.id/index.php/Chome/profil/88656D0A-31E3-4E9D-89FC-C93DF9312EE7,JL. SAMPAY - CILELES KM. 5 CIKULUR Sumurbandung Kec. Cikulur Kab. Lebak Prov. Banten,Kab. Lebak,,Banten
70014566,SMA IT NURUL QURAN AL AZIZIYAH,https://sekolah.data.kemdikbud.go.id/index.php/Chome/profil/C40E60BF-F9CE-424B-BB35-C93E3547276E,Jl. TGH. Izzudin Bokhari Montong Are Rt/... Mandalika Kec. Sandubaya Kota Mataram Prov. Nusa Tenggara Barat,,Kota Mataram,Nusa Tenggara Barat
69985873,SMAN 18 Pandeglang,https://sekolah.data.kemdikbud.go.id/index.php/Chome/profil/60029C8D-CF27-47A5-9470-C944D8E18602,Jl Raya Munjul Km 01 Cikeusik Cikeusik Kec. Cikeusik Kab. Pandeglang Prov. Banten,Kab. Pandeglang,,Banten
40318240,SMAS BARRANG LOMPO,https://sekolah.data.kemdikbud.go.id/index.php/Chome/profil/4C634E18-3C8C-4377-AB5C-C94543A02D87,Pulau Barrang Lompo Barrang Lompo Kec. Kep. Sangkarrang Kota Makassar Prov. Sulawesi Selatan,,Kota Makassar,Sulawesi Selatan
20607862,SMAN 1 MUNCANG,https://sekolah.data.kemdikbud.go.id/index.php/Chome/profil/67553310-8ED9-400D-85AA-C947D02E30D2,JL. RAYA MUNCANG KM. 02 MUNCANG Sukanagara Kec. Muncang Kab. Lebak Prov. Banten,Kab. Lebak,,Banten
69760884,SMAS AL ANWARI,https://sekolah.data.kemdikbud.go.id/index.php/Chome/profil/8870F229-7F3F-4A6B-8860-C9494EC969C7,PP. Al-Anwari Antatar Tanah Merah Laok Tanah Merah Laok Kec. Tanah Merah Kab. Bangkalan Prov. Jawa Timur,Kab. Bangkalan,,Jawa Timur
40310209,SMAS ADDARAEN,https://sekolah.data.kemdikbud.go.id/index.php/Chome/profil/E27455FC-A14B-4499-A627-C94A366391B5,JL. SULTAN ALAUDDIN NO. 305 A Gunung Sari Kec. Rappocini Kota Makassar Prov. Sulawesi Selatan,,Kota Makassar,Sulawesi Selatan
20210779,SMAS PESANTREN CINTAWANA,https://sekolah.data.kemdikbud.go.id/index.php/Chome/profil/868C6735-5122-4CA8-8C76-C94F9D7B89C8,JL. KOMP. PESANTREN CINTAWANA Cikunten Kec. Singaparna Kab. Tasikmalaya Prov. Jawa Barat,Kab. Tasikmalaya,,Jawa Barat
20606849,SMAN 13 Tangerang,https://sekolah.data.kemdikbud.go.id/index.php/Chome/profil/8BD8EF94-F5AA-49AD-989F-C950BD4A4FE2,Jl.HOS COKROAMINOTO KOMP. GRIYA KENCANA ... Sudimara Barat Kec. Ciledug Kota Tangerang Prov. Banten,,Kota Tangerang,Banten
10505208,SMAS AL-MAARIF SINGKUT,https://sekolah.data.kemdikbud.go.id/index.php/Chome/profil/B68A1D16-08E1-4BD1-9666-C951F12A0666,Singkut IV Desa Sungai Merah Sungai Gedang Kec. Singkut Kab. Sarolangun Prov. Jambi,Kab. Sarolangun,,Jambi
70001469,SMAS IT JABAL RAHMAH,https://sekolah.data.kemdikbud.go.id/index.php/Chome/profil/8E6ABF6F-150E-4633-9ED2-C9522C080EAC,Bengkong Nusantara IVB Blok E No. 1-26 R... Sadai Kec. Bengkong Kota Batam Prov. Kepulauan Riau,,Kota Batam,Kepulauan Riau
20606546,SMAS ISLAM ASY SYAKIRIN,https://sekolah.data.kemdikbud.go.id/index.php/Chome/profil/6E1C13F3-6C71-4638-AC91-C95288588193,JL. KH. Hasyim Ashari KM.7 Pinang Kec. Pinang Kota Tangerang Prov. Banten,,Kota Tangerang,Banten
30300699,SMAN 1 KINTAP,https://sekolah.data.kemdikbud.go.id/index.php/Chome/profil/9320E4AD-CB1D-4E89-B15D-C959F86C9E4F,A. YANI-KASIH DANGSANAK RT 1 KM. 02 Kintapura Kec. Kintap Kab. Tanah Laut Prov. Kalimantan Selatan,Kab. Tanah Laut,,Kalimantan Selatan
20219272,SMAS YWKA,https://sekolah.data.kemdikbud.go.id/index.php/Chome/profil/B6332B6B-4AC5-438A-AC94-C95AE7519FE6,JL.ELANG II NO.3 Garuda Kec. Andir Kota Bandung Prov. Jawa Barat,,Kota Bandung,Jawa Barat
20304995,SMA PIUS GOMBONG,https://sekolah.data.kemdikbud.go.id/index.php/Chome/profil/EB6F49BD-2325-4AF3-BDC0-C95BAE84FCF6,JL. TENTARA PELAJAR NO. 288 Semanding Kec. Gombong Kab. Kebumen Prov. Jawa Tengah,Kab. Kebumen,,Jawa Tengah
20541254,SMAS TARUNA BHAKTI GONDANG,https://sekolah.data.kemdikbud.go.id/index.php/Chome/profil/9ED2FB7D-7AD0-4287-9400-C9619F27310B,JL.RAYA GONDANG DS. GONDANG Gondang Kec. Gondang Kab. Bojonegoro Prov. Jawa Timur,Kab. Bojonegoro,,Jawa Timur
30107392,SMAS NAHDLATUS SYUBBAN,https://sekolah.data.kemdikbud.go.id/index.php/Chome/profil/9F36E1A6-98BD-41D6-A333-C965BC4096C8,JL. APEL GG. APEL VII Sungai Jawi Luar Kec. Pontianak Barat Kota Pontianak Prov. Kalimantan Barat,,Kota Pontianak,Kalimantan Barat
70029620,SMAN 6 SAMPOLAWA,https://sekolah.data.kemdikbud.go.id/index.php/Chome/profil/950E9CCD-AE54-4175-A3B4-C96615B90D1E,JALAN POROS TIRA SAURANGI Tira Kec. Sampolawa Kab. Buton Selatan Prov. Sulawesi Tenggara,Kab. Buton Selatan,,Sulawesi Tenggara
20100628,SMAS BUDI AGUNG,https://sekolah.data.kemdikbud.go.id/index.php/Chome/profil/C216E3A5-87A8-478E-914E-C966D7BF333E,JL. TERUSAN BANDENGAN UTARA Pejagalan Kec. Penjaringan Kota Adm. Jakarta Utara Prov. D.K.I. Jakarta,,Kota Adm. Jakarta Utara,D.K.I. Jakarta
69967658,SMA NEGERI 1 ILE APE TIMUR,https://sekolah.data.kemdikbud.go.id/index.php/Chome/profil/C2A10E9B-36FA-44AA-977D-C96C19A51AAF,Desa Lamaau Lamaau Kec. Ile Ape Timur Kab. Lembata Prov. Nusa Tenggara Timur,Kab. Lembata,,Nusa Tenggara Timur
40301551,SMAN 4 TAKALAR,https://sekolah.data.kemdikbud.go.id/index.php/Chome/profil/80EFE432-F5E2-4488-81A6-C96F0D7B6D2A,JL.PENDIDIKAN SAWAKUNG TAMASAJU GALUT Tamasaju Kec. Galesong Utara Kab. Takalar Prov. Sulawesi Selatan,Kab. Takalar,,Sulawesi Selatan
20305028,SMA NEGERI 1 PEJAGOAN,https://sekolah.data.kemdikbud.go.id/index.php/Chome/profil/2C7782DE-EB7E-4633-A229-C979DDD5000E,"Jl. KH Ahmad Dahlan KM 4, Menteyek Kebulusan Kec. Pejagoan Kab. Kebumen Prov. Jawa Tengah",Kab. Kebumen,,Jawa Tengah
69905601,SMAN 18 TANJUNG JABUNG  BARAT,https://sekolah.data.kemdikbud.go.id/index.php/Chome/profil/7FC00D8C-D8CC-4067-B266-C980A0B57B10,JL. Lintas Tengah Desa Sungai Rotan RT 0... Sungai Rotan Kec. Renah Mendaluh Kab. Tanjung Jabung Barat Prov. Jambi,Kab. Tanjung Jabung Barat,,Jambi
69953268,SMAN 2 BINTAN PESISIR,https://sekolah.data.kemdikbud.go.id/index.php/Chome/profil/4E4AEFFD-3C3A-418B-98E0-C9815C4E7C5C,JL. Bukit Cermin Kelong Kec. Bintan Pesisir Kab. Bintan Prov. Kepulauan Riau,Kab. Bintan,,Kepulauan Riau
20403179,SMAN 4 YOGYAKARTA,https://sekolah.data.kemdikbud.go.id/index.php/Chome/profil/59EEB396-85F1-4A9A-B62D-C983474B611A,Jl. Magelang Karangwaru Lor Karangwaru Kec. Tegalrejo Kota Yogyakarta Prov. D.I. Yogyakarta,,Kota Yogyakarta,D.I. Yogyakarta
60205821,SMA LPM KOITITI,https://sekolah.data.kemdikbud.go.id/index.php/Chome/profil/B7F37E57-8DD2-4877-B4E4-C98569B3291B,JL. BARU KOITITI Koititi Kec. Gane Barat Kab. Halmahera Selatan Prov. Maluku Utara,Kab. Halmahera Selatan,,Maluku Utara
20253898,SMAS ISLAM ANNUR BABELAN,https://sekolah.data.kemdikbud.go.id/index.php/Chome/profil/ABBEE8A5-1A07-4BE1-B531-C9898F5E60E9,KP.KERANGKENG RT 05/03 Bunibakti Kec. Babelan Kab. Bekasi Prov. Jawa Barat,Kab. Bekasi,,Jawa Barat
20232338,SMAS IBNU AQIL,https://sekolah.data.kemdikbud.go.id/index.php/Chome/profil/C2935D9D-676F-4885-A130-C98C61994C11,JL. Lingkar Laladon No. 256 Laladon Kec. Ciomas Kab. Bogor Prov. Jawa Barat,Kab. Bogor,,Jawa Barat
69880556,SMA HIJROTUL MUNAWAROH,https://sekolah.data.kemdikbud.go.id/index.php/Chome/profil/50FFB048-DC44-43C9-AE73-C991CCC3363E,DESA KARANG TIRTA Karang Tirta Kec. Lalan Kab. Musi Banyuasin Prov. Sumatera Selatan,Kab. Musi Banyuasin,,Sumatera Selatan
70005571,SMA NEGERI YALENGGA,https://sekolah.data.kemdikbud.go.id/index.php/Chome/profil/4FFA35D1-5439-4F14-900E-C995410DE7F5,Jl. Trans Wamena- Tolikara KM 39 Yalengg... Wananuk Dua Kec. Yalengga Kab. Jayawijaya Prov. Papua Pegunungan,Kab. Jayawijaya,,Papua Pegunungan
10107093,SMA NEGERI 1 PEUSANGAN SELATAN,https://sekolah.data.kemdikbud.go.id/index.php/Chome/profil/956EE8CD-C3D9-4070-84E5-C99F99B78B41,JL. TGK. BALE Uteun Ghatom Kec. Peusangan Selatan Kab. Bireuen Prov. Aceh,Kab. Bireuen,,Aceh
20200681,SMAN 1 CILEUNGSI,https://sekolah.data.kemdikbud.go.id/index.php/Chome/profil/6C4672BD-B7F7-4135-ABD9-C9A553A8DBF8,Jl. Pasar Lama No. 66 Cileungsi Cileungsi Kec. Cileungsi Kab. Bogor Prov. Jawa Barat,Kab. Bogor,,Jawa Barat
60724575,SMAN 4 BAGAN SINEMBAH,https://sekolah.data.kemdikbud.go.id/index.php/Chome/profil/40CD2BAE-1ECC-4745-9A74-C9A6BB6DE6CB,JL.LINTAS BAKTI MAKMUR BAKTI MAKMUR Kec. Bagan Sinembah Kab.  Rokan Hilir Prov. Riau,Kab.  Rokan Hilir,,Riau
10210868,SMA SWASTA YPK MEDAN,https://sekolah.data.kemdikbud.go.id/index.php/Chome/profil/D4111043-3F44-4DE8-B585-C9A9B3D13F84,JL. SAKTI LUBIS GG. PEGAWAI NO. 8 MEDAN Siti Rejo I Kec. Medan Kota Kota Medan Prov. Sumatera Utara,,Kota Medan,Sumatera Utara
70043757,SMA PRIBADI PREMIERE,https://sekolah.data.kemdikbud.go.id/index.php/Chome/profil/FF19F7E0-88A5-4E3A-84B3-C9AAA3BA796A,Jl. Boelevard Grand Depok City RT. 001 R... Tirtajaya Kec. Sukmajaya Kota Depok Prov. Jawa Barat,,Kota Depok,Jawa Barat
10103096,SMAN 1 BAMBEL,https://sekolah.data.kemdikbud.go.id/index.php/Chome/profil/30B3A5F0-D6CB-444A-841E-C9AFA063E07F,JL. MEDAN - KUTACANE RIKIT BUR Rikit Bur Kec. Bukit Tusam Kab. Aceh Tenggara Prov. Aceh,Kab. Aceh Tenggara,,Aceh
20401158,SMAS MUHAMMADIYAH MLATI,https://sekolah.data.kemdikbud.go.id/index.php/Chome/profil/54968E1D-3DCC-460E-8139-C9AFA5090DB3,JL. MAGELANG KM.7 YOGYAKARTA Sinduadi Kec. Mlati Kab. Sleman Prov. D.I. Yogyakarta,Kab. Sleman,,D.I. Yogyakarta
20601879,SMAN 1 CIPANAS,https://sekolah.data.kemdikbud.go.id/index.php/Chome/profil/02BD685C-0052-419B-808D-C9B324EAA07F,JL. RAYA MUNCANG NO. 44 CIPANAS Haurgajrug Kec. Cipanas Kab. Lebak Prov. Banten,Kab. Lebak,,Banten
69947909,SMA NEGERI 1 IDANOTAE,https://sekolah.data.kemdikbud.go.id/index.php/Chome/profil/96EAD0B6-B9C4-4DC3-8947-C9B5723C98F4,Jl. Lintas Gomo - Huno Sirahia Kec. Idanotae Kab. Nias Selatan Prov. Sumatera Utara,Kab. Nias Selatan,,Sumatera Utara
40306915,SMAN 2 LUWU UTARA,https://sekolah.data.kemdikbud.go.id/index.php/Chome/profil/22BD93CE-DBBC-47DC-B9F9-C9C01B26F90D,Jl. Pramuka Lr. 7 Sukamaju Sukamaju Kec. Sukamaju Kab. Luwu Utara Prov. Sulawesi Selatan,Kab. Luwu Utara,,Sulawesi Selatan
20251802,SMAS TUNAS BANGSA PEBAYURAN,https://sekolah.data.kemdikbud.go.id/index.php/Chome/profil/AE0D9828-5E26-4272-B7CF-C9D5A96B0A54,JL. RAYA TELUKBANGO Karangharja Kec. Pebayuran Kab. Bekasi Prov. Jawa Barat,Kab. Bekasi,,Jawa Barat
20563924,SMAS MAJAPAHIT 1 TROWULAN,https://sekolah.data.kemdikbud.go.id/index.php/Chome/profil/4BC901A0-1F39-42FB-85C6-C9D5FBE397E4,JL. SYEH JUMADIL KUBRO Sentonorejo Kec. Trowulan Kab. Mojokerto Prov. Jawa Timur,Kab. Mojokerto,,Jawa Timur
40318469,SMAN 12 SINJAI,https://sekolah.data.kemdikbud.go.id/index.php/Chome/profil/8934831A-688A-4095-9A17-C9E8A4C910FA,JL. A. MASSALINRI BIKERU 1 Sangiasseri Kec. Sinjai Selatan Kab. Sinjai Prov. Sulawesi Selatan,Kab. Sinjai,,Sulawesi Selatan
20221559,SMAN 1 SUKABUMI,https://sekolah.data.kemdikbud.go.id/index.php/Chome/profil/77C720A2-6315-4DF0-B3A7-C9EC685804AE,JL. RH. Didi Sukardi No.124 Kota Sukabum... Citamiang Kec. Citamiang Kota Sukabumi Prov. Jawa Barat,,Kota Sukabumi,Jawa Barat
50310688,SMAN 5 KOTA KOMBA,https://sekolah.data.kemdikbud.go.id/index.php/Chome/profil/419C9DAD-81E4-4F98-96D5-C9F61BD2753B,KETANG Golo Tolang Kec. Kota Komba Kab. Manggarai Timur Prov. Nusa Tenggara Timur,Kab. Manggarai Timur,,Nusa Tenggara Timur
69851432,SMA NEGERI 5 TANAH SIANG,https://sekolah.data.kemdikbud.go.id/index.php/Chome/profil/AB8BA6C3-1A80-46AD-B3B5-C9FA79403AAB,Desa Olong Balo Kec.Tanah Siang Olong Balo Kec. Tanah Siang Kab. Murung Raya Prov. Kalimantan Tengah,Kab. Murung Raya,,Kalimantan Tengah
30400323,SMA GOTONG ROYONG KOTA BANGUN,https://sekolah.data.kemdikbud.go.id/index.php/Chome/profil/0C8496D5-84B1-459F-BBFE-CA022463690E,JL PAHLAWAN RT.11 Loleng Kec. Kota Bangun Kab. Kutai Kartanegara Prov. Kalimantan Timur,Kab. Kutai Kartanegara,,Kalimantan Timur
30101954,SMAN 2 JANGKANG,https://sekolah.data.kemdikbud.go.id/index.php/Chome/profil/C0C967DD-4A0F-407C-AF85-CA04AEF52C30,"Jalan Raya Engkolai, Desa Tanggung, Keca... Tanggung Kec. Jangkang Kab. Sanggau Prov. Kalimantan Barat",Kab. Sanggau,,Kalimantan Barat
30204386,SMAN 7 PALANGKARAYA,https://sekolah.data.kemdikbud.go.id/index.php/Chome/profil/3133762F-050B-4A68-9D28-CA07A4CC5BC2,Jl. Lintas Palangka-Talaken KM. 56 Petuk Bukit Kec. Rakumpit Kota Palangka Raya Prov. Kalimantan Tengah,,Kota Palangka Raya,Kalimantan Tengah
20605358,SMAS MEDANGGILI,https://sekolah.data.kemdikbud.go.id/index.php/Chome/profil/02878CBF-CE18-45A4-A1D3-CA0A30A5835A,"Kp. Ciruas Pasar, Ds. Citerep, Kec. Ciru... Citerep Kec. Ciruas Kab. Serang Prov. Banten",Kab. Serang,,Banten
20564395,SMAS MUHAMMADIYAH 4,https://sekolah.data.kemdikbud.go.id/index.php/Chome/profil/C8F1DB23-0AA5-4C07-ABE0-CA0A6BD7516F,JL.RAYA KEBUNAN NO 10 GAYAM Gayam Kec. Gayam Kab. Sumenep Prov. Jawa Timur,Kab. Sumenep,,Jawa Timur
70003677,SMA BAITUL QUR`AN YOGYAKARTA,https://sekolah.data.kemdikbud.go.id/index.php/Chome/profil/E300B612-C7C7-45A5-A177-CA0EC8C63623,"Jl. Mangkubumi, Karangijo Kulon Ponjong Kec. Ponjong Kab. Gunungkidul Prov. D.I. Yogyakarta",Kab. Gunungkidul,,D.I. Yogyakarta
69899880,SMA MUHAMMADIYAH 1 AIR SALEH,https://sekolah.data.kemdikbud.go.id/index.php/Chome/profil/AE7F7A8A-BA6F-42BF-BCDD-CA14ADDE0E45,DESA SRIKATON JALUR 10 JEMBATAN 2 Srikaton Kec. Air Salek Kab. Banyuasin Prov. Sumatera Selatan,Kab. Banyuasin,,Sumatera Selatan
20575416,SMAS DARUL MUKHLASHIN,https://sekolah.data.kemdikbud.go.id/index.php/Chome/profil/642694EC-6B8C-4753-8268-CA18E74CC448,JL. RAYA TEGALSIWALAN Tegalsiwalan Kec. Tegalsiwalan Kab. Probolinggo Prov. Jawa Timur,Kab. Probolinggo,,Jawa Timur
69967355,SMA SANTO ANTONIUS PADUA,https://sekolah.data.kemdikbud.go.id/index.php/Chome/profil/01AED203-2E3E-4FEB-8924-CA1A92DB0CA5,JL. RAYA KEMIRI NO. 29 SENTANI Hinekombe Kec. Sentani Kab. Jayapura Prov. Papua,Kab. Jayapura,,Papua
69898964,SMA KRISTEN 3 KALABAHI MEBUNG,https://sekolah.data.kemdikbud.go.id/index.php/Chome/profil/1609E3D9-81A4-40EA-86E6-CA1B29886757,Jl. Sibone Mebung Alim Mebung Kec. Alor Tengah Utara Kab. Alor Prov. Nusa Tenggara Timur,Kab. Alor,,Nusa Tenggara Timur
69964939,SMA NEGERI 2 PALEMBAYAN,https://sekolah.data.kemdikbud.go.id/index.php/Chome/profil/DE06AECA-A225-41B6-8CFA-CA1D9FC9797F,Jl. Padang Koto Gadang SALAREH AIA Kec. Palembayan Kab. Agam Prov. Sumatera Barat,Kab. Agam,,Sumatera Barat
30402813,SMA NEGERI 1 SEMBAKUNG,https://sekolah.data.kemdikbud.go.id/index.php/Chome/profil/6336DB23-3EDE-4C3B-BD1F-CA2379990102,JALAN PENDIDIKAN Atap Kec. Sembakung Kab. Nunukan Prov. Kalimantan Utara,Kab. Nunukan,,Kalimantan Utara
10603857,SMA NEGERI 18 PALEMBANG,https://sekolah.data.kemdikbud.go.id/index.php/Chome/profil/079AA1E5-A622-4F49-8788-CA255BE7E559,JL. MAYOR RUSLAN NO. 1172  PALEMBANG 8 Ilir Kec. Ilir Timur II Kota Palembang Prov. Sumatera Selatan,,Kota Palembang,Sumatera Selatan
10644260,SMAN 1 PASEMAH AIR KERUH,https://sekolah.data.kemdikbud.go.id/index.php/Chome/profil/9C9DED67-9F21-4E56-9208-CA26E36D6F77,Desa Muara Sindang Muara Sindang Kec. Pasemah Air Keruh Kab. Empat Lawang Prov. Sumatera Selatan,Kab. Empat Lawang,,Sumatera Selatan
30101941,SMAN 1 JANGKANG,https://sekolah.data.kemdikbud.go.id/index.php/Chome/profil/C528E21B-9F59-4802-BA7C-CA2770D442EB,JL. MERAKAI-BI .SEBUT Balai Sebut Kec. Jangkang Kab. Sanggau Prov. Kalimantan Barat,Kab. Sanggau,,Kalimantan Barat
50309616,SMAN 3 FATULEU,https://sekolah.data.kemdikbud.go.id/index.php/Chome/profil/B1B3F580-3B1F-45A5-B2B5-CA2822318489,"Jln. Timor Raya, Km. 53,1 Sillu Kec. Fatuleu Kab. Kupang Prov. Nusa Tenggara Timur",Kab. Kupang,,Nusa Tenggara Timur
69952646,SMA PLUS BAROKATUL WALIDAIN,https://sekolah.data.kemdikbud.go.id/index.php/Chome/profil/FC088FF1-48BF-47A6-8D8D-CA2A818748FE,DUSUN RARANGAN Pijot Kec. Keruak Kab. Lombok Timur Prov. Nusa Tenggara Barat,Kab. Lombok Timur,,Nusa Tenggara Barat
20338214,SMAS DIPONEGORO 1 PWT,https://sekolah.data.kemdikbud.go.id/index.php/Chome/profil/F1E1E242-CA2F-49C8-BFCD-CA2CCD278448,JL. LETJEND POL SUMARTO GG.VI NO. 63 Purwanegara Kec. Purwokerto Utara Kab. Banyumas Prov. Jawa Tengah,Kab. Banyumas,,Jawa Tengah
20112406,SMA Plus Khadijah Islamic School,https://sekolah.data.kemdikbud.go.id/index.php/Chome/profil/66C7614E-6C7D-491E-A0DC-CA306C72F89F,JL. BATAN I NO.12 PASAR JUMAT RT 005 RW ... Lebak Bulus Kec. Cilandak Kota Adm. Jakarta Selatan Prov. D.K.I. Jakarta,,Kota Adm. Jakarta Selatan,D.K.I. Jakarta
10108217,SMAS GLOBAL PERINTIS,https://sekolah.data.kemdikbud.go.id/index.php/Chome/profil/C0B9C6FC-CBB8-4971-8B5F-CA31FF3141B5,GAMPONG BAYI Bayi Kec. Tanah Luas Kab. Aceh Utara Prov. Aceh,Kab. Aceh Utara,,Aceh
50203696,SMAS IT RANGGO,https://sekolah.data.kemdikbud.go.id/index.php/Chome/profil/77AEF778-0264-42BF-97F4-CA32BCCB1C36,JL.LINTAS LAKEY Ranggo Kec. Pajo Kab. Dompu Prov. Nusa Tenggara Barat,Kab. Dompu,,Nusa Tenggara Barat
10807577,SMAS MUHAMMADIYAH 2 METRO,https://sekolah.data.kemdikbud.go.id/index.php/Chome/profil/3D665D94-FB00-4D5E-9548-CA34033DA6EC,JL. KH. AHMAD DAHLAN NO.1 Imopuro Kec. Metro Pusat Kota Metro Prov. Lampung,,Kota Metro,Lampung
10257679,SMAN 1 PANYABUNGAN SELATAN,https://sekolah.data.kemdikbud.go.id/index.php/Chome/profil/EA56CC75-31B0-42EE-A5E8-CA3841E0384D,JL. WILLEM ISKANDAR Tano Bato Kec. Panyabungan Selatan Kab. Mandailing Natal Prov. Sumatera Utara,Kab. Mandailing Natal,,Sumatera Utara
20517796,SMAS HASANUDDIN WAJAK,https://sekolah.data.kemdikbud.go.id/index.php/Chome/profil/D8A6FD43-B83B-4269-BCEE-CA3ADF8EDE60,JL. COKROAMINOTO NO.42 WAJAK Wajak Kec. Wajak Kab. Malang Prov. Jawa Timur,Kab. Malang,,Jawa Timur
10809291,SMAN 01 MESUJI TIMUR,https://sekolah.data.kemdikbud.go.id/index.php/Chome/profil/3968D64E-7AE0-4CFC-86FE-CA3D8FAA1383,JALAN. PANGERAN DIPONEGORO Eka Mulya Kec. Mesuji Timur Kab. Mesuji Prov. Lampung,Kab. Mesuji,,Lampung
50105402,SMAS GURUKULA,https://sekolah.data.kemdikbud.go.id/index.php/Chome/profil/D80223D3-60C7-4A0A-9A3F-CA4631D1E1E2,JL.PUCAK YANG UKIR Kubu Kec. Bangli Kab. Bangli Prov. Bali,Kab. Bangli,,Bali
69969963,SMA NEGERI 12 KEPULAUAN SULA,https://sekolah.data.kemdikbud.go.id/index.php/Chome/profil/163C7EAD-5A0D-4B46-9C76-CA48985B2D1C,Jln. Siswa Leko Kadai Kec. Mangoli Barat Kab. Kepulauan Sula Prov. Maluku Utara,Kab. Kepulauan Sula,,Maluku Utara
10504584,SMAN 8 KOTA JAMBI,https://sekolah.data.kemdikbud.go.id/index.php/Chome/profil/60E5474D-BF2B-4A36-9E0A-CA48ABBA6659,JL. MARSDA SURYADHARMA Kenali Asam Bawah Kec. Kota Baru Kota Jambi Prov. Jambi,,Kota Jambi,Jambi
10200446,SMAS PRIMA TEMBUNG PERCUT,https://sekolah.data.kemdikbud.go.id/index.php/Chome/profil/C72EE8D8-F617-48F3-87F1-CA48DA8429FF,JL. PRIMA PSR. VII Tembung Kec. Percut Sei Tuan Kab. Deli Serdang Prov. Sumatera Utara,Kab. Deli Serdang,,Sumatera Utara
20532109,SMAS WACHID HASYIM 5,https://sekolah.data.kemdikbud.go.id/index.php/Chome/profil/04F56E90-3BE1-4DD3-852F-CA4A7D32E33F,JL. RAYA SEMEMI NO. 7 Sememi Kec. Benowo Kota Surabaya Prov. Jawa Timur,,Kota Surabaya,Jawa Timur
40103833,SMAN 1 PINELENG,https://sekolah.data.kemdikbud.go.id/index.php/Chome/profil/0AF068AD-6447-4C16-AD1E-CA4AD0D5688E,Jln. Walana Desa Pineleng Dua Jaga II Ke... PINELENG DUA Kec. Pineleng Kab. Minahasa Prov. Sulawesi Utara,Kab. Minahasa,,Sulawesi Utara
20110265,SMAS PELITA KASIH,https://sekolah.data.kemdikbud.go.id/index.php/Chome/profil/C20A9D69-B5DD-4299-8260-CA4AF2AD61F6,JL. TAMAN PALEM LESTARI BLOK E.9 NO.1 Cengkareng Barat Kec. Cengkareng Kota Adm. Jakarta Barat Prov. D.K.I. Jakarta,,Kota Adm. Jakarta Barat,D.K.I. Jakarta
20403182,SMAS BOPKRI 2,https://sekolah.data.kemdikbud.go.id/index.php/Chome/profil/FB85A00B-2DDD-4A61-8A88-CA50B1D4A72B,JL. JEND. SUDIRMAN NO.87 Terban Kec. Gondokusuman Kota Yogyakarta Prov. D.I. Yogyakarta,,Kota Yogyakarta,D.I. Yogyakarta
40301549,SMAN 6 TAKALAR,https://sekolah.data.kemdikbud.go.id/index.php/Chome/profil/F5EF2A7F-0FF0-478F-A6C5-CA564EF9CFCC,Jl. Hj. Manila Dg. Pati Palleko Malewang Kec. Polombangkeng Utara Kab. Takalar Prov. Sulawesi Selatan,Kab. Takalar,,Sulawesi Selatan
10107495,SMAS MALEM PUTRA 2,https://sekolah.data.kemdikbud.go.id/index.php/Chome/profil/63F019EC-B0D6-43FD-83C8-CA61B4E3FFEB,Jl. Bintara No 2A Japakeh ULEE TUY Kec. Darul Imarah Kab. Aceh Besar Prov. Aceh,Kab. Aceh Besar,,Aceh
20252595,SMAS BANI SALEH,https://sekolah.data.kemdikbud.go.id/index.php/Chome/profil/7148F119-9343-4163-9E07-CA7218CE7139,JL. MELATI RAYA 2 NO.54 Bekasi Jaya Kec. Bekasi Timur Kota Bekasi Prov. Jawa Barat,,Kota Bekasi,Jawa Barat
20200669,SMAS PGRI LEUWILIANG,https://sekolah.data.kemdikbud.go.id/index.php/Chome/profil/56B4609B-3B7C-4407-8100-CA78B9BBB29F,JL. ANYAR CIBEBER LEUWILIANG DS. CIBEBER... Cibeber I Kec. Leuwiliang Kab. Bogor Prov. Jawa Barat,Kab. Bogor,,Jawa Barat
40310161,SMAS YPS SOROAKO,https://sekolah.data.kemdikbud.go.id/index.php/Chome/profil/61B6A6DB-44FA-4C64-8517-CA7B6ED9402F,JL. JAWA NO. 1 SOROAKO Magani Kec. Nuha Kab. Luwu Timur Prov. Sulawesi Selatan,Kab. Luwu Timur,,Sulawesi Selatan
20217765,SMAN 4 KARAWANG,https://sekolah.data.kemdikbud.go.id/index.php/Chome/profil/DEA1A91F-B688-43D1-A052-CA7C0D363EAE,JL. Jend.Ahmad Yani Karangpawitan Kec. Karawang Barat Kab. Karawang Prov. Jawa Barat,Kab. Karawang,,Jawa Barat
10207081,SMA NEGERI 1 SIPIROK,https://sekolah.data.kemdikbud.go.id/index.php/Chome/profil/34CEA88C-7526-430A-92F2-CA865C90A0D0,"JL. Simangambat No. 218, Piningnabaris Pasar Sipirok Kec. Sipirok Kab. Tapanuli Selatan Prov. Sumatera Utara",Kab. Tapanuli Selatan,,Sumatera Utara
50200376,SMAN 1 GERUNG,https://sekolah.data.kemdikbud.go.id/index.php/Chome/profil/4F61644E-FFF2-4B12-BC64-CA88ECC9CCF7,JL. GATOT SUBROTO Gerung Utara Kec. Gerung Kab. Lombok Barat Prov. Nusa Tenggara Barat,Kab. Lombok Barat,,Nusa Tenggara Barat
50304062,SMAS KRISTEN WEE KAROU,https://sekolah.data.kemdikbud.go.id/index.php/Chome/profil/75E2A391-EDF4-4E3E-B07D-CA9206DE6AF6,JL.PALU BOGA Wee Karou Kec. Loli Kab. Sumba Barat Prov. Nusa Tenggara Timur,Kab. Sumba Barat,,Nusa Tenggara Timur
69953926,SMA NANGTANG,https://sekolah.data.kemdikbud.go.id/index.php/Chome/profil/0D500264-BACB-4702-A25D-CA930B4E31D9,Kp. Nangka Bongkok Nangtang Kec. Cigalontang Kab. Tasikmalaya Prov. Jawa Barat,Kab. Tasikmalaya,,Jawa Barat
70006856,SMA Plus Ar-Raudhah,https://sekolah.data.kemdikbud.go.id/index.php/Chome/profil/B61FE15D-79CF-420A-A0DA-CA9CA02A04F8,Kp. Babakan Bandung RT 007 RW 003 Kertamukti Kec. Campaka Kab. Purwakarta Prov. Jawa Barat,Kab. Purwakarta,,Jawa Barat
69762669,SMAN 21 GOWA,https://sekolah.data.kemdikbud.go.id/index.php/Chome/profil/2A2615DA-F7E3-4B20-91F4-CAA5094F6758,JL. POROS PATTALLASSANG Timbuseng Kec. Pattallassang Kab. Gowa Prov. Sulawesi Selatan,Kab. Gowa,,Sulawesi Selatan
69861202,SMA NEGERI 6 PULAU TALIABU,https://sekolah.data.kemdikbud.go.id/index.php/Chome/profil/72963F95-02B2-4F7C-9907-CAA62149C606,Jl. Taman Siswa Desa Salati SALATI Kec. Taliabu Barat Laut Kab. Pulau Taliabu Prov. Maluku Utara,Kab. Pulau Taliabu,,Maluku Utara
20210772,SMAS PLUS MUALLIMIN PERSIS RAJAPOLAH,https://sekolah.data.kemdikbud.go.id/index.php/Chome/profil/483313F5-5ADF-4651-B069-CAB2FE99A8BA,JL. LAYANG RAJAPOLAH NO. 01 Manggungjaya Kec. Rajapolah Kab. Tasikmalaya Prov. Jawa Barat,Kab. Tasikmalaya,,Jawa Barat
70015078,SMA MITRA PERSADA,https://sekolah.data.kemdikbud.go.id/index.php/Chome/profil/C8DC3500-1916-4CB8-AF3C-CABB1A8AE2B4,"Jln. Harendong - Pagintungan KM. 2,5 Kp.... Pagintungan Kec. Jawilan Kab. Serang Prov. Banten",Kab. Serang,,Banten
20542506,SMAN 1 KAMPAK,https://sekolah.data.kemdikbud.go.id/index.php/Chome/profil/2ACB1AD4-E890-4C62-AD6C-CABF0D8747A0,Jl. Raya Bendoagung No. 92 Bendoagung Kec. Kampak Kab. Trenggalek Prov. Jawa Timur,Kab. Trenggalek,,Jawa Timur
10601460,SMAN 1 KIKIM SELATAN,https://sekolah.data.kemdikbud.go.id/index.php/Chome/profil/CA8ECD85-9115-4827-B900-CABF7CD5A874,JLN. DESA PAGAR JATI Pagar Jati Kec. Kikim Selatan Kab. Lahat Prov. Sumatera Selatan,Kab. Lahat,,Sumatera Selatan
40318948,SMAN 11 TAKALAR,https://sekolah.data.kemdikbud.go.id/index.php/Chome/profil/62EDC3E1-CB84-4F60-8111-CAC298130CB5,MALOLO Komara Kec. Polombangkeng Utara Kab. Takalar Prov. Sulawesi Selatan,Kab. Takalar,,Sulawesi Selatan
20603377,SMAS STELLA MARIS BSD,https://sekolah.data.kemdikbud.go.id/index.php/Chome/profil/8E82EE5C-4D13-4DD9-9B20-CAC38272555D,ARTHA KENCANA KAV.CI/NO.1 Rawa Buntu Kec. Serpong Kota Tangerang Selatan Prov. Banten,,Kota Tangerang Selatan,Banten
20224122,SMA PUTRA MANDIRI,https://sekolah.data.kemdikbud.go.id/index.php/Chome/profil/B55400F7-CEAC-44B2-B661-CAC3BC5D1913,JL. KOMP SANGKURIANG NO. 36 Cipageran Kec. Cimahi Utara Kota Cimahi Prov. Jawa Barat,,Kota Cimahi,Jawa Barat
20208420,SMAN 2 SUMEDANG,https://sekolah.data.kemdikbud.go.id/index.php/Chome/profil/F67A206C-CED0-49FB-8BEF-CACE5B2EEA3C,JL. TERUSAN 11 APRIL KM 3 RANCAMULYA - S... Rancamulya Kec. Sumedang Utara Kab. Sumedang Prov. Jawa Barat,Kab. Sumedang,,Jawa Barat
20107328,SMAS PURNAMA JAKARTA,https://sekolah.data.kemdikbud.go.id/index.php/Chome/profil/9A5647CD-C3DE-4F18-AFE5-CADDCB624D6F,JL. TIRTAYASA V Melawai Kec. Kebayoran Baru Kota Adm. Jakarta Selatan Prov. D.K.I. Jakarta,,Kota Adm. Jakarta Selatan,D.K.I. Jakarta
10805035,SMAS MUHAMMADIYAH PRINGSEWU,https://sekolah.data.kemdikbud.go.id/index.php/Chome/profil/3E882D5A-9B92-4151-AF20-CAE2DB934F9D,JL. Pirngadi No. 56 Pringsewu Utara Kec. Pringsewu Kab. Pringsewu Prov. Lampung,Kab. Pringsewu,,Lampung
70042390,SMA Islam Terpadu Daarussalaam Sangatta,https://sekolah.data.kemdikbud.go.id/index.php/Chome/profil/B9EC0628-6426-482F-A0E5-CAEB74E2C413,Jl.  Jend.  Sudirman  No.1 Swarga Bara Kec. Sangatta Utara Kab. Kutai Timur Prov. Kalimantan Timur,Kab. Kutai Timur,,Kalimantan Timur
70005982,SMA Swasta Plus Taruna Akterlis Medan,https://sekolah.data.kemdikbud.go.id/index.php/Chome/profil/CE4A5ADE-8CFE-49FA-B144-CAF65A306E05,Jl. Eka Bakti No. 86 Lingkungan IV Gedung Johor Kec. Medan Johor Kota Medan Prov. Sumatera Utara,,Kota Medan,Sumatera Utara
20603382,SMAS WIPAMA,https://sekolah.data.kemdikbud.go.id/index.php/Chome/profil/81352E99-3DA3-42B6-9EB6-CAF676669E20,JL. RAYA SERANG - SUKANEGARA Suka Nagara Kec. Cikupa Kab. Tangerang Prov. Banten,Kab. Tangerang,,Banten
40305842,SMAN 4 ENREKANG,https://sekolah.data.kemdikbud.go.id/index.php/Chome/profil/463CBC54-3DC3-499B-98B3-CB00E5A62BC4,JL. JERUK MANIS MAROANGIN Bangkala Kec. Maiwa Kab. Enrekang Prov. Sulawesi Selatan,Kab. Enrekang,,Sulawesi Selatan
20103176,SMAS PANGUDI RAHAYU,https://sekolah.data.kemdikbud.go.id/index.php/Chome/profil/143F0824-2185-4981-9A7B-CB054443A239,"JL. RAYA BOGOR KM 24,5 Cijantung Kec. Pasar Rebo Kota Adm. Jakarta Timur Prov. D.K.I. Jakarta",,Kota Adm. Jakarta Timur,D.K.I. Jakarta
70011668,SMA NEGERI 32 KABUPATEN TANGERANG,https://sekolah.data.kemdikbud.go.id/index.php/Chome/profil/9076BBED-585E-4B50-8F4F-CB07C5FCB9B1,Jl. Nagrog Kp. Blok Limo RT.003 RW.001 Curug Wetan Kec. Curug Kab. Tangerang Prov. Banten,Kab. Tangerang,,Banten
30203488,SMAN 4 PALANGKA RAYA,https://sekolah.data.kemdikbud.go.id/index.php/Chome/profil/6DB00A8A-CF2C-43FE-8B57-CB082885ECE1,Jl. Sisingamangaraja III Nomor 3 Palangk... Menteng Kec. Jekan Raya Kota Palangka Raya Prov. Kalimantan Tengah,,Kota Palangka Raya,Kalimantan Tengah
69900152,SMA DARMA UTAMA,https://sekolah.data.kemdikbud.go.id/index.php/Chome/profil/BBCE8E51-8016-4C8C-8887-CB0B9AC967D1,Jln. Lapangan Tunggal No. 1 Karang Tanjung Kec. Padang Ratu Kab. Lampung Tengah Prov. Lampung,Kab. Lampung Tengah,,Lampung
69822751,SMA NEGERI 2 TOJO,https://sekolah.data.kemdikbud.go.id/index.php/Chome/profil/77206CD3-BC26-4AD8-8BCC-CB0D44723787,DESA TOJO Tojo Kec. Tojo Kab. Tojo Una Una Prov. Sulawesi Tengah,Kab. Tojo Una Una,,Sulawesi Tengah
30109575,SMA NEGERI 1 SEPONTI,https://sekolah.data.kemdikbud.go.id/index.php/Chome/profil/EFA100D6-0EA8-4D53-AE3C-CB128E5446DF,JL. RAHADI OESMAN N0.70 SEPONTI JAYA Kec. Seponti Kab. Kayong Utara Prov. Kalimantan Barat,Kab. Kayong Utara,,Kalimantan Barat
20107322,SMAS PANGUDI LUHUR JAKARTA,https://sekolah.data.kemdikbud.go.id/index.php/Chome/profil/E9BCFA1D-A06D-4387-B426-CB18AF02DC45,JL. Brawijaya IV No.47 Pulo Kec. Kebayoran Baru Kota Adm. Jakarta Selatan Prov. D.K.I. Jakarta,,Kota Adm. Jakarta Selatan,D.K.I. Jakarta
20309673,SMA NEGERI 1 WEDI,https://sekolah.data.kemdikbud.go.id/index.php/Chome/profil/A61FC1AD-3013-4B6F-9F53-CB2288B43AAF,"Jalan Raya Wedi-Wonosari, Bandungan RT 0... Pasung Kec. Wedi Kab. Klaten Prov. Jawa Tengah",Kab. Klaten,,Jawa Tengah
69888717,SMAN 7 Poco Ranaka,https://sekolah.data.kemdikbud.go.id/index.php/Chome/profil/6835761C-39CC-4311-9CC9-CB23B4A2C598,RT/RW O1/02 Paleng Benteng Rampas Kec. Lamba Leda Timur (Poco Ranaka Timur) Kab. Manggarai Timur Prov. Nusa Tenggara Timur,Kab. Manggarai Timur,,Nusa Tenggara Timur
40313646,SMAS BONTO RAMBA,https://sekolah.data.kemdikbud.go.id/index.php/Chome/profil/3FE23631-C44F-404B-BFC3-CB25EB9F5241,JL. TOMBOLO Bontoramba Kec. Bontoramba Kab. Jeneponto Prov. Sulawesi Selatan,Kab. Jeneponto,,Sulawesi Selatan
20103278,SMAN 91 JAKARTA,https://sekolah.data.kemdikbud.go.id/index.php/Chome/profil/A4A2EAAC-E200-4DEB-8C83-CB28A1AF56F3,JL.LEMBAH LONTAR Pondok Kelapa Kec. Duren Sawit Kota Adm. Jakarta Timur Prov. D.K.I. Jakarta,,Kota Adm. Jakarta Timur,D.K.I. Jakarta
69932091,SMA NU DARUL MUTTAQIN,https://sekolah.data.kemdikbud.go.id/index.php/Chome/profil/E37E8426-99A3-4F61-B515-CB296AF275BC,DESA BERLIAN MAKMUR Berlian Makmur Kec. Sungai Lilin Kab. Musi Banyuasin Prov. Sumatera Selatan,Kab. Musi Banyuasin,,Sumatera Selatan
10807040,SMAN 11 BANDAR LAMPUNG,https://sekolah.data.kemdikbud.go.id/index.php/Chome/profil/60107136-6CE7-4F80-BE9D-CB2CA0613BC9,JL. RE. MARTADINATA KM. 4 SUKAMAJU Sukamaju Kec. Teluk Betung Timur Kota Bandar Lampung Prov. Lampung,,Kota Bandar Lampung,Lampung
40102629,SMAS ZAITUN,https://sekolah.data.kemdikbud.go.id/index.php/Chome/profil/5D2A8CC3-E08E-4C75-9B24-CB2D564CAC65,JL. BARU RANOTANA WERU RANOTANA WERU Kec. Wanea Kota Manado Prov. Sulawesi Utara,,Kota Manado,Sulawesi Utara
60728878,SMA NEGERI 1 SEMAU SELATAN,https://sekolah.data.kemdikbud.go.id/index.php/Chome/profil/DD384C04-0884-42BA-800A-CB33E93F8D1E,PAHLELO Uiboa Kec. Semau Selatan Kab. Kupang Prov. Nusa Tenggara Timur,Kab. Kupang,,Nusa Tenggara Timur
40405097,SMAN LENTEA,https://sekolah.data.kemdikbud.go.id/index.php/Chome/profil/7515E33C-8338-4A76-BD3E-CB3796F3A8A1,LENTEA LENTEA Kec. Kaledupa Selatan Kab. Wakatobi Prov. Sulawesi Tenggara,Kab. Wakatobi,,Sulawesi Tenggara
10204230,SMA SWASTA DAERAH AIR PUTIH,https://sekolah.data.kemdikbud.go.id/index.php/Chome/profil/919A1CFB-BE69-4CC1-B3BD-CB38C4156503,JL.SYARIFUDDIN Tanjung Kubah Kec. Air Putih Kab. Batu Bara Prov. Sumatera Utara,Kab. Batu Bara,,Sumatera Utara
10609783,SMA YADIKA LUBUKLINGGAU,https://sekolah.data.kemdikbud.go.id/index.php/Chome/profil/B055AB7E-8C5A-4303-B3DC-CB42D61B89D8,JL. YOS SUDARSO NO. 90 RT. 01 WATERVANG Kec. Lubuk Linggau Timur I Kota Lubuk Linggau Prov. Sumatera Selatan,,Kota Lubuk Linggau,Sumatera Selatan
40310356,SMAN 9 PANGKAJENE DAN KEPULAUAN,https://sekolah.data.kemdikbud.go.id/index.php/Chome/profil/F33056EE-60BA-43EB-958E-CB433D81DFF4,JL. PASAR BARU KELURAHAN TALAKA Talaka Kec. Ma`rang Kab. Pangkajene Dan Kepulauan Prov. Sulawesi Selatan,Kab. Pangkajene Dan Kepulauan,,Sulawesi Selatan
70036216,SMA NEGERI 11 MANDAU,https://sekolah.data.kemdikbud.go.id/index.php/Chome/profil/B9F10ADA-00EE-42EC-8F7E-CB4347886209,Jl. Suka Ramai km 10 Desa Air Kulim Kec. Mandau Kab. Bengkalis Prov. Riau,Kab. Bengkalis,,Riau
10303088,SMA N 1 KOTO BALINGKA,https://sekolah.data.kemdikbud.go.id/index.php/Chome/profil/F0F7F9B5-2576-46B8-B125-CB4436169BD8,JL. LINTAS BARAT AIR BALAM PARIK Kec. Koto Balingka Kab. Pasaman Barat Prov. Sumatera Barat,Kab. Pasaman Barat,,Sumatera Barat
20607991,SMA ISLAM NURUL FIKRI,https://sekolah.data.kemdikbud.go.id/index.php/Chome/profil/DB8A86DC-C329-40B4-9027-CB46F25C9455,JL. PALKA KP. CIHIDEUNG Bantarwaru Kec. Cinangka Kab. Serang Prov. Banten,Kab. Serang,,Banten
69859376,SMA IT MEKARSEWU,https://sekolah.data.kemdikbud.go.id/index.php/Chome/profil/02336F8B-3B74-4FD8-A29F-CB4CB8D1D686,Jl. Gunung Batu Desa Mekarsewu Kec. Cise... MEKARSEWU Kec. Cisewu Kab. Garut Prov. Jawa Barat,Kab. Garut,,Jawa Barat
70001605,SMA NEGERI 11 MATARAM,https://sekolah.data.kemdikbud.go.id/index.php/Chome/profil/C6A59FAF-8FB6-4B94-88FA-CB4CCD43C97F,Jl. Transmigrasi Bung Hatta 2 Pejanggik ... Pejanggik Kec. Mataram Kota Mataram Prov. Nusa Tenggara Barat,,Kota Mataram,Nusa Tenggara Barat
50102379,SMA Negeri 1 Banjarangkan,https://sekolah.data.kemdikbud.go.id/index.php/Chome/profil/C2B71948-B64D-435F-A0D5-CB4D56A20A95,DESA TUSAN BANJARANGKAN Tusan Kec. Banjarangkan Kab. Klungkung Prov. Bali,Kab. Klungkung,,Bali
20227916,SMAS ISLAM AL-MUKHLIS,https://sekolah.data.kemdikbud.go.id/index.php/Chome/profil/D3445669-393D-49AC-BC64-CB5482140E51,JL. PANYAUNGAN NAGRAK Nagrak Kec. Cangkuang Kab. Bandung Prov. Jawa Barat,Kab. Bandung,,Jawa Barat
20511862,SMAS GAJAH MADA PUNCU,https://sekolah.data.kemdikbud.go.id/index.php/Chome/profil/7F654057-56BA-4AE8-9F64-CB56F3D98722,Jl. Harinjing No. 15 A Karangdinoyo Kepung Kec. Kepung Kab. Kediri Prov. Jawa Timur,Kab. Kediri,,Jawa Timur
30105086,SMAS SANTO PAULUS PONTIANAK,https://sekolah.data.kemdikbud.go.id/index.php/Chome/profil/979F8F7A-75E8-4774-97FE-CB5BBCDDB24A,JL. AR. HAKIM Darat Sekip Kec. Pontianak Kota Kota Pontianak Prov. Kalimantan Barat,,Kota Pontianak,Kalimantan Barat
70035889,SMA NEGERI 8 GORONTALO,https://sekolah.data.kemdikbud.go.id/index.php/Chome/profil/E0B4CE9B-8456-45E8-9EB5-CB64888C7206,"Jl. R. Atje Slamet, Kelurahan Leato Sela... Leato Selatan Kec. Dumbo Raya Kota Gorontalo Prov. Gorontalo",,Kota Gorontalo,Gorontalo
20538323,SMA NEGERI 1 PACE NGANJUK,https://sekolah.data.kemdikbud.go.id/index.php/Chome/profil/B5212B05-826D-4138-AF5E-CB723784337C,JL. SRIGADING 1 Pace Wetan Kec. Pace Kab. Nganjuk Prov. Jawa Timur,Kab. Nganjuk,,Jawa Timur
30202727,SMA GARING TARANTANG,https://sekolah.data.kemdikbud.go.id/index.php/Chome/profil/86450C15-90E4-474B-8502-CB7BD271FD8B,Jln. UPM No.100 RT. 11 /  RW. 04 Tumbang Manggo Kec. Sanaman Mantikei Kab. Katingan Prov. Kalimantan Tengah,Kab. Katingan,,Kalimantan Tengah
70025306,SMA ISLAM AL JABBAR,https://sekolah.data.kemdikbud.go.id/index.php/Chome/profil/E33B045F-1032-4F3A-8BD5-CB7C68C253D6,Jl. Ki Usman RT 001/004 Sangiang Jaya Kec. Periuk Kota Tangerang Prov. Banten,,Kota Tangerang,Banten
10400368,SMA NEGERI 1 KAMPAR KIRI,https://sekolah.data.kemdikbud.go.id/index.php/Chome/profil/FEC486B1-088B-4418-A1F4-CB809F103684,"JL. HR. SOEBRANTAS RAYA, LIPATKAIN Lipat Kain Kec. Kampar Kiri Kab. Kampar Prov. Riau",Kab. Kampar,,Riau
30304283,SMAN 12 BANJARMASIN,https://sekolah.data.kemdikbud.go.id/index.php/Chome/profil/232E4A98-7551-4F06-8E45-CB832CD547CF,JL. ALALAK UTARA RT.2 Alalak Utara Kec. Banjarmasin Utara Kota Banjarmasin Prov. Kalimantan Selatan,,Kota Banjarmasin,Kalimantan Selatan
20507730,SMAN 1 SARADAN,https://sekolah.data.kemdikbud.go.id/index.php/Chome/profil/29CAC56E-AA72-4EF9-800F-CB9E91B8406E,JL RAYA SARADAN Sidorejo Kec. Saradan Kab. Madiun Prov. Jawa Timur,Kab. Madiun,,Jawa Timur
20307630,SMAS MAARIF SRUMBUNG,https://sekolah.data.kemdikbud.go.id/index.php/Chome/profil/C8266CB1-E035-4DDA-835B-CB9F7BC9952B,JL. MASJID ANNUR Srumbung Kec. Srumbung Kab. Magelang Prov. Jawa Tengah,Kab. Magelang,,Jawa Tengah
40501782,SMAN 1 MANANGGU,https://sekolah.data.kemdikbud.go.id/index.php/Chome/profil/CF8EBFE4-C844-4B97-B315-CBABFA3AE55F,JL. LINGKAR SMA DUSUN JAMBURA Mananggu Kec. Mananggu Kab. Boalemo Prov. Gorontalo,Kab. Boalemo,,Gorontalo
50300267,SMAN 1 TAEBENU,https://sekolah.data.kemdikbud.go.id/index.php/Chome/profil/14765F18-2912-489A-A4E2-CBB7AC58C186,JL. PELITA Baumata Timur Kec. Taebenu Kab. Kupang Prov. Nusa Tenggara Timur,Kab. Kupang,,Nusa Tenggara Timur
10812445,SMAS KELAUTAN SWADIPHA P SEBESI,https://sekolah.data.kemdikbud.go.id/index.php/Chome/profil/A4FF7AB4-B1C1-43D4-8E65-CBC7E926C273,DESA TEJANG PULAU SEBESI Tejang Pulau Sebesi Kec. Rajabasa Kab. Lampung Selatan Prov. Lampung,Kab. Lampung Selatan,,Lampung
69899996,SMA NEGERI 1 RANTO BAEK,https://sekolah.data.kemdikbud.go.id/index.php/Chome/profil/46FD9C2F-2E4B-489F-8B82-CBC7EA662405,JL. LINTAS MANDAILING SUMBAR Manisak Kec. Ranto Baek Kab. Mandailing Natal Prov. Sumatera Utara,Kab. Mandailing Natal,,Sumatera Utara
70028282,SMA Islam Al-Azhar BSD@Metland,https://sekolah.data.kemdikbud.go.id/index.php/Chome/profil/1FE25458-7074-4C12-82FA-CBCC5D38C1D9,Jl. Boulevard Sektor 4 Metland Cipenjo Kec. Cileungsi Kab. Bogor Prov. Jawa Barat,Kab. Bogor,,Jawa Barat
20100616,SMAS DON BOSCO 1 JAKARTA,https://sekolah.data.kemdikbud.go.id/index.php/Chome/profil/3426C59C-F1FD-4E7E-A97B-CBCCEA7EF486,JL. BOULEVARD TIMUR KELAPA GADING Pegangsaan Dua Kec. Kelapa Gading Kota Adm. Jakarta Utara Prov. D.K.I. Jakarta,,Kota Adm. Jakarta Utara,D.K.I. Jakarta
60102893,SMA Negeri 14 Seram Bagian Barat,https://sekolah.data.kemdikbud.go.id/index.php/Chome/profil/27FEB587-B8A6-4CBF-BFB3-CBD1D58B04E0,DESA PERSIAPAN TIANG BENDERA Tahalupu Kec. Huamual Belakang Kab. Seram Bagian Barat Prov. Maluku,Kab. Seram Bagian Barat,,Maluku
10802964,SMAS PGRI SUBIK,https://sekolah.data.kemdikbud.go.id/index.php/Chome/profil/288F10CB-5DE7-4BA1-BD44-CBD8DC303FCF,JL. PROTOKOL Subik Kec. Abung Tengah Kab. Lampung Utara Prov. Lampung,Kab. Lampung Utara,,Lampung
20104436,SMAS PELITA IV,https://sekolah.data.kemdikbud.go.id/index.php/Chome/profil/24BC56FF-FD31-40E1-9498-CBD9A91704DF,JL. POS DURI RAYA NO. 23-29 Duri Utara Kec. Tambora Kota Adm. Jakarta Barat Prov. D.K.I. Jakarta,,Kota Adm. Jakarta Barat,D.K.I. Jakarta
60403645,SMAS YPK 1,https://sekolah.data.kemdikbud.go.id/index.php/Chome/profil/4412B2D9-13F4-454D-919D-CBE04DD9C763,JL. MAWAR KLADEMAK 3 Kampung Baru Kec. Sorong Kota Kota Sorong Prov. Papua Barat Daya,,Kota Sorong,Papua Barat Daya
10494751,SMA SWASTA  IT BANGKINANG,https://sekolah.data.kemdikbud.go.id/index.php/Chome/profil/EC0C306A-A616-40E4-AE7D-CBE062675E7E,JL. BANGKINANG - LIPAT KAIN KM. 7 Ridan Permai Kec. Bangkinang Kota Kab. Kampar Prov. Riau,Kab. Kampar,,Riau
10495026,SMA NEGERI 2 GUNUNG SAHILAN,https://sekolah.data.kemdikbud.go.id/index.php/Chome/profil/8B47753A-6FEA-4993-B67A-CBE4A922BF88,Jl. SKPA UPT II Desa Gunung Sari Gunung Sari Kec. Gunung Sahilan Kab. Kampar Prov. Riau,Kab. Kampar,,Riau
20517738,SMAN 1 DAMPIT,https://sekolah.data.kemdikbud.go.id/index.php/Chome/profil/3AB876B2-B835-41AC-B131-CBE4CE1F4397,JL. GUNUNG JATI 1138 DAMPIT Dampit Kec. Dampit Kab. Malang Prov. Jawa Timur,Kab. Malang,,Jawa Timur
70002226,SMAN 2 Simpang Empat,https://sekolah.data.kemdikbud.go.id/index.php/Chome/profil/E2157745-FDB2-40D5-98DF-CBEB5507EC53,Jl. Serongga Desa Sungai Dua Gg.Fitrah R... Sungai Dua Kec. Simpang Empat Kab. Tanah Bumbu Prov. Kalimantan Selatan,Kab. Tanah Bumbu,,Kalimantan Selatan
20100215,SMA YP IPPI PETOJO,https://sekolah.data.kemdikbud.go.id/index.php/Chome/profil/F3158FEE-8A77-4D8E-9E54-CBF214F2A6DE,JL. PETOJO BARAT III/2 Petojo Utara Kec. Gambir Kota Adm. Jakarta Pusat Prov. D.K.I. Jakarta,,Kota Adm. Jakarta Pusat,D.K.I. Jakarta
20510145,SMAN 1 JENANGAN,https://sekolah.data.kemdikbud.go.id/index.php/Chome/profil/8687B3D8-ED22-4C5D-9A60-CBF98124C864,JL. RAYA NGEBEL Semanding Kec. Jenangan Kab. Ponorogo Prov. Jawa Timur,Kab. Ponorogo,,Jawa Timur
69973611,SMA PETRAND HALMAHERA,https://sekolah.data.kemdikbud.go.id/index.php/Chome/profil/E1F5B438-406C-4E94-987F-CBFB9A112664,Jl. Homariwo Desa Mahia Tobelo MAHIA Kec. Tobelo Tengah Kab. halmahera Utara Prov. Maluku Utara,Kab. halmahera Utara,,Maluku Utara
10110571,SMA SWASTA BABUL MAGHFIRAH,https://sekolah.data.kemdikbud.go.id/index.php/Chome/profil/377D5A10-5122-4DBD-8D58-CBFF9AA08C54,JL. PASAR COT KEUEUNG LAM ALU CUT Kec. Kuta Baro Kab. Aceh Besar Prov. Aceh,Kab. Aceh Besar,,Aceh
20215021,SMAS NU CILEDUG,https://sekolah.data.kemdikbud.go.id/index.php/Chome/profil/B53BBBAC-5E56-404F-94CF-CC02FFCA6363,JL. LETJEND. SUPRAPTO Ciledug Kulon Kec. Ciledug Kab. Cirebon Prov. Jawa Barat,Kab. Cirebon,,Jawa Barat
10645006,SMAS YP MANTRA,https://sekolah.data.kemdikbud.go.id/index.php/Chome/profil/06C29944-B127-4E78-BE58-CC055916D05E,JL. A. RIVAI ABDULLAH 396 MARIANA Mariana Kec. Banyuasin I Kab. Banyuasin Prov. Sumatera Selatan,Kab. Banyuasin,,Sumatera Selatan
10606626,SMAS LPB BELITANG,https://sekolah.data.kemdikbud.go.id/index.php/Chome/profil/47493368-F741-4D3F-BE44-CC1374CE1964,JL. KANTOR POLISI NO. 2 Gumawang Kec. Belitang Kab. Ogan Komering Ulu Timur Prov. Sumatera Selatan,Kab. Ogan Komering Ulu Timur,,Sumatera Selatan
20607981,SMAN 1 BOJONGMANIK,https://sekolah.data.kemdikbud.go.id/index.php/Chome/profil/F4F90A6A-5465-43EB-8ECC-CC199145FB9A,JL. RAYA BOJONGMANIK - CILAYANG KM. 02 B... Bojongmanik Kec. Bojongmanik Kab. Lebak Prov. Banten,Kab. Lebak,,Banten
69889073,SMAN Kabola,https://sekolah.data.kemdikbud.go.id/index.php/Chome/profil/7CC8D4E8-01A4-4B40-8D1D-CC1A68127C76,Kabola Kabola Kec. Kabola Kab. Alor Prov. Nusa Tenggara Timur,Kab. Alor,,Nusa Tenggara Timur
60101460,SMA Negeri 6 Maluku Barat Daya,https://sekolah.data.kemdikbud.go.id/index.php/Chome/profil/06F2EC26-0CAA-4A1E-A0DF-CC1B38D83154,JL.PIETER LERIKC Ilwaki Kec. Wetar Kab. Maluku Barat Daya Prov. Maluku,Kab. Maluku Barat Daya,,Maluku
10107194,SMAN 10 FAJAR HARAPAN BANDA ACEH,https://sekolah.data.kemdikbud.go.id/index.php/Chome/profil/052B9298-A4F3-467A-A8C1-CC1C4723E500,JL. FAJAR HARAPAN ATEUK JAWO Ateuk Jawo Kec. Baiturrahman Kota Banda Aceh Prov. Aceh,,Kota Banda Aceh,Aceh
10110350,SMAN 1 DARUL HASANAH,https://sekolah.data.kemdikbud.go.id/index.php/Chome/profil/8EEC85DE-C263-414F-9ECB-CC22BFFAD269,Jl. Mamas-Gulo Desa Kuta Ujung Kuta Ujung Kec. Darul Hasanah Kab. Aceh Tenggara Prov. Aceh,Kab. Aceh Tenggara,,Aceh
10504593,SMAS UNGGUL SAKTI,https://sekolah.data.kemdikbud.go.id/index.php/Chome/profil/20CB73B9-62FC-4D74-8507-CC242E8875BE,JL. PANGERAN ANTASARI Talang Banjar Kec. Jambi Timur Kota Jambi Prov. Jambi,,Kota Jambi,Jambi
70042754,SMA IT ISLAMIC CENTRE BIN BAZ,https://sekolah.data.kemdikbud.go.id/index.php/Chome/profil/969501BD-8678-4B60-99CC-CC243D6A1AD2,Jl. Sintang - Merakai Desa Batu Nyadi BETUNG PERMAI Kec. Ketungau Hilir Kab. Sintang Prov. Kalimantan Barat,Kab. Sintang,,Kalimantan Barat
10805033,SMAS PGRI TALANG PADANG,https://sekolah.data.kemdikbud.go.id/index.php/Chome/profil/9BB7CB4A-C485-4C2E-9A42-CC2A2179C6D6,JL. MASJID KOTARAJA TALANG PADANG Talang Padang Kec. Talang Padang Kab. Tanggamus Prov. Lampung,Kab. Tanggamus,,Lampung
10600559,SMAN 1 KAYUAGUNG,https://sekolah.data.kemdikbud.go.id/index.php/Chome/profil/2450D5E6-3E73-4A68-9B48-CC324F8532F8,JL. LETNAN MUKHTAR SALEH NO.7 Paku Kec. Kota Kayu Agung Kab. Ogan Komering Ilir Prov. Sumatera Selatan,Kab. Ogan Komering Ilir,,Sumatera Selatan
20227450,SMAS PGRI CIBATU,https://sekolah.data.kemdikbud.go.id/index.php/Chome/profil/7BF4BA54-BD3C-4A73-992E-CC32F45C93D8,JL. JENDERAL AHMAD YANI NO. 5 Keresek Kec. Cibatu Kab. Garut Prov. Jawa Barat,Kab. Garut,,Jawa Barat
20268843,SMAS PLUS AL-FALAH,https://sekolah.data.kemdikbud.go.id/index.php/Chome/profil/B2066D6A-A997-44A7-9C65-CC3CD18F481D,JL. Raya Pantai Selatan Cidadap Kecamata... Cidadap Kec. Karangnunggal Kab. Tasikmalaya Prov. Jawa Barat,Kab. Tasikmalaya,,Jawa Barat
69830397,SMAS MUHAMMADIYAH 3  PULAU MOROTAI,https://sekolah.data.kemdikbud.go.id/index.php/Chome/profil/B705C933-553B-4AC0-817B-CC41707AE803,Desa Doku Mira Doku Mira Kec. Morotai Timur Kab. Pulau Morotai Prov. Maluku Utara,Kab. Pulau Morotai,,Maluku Utara
40300677,SMAN 4 PANGKAJENE DAN KEPULAUAN,https://sekolah.data.kemdikbud.go.id/index.php/Chome/profil/19719F3C-2B39-4542-AB80-CC44BBBA40C8,JL. A. MARUDDANI I/7 Pundata Baji Kec. Labakkang Kab. Pangkajene Dan Kepulauan Prov. Sulawesi Selatan,Kab. Pangkajene Dan Kepulauan,,Sulawesi Selatan
10102785,SMAN 1 SAWANG,https://sekolah.data.kemdikbud.go.id/index.php/Chome/profil/170A5A3F-51FF-4794-8CB7-CC450E56D689,JL. Tapaktuan-Blang Pidie Meuligo Kec. Sawang Kab. Aceh Selatan Prov. Aceh,Kab. Aceh Selatan,,Aceh
20616391,SMAS CENDIKIA ALFALLAH,https://sekolah.data.kemdikbud.go.id/index.php/Chome/profil/02F876FF-274F-4C0F-8958-CC46F40E9651,JL. SALIMAH NO 12 Suka Manah Kec. Jambe Kab. Tangerang Prov. Banten,Kab. Tangerang,,Banten
20307647,SMA MUHAMMADIYAH NGLUWAR,https://sekolah.data.kemdikbud.go.id/index.php/Chome/profil/07929811-4481-47E5-882F-CC4BA6D6704C,JL. KYAI SAHID KM 1 Ngluwar Kec. Ngluwar Kab. Magelang Prov. Jawa Tengah,Kab. Magelang,,Jawa Tengah
20500450,SMAS SUNAN GIRI,https://sekolah.data.kemdikbud.go.id/index.php/Chome/profil/4AB7EBC1-212A-4BA7-8927-CC4DF3E6B539,JL. RAYA SUNAN GIRI NO 16 Menganti Kec. Menganti Kab. Gresik Prov. Jawa Timur,Kab. Gresik,,Jawa Timur
20326432,SMAN 1 PAGUYANGAN,https://sekolah.data.kemdikbud.go.id/index.php/Chome/profil/31FFDD14-2209-4660-B6A6-CC4DFC846FB4,JL. KEDUNGBANTENG NO.1 PAGUYANGAN Paguyangan Kec. Paguyangan Kab. Brebes Prov. Jawa Tengah,Kab. Brebes,,Jawa Tengah
20541247,SMAS PGRI KANOR,https://sekolah.data.kemdikbud.go.id/index.php/Chome/profil/6D2E57F3-0842-4960-8F27-CC4E20306E59,JL. RAYA PRIGI Prigi Kec. Kanor Kab. Bojonegoro Prov. Jawa Timur,Kab. Bojonegoro,,Jawa Timur
20100778,SMAS TUNAS KARYA JAKARTA,https://sekolah.data.kemdikbud.go.id/index.php/Chome/profil/D6970297-F91D-4A44-A733-CC5217A06765,JL. PALEPAH KUNING NO. 3 Kelapa Gading Timur Kec. Kelapa Gading Kota Adm. Jakarta Utara Prov. D.K.I. Jakarta,,Kota Adm. Jakarta Utara,D.K.I. Jakarta
10402952,SMA NEGERI 1 KEPENUHAN,https://sekolah.data.kemdikbud.go.id/index.php/Chome/profil/6A7E7BF8-5336-4CAC-9087-CC574387CBAC,JL.SYEH ABDUL WAHAB ROKAN KEPENUHAN TENGAH Kec. Kepenuhan Kab.  Rokan Hulu Prov. Riau,Kab.  Rokan Hulu,,Riau
20321438,SMA NEGERI 1 TEMANGGUNG,https://sekolah.data.kemdikbud.go.id/index.php/Chome/profil/08827F5C-F7EE-4614-8C30-CC580EF314E8,"JL. KARTINI NO. 4 TEMANGGUNG, JAWA TENGA... Jampirejo Kec. Temanggung Kab. Temanggung Prov. Jawa Tengah",Kab. Temanggung,,Jawa Tengah
70055350,Sekolah Menengah Atas Negeri 1 Lore Peore,https://sekolah.data.kemdikbud.go.id/index.php/Chome/profil/F88E1B8C-CF9C-4DF8-8062-CC5E62DA656E,Desa Siliwanga Siliwanga Kec. Lore Peore Kab. Poso Prov. Sulawesi Tengah,Kab. Poso,,Sulawesi Tengah
10261247,SMA SWASTA TAMANSISWA SIDOMULYO,https://sekolah.data.kemdikbud.go.id/index.php/Chome/profil/70F66A61-76C7-490A-993D-CC62EC734E64,Jalan Pito Wiyono Dusun V Mekar Mulio Kec. Sei Balai Kab. Batu Bara Prov. Sumatera Utara,Kab. Batu Bara,,Sumatera Utara
10210832,SMA Swasta W. R. Supratman 2 Medan,https://sekolah.data.kemdikbud.go.id/index.php/Chome/profil/0DDEFDA0-54C7-43F9-805A-CC6DB81B7CCC,JL. BRIGJEN. ZEIN HAMID NO. 33 Titi Kuning Kec. Medan Johor Kota Medan Prov. Sumatera Utara,,Kota Medan,Sumatera Utara
69985580,SMA ELHAFIDZIYAH,https://sekolah.data.kemdikbud.go.id/index.php/Chome/profil/78FC30BF-71A8-41A0-AFB3-CC73A698D12E,Komplek MIA RT.06 Simpang Terusan Muara ... Simpang Terusan Kec. Muara Bulian Kab. Batanghari Prov. Jambi,Kab. Batanghari,,Jambi
10800706,SMAN 1 NEGERI KATON,https://sekolah.data.kemdikbud.go.id/index.php/Chome/profil/069C3663-2CFD-4A5D-B6B8-CC7536CEB4AA,JL. RAYA DESA SIDOMULYO No. 01 Sidomulyo Kec. Negeri Katon Kab. Pesawaran Prov. Lampung,Kab. Pesawaran,,Lampung
20216938,SMAN 1 SUBANG,https://sekolah.data.kemdikbud.go.id/index.php/Chome/profil/DA55BC30-26D3-4CB0-8082-CC7808D19EF1,JL. KI HAJAR DEWANTARA NO. 14A SUBANG Dangdeur Kec. Subang Kab. Subang Prov. Jawa Barat,Kab. Subang,,Jawa Barat
20603320,SMAS NUSANTARA UNGGUL,https://sekolah.data.kemdikbud.go.id/index.php/Chome/profil/88AE22A6-188F-457F-88C6-CC78B80D941A,"Jl. Pekayon KM. 1 RT. 03/04 Pekayon, Suk... Pekayon Kec. Sukadiri Kab. Tangerang Prov. Banten",Kab. Tangerang,,Banten
50103725,SMAS WIRABHAKTI,https://sekolah.data.kemdikbud.go.id/index.php/Chome/profil/8CA945E5-48C7-47EF-86F5-CC7B577BC712,DESA SAWAN Sawan Kec. Sawan Kab. Buleleng Prov. Bali,Kab. Buleleng,,Bali
20615184,SMAS EFATA SERPONG,https://sekolah.data.kemdikbud.go.id/index.php/Chome/profil/130666D7-9F05-43EE-A8A1-CC7E9DCA9D35,Melati Vista Casa De Verona Blok V 20 Me... Jelupang Kec. Serpong Utara Kota Tangerang Selatan Prov. Banten,,Kota Tangerang Selatan,Banten
20272059,SMAS PEMUDA GARUT,https://sekolah.data.kemdikbud.go.id/index.php/Chome/profil/87B9C3DF-DA24-4483-91F3-CC7ED78F6536,JL. RAYA MARGAWATI Sukanegla Kec. Garut Kota Kab. Garut Prov. Jawa Barat,Kab. Garut,,Jawa Barat
20220328,SMAS KAMANDAKA,https://sekolah.data.kemdikbud.go.id/index.php/Chome/profil/65BD6404-1787-4839-A9DD-CC7F985EBCC9,"Jl. Achmad Sobana, SH Tegalgundil Kec. Kota Bogor Utara Kota Bogor Prov. Jawa Barat",,Kota Bogor,Jawa Barat
20538326,SMA NEGERI 2 NGANJUK,https://sekolah.data.kemdikbud.go.id/index.php/Chome/profil/766BFBE8-B625-4E21-A85C-CC887597ED0A,JL. ANJUK LADANG NO. 9 NGANJUK Ploso Kec. Nganjuk Kab. Nganjuk Prov. Jawa Timur,Kab. Nganjuk,,Jawa Timur
69944551,SMA SAINS WAHID HASYIM,https://sekolah.data.kemdikbud.go.id/index.php/Chome/profil/44AB8020-ACE5-4B81-A767-CC8D189141B3,Jl. Wahid Hasyim Gaten Condong Catur Kec. Depok Kab. Sleman Prov. D.I. Yogyakarta,Kab. Sleman,,D.I. Yogyakarta
50300984,SMAN LURASIK,https://sekolah.data.kemdikbud.go.id/index.php/Chome/profil/00D0CE8F-C552-46E6-A567-CC9007F4A980,PELAJAR LURASIK Boronubaen Kec. Biboki Utara Kab. Timor Tengah Utara Prov. Nusa Tenggara Timur,Kab. Timor Tengah Utara,,Nusa Tenggara Timur
10210851,SMAN 17 MEDAN,https://sekolah.data.kemdikbud.go.id/index.php/Chome/profil/CE332327-BEA9-4508-8A93-CC953DFFFA34,"JL. LETJEN JAMIN GINTING KM.13,5 LAUCIH Kec. Medan Tuntungan Kota Medan Prov. Sumatera Utara",,Kota Medan,Sumatera Utara
30311610,SMAN 1 BELAWANG,https://sekolah.data.kemdikbud.go.id/index.php/Chome/profil/7E5D4EBC-5ED7-41F3-8C7D-CC96FFBBE3E6,JL. BELAWANG RT.3 Belawang Kec. Belawang Kab. Barito Kuala Prov. Kalimantan Selatan,Kab. Barito Kuala,,Kalimantan Selatan
20506343,SMA NEGERI 1 NGIMBANG,https://sekolah.data.kemdikbud.go.id/index.php/Chome/profil/585D65F2-7A79-4985-8C04-CC9B7146318A,"Jl. Raya Kecamatan Ngimbang, Desa Sendan... Sendangrejo Kec. Ngimbang Kab. Lamongan Prov. Jawa Timur",Kab. Lamongan,,Jawa Timur
69725930,SMAN 3 SARMI,https://sekolah.data.kemdikbud.go.id/index.php/Chome/profil/3740B692-EBCA-4E07-A0E0-CCA113B27E49,KAMPUNG KEDER KECAMATAN PANTAI TIMUR BAG... Keder Ii Kec. Pantai Timur Bagian Barat Kab. Sarmi Prov. Papua,Kab. Sarmi,,Papua
70004641,SMA QU (AL QURAN) ROUDLATUL QURAN 3 SEKAMPUNG,https://sekolah.data.kemdikbud.go.id/index.php/Chome/profil/4633B45B-DF13-4145-854D-CCA3387E2117,Jalan Raya Dusun I Bulu Payung Sumber Gede Kec. Sekampung Kab. Lampung Timur Prov. Lampung,Kab. Lampung Timur,,Lampung
20227816,SMA PLUS BABUSSALAM CIMENYAN,https://sekolah.data.kemdikbud.go.id/index.php/Chome/profil/0790FEA8-CDB7-4264-8EDD-CCA3A639C2E8,JL. Ciburial Indah No.2-6 Rt.01 Rw.01 Ciburial Kec. Cimenyan Kab. Bandung Prov. Jawa Barat,Kab. Bandung,,Jawa Barat
20616288,SMAS TERPADU PELITA BANGSA LONTAR,https://sekolah.data.kemdikbud.go.id/index.php/Chome/profil/998B187A-4054-4AD3-BB2F-CCA5ADC4206E,JL. TPI LONTAR NO. 14 KP. KEBON Alang Alang Kec. Tirtayasa Kab. Serang Prov. Banten,Kab. Serang,,Banten
10302399,SMAN 1 SUNGAYANG,https://sekolah.data.kemdikbud.go.id/index.php/Chome/profil/3E4291FF-05AF-449D-9FC5-CCAE18B112D2,JL. KEBUN SUNGAYANG SUNGAYANG Kec. Sungayang Kab. Tanah Datar Prov. Sumatera Barat,Kab. Tanah Datar,,Sumatera Barat
10643908,SMAN 3 PRABUMULIH,https://sekolah.data.kemdikbud.go.id/index.php/Chome/profil/E22129C8-214E-48C3-8732-CCB71475409D,JL.  M. YUSUF WAHID SUKAJADI Sukajadi Kec. Prabumulih Timur Kota Prabumulih Prov. Sumatera Selatan,,Kota Prabumulih,Sumatera Selatan
40203329,SMAN WALEA KEPULAUAN,https://sekolah.data.kemdikbud.go.id/index.php/Chome/profil/0F6756C9-5472-4DE3-9E39-CCB7BCA2D672,JL. DURIAN POPOLII Kec. Walea Kepulauan Kab. Tojo Una Una Prov. Sulawesi Tengah,Kab. Tojo Una Una,,Sulawesi Tengah
70055600,SMA NEGERI 12 SOLOK SELATAN,https://sekolah.data.kemdikbud.go.id/index.php/Chome/profil/872FB25E-EB7D-4A38-9CFC-CCB950AC7D29,Jalan Koto Baru Sungai Kalu PAKAN RABAA UTARA Kec. Koto Parik Gadang Diateh Kab. Solok Selatan Prov. Sumatera Barat,Kab. Solok Selatan,,Sumatera Barat
20107193,SMAS KATOLIK NUSA MELATI,https://sekolah.data.kemdikbud.go.id/index.php/Chome/profil/04027997-9E95-4FA2-8564-CCBBF19E7DD3,JL. HANKAM NO. 6 CIPAYUNG Cipayung Kec. Cipayung Kota Adm. Jakarta Timur Prov. D.K.I. Jakarta,,Kota Adm. Jakarta Timur,D.K.I. Jakarta
10400372,SMA NEGERI 1 TAPUNG,https://sekolah.data.kemdikbud.go.id/index.php/Chome/profil/E7F3080D-9BC8-402C-9866-CCBF56FFCDAC,JL.PETAPAHAN - MINAS KM.93 Indra Sakti Kec. Tapung Kab. Kampar Prov. Riau,Kab. Kampar,,Riau
10107089,SMA NEGERI 1 PANDRAH,https://sekolah.data.kemdikbud.go.id/index.php/Chome/profil/D3DFA9A9-19DA-4BC0-86F3-CCC228987FE8,JL. B. ACEH - MEDAN KM 189  PANDRAH Alue Igeueh Kec. Pandrah Kab. Bireuen Prov. Aceh,Kab. Bireuen,,Aceh
70025417,SMA TAHFIDZUL QURAN (SMATQ) ABI-UMMI,https://sekolah.data.kemdikbud.go.id/index.php/Chome/profil/F201F4C2-AAE9-42B2-A7FC-CCCAF079D34C,Jl. Raya Solo - Semarang Dukuh Prigi RT ... Tanduk Kec. Ampel Kab. Boyolali Prov. Jawa Tengah,Kab. Boyolali,,Jawa Tengah
11003261,SMAS TUNAS BARU JIN SEUNG,https://sekolah.data.kemdikbud.go.id/index.php/Chome/profil/9C5BE831-BEB4-4663-97A3-CCCE87FDA292,Kav. Batu Aji Baru Blok C 12 No 3 Batu Aji Kec. Sagulung Kota Batam Prov. Kepulauan Riau,,Kota Batam,Kepulauan Riau
70007183,SMAS ISLAM TERPADU WAHDAH ISLAMIYAH PALOPO,https://sekolah.data.kemdikbud.go.id/index.php/Chome/profil/BA5B0EEB-5A11-48EA-BB5B-CCD53EA5ED83,Jln. Andi Bintang Peta Kec. Sendana Kota Palopo Prov. Sulawesi Selatan,,Kota Palopo,Sulawesi Selatan
60402131,SMAS YPPK ST THOMAS AQUINO,https://sekolah.data.kemdikbud.go.id/index.php/Chome/profil/B4945D57-42FB-4DC0-BA10-CCD88E2FAFCE,JL. LETTU IDRUS KAIMANA Kaimana Kota Kec. Kaimana Kab. Kaimana Prov. Papua Barat,Kab. Kaimana,,Papua Barat
20231324,SMAN 1 CIBUNGBULANG,https://sekolah.data.kemdikbud.go.id/index.php/Chome/profil/4172AF88-8455-4B07-B4AB-CCDFB03A9951,Jalan Kapten Dasuki Bakri Desa Cibatok 0... Cibatok 1 Kec. Cibungbulang Kab. Bogor Prov. Jawa Barat,Kab. Bogor,,Jawa Barat
10258342,SMAN 1 IDANOGAWO,https://sekolah.data.kemdikbud.go.id/index.php/Chome/profil/D8E32F28-490F-4173-B5F4-CCE376E974B7,Jl. Arah Bozihona Maliwaa Kec. Idanogawo Kab. Nias Prov. Sumatera Utara,Kab. Nias,,Sumatera Utara
30402595,SMAN 1 PESO,https://sekolah.data.kemdikbud.go.id/index.php/Chome/profil/5CA75611-A3A0-4DF4-9E64-CCF72763F23F,JL. S. MOMING RT II Long Bia Kec. Peso Kab. Bulungan Prov. Kalimantan Utara,Kab. Bulungan,,Kalimantan Utara
20501698,SMAN 1 WONOAYU,https://sekolah.data.kemdikbud.go.id/index.php/Chome/profil/1635B0A9-D364-4B62-9CFE-CCFD725E5854,JL. RAYA PAGERNGUMBUK Pagerngumbuk Kec. Wonoayu Kab. Sidoarjo Prov. Jawa Timur,Kab. Sidoarjo,,Jawa Timur
10810732,SMA N 1 PAGAR DEWA,https://sekolah.data.kemdikbud.go.id/index.php/Chome/profil/920528C3-BD26-496B-AF17-CCFEA0FB138B,Jl. Raya Unit VI Cahyou Randu Kec. Pagar Dewa Kab. Tulang Bawang Barat Prov. Lampung,Kab. Tulang Bawang Barat,,Lampung
69786587,SMA MA`ARIF DARUL ULUM BRONDONG,https://sekolah.data.kemdikbud.go.id/index.php/Chome/profil/650FFDD1-A4B4-4ACB-8446-CCFEF2944691,Desa Brengkok Brengkok Kec. Brondong Kab. Lamongan Prov. Jawa Timur,Kab. Lamongan,,Jawa Timur
50219586,SMAS NW PRINGGABAYA,https://sekolah.data.kemdikbud.go.id/index.php/Chome/profil/BCCD00B1-36C2-4897-8987-CD06B2E21D28,Jln. Sandubaya No. 81 Pringgabaya Pringgabaya Kec. Pringgabaya Kab. Lombok Timur Prov. Nusa Tenggara Barat,Kab. Lombok Timur,,Nusa Tenggara Barat
70035047,SMA NEGERI DEPOK,https://sekolah.data.kemdikbud.go.id/index.php/Chome/profil/A1D42BEC-ACC5-46A3-B18C-CD0AAE4F020D,Jalan Lapang Bola No. 5 Desa Keduanan Ke... Keduanan Kec. Depok Kab. Cirebon Prov. Jawa Barat,Kab. Cirebon,,Jawa Barat
70026918,SMA Regents School,https://sekolah.data.kemdikbud.go.id/index.php/Chome/profil/520436E5-C0FF-4F93-9656-CD0DE039F56B,Jalan Waribang No 20 Kesiman Petilan Den... Kesiman Petilan Kec. Denpasar Timur Kota Denpasar Prov. Bali,,Kota Denpasar,Bali
30405246,SMAN 1 NUNUKAN SELATAN,https://sekolah.data.kemdikbud.go.id/index.php/Chome/profil/AEAD106B-075F-423F-84EA-CD0EC619954D,JL. HASANUDDIN RT. 09 Selisun Kec. Nunukan Selatan Kab. Nunukan Prov. Kalimantan Utara,Kab. Nunukan,,Kalimantan Utara
69845478,SMA NEGERI 2 SAMADUA,https://sekolah.data.kemdikbud.go.id/index.php/Chome/profil/D6460A81-2F7F-41E9-901B-CD13C0B9373A,Jl. Tapaktuan - Blang Pidie  Km 13 Kuta Blang Kec. Samadua Kab. Aceh Selatan Prov. Aceh,Kab. Aceh Selatan,,Aceh
10648868,SMAS BP FAI UMJ,https://sekolah.data.kemdikbud.go.id/index.php/Chome/profil/983521B9-07AE-4DE1-8A26-CD16A2462E9C,JL. RAYA PARUNG BOGOR Jampang Kec. Gunung Sindur Kab. Bogor Prov. Jawa Barat,Kab. Bogor,,Jawa Barat
60201928,SMA NEGERI 4 PULAU MOROTAI,https://sekolah.data.kemdikbud.go.id/index.php/Chome/profil/6B284DD7-49D3-4268-A76D-CD1DD5EB268F,Jl. Maba Pantai Maba Kec. Morotai Utara Kab. Pulau Morotai Prov. Maluku Utara,Kab. Pulau Morotai,,Maluku Utara
10209429,SMAS SADAR NAGARAJA,https://sekolah.data.kemdikbud.go.id/index.php/Chome/profil/66E32E57-6CAF-4983-883F-CD1FACBF3D1F,Nagur Pane Nagur Pane Kec. Sipispis Kab. Serdang Bedagai Prov. Sumatera Utara,Kab. Serdang Bedagai,,Sumatera Utara
10609689,SMA SRIJAYA NEGARA PALEMBANG,https://sekolah.data.kemdikbud.go.id/index.php/Chome/profil/D6D4A27D-AA73-4831-A6BF-CD24308C161F,JL OGAN KOMP FKIP UNSRI Bukit Lama Kec. Ilir Barat I Kota Palembang Prov. Sumatera Selatan,,Kota Palembang,Sumatera Selatan
40307796,SMAS VETERAN PALOPO,https://sekolah.data.kemdikbud.go.id/index.php/Chome/profil/65686376-415A-42FC-90FB-CD2B4289DDD2,JL. TANDIPAU NO. 12 KOTA PALOPO Tomarundung Kec. Wara Barat Kota Palopo Prov. Sulawesi Selatan,,Kota Palopo,Sulawesi Selatan
69759246,SMAN 1 KRAGILAN,https://sekolah.data.kemdikbud.go.id/index.php/Chome/profil/FB464349-63F2-44A0-8550-CD32351969DB,JL. SENTUL NYAPAH KM.03 Pematang Kec. Kragilan Kab. Serang Prov. Banten,Kab. Serang,,Banten
40500758,SMAN 1 LEMITO,https://sekolah.data.kemdikbud.go.id/index.php/Chome/profil/51B1942B-9718-4C1E-9B2F-CD337E374F5B,JL. TRANS SULAWESI Wonggarasi Barat Kec. Lemito Kab. Pohuwato Prov. Gorontalo,Kab. Pohuwato,,Gorontalo
20606543,SMAS BINA INSANI,https://sekolah.data.kemdikbud.go.id/index.php/Chome/profil/DEBE099A-05E8-4C54-9E3D-CD357200C07C,JL. H. MANSYUR NO. 3 Neroktog Kec. Pinang Kota Tangerang Prov. Banten,,Kota Tangerang,Banten
10261051,SMAN 1 SILINDAK,https://sekolah.data.kemdikbud.go.id/index.php/Chome/profil/88535680-C7DD-4BED-B965-CD3DC261D41A,JL. BESAR GUNUNG MERIAH SILINDA Kec. Silinda Kab. Serdang Bedagai Prov. Sumatera Utara,Kab. Serdang Bedagai,,Sumatera Utara
69831503,SMA KRISTEN ANAK BANGSA,https://sekolah.data.kemdikbud.go.id/index.php/Chome/profil/7236921D-EF49-4F8D-BC22-CD40EDA4CB76,Manyar Kartika Timur No.6 Surabaya Menur Pumpungan Kec. Sukolilo Kota Surabaya Prov. Jawa Timur,,Kota Surabaya,Jawa Timur
69883509,SMA SWASTA AR RASYID ASAHAN,https://sekolah.data.kemdikbud.go.id/index.php/Chome/profil/2080059C-5BB9-43A3-B7C3-CD411774009E,JALAN SINGA LK. II SEI RENGGAS Sei Renggas Kec. Kisaran Barat Kab. Asahan Prov. Sumatera Utara,Kab. Asahan,,Sumatera Utara
10301582,SMAN 1 IX KT SUNGAI LASI,https://sekolah.data.kemdikbud.go.id/index.php/Chome/profil/576E0AF8-C9DF-4B46-A959-CD464AA28CB4,JL SAWAH BARUAH NAGARI TARUNG-TARUNG KOTO NAN IV DIBAWUAH Kec. IX Koto Sungai Lasi Kab. Solok Prov. Sumatera Barat,Kab. Solok,,Sumatera Barat
69968298,SMAN 22 BATAM,https://sekolah.data.kemdikbud.go.id/index.php/Chome/profil/FEC2F00D-9A25-4BC2-B152-CD49C57A5A9B,Jl. Abdullah RT. 04 RW. 02 Pecong Kec. Belakang Padang Kota Batam Prov. Kepulauan Riau,,Kota Batam,Kepulauan Riau
60728922,SMAS BARINDO BINAMU,https://sekolah.data.kemdikbud.go.id/index.php/Chome/profil/8CDA1DC4-39E2-4FFB-A198-CD5252790285,BOSALIA Sidenre Kec. Binamu Kab. Jeneponto Prov. Sulawesi Selatan,Kab. Jeneponto,,Sulawesi Selatan
20303984,SMA NEGERI 1 KARANGKOBAR,https://sekolah.data.kemdikbud.go.id/index.php/Chome/profil/BEE659F8-8CA7-4086-BD30-CD55CBBEEC4D,JL. LEKSANA NO. 25 KARANGKOBAR Leksana Kec. Karangkobar Kab. Banjarnegara Prov. Jawa Tengah,Kab. Banjarnegara,,Jawa Tengah
69980323,SMA Kasih Bagi Bangsa,https://sekolah.data.kemdikbud.go.id/index.php/Chome/profil/1D76CE7A-608F-43FD-AB29-CD5810C0795B,Jl. Bangun Nusa Raya Blok H No.1 B Cengkareng Timur Kec. Cengkareng Kota Adm. Jakarta Barat Prov. D.K.I. Jakarta,,Kota Adm. Jakarta Barat,D.K.I. Jakarta
69734431,SMAN 2 MANGGELEWA,https://sekolah.data.kemdikbud.go.id/index.php/Chome/profil/63D68D36-22B9-4BA3-8A7C-CD5A66283789,JL. LINTAS LANCI JAYA Lanci Jaya Kec. Manggelewa Kab. Dompu Prov. Nusa Tenggara Barat,Kab. Dompu,,Nusa Tenggara Barat
10502799,SMAN 8 MUARO JAMBI,https://sekolah.data.kemdikbud.go.id/index.php/Chome/profil/83A2CBD7-276D-4122-B82F-CD5E58A1B64A,JLN. LINTAS TIMUR KM. 21 Rengas Bandung Kec. Jambi Luar Kota Kab.  Muaro Jambi Prov. Jambi,Kab.  Muaro Jambi,,Jambi
69901106,SMA IT ADDAKWAH,https://sekolah.data.kemdikbud.go.id/index.php/Chome/profil/A507CDC2-A929-4ECD-ACE3-CD5F7FC99556,Jln. Lintas Mbawi Kec. Dompu Kab. Dompu Mbawi Kec. Dompu Kab. Dompu Prov. Nusa Tenggara Barat,Kab. Dompu,,Nusa Tenggara Barat
40103834,SMAN 2 PINELENG,https://sekolah.data.kemdikbud.go.id/index.php/Chome/profil/73361A63-D0DB-4065-9979-CD644C52BAB8,JL. VETERAN DESA SEA Sea Kec. Pineleng Kab. Minahasa Prov. Sulawesi Utara,Kab. Minahasa,,Sulawesi Utara
50220477,SMAN 3 PEKAT,https://sekolah.data.kemdikbud.go.id/index.php/Chome/profil/ADC589CD-5DFE-4974-9614-CD673E864702,Jln. Pasar Senin Kadindi Barat Kec. Pekat Kab. Dompu Prov. Nusa Tenggara Barat,Kab. Dompu,,Nusa Tenggara Barat
70005192,SMAS ISLAM TERPADU NURUL ASAFA TAKALAR,https://sekolah.data.kemdikbud.go.id/index.php/Chome/profil/8C0248E3-9180-4FDF-BDBF-CD6B74717B5F,Jl. Ranggong Dg. Romo No. 3 Panaikang Pattallassang Kec. Pattallassang Kab. Takalar Prov. Sulawesi Selatan,Kab. Takalar,,Sulawesi Selatan
11002044,SMAN 1 JEMAJA,https://sekolah.data.kemdikbud.go.id/index.php/Chome/profil/B46DB79B-D099-4A1B-9BFB-CD6D31FE064E,JL. PADANG MELANG BATU BERAPIT Kec. Jemaja Kab. Kepulauan Anambas Prov. Kepulauan Riau,Kab. Kepulauan Anambas,,Kepulauan Riau
20247161,SMAS PESANTREN HUSNAYAIN,https://sekolah.data.kemdikbud.go.id/index.php/Chome/profil/C2717EE8-E3BF-499A-A841-CD6E3FB2C24E,JL. JAYANEGARA KABANDUNGAN Kabandungan Kec. Kabandungan Kab. Sukabumi Prov. Jawa Barat,Kab. Sukabumi,,Jawa Barat
20203744,SMA NEGERI 1 PACET,https://sekolah.data.kemdikbud.go.id/index.php/Chome/profil/F633C55B-8755-4042-B5D9-CD75438A297E,JL. HANJAWAR PACET SUKANAGALIH Sukanagalih Kec. Pacet Kab. Cianjur Prov. Jawa Barat,Kab. Cianjur,,Jawa Barat
50300664,SMAS AL IKHLAS SOE,https://sekolah.data.kemdikbud.go.id/index.php/Chome/profil/672FC33D-8CF6-45BC-98C7-CD770FC5ED94,JLN. IKAN PAUS NO. 16 SOE Oekefan Kec. Kota Soe Kab. Timor Tengah Selatan Prov. Nusa Tenggara Timur,Kab. Timor Tengah Selatan,,Nusa Tenggara Timur
60203605,SMAN 9 HALMAHERA TENGAH,https://sekolah.data.kemdikbud.go.id/index.php/Chome/profil/86D142DB-AD4F-42B8-B320-CD788192A494,JL. TRANS HALMAHERA DESA MESSA MESSA Kec. Weda Timur Kab. Halmahera Tengah Prov. Maluku Utara,Kab. Halmahera Tengah,,Maluku Utara
50220559,SMAS PGRI GUNUNGSARI,https://sekolah.data.kemdikbud.go.id/index.php/Chome/profil/768704D5-7562-4D68-8BF6-CD8A8ADB6097,JL. Jagapati Mambalan Kec. Gunung Sari Kab. Lombok Barat Prov. Nusa Tenggara Barat,Kab. Lombok Barat,,Nusa Tenggara Barat
69980024,SMAN 15 MUARO JAMBI,https://sekolah.data.kemdikbud.go.id/index.php/Chome/profil/887E4F68-C71E-459D-9E75-CD8E51942C53,Jln. Tri Barata Km. 11 Desa Pondok Meja ... Pondok Meja Kec. Mestong Kab.  Muaro Jambi Prov. Jambi,Kab.  Muaro Jambi,,Jambi
20314886,SMAS PGRI CEPU,https://sekolah.data.kemdikbud.go.id/index.php/Chome/profil/962C9245-FAD1-4E16-92F2-CD8EB77C3F5C,JL. TUKBUNTUNG NO. 1 CEPU Cepu Kec. Cepu Kab. Blora Prov. Jawa Tengah,Kab. Blora,,Jawa Tengah
10703046,SMAN 10 BENGKULU,https://sekolah.data.kemdikbud.go.id/index.php/Chome/profil/702D4E87-FF0F-4E77-8CE1-CD8FCAD6CA1A,JL. PADANG CENGKEH Suka Rami Kec. Selebar Kota Bengkulu Prov. Bengkulu,,Kota Bengkulu,Bengkulu
40313291,SMAN 8 SIDENRENG RAPPANG,https://sekolah.data.kemdikbud.go.id/index.php/Chome/profil/F74D189A-0334-45CA-87D8-CD92527A9918,JL. POROS SOPPENG Corawali Kec. Panca Lautang Kab. Sidenreng Rappang Prov. Sulawesi Selatan,Kab. Sidenreng Rappang,,Sulawesi Selatan
10702406,SMA NEGERI 6 KOTA BENGKULU,https://sekolah.data.kemdikbud.go.id/index.php/Chome/profil/BBCFF2D6-4B05-418F-82D7-CD92AE195801,JL. PRATU AIDIT Bajak Kec. Teluk Segara Kota Bengkulu Prov. Bengkulu,,Kota Bengkulu,Bengkulu
10210720,SMA Swasta Katolik Budi Murni 1,https://sekolah.data.kemdikbud.go.id/index.php/Chome/profil/AAD341E6-98D1-4F66-B00B-CD9326405313,JL. TIMOR NO. 34 MEDAN Gaharu Kec. Medan Timur Kota Medan Prov. Sumatera Utara,,Kota Medan,Sumatera Utara
70049107,SMA CHANDRA BUANA,https://sekolah.data.kemdikbud.go.id/index.php/Chome/profil/BA6255F6-E84F-4522-9D84-CD964A1CB3BC,Kampung Hambulu RT.001 RW.007 Pondok Udik Kec. Kemang Kab. Bogor Prov. Jawa Barat,Kab. Bogor,,Jawa Barat
69949411,SMA NURUL ILMI DARUNNAJAH,https://sekolah.data.kemdikbud.go.id/index.php/Chome/profil/999E8BEF-7861-4D9A-BE32-CD9C08B979A7,Jl. Palka Km.05. Kp. Sindangheula Sindangheula Kec. Pabuaran Kab. Serang Prov. Banten,Kab. Serang,,Banten
69943579,SMAS ISLAM NABILAH,https://sekolah.data.kemdikbud.go.id/index.php/Chome/profil/86E486CB-139F-42DD-884C-CD9CE36C4BBA,Komp. Masjid Amanatul Ummah Taman Dutama... Baloi Permai Kec. Batam Kota Kota Batam Prov. Kepulauan Riau,,Kota Batam,Kepulauan Riau
40103485,SMAS UNKLAB AIRMADIDI,https://sekolah.data.kemdikbud.go.id/index.php/Chome/profil/EEE604E5-CF0C-4BF5-9EDD-CDA0CD2A9469,KAMPUS UNKLAB AIRMADIDI Airmadidi Bawah Kec. Airmadidi Kab. Minahasa Utara Prov. Sulawesi Utara,Kab. Minahasa Utara,,Sulawesi Utara
10263535,SMAN 4 SIBOLGA,https://sekolah.data.kemdikbud.go.id/index.php/Chome/profil/079749CC-0053-4520-8507-CDA16F45067E,JL. JEND. SUDIRMAN  SIBOLGA Aek Parombunan Kec. Sibolga Selatan Kota Sibolga Prov. Sumatera Utara,,Kota Sibolga,Sumatera Utara
70000534,SMA PLUS INSAN ADZKIA,https://sekolah.data.kemdikbud.go.id/index.php/Chome/profil/FE3E4D8D-C6E4-49C1-8478-CDA1C360EC40,Kp. Nangoh RT. 01 RW 06 Bojonglongok Kec. Parakansalak Kab. Sukabumi Prov. Jawa Barat,Kab. Sukabumi,,Jawa Barat
20219249,SMAN 23 BANDUNG,https://sekolah.data.kemdikbud.go.id/index.php/Chome/profil/39358461-5A9A-45EF-B27D-CDA691B43CA2,JL. MALANGBONG RAYA Antapani Wetan Kec. Antapani Kota Bandung Prov. Jawa Barat,,Kota Bandung,Jawa Barat
20326499,SMAS BUSTANUL ULUM NU BUMIAYU,https://sekolah.data.kemdikbud.go.id/index.php/Chome/profil/EBDB470C-FD7D-4546-98F0-CDAFBA5F108C,JL. P. DIPONEGORO NO. 9 BUMIAYU Dukuhturi Kec. Bumiayu Kab. Brebes Prov. Jawa Tengah,Kab. Brebes,,Jawa Tengah
69822807,SMA YPPGI SINAK,https://sekolah.data.kemdikbud.go.id/index.php/Chome/profil/83FC295D-EC32-4684-A42C-CDB45A20141A,Jalan Raya Bandara  Sinak GIGOBAK / GOGOBAK Kec. Sinak Kab. Puncak Prov. Papua Tengah,Kab. Puncak,,Papua Tengah
69878019,SMAN 14 MALINAU,https://sekolah.data.kemdikbud.go.id/index.php/Chome/profil/B1954E18-5E39-42A0-A7B7-CDB56BE97277,DESA DATA DIAN Data Dian Kec. Kayan Hilir Kab. Malinau Prov. Kalimantan Utara,Kab. Malinau,,Kalimantan Utara
69762592,SMAN WOLWAL,https://sekolah.data.kemdikbud.go.id/index.php/Chome/profil/617394A5-183F-4880-B81B-CDBAF2F3930D,WOLWAL TENGAH Wolwal Tengah Kec. Alor Barat Daya Kab. Alor Prov. Nusa Tenggara Timur,Kab. Alor,,Nusa Tenggara Timur
30108360,SMAN 2 SUBAH,https://sekolah.data.kemdikbud.go.id/index.php/Chome/profil/B19756C0-98D0-4B86-A777-CDC3203B7253,JL. RAYA SATAI Bukit Mulya Kec. Subah Kab. Sambas Prov. Kalimantan Barat,Kab. Sambas,,Kalimantan Barat
30404438,SMAN 1 MUARA BENGKAL,https://sekolah.data.kemdikbud.go.id/index.php/Chome/profil/AA419744-A97A-4A33-ADDB-CDDC15A2C0D2,JL. ASMAWI SY Muara Bengkal Ulu Kec. Muara Bengkal Kab. Kutai Timur Prov. Kalimantan Timur,Kab. Kutai Timur,,Kalimantan Timur
69727626,SMAN 1 BILAH BARAT,https://sekolah.data.kemdikbud.go.id/index.php/Chome/profil/0B8A744D-09DD-4913-8611-CDE31F801D4D,BINANGA TOLANG DESA TANJUNG MEDAN Tanjung Medan Kec. Bilah Barat Kab. Labuhanbatu Prov. Sumatera Utara,Kab. Labuhanbatu,,Sumatera Utara
20247172,SMAS YASTI CISAAT,https://sekolah.data.kemdikbud.go.id/index.php/Chome/profil/7E316D4F-8F22-4C50-8CDB-CDE481B3F5F8,JL. VETERAN NO. 66 CISAAT SUKABUMI Cisaat Kec. Cisaat Kab. Sukabumi Prov. Jawa Barat,Kab. Sukabumi,,Jawa Barat
30405316,SMA NEGERI 3 TENGGARONG,https://sekolah.data.kemdikbud.go.id/index.php/Chome/profil/E61C2AEE-892A-4599-B0B9-CDE4A6625A86,JL. PERUM KOPRI No.1 Perjiwa Kec. Tenggarong Seberang Kab. Kutai Kartanegara Prov. Kalimantan Timur,Kab. Kutai Kartanegara,,Kalimantan Timur
70048025,SMA IQ AL HUSNA MAYONG,https://sekolah.data.kemdikbud.go.id/index.php/Chome/profil/D23E55A8-7FEE-4DA5-BD6C-CDEE2DB654C2,Jl. Pancur-Mayong Pancur Kec. Mayong Kab. Jepara Prov. Jawa Tengah,Kab. Jepara,,Jawa Tengah
20603161,SMAS BINA BHAKTI KRONJO,https://sekolah.data.kemdikbud.go.id/index.php/Chome/profil/DB444D0D-8FE0-4372-880C-CDEEA22FC24A,JL. PENDIDIKAN NO. 1 PASILIAN LAMA Pasilian Kec. Kronjo Kab. Tangerang Prov. Banten,Kab. Tangerang,,Banten
10610293,SMAN CAMPUR SARI,https://sekolah.data.kemdikbud.go.id/index.php/Chome/profil/A0FE8121-057E-4BAD-B04D-CDF0E7A126C9,JL. SEMATUNG Campur Sari Kec. Megang Sakti Kab. Musi Rawas Prov. Sumatera Selatan,Kab. Musi Rawas,,Sumatera Selatan
10497407,SMAS TEUKU SULUNG,https://sekolah.data.kemdikbud.go.id/index.php/Chome/profil/6F99810B-61F9-41A7-9007-CDF7A591A248,JL. PENUNJANG BENTENG UTARA Benteng Utara Kec. Sungai Batang Kab. Indragiri Hilir Prov. Riau,Kab. Indragiri Hilir,,Riau
10609710,SMA PATRA MANDIRI 01 PALEMBANG,https://sekolah.data.kemdikbud.go.id/index.php/Chome/profil/0A33253A-73E1-40D5-BA9B-CDF9B6511948,JL KELAPA SAWIT KOMPERTA PLAJU Komperta Kec. Plaju Kota Palembang Prov. Sumatera Selatan,,Kota Palembang,Sumatera Selatan
60105433,SMA Negeri 12 Maluku Barat Daya,https://sekolah.data.kemdikbud.go.id/index.php/Chome/profil/971B699A-62DC-45D7-9A0E-CDFC529071AF,SERWARU Tutukey Kec. Pulau Letti Kab. Maluku Barat Daya Prov. Maluku,Kab. Maluku Barat Daya,,Maluku
10800734,SMAS FATAHILLAH,https://sekolah.data.kemdikbud.go.id/index.php/Chome/profil/18B1432E-6242-4166-8440-CDFED3B774A6,JL.  Way Gowan No.1 Sidoharjo Kec. Jati Agung Kab. Lampung Selatan Prov. Lampung,Kab. Lampung Selatan,,Lampung
50308602,SMAN 2 KOTA KOMBA,https://sekolah.data.kemdikbud.go.id/index.php/Chome/profil/17CB6825-6624-41AE-97DA-CE01E64DC945,MOK Mbengan Kec. Kota Komba Kab. Manggarai Timur Prov. Nusa Tenggara Timur,Kab. Manggarai Timur,,Nusa Tenggara Timur
10644261,SMAN 1 PENDOPO,https://sekolah.data.kemdikbud.go.id/index.php/Chome/profil/7DB280FD-2356-4071-80D7-CE06BBAD9D6A,JL. RAYA DESA LANDUR Landur Kec. Pendopo Kab. Empat Lawang Prov. Sumatera Selatan,Kab. Empat Lawang,,Sumatera Selatan
69888735,SMAN 3 TORGAMBA,https://sekolah.data.kemdikbud.go.id/index.php/Chome/profil/D159852D-1E41-4827-967E-CE148DF479FC,SEI DAUN MERANTI KEC.TORGAMBA Sungai Meranti Kec. Torgamba Kab. Labuhanbatu Selatan Prov. Sumatera Utara,Kab. Labuhanbatu Selatan,,Sumatera Utara
30202755,SMA NEGERI 1 SANAMAN MANTIKEI,https://sekolah.data.kemdikbud.go.id/index.php/Chome/profil/5CC98060-0000-4531-93CA-CE1573C01848,JL. SOEKARNO-HATTA Tumbang Kaman Kec. Sanaman Mantikei Kab. Katingan Prov. Kalimantan Tengah,Kab. Katingan,,Kalimantan Tengah
10202677,SMA SWASTA MUHAMMADIYAH 7 SERBALAWAN,https://sekolah.data.kemdikbud.go.id/index.php/Chome/profil/444F03AB-B79A-4B7F-B5CC-CE1AB74C7CB2,JL. MERDEKA NO. 16 SERBALAWAN Serbelawan Kec. Dolok Batu Nanggar Kab. Simalungun Prov. Sumatera Utara,Kab. Simalungun,,Sumatera Utara
40309863,SMAN 9 TANA TORAJA,https://sekolah.data.kemdikbud.go.id/index.php/Chome/profil/DDB4E7CB-28C8-428C-9955-CE20730F30E5,"JL. POROS MAKALE MAKASAR, KM 30 KELURAHAN SALUBARANI Kec. Gandangbatu Sillanan Kab. Tana Toraja Prov. Sulawesi Selatan",Kab. Tana Toraja,,Sulawesi Selatan
69955544,SMA SURABAYA CAMBRIDGE SCHOOL,https://sekolah.data.kemdikbud.go.id/index.php/Chome/profil/46E7525A-D8D7-4966-A841-CE240701BA9A,JL. Raya Jelidro II No. 36 Sambikerep Kec. Sambi Kerep Kota Surabaya Prov. Jawa Timur,,Kota Surabaya,Jawa Timur
70005864,SMA MAKAMALONGAK TABALEMA,https://sekolah.data.kemdikbud.go.id/index.php/Chome/profil/ED75F4FC-9BA0-40F8-AAF0-CE26F15A7BA0,Jln. Terowongan Janda Tabalema Kec. Mandioli Selatan Kab. Halmahera Selatan Prov. Maluku Utara,Kab. Halmahera Selatan,,Maluku Utara
70040004,SMA PONDOK MODERN SELAMAT 3 BATANG,https://sekolah.data.kemdikbud.go.id/index.php/Chome/profil/6E694A79-7EDA-4FA2-948A-CE29601BB2BD,Jl. Raya Gringsing - Kutosari Kutosari Kec. Gringsing Kab. Batang Prov. Jawa Tengah,Kab. Batang,,Jawa Tengah
50302622,SMA MUHAMMADIYAH ENDE,https://sekolah.data.kemdikbud.go.id/index.php/Chome/profil/EB6AEB74-533F-435F-8932-CE298440DA6F,JL. WOLOARE B KEL. ROWORENA BARAT Kec. Ende Utara Kab. Ende Prov. Nusa Tenggara Timur,Kab. Ende,,Nusa Tenggara Timur
50305118,SMAS KRISTEN MERCUSUAR,https://sekolah.data.kemdikbud.go.id/index.php/Chome/profil/6319E987-CD31-4F27-B495-CE2E6B8B3BD5,JL. E.R. HEREWILA NO. 52 Naikoten Dua Kec. Kota Raja Kota Kupang Prov. Nusa Tenggara Timur,,Kota Kupang,Nusa Tenggara Timur
69754595,SMAS IT KYAI SEKAR AL AMRI,https://sekolah.data.kemdikbud.go.id/index.php/Chome/profil/72C8977B-EF3E-4E31-B462-CE30A3E3382D,JL. KYAI SEKAR NO.126 DESA SUMBER KEDAWU... Sumberkedawung Kec. Leces Kab. Probolinggo Prov. Jawa Timur,Kab. Probolinggo,,Jawa Timur
10103030,SMAN 1 KUTACANE,https://sekolah.data.kemdikbud.go.id/index.php/Chome/profil/5349AD18-3ACA-42F5-8307-CE30F252323A,JL. Iskandar Muda No. 2 Gumpang Jaya Kec. Babussalam Kab. Aceh Tenggara Prov. Aceh,Kab. Aceh Tenggara,,Aceh
70013217,SMA NEGERI 2 PACAR,https://sekolah.data.kemdikbud.go.id/index.php/Chome/profil/842702F2-46DA-4602-AF0D-CE321263BCDA,Jalan Raya Cabang Beo Wulang Manong Kec. Pacar Kab. Manggarai Barat Prov. Nusa Tenggara Timur,Kab. Manggarai Barat,,Nusa Tenggara Timur
20546552,SMA ULUL ALBAB,https://sekolah.data.kemdikbud.go.id/index.php/Chome/profil/29A6EDB0-CBE6-4D1D-86FB-CE3334F9C0CD,JL. BEBEKAN MASJID 1-2 B Bebekan Kec. Taman Kab. Sidoarjo Prov. Jawa Timur,Kab. Sidoarjo,,Jawa Timur
70036745,SMA RAUDHATUL IRFAN,https://sekolah.data.kemdikbud.go.id/index.php/Chome/profil/A237F33F-3946-437B-B5B7-CE3F688B9ECD,Dusun Sukamanah RT 05 RW 03 Kutawargi Kec. Rawamerta Kab. Karawang Prov. Jawa Barat,Kab. Karawang,,Jawa Barat
10107157,SMAS SYAKIRAH,https://sekolah.data.kemdikbud.go.id/index.php/Chome/profil/082F1502-5E69-4A15-A302-CE41DA05EE86,JL. BAKTI Purwodadi Kec. Kejuruan Muda Kab. Aceh Tamiang Prov. Aceh,Kab. Aceh Tamiang,,Aceh
30302556,SMAN 1 AMUNTAI,https://sekolah.data.kemdikbud.go.id/index.php/Chome/profil/C901A199-C58B-4754-B16E-CE435B1DE7B0,JL. SUKMARAGA 325 AMUNTAI Sungai Malang Kec. Amuntai Tengah Kab. Hulu Sungai Utara Prov. Kalimantan Selatan,Kab. Hulu Sungai Utara,,Kalimantan Selatan
20331091,SMAS NU 3 MUALLIMIN WELERI,https://sekolah.data.kemdikbud.go.id/index.php/Chome/profil/B41ADBCC-C6CC-4AAC-85DF-CE43DB658964,JL. BALAI DESA PENARUBAN Penaruban Kec. Weleri Kab. Kendal Prov. Jawa Tengah,Kab. Kendal,,Jawa Tengah
70039371,SMA ISLAM ULUMUL QURAN,https://sekolah.data.kemdikbud.go.id/index.php/Chome/profil/9D3DBAEE-5785-4E49-852D-CE48EE921ADD,Jl. Raya Desa Setiling Setiling Kec. Batukliang Utara Kab. Lombok Tengah Prov. Nusa Tenggara Barat,Kab. Lombok Tengah,,Nusa Tenggara Barat
