kode,nama,link_profil,alamat,kabupaten,kota,provinsi
20404172,SMAS MA ARIF YOGYAKARTA,https://sekolah.data.kemdikbud.go.id/index.php/Chome/profil/E1333563-72EC-4D3B-915F-5392D09F763B,JL. DAGEN GT I /.509 Sosromenduran Kec. Gedongtengen Kota Yogyakarta Prov. D.I. Yogyakarta,,Kota Yogyakarta,D.I. Yogyakarta
20220343,SMAS REGINA PACIS,https://sekolah.data.kemdikbud.go.id/index.php/Chome/profil/339D305A-DF2D-49AC-AAAD-539610AC8DDC,JL. IR HJ. JUANDA NO. 2 Pabaton Kec. Kota Bogor Tengah Kota Bogor Prov. Jawa Barat,,Kota Bogor,Jawa Barat
20103286,SMAN 113 JAKARTA,https://sekolah.data.kemdikbud.go.id/index.php/Chome/profil/3C887BC3-F8F5-45B5-8493-539916F310C4,JL. ALBAIDHO I/MONUMEN PANCASILA SAKTI Lubang Buaya Kec. Cipayung Kota Adm. Jakarta Timur Prov. D.K.I. Jakarta,,Kota Adm. Jakarta Timur,D.K.I. Jakarta
20228503,SMA IT DANUL FALAH,https://sekolah.data.kemdikbud.go.id/index.php/Chome/profil/E6A80E24-E0B6-4128-B3B8-539FDC541780,JL RAYA PINTU CISANGKUY WETAN PANGALENGA... Margamekar Kec. Pangalengan Kab. Bandung Prov. Jawa Barat,Kab. Bandung,,Jawa Barat
69958905,SMAN 10 HALMAHERA TIMUR,https://sekolah.data.kemdikbud.go.id/index.php/Chome/profil/C8D700F6-5A23-421C-A7DB-53A0BE518888,Jl. Poros Desa Dodaga Dodaga Kec. Wasile Timur Kab. Halmahera Timur Prov. Maluku Utara,Kab. Halmahera Timur,,Maluku Utara
10303506,SMAN 9 PADANG,https://sekolah.data.kemdikbud.go.id/index.php/Chome/profil/4BBBA823-BB5D-4792-A1DA-53A168A9C84C,JL. PASAR BARU Cupak Tangah Kec. Pauh Kota Padang Prov. Sumatera Barat,,Kota Padang,Sumatera Barat
10210816,SMAS AL BUKHARI MUSLIM,https://sekolah.data.kemdikbud.go.id/index.php/Chome/profil/FFC9D7CB-DA9E-429C-A360-53A1AEDE5761,JL. SRIWIJAYA NO. 57 Petisah Hulu Kec. Medan Baru Kota Medan Prov. Sumatera Utara,,Kota Medan,Sumatera Utara
10505373,SMAN 3 MERANGIN,https://sekolah.data.kemdikbud.go.id/index.php/Chome/profil/16B881E0-D337-4508-B557-53A86D67B1AF,JL. BELIAK MATA HITAM ULU III MUARA DELA... Muara Delang Kec. Tabir Selatan Kab.  Merangin Prov. Jambi,Kab.  Merangin,,Jambi
10609697,SMA TRI DHARMA PALEMBANG,https://sekolah.data.kemdikbud.go.id/index.php/Chome/profil/BBF02696-197B-4514-A9A1-53A934703012,JL JAKSA AGUNG R. SOEPRAPTO PALEMBANG 30 Ilir Kec. Ilir Barat II Kota Palembang Prov. Sumatera Selatan,,Kota Palembang,Sumatera Selatan
20265518,SMAS ALFA CENTAURI,https://sekolah.data.kemdikbud.go.id/index.php/Chome/profil/5A5F8601-EFC1-4175-A75E-53AB2747A457,JL. Diponegoro No. 48 Citarum Kec. Bandung Wetan Kota Bandung Prov. Jawa Barat,,Kota Bandung,Jawa Barat
20539029,SMA NEGERI 1 SOKO TUBAN,https://sekolah.data.kemdikbud.go.id/index.php/Chome/profil/027183CE-D709-465D-B044-53ACF4FE1D06,JL RAYA DESA MENTORO SOKO Mentoro Kec. Soko Kab. Tuban Prov. Jawa Timur,Kab. Tuban,,Jawa Timur
69758135,SMA ISLAM GALESONG,https://sekolah.data.kemdikbud.go.id/index.php/Chome/profil/9108A20C-E2AA-4A27-81FA-53AD3207FFA9,JL SALEWATANG NO.07 KALUKUANG Kec. Galesong Kab. Takalar Prov. Sulawesi Selatan,Kab. Takalar,,Sulawesi Selatan
10494536,SMAN 2 SINGINGI,https://sekolah.data.kemdikbud.go.id/index.php/Chome/profil/C4D3A2B5-1932-4EEC-AEC1-53ADF966350E,JL. POROS Sungai Sirih Kec. Singingi Kab. Kuantan Singingi Prov. Riau,Kab. Kuantan Singingi,,Riau
30203939,SMA NEGERI 1 BULIK TIMUR,https://sekolah.data.kemdikbud.go.id/index.php/Chome/profil/0EF6F242-5AAA-4B35-8B6A-53AE6A5D325F,JL. P3DT Merambang Kec. Bulik Timur Kab. Lamandau Prov. Kalimantan Tengah,Kab. Lamandau,,Kalimantan Tengah
60303348,SMAN ANGGRUK,https://sekolah.data.kemdikbud.go.id/index.php/Chome/profil/AB4F8111-9314-415A-A381-53B102C80063,JL. YAHULIKMA ANGGRUK Yahulikma Kec. Anggruk Kab. Yahukimo Prov. Papua Pegunungan,Kab. Yahukimo,,Papua Pegunungan
20350718,SMA IHSANUL FIKRI MUNGKID,https://sekolah.data.kemdikbud.go.id/index.php/Chome/profil/FDABD44C-BE94-49BA-926F-53B65A428750,JL.PABELAN 1 Pabelan Kec. Mungkid Kab. Magelang Prov. Jawa Tengah,Kab. Magelang,,Jawa Tengah
69882330,SMA PESANTREN UNGGUL AL BAYAN ANYER,https://sekolah.data.kemdikbud.go.id/index.php/Chome/profil/4329FFB0-60D1-4E91-9CF3-53BA2EC9E8A5,Jl. Raya Anyer Karang Bolong Bandulu Kec. Anyar Kab. Serang Prov. Banten,Kab. Serang,,Banten
10100186,SMA NEGERI 1 KRUENG BARONA JAYA,https://sekolah.data.kemdikbud.go.id/index.php/Chome/profil/EB38E781-FE25-4228-BF86-53BB6D1AEF20,JL. T. ISKANDAR KM. 5 MEUNASAH MANYANG Kec. Krung Barona Jaya Kab. Aceh Besar Prov. Aceh,Kab. Aceh Besar,,Aceh
40206618,SMAN 1 SINDUE TOMBUSABORA,https://sekolah.data.kemdikbud.go.id/index.php/Chome/profil/C0E9F8E2-1443-4DF1-B01A-53BCBC5C7442,Jl. Tombusabora No. Tibo Kec. Sindue Tombusabora Kab. Donggala Prov. Sulawesi Tengah,Kab. Donggala,,Sulawesi Tengah
10110280,SMA NEGERI 1 PINING,https://sekolah.data.kemdikbud.go.id/index.php/Chome/profil/A37942CF-1399-4EE2-ABCE-53C4A1882912,JL.LADIA GALASKA - PINING - LUKUP SERBEJ... Pertik Kec. Pining Kab. Gayo Lues Prov. Aceh,Kab. Gayo Lues,,Aceh
20251781,SMA MATHLAUL ANWAR MARGAHAYU,https://sekolah.data.kemdikbud.go.id/index.php/Chome/profil/2D3DFCA3-9068-425A-B92D-53C6A1B666F6,JL. TERUSAN KOPO NO.302 Margahayu Selatan Kec. Margahayu Kab. Bandung Prov. Jawa Barat,Kab. Bandung,,Jawa Barat
10900449,SMAN 1 MEMBALONG,https://sekolah.data.kemdikbud.go.id/index.php/Chome/profil/60491A03-2E4D-48B5-A416-53C8FE8C0296,JL AHMAD YANI MEMBALONG Membalong Kec. Membalong Kab. Belitung Prov. Kepulauan Bangka Belitung,Kab. Belitung,,Kepulauan Bangka Belitung
20328876,SMA SINT LOUIS,https://sekolah.data.kemdikbud.go.id/index.php/Chome/profil/F199D61C-33E7-4D48-A610-53CBFABF2C85,Jl. Dr. Wahidin No. 110 Jatingaleh Kec. Candisari Kota Semarang Prov. Jawa Tengah,,Kota Semarang,Jawa Tengah
20318337,SMA NEGERI 1 WELAHAN,https://sekolah.data.kemdikbud.go.id/index.php/Chome/profil/4A757029-CC85-45A5-82E6-53CC9D09855E,Desa Kalipucang Kulon RT. 02 RW. 03 Kalipucang Kulon Kec. Welahan Kab. Jepara Prov. Jawa Tengah,Kab. Jepara,,Jawa Tengah
69924464,SMA Negeri 2 Dekai,https://sekolah.data.kemdikbud.go.id/index.php/Chome/profil/6F31D2A3-28EB-494E-A1C3-53CE89C88B95,Jalan Sudirman Dekai Dekai Kec. Dekai Kab. Yahukimo Prov. Papua Pegunungan,Kab. Yahukimo,,Papua Pegunungan
10804187,SMAN 1 MERAKSA AJI,https://sekolah.data.kemdikbud.go.id/index.php/Chome/profil/A62D74C4-6044-489D-BB00-53D1884C97CC,JL. RAYA BINA BUMI NO. 4 Bina Bumi Kec. Meraksa Aji Kab. Tulang Bawang Prov. Lampung,Kab. Tulang Bawang,,Lampung
20521747,SMAS ISLAM TLOGOSARI,https://sekolah.data.kemdikbud.go.id/index.php/Chome/profil/080319C7-FB56-446C-A875-53D663505743,Jl. KH. Ali Maksum No. 63-69 Kab. Bondow... Sulek Kec. Tlogosari Kab. Bondowoso Prov. Jawa Timur,Kab. Bondowoso,,Jawa Timur
10503734,SMAN 6 SAROLANGUN,https://sekolah.data.kemdikbud.go.id/index.php/Chome/profil/776199C9-9CB5-452C-9ADA-53D6729B2979,DESA BUKIT KALIMAU ULU Bukit Kalimau Ulu Kec. Batang Asai Kab. Sarolangun Prov. Jambi,Kab. Sarolangun,,Jambi
20252184,SMAS FAJAR HIDAYAH,https://sekolah.data.kemdikbud.go.id/index.php/Chome/profil/E40B98E7-8051-45A9-A35A-53D7697EBC73,JL. TRANSYOGI KM. 6 KEC. GUNUNG PUTRI Ciangsana Kec. Gunungputri Kab. Bogor Prov. Jawa Barat,Kab. Bogor,,Jawa Barat
70012427,SMAS INKLUSI KINGDOM ACADEMY,https://sekolah.data.kemdikbud.go.id/index.php/Chome/profil/A1CBD744-F66D-4220-8403-53DF17B29DDF,Jl. Chairil Anwar no.73a Wua-Wua Kec. Wua-Wua Kota Kendari Prov. Sulawesi Tenggara,,Kota Kendari,Sulawesi Tenggara
20231717,SMAS NASIONAL 1,https://sekolah.data.kemdikbud.go.id/index.php/Chome/profil/72DF415F-3C33-408B-8551-53EA4A8769AF,JL. RAYA HANKAM BOJONG NANGKA II NO. 38 Jatirahayu Kec. Pondok Melati Kota Bekasi Prov. Jawa Barat,,Kota Bekasi,Jawa Barat
20606271,SMAN 2 KRAKATAU STEEL CILEGON,https://sekolah.data.kemdikbud.go.id/index.php/Chome/profil/99CEE3E6-9E6B-422B-A569-53EC78264543,JL. SEMANG RAYA NO. 1 KOMPLEKS KS - CILE... Kotabumi Kec. Purwakarta Kota Cilegon Prov. Banten,,Kota Cilegon,Banten
10258335,SMAS PERMATA KASIH,https://sekolah.data.kemdikbud.go.id/index.php/Chome/profil/C86B1996-DE1F-44BA-9CA9-53ED53E1DE28,DESA BOTOMBAWO Botombawo Kec. Sitolu Ori Kab. Nias Utara Prov. Sumatera Utara,Kab. Nias Utara,,Sumatera Utara
30401499,SMAS MUHAMMADIYAH 1,https://sekolah.data.kemdikbud.go.id/index.php/Chome/profil/C0843F7F-8E42-43A4-A1C2-53EF997AD2BC,JL. LETJEND S. PARMAN RT 24 NO.19 Sumber Rejo Kec. Balikpapan Tengah Kota Balikpapan Prov. Kalimantan Timur,,Kota Balikpapan,Kalimantan Timur
40402558,SMAS DDI KENDARI,https://sekolah.data.kemdikbud.go.id/index.php/Chome/profil/2C93B788-B4D2-4CFB-A48C-53F240F0D897,JL. TEKAKA  No. 9 Kandai Kec. Kendari Kota Kendari Prov. Sulawesi Tenggara,,Kota Kendari,Sulawesi Tenggara
10108271,SMAS DARUL MUKHLISIN,https://sekolah.data.kemdikbud.go.id/index.php/Chome/profil/7E08F91F-6345-4B0A-92D2-53F620A527CB,JL. FAMILI Tanjung Karang Kec. Karang Baru Kab. Aceh Tamiang Prov. Aceh,Kab. Aceh Tamiang,,Aceh
70035586,SMA UNGGULAN BINA INSAN MULIA,https://sekolah.data.kemdikbud.go.id/index.php/Chome/profil/03F1D48E-FE0F-410B-A375-53FA97E9E735,"Blok Cikuda, Dusun V Cisaat Kec. Dukupuntang Kab. Cirebon Prov. Jawa Barat",Kab. Cirebon,,Jawa Barat
10609921,SMA NEGERI OLAHRAGA SRIWIJAYA PALEMBANG,https://sekolah.data.kemdikbud.go.id/index.php/Chome/profil/AAE70F3B-35B5-4C88-A746-53FFFD014ACD,JL. PENDIDIKAN KOMPLEK OPI JAKABARING PA... 15 Ulu Kec. Seberang Ulu I Kota Palembang Prov. Sumatera Selatan,,Kota Palembang,Sumatera Selatan
60300112,SMA ADVENT DOYO BARU,https://sekolah.data.kemdikbud.go.id/index.php/Chome/profil/D4FA51EB-7C42-4AD4-B20B-5400BAE71F57,JL. RAYA SENTANI - DEPAPRE DOYO BARU Doyo Baru Kec. Waibu Kab. Jayapura Prov. Papua,Kab. Jayapura,,Papua
20510133,SMAN 1 BALONG,https://sekolah.data.kemdikbud.go.id/index.php/Chome/profil/7A3B8271-0C2F-4C43-850C-5400E5BA890F,JL. KEMAJUAN NO. 8 Karangan Kec. Balong Kab. Ponorogo Prov. Jawa Timur,Kab. Ponorogo,,Jawa Timur
30205232,SMA NEGERI 2 DUSUN UTARA,https://sekolah.data.kemdikbud.go.id/index.php/Chome/profil/65CA0B08-3C2F-4861-9925-54038AFF97D4,"JALAN PEMBANGUNAN, DESA TARUSAN Tarusan Kec. Dusun Utara Kab. Barito Selatan Prov. Kalimantan Tengah",Kab. Barito Selatan,,Kalimantan Tengah
20232331,SMAS DARUL FAIZIN,https://sekolah.data.kemdikbud.go.id/index.php/Chome/profil/16873DF7-3519-498F-BA33-5406359A9F16,JL. KOLONEL BUSTOMI DESA CARINGIN Caringin Kec. Caringin Kab. Bogor Prov. Jawa Barat,Kab. Bogor,,Jawa Barat
60403485,SMA YPK EKLESIA  KABUPATEN SORONG,https://sekolah.data.kemdikbud.go.id/index.php/Chome/profil/7ED4C6CA-9409-4A01-AA41-540FF6BC64E3,Jl. Pendidikan Distrik Moisegen Masmili Kec. Moisegen Kab. Sorong Prov. Papua Barat Daya,Kab. Sorong,,Papua Barat Daya
10505058,SMAN 7 MERANGIN,https://sekolah.data.kemdikbud.go.id/index.php/Chome/profil/3137EB90-A2DF-4DF3-B33C-54133B39A6A7,JL. TALANG KAWO DS. BANGKO DUSUN BANGKO Kec. Bangko Kab.  Merangin Prov. Jambi,Kab.  Merangin,,Jambi
69772703,SMAN 2 CIKARANG SELATAN,https://sekolah.data.kemdikbud.go.id/index.php/Chome/profil/D94C7B39-1B82-433A-AC87-54184F7FA24A,PERUM BUMI CIKARANG MAKMUR JL. DELIMA RA... Sukadami Kec. Cikarang Selatan Kab. Bekasi Prov. Jawa Barat,Kab. Bekasi,,Jawa Barat
69764514,SMA SWASTA POLEANG TENGGARA,https://sekolah.data.kemdikbud.go.id/index.php/Chome/profil/FFEB43BC-F199-4522-B981-54187363B8A9,Jl. Pembangunan No. 1 Lemo Kec. Poleang Tenggara Kab. Bombana Prov. Sulawesi Tenggara,Kab. Bombana,,Sulawesi Tenggara
10201343,SMAN 1 HINAI,https://sekolah.data.kemdikbud.go.id/index.php/Chome/profil/B7818AFE-8E1C-4B51-97A0-541A8D10F0E3,JL. OLAH RAGA BATU MELENGGANG Batu Malenggang Kec. Hinai Kab. Langkat Prov. Sumatera Utara,Kab. Langkat,,Sumatera Utara
40312633,SMAS MAKASSAR MULYA,https://sekolah.data.kemdikbud.go.id/index.php/Chome/profil/AC3587A1-6DB7-47F8-A950-541BEF41E148,JL. TAMANGAPA RAYA NO. 258 Tamangapa Kec. Manggala Kota Makassar Prov. Sulawesi Selatan,,Kota Makassar,Sulawesi Selatan
30107323,SMAN 1 KAYAN HULU,https://sekolah.data.kemdikbud.go.id/index.php/Chome/profil/D3E4E1E1-3515-45EF-93DD-541CE93F90A9,Jl. Nanga Mau - Nanga Tebidah Entogong Kec. Kayan Hulu Kab. Sintang Prov. Kalimantan Barat,Kab. Sintang,,Kalimantan Barat
10305570,SMAN 2 SUNGAI LIMAU,https://sekolah.data.kemdikbud.go.id/index.php/Chome/profil/6F2329F6-12F6-4E29-839D-541DC8CB0C14,JL. SITIMANGGOPOH SUNGAI SIRAH PILUBANG Kec. Sungai Limau Kab. Padang Pariaman Prov. Sumatera Barat,Kab. Padang Pariaman,,Sumatera Barat
69725552,SMAN 2  NEGERI KATON,https://sekolah.data.kemdikbud.go.id/index.php/Chome/profil/00FD8D80-2195-4DED-B8C0-5423DDA2D2B0,JL.BRANTI RAYA NEGERI KATON Pejambon Kec. Negeri Katon Kab. Pesawaran Prov. Lampung,Kab. Pesawaran,,Lampung
20507719,SMAS MUHAMMADIYAH 2 GEGER,https://sekolah.data.kemdikbud.go.id/index.php/Chome/profil/78DC535B-A5DA-4375-A82C-5423ECB4F2EC,JL. LAPANGAN UTERAN Uteran Kec. Geger Kab. Madiun Prov. Jawa Timur,Kab. Madiun,,Jawa Timur
10609660,SMA MUHAMMADIYAH 03 PALEMBANG,https://sekolah.data.kemdikbud.go.id/index.php/Chome/profil/DF16CC4A-63FF-4D0E-A68F-542574C7997B,JL. JEND. A. YANI 13 ULU KOMP. UMP PAALE... 13 Ulu Kec. Seberang Ulu II Kota Palembang Prov. Sumatera Selatan,,Kota Palembang,Sumatera Selatan
70027168,SMA Islam Bakti Asih,https://sekolah.data.kemdikbud.go.id/index.php/Chome/profil/300617E5-DB52-4AC1-9AA5-542741ADE1F9,"Jl. Padasuka Atas No. 233, RT. 06 RW. 09 Padasuka Kec. Cimenyan Kab. Bandung Prov. Jawa Barat",Kab. Bandung,,Jawa Barat
20252016,SMAS MARDI YUANA CIANJUR,https://sekolah.data.kemdikbud.go.id/index.php/Chome/profil/A8172020-089D-45DC-9B0F-542DB7ABEBC3,JL. SILIWANGI NO. 66 Sawah Gede Kec. Cianjur Kab. Cianjur Prov. Jawa Barat,Kab. Cianjur,,Jawa Barat
50308593,SMAN 1 BORONG,https://sekolah.data.kemdikbud.go.id/index.php/Chome/profil/4AC52099-1238-4484-9957-542EEA687D2A,KACA Sita Kec. Rana Mese Kab. Manggarai Timur Prov. Nusa Tenggara Timur,Kab. Manggarai Timur,,Nusa Tenggara Timur
70041954,SMA IT DARUL HUDA,https://sekolah.data.kemdikbud.go.id/index.php/Chome/profil/A8AB3970-4822-44E9-A412-542F0FF60CB5,Komplek Pondok Pesantren Darul Huda Dsn ... Purwasari Kec. Garawangi Kab. Kuningan Prov. Jawa Barat,Kab. Kuningan,,Jawa Barat
69957327,SMA NEGERI 11 KAUR (LAYANAN KHUSUS),https://sekolah.data.kemdikbud.go.id/index.php/Chome/profil/9C279141-DEE7-44E2-A482-543912265E76,Jalan Pondok Pusaka Padang Petron Kec. Kaur Selatan Kab. Kaur Prov. Bengkulu,Kab. Kaur,,Bengkulu
69786423,SMAN 30 GARUT,https://sekolah.data.kemdikbud.go.id/index.php/Chome/profil/BB2002BA-2955-4F0E-ADB9-5441F3DB051E,Jl. Raya Cihurip Cihurip Kec. Cihurip Kab. Garut Prov. Jawa Barat,Kab. Garut,,Jawa Barat
10201992,SMA NEGERI 2 KABANJAHE,https://sekolah.data.kemdikbud.go.id/index.php/Chome/profil/E479F37E-2F5A-46E2-9AE9-5442D8DE8A2B,JL. JAMIN GINTING KABANJAHE Kampung Dalam Kec. Kabanjahe Kab. Karo Prov. Sumatera Utara,Kab. Karo,,Sumatera Utara
10257746,SMAN 1 DOLOK MERAWAN,https://sekolah.data.kemdikbud.go.id/index.php/Chome/profil/E4361D29-0CE8-4004-9353-544B9B302D79,JL. RAYA MEDAN - P. SIANTAR KM 99 Kalembak Kec. Dolok Merawan Kab. Serdang Bedagai Prov. Sumatera Utara,Kab. Serdang Bedagai,,Sumatera Utara
70003317,SMA Negeri 9 Denpasar,https://sekolah.data.kemdikbud.go.id/index.php/Chome/profil/D2972CC3-E059-4B08-B6F6-5457F7220262,"Jalan Wr. Supratman, Banjar Kertalangu Kesiman Kertalangu Kec. Denpasar Timur Kota Denpasar Prov. Bali",,Kota Denpasar,Bali
60403380,SMA NEGERI 1 KAIMANA,https://sekolah.data.kemdikbud.go.id/index.php/Chome/profil/47FB2690-9253-43B0-9656-5459B798F8AB,JL. VETERAN Kaimana Kota Kec. Kaimana Kab. Kaimana Prov. Papua Barat,Kab. Kaimana,,Papua Barat
69761930,SMAN 11 PINRANG,https://sekolah.data.kemdikbud.go.id/index.php/Chome/profil/2D7357BA-45FE-4D81-AE37-545B86A14007,JL. IR. H. JUANDA NO.7 Macorawalie Kec. Watang Sawitto Kab. Pinrang Prov. Sulawesi Selatan,Kab. Pinrang,,Sulawesi Selatan
10204227,SMAS DIPONEGORO KISARAN,https://sekolah.data.kemdikbud.go.id/index.php/Chome/profil/99C3B794-3ED7-477B-A542-5478FEC73604,JL. DIPONEGORO NO. 125 KISARAN Kisaran Kota Kec. Kisaran Barat Kab. Asahan Prov. Sumatera Utara,Kab. Asahan,,Sumatera Utara
60203779,SMA NEGERI 31 HALMAHERA SELATAN,https://sekolah.data.kemdikbud.go.id/index.php/Chome/profil/C8AB9FED-66AC-4C49-ADE2-548D58A08CD1,JL. Pendidikan Sum Kec. Obi Timur Kab. Halmahera Selatan Prov. Maluku Utara,Kab. Halmahera Selatan,,Maluku Utara
10811025,SMAN 1 KELUMBAYAN,https://sekolah.data.kemdikbud.go.id/index.php/Chome/profil/017132B4-DABC-4D6D-BC88-548F87720AD5,JL. RAYA PANTAI HARAPAN KELUMBAYAN Penyandingan Kec. Kelumbayan Kab. Tanggamus Prov. Lampung,Kab. Tanggamus,,Lampung
40402615,SMAN 5 KENDARI,https://sekolah.data.kemdikbud.go.id/index.php/Chome/profil/2505AEC2-0ABD-4A41-B840-5494DC285EE5,JL. BRIGJEN KATAMSO 397 KENDARI Baruga Kec. Baruga Kota Kendari Prov. Sulawesi Tenggara,,Kota Kendari,Sulawesi Tenggara
11000359,SMAN 2 BATAM,https://sekolah.data.kemdikbud.go.id/index.php/Chome/profil/2F279ED9-4433-4A6E-884C-5498A7C288E2,JL. RAYA SEKANAK Sekanak Raya Kec. Belakang Padang Kota Batam Prov. Kepulauan Riau,,Kota Batam,Kepulauan Riau
40203908,SMAN 2 PAMONA SELATAN,https://sekolah.data.kemdikbud.go.id/index.php/Chome/profil/C4F042C6-245F-4842-B4A2-549A1A6BF2C6,JL. S. SAROSO Panda Jaya Kec. Pamona Selatan Kab. Poso Prov. Sulawesi Tengah,Kab. Poso,,Sulawesi Tengah
60100327,SMA Negeri 17 Maluku Tengah,https://sekolah.data.kemdikbud.go.id/index.php/Chome/profil/67FA7387-26DB-4746-BEB6-54A05EB1C261,Jl. Haji Adam Malik-Waipia 97558 Layeni Kec. Teon Nila Serua Kab. Maluku Tengah Prov. Maluku,Kab. Maluku Tengah,,Maluku
40402981,SMAS MUTIARA BAUBAU,https://sekolah.data.kemdikbud.go.id/index.php/Chome/profil/0628FCD3-5AAE-4359-BEB7-54A244F16589,JL. MUTIARA NO .10 Lamangga Kec. Murhum Kota Bau Bau Prov. Sulawesi Tenggara,,Kota Bau Bau,Sulawesi Tenggara
50100842,SMA Negeri 1 Pekutatan,https://sekolah.data.kemdikbud.go.id/index.php/Chome/profil/38D0851C-6081-45AD-9798-54A5CA7DC1A9,JL. RAYA PEKUTATAN PUPUAN Pekutatan Kec. Pekutatan Kab. Jembrana Prov. Bali,Kab. Jembrana,,Bali
20338403,SMAS NURUL HUDA PAGUYANGAN,https://sekolah.data.kemdikbud.go.id/index.php/Chome/profil/4BD512DD-D008-424E-B8E8-54A7301B9503,Jl. Raya Munggangsari Cilibur Cilibur Kec. Paguyangan Kab. Brebes Prov. Jawa Tengah,Kab. Brebes,,Jawa Tengah
50100843,SMA Negeri 1 Negara,https://sekolah.data.kemdikbud.go.id/index.php/Chome/profil/057F807A-18D7-4088-9DB9-54AE0F2DFE0A,JL. NGURAH RAI NO. 155 Dauhwaru Kec. Jembrana Kab. Jembrana Prov. Bali,Kab. Jembrana,,Bali
40404163,SMAN 1 TALAGA RAYA,https://sekolah.data.kemdikbud.go.id/index.php/Chome/profil/7F1EC0C7-AE7F-4E4E-B4D8-54B0F8C0EFEA,Jln. Kakatua No. 02 Talaga Talaga Satu Kec.Talaga Raya Kab. Buton Tengah Prov. Sulawesi Tenggara,Kab. Buton Tengah,,Sulawesi Tenggara
60301892,SMA Kristen Anak Panah Nabire,https://sekolah.data.kemdikbud.go.id/index.php/Chome/profil/C7E03FAD-06AC-493E-8FFA-54B1EC9239D1,Jl.  Christina Martha Tiahahu Kalibobo Kec. Nabire Kab. Nabire Prov. Papua Tengah,Kab. Nabire,,Papua Tengah
30405623,SMAN 2 SANGATTA UTARA,https://sekolah.data.kemdikbud.go.id/index.php/Chome/profil/4C203C9E-AA46-4CDA-8399-54B6CB7763B7,JL. SOEKARNO HATTA Singa Gembara Kec. Sangatta Utara Kab. Kutai Timur Prov. Kalimantan Timur,Kab. Kutai Timur,,Kalimantan Timur
30400376,SMAN 3 BERAU,https://sekolah.data.kemdikbud.go.id/index.php/Chome/profil/9D9704A0-F813-4A3D-B86B-54B91A3B742E,JL. SOEKARNO HATTA NO.98 Talisayan Kec. Talisayan Kab. Berau Prov. Kalimantan Timur,Kab. Berau,,Kalimantan Timur
60102713,SMA Negeri 9 Seram Bagian Barat,https://sekolah.data.kemdikbud.go.id/index.php/Chome/profil/07FB2E72-1AE5-49B2-8187-54BCD3433DC4,TELAGA NIPA Waesala Kec. Huamual Belakang Kab. Seram Bagian Barat Prov. Maluku,Kab. Seram Bagian Barat,,Maluku
70015681,SMA ISLAM TERPADU AL ISHLAH,https://sekolah.data.kemdikbud.go.id/index.php/Chome/profil/F3AB9C0E-C928-47AE-AA04-54C2452A9AE8,Jln. Balkin No. 16 Molosipat U Kec. Sipatana Kota Gorontalo Prov. Gorontalo,,Kota Gorontalo,Gorontalo
50309259,SMAN 1 KEO TENGAH,https://sekolah.data.kemdikbud.go.id/index.php/Chome/profil/F100FBD8-B478-4E8D-AF5D-54C4EA5757ED,JL. JURUSAN MAUNORI NANGARORO Kotadirumali Kec. Keo Tengah Kab. Nagekeo Prov. Nusa Tenggara Timur,Kab. Nagekeo,,Nusa Tenggara Timur
20218356,SMAN 1 CIKARANG UTARA,https://sekolah.data.kemdikbud.go.id/index.php/Chome/profil/997DD5D2-0ABB-4C4C-9377-54D07521A42A,JL. Ki Hajar Dewantara N0. 91 Kecamatan ... Karangasih Kec. Cikarang Utara Kab. Bekasi Prov. Jawa Barat,Kab. Bekasi,,Jawa Barat
10258023,SMA SWASTA KATOLIK TRI SAKTI MEDAN,https://sekolah.data.kemdikbud.go.id/index.php/Chome/profil/7F085332-DB75-46AA-969E-54D40E063769,JL. MEDAN TENGGARA GG. BANTENG 21 D E N A I Kec. Medan Denai Kota Medan Prov. Sumatera Utara,,Kota Medan,Sumatera Utara
20219238,SMAN 15 BANDUNG,https://sekolah.data.kemdikbud.go.id/index.php/Chome/profil/E705B41A-213D-49EB-B5BE-54D9CABF713E,SARIMANIS NO. 01 SARIJADI BANDUNG Sarijadi Kec. Sukasari Kota Bandung Prov. Jawa Barat,,Kota Bandung,Jawa Barat
20227873,SMAS PANCA KARSA LEMBANG,https://sekolah.data.kemdikbud.go.id/index.php/Chome/profil/2F6630BE-137D-4D9F-B486-54DCDC22ACF5,JL KIWI KAYU AMBON NO. 32 LEMBANG Lembang Kec. Lembang Kab. Bandung Barat Prov. Jawa Barat,Kab. Bandung Barat,,Jawa Barat
70053419,SMA PLUS ABU DZAR,https://sekolah.data.kemdikbud.go.id/index.php/Chome/profil/61432222-9EB3-43B3-BB1F-54E51BB976BF,"Perumahan Eco Village Serpong, Jl. Mekar Sari Kec. Rumpin Kab. Bogor Prov. Jawa Barat",Kab. Bogor,,Jawa Barat
40306084,SMAN 11 LUWU,https://sekolah.data.kemdikbud.go.id/index.php/Chome/profil/7BF7E2CA-6322-492E-A696-54E7F8E9AC2F,JL. ANDI JEMMA Lamasi Kec. Lamasi Kab. Luwu Prov. Sulawesi Selatan,Kab. Luwu,,Sulawesi Selatan
69877353,SMA NEGERI 3 HURUNA,https://sekolah.data.kemdikbud.go.id/index.php/Chome/profil/CBC5ABE9-AF72-4210-B23C-54E8FA47F37C,Desa Tundrumbaho Tundrumbaho Kec. Huruna Kab. Nias Selatan Prov. Sumatera Utara,Kab. Nias Selatan,,Sumatera Utara
20101330,SMAS CANDRA NAYA,https://sekolah.data.kemdikbud.go.id/index.php/Chome/profil/4166972C-32F8-4A9A-B089-54ED4B336F8F,JL. JEMBATAN BESI II NO. 26 Jembatan Besi Kec. Tambora Kota Adm. Jakarta Barat Prov. D.K.I. Jakarta,,Kota Adm. Jakarta Barat,D.K.I. Jakarta
60103922,SMA Negeri 7 Kepulauan Aru,https://sekolah.data.kemdikbud.go.id/index.php/Chome/profil/DDB40574-59E6-48F6-A0A2-54F12BDC245E,DESA KOIJABI Koijabi Kec. Aru Tengah Timur Kab. Kepulauan Aru Prov. Maluku,Kab. Kepulauan Aru,,Maluku
10498726,SMA SWASTA TUAH ANAK NEGERI,https://sekolah.data.kemdikbud.go.id/index.php/Chome/profil/D7C5A92E-8820-4163-9680-54F41F6E3F68,Jl. Parit Baru Semukut Kec. Pulau Merbau Kab. Kepulauan Meranti Prov. Riau,Kab. Kepulauan Meranti,,Riau
30102505,SMAN 1 KELAM PERMAI,https://sekolah.data.kemdikbud.go.id/index.php/Chome/profil/6A85B413-9E5F-4BD4-A394-5500630214EA,JL. RAYA JETAK KEC. KLM. PERMAI Kebong Kec. Kelam Permai Kab. Sintang Prov. Kalimantan Barat,Kab. Sintang,,Kalimantan Barat
69907616,SMA Islam Bina Sejahtera,https://sekolah.data.kemdikbud.go.id/index.php/Chome/profil/A4193E34-706D-44F1-93E4-5501B1D7781F,Kampung Simpang asam Kecamatan Banjit Ka... Simpang Asam Kec. Banjit Kab. Way Kanan Prov. Lampung,Kab. Way Kanan,,Lampung
20327944,SMA ISLAM 1 SURAKARTA,https://sekolah.data.kemdikbud.go.id/index.php/Chome/profil/9872E648-8E64-43F1-A2E1-55094AB011F9,JL. BRIGJEN SUDIARTO 151 Joyosuran Kec. Pasarkliwon Kota Surakarta Prov. Jawa Tengah,,Kota Surakarta,Jawa Tengah
10107926,SMAN 1 SEUNAGAN,https://sekolah.data.kemdikbud.go.id/index.php/Chome/profil/DAA92AC5-70F1-42D9-9E87-55120698CC47,JL. T. BEN NO. 1 JEURAM Kuta Baro Jeuram Kec. Seunagan Kab. Nagan Raya Prov. Aceh,Kab. Nagan Raya,,Aceh
20505036,SMA MUHAMMADIYAH 3 BANCAR,https://sekolah.data.kemdikbud.go.id/index.php/Chome/profil/B871AB99-E084-40A4-9460-55179FD9EC2A,JL. DESA TERGAMBANG BANJARJO BANCAR Tergambang Kec. Bancar Kab. Tuban Prov. Jawa Timur,Kab. Tuban,,Jawa Timur
10214128,SMAS MUHAMMADIYAH 18 SUNGGAL,https://sekolah.data.kemdikbud.go.id/index.php/Chome/profil/E3C41B5C-F242-475E-8BD3-551C1EB8CA80,JL. SEI MENCIRIM NO. 60 Medan Krio Kec. Sunggal Kab. Deli Serdang Prov. Sumatera Utara,Kab. Deli Serdang,,Sumatera Utara
69757511,SMAS NU TENAJAR KIDUL,https://sekolah.data.kemdikbud.go.id/index.php/Chome/profil/EAC007A4-75E3-45A0-858C-551C43E4BCBD,JL. RAYA TENAJAR KIDUL RT 23 RW 05 Tenajar Kidul Kec. Kertasemaya Kab. Indramayu Prov. Jawa Barat,Kab. Indramayu,,Jawa Barat
69929106,SMA PUTRA AL AZHAR,https://sekolah.data.kemdikbud.go.id/index.php/Chome/profil/47E26D12-C5D6-49BB-A70A-55228DCA5A43,Jalan Raya Sidogiri Km 1 Sungi Wetan Kec. Pohjentrek Kab. Pasuruan Prov. Jawa Timur,Kab. Pasuruan,,Jawa Timur
20503409,SMA NEGERI KESAMBEN,https://sekolah.data.kemdikbud.go.id/index.php/Chome/profil/D813DED9-51A8-4BB1-9771-5525D180B5DB,Jl.Balai Desa Carangrejo No.3 Carang Rejo Kec. Kesamben Kab. Jombang Prov. Jawa Timur,Kab. Jombang,,Jawa Timur
69948127,SMA ITTIHADUL FALAH,https://sekolah.data.kemdikbud.go.id/index.php/Chome/profil/E59CFA4C-FBB9-4694-A909-552975B406D2,Dusun Pendua Lauk Pendua Kec. Kayangan Kab. Lombok Utara Prov. Nusa Tenggara Barat,Kab. Lombok Utara,,Nusa Tenggara Barat
70013321,SMA NEGERI SAMBET,https://sekolah.data.kemdikbud.go.id/index.php/Chome/profil/8F66A3AF-5468-46C6-B658-5532AF67533D,Jln. Tutu Nenometa No. 2 Sambet Kec. Toianas Kab. Timor Tengah Selatan Prov. Nusa Tenggara Timur,Kab. Timor Tengah Selatan,,Nusa Tenggara Timur
69768249,SMAN 1 RHEE,https://sekolah.data.kemdikbud.go.id/index.php/Chome/profil/EE814783-0D3F-48F5-B9FE-5532E2273EDC,JLN. LINTAS SUMBAWA - TANO Rhee Kec. Rhee Kab. Sumbawa Prov. Nusa Tenggara Barat,Kab. Sumbawa,,Nusa Tenggara Barat
69761866,SMA NEGERI 2 DUSUN HILIR,https://sekolah.data.kemdikbud.go.id/index.php/Chome/profil/1D76259E-5B6E-467E-937F-5532EC311D1D,DESA LEHAI Lehai Kec. Dusun Hilir Kab. Barito Selatan Prov. Kalimantan Tengah,Kab. Barito Selatan,,Kalimantan Tengah
40101753,SMA NEGERI 1 KABARUAN,https://sekolah.data.kemdikbud.go.id/index.php/Chome/profil/3E2DAFCD-A827-41EF-860F-55332098E085,DESA RARANGE Rarange Kec. Kabaruan Kab. Kepulauan Talaud Prov. Sulawesi Utara,Kab. Kepulauan Talaud,,Sulawesi Utara
20200673,SMAS TAMAN ISLAM,https://sekolah.data.kemdikbud.go.id/index.php/Chome/profil/AF7B916C-AA60-449B-B41E-5534EEA7D807,JL. KH. ABDUL HAMID KM.  4 SITU UDIK CIB... Situ Udik Kec. Cibungbulang Kab. Bogor Prov. Jawa Barat,Kab. Bogor,,Jawa Barat
70028846,SMA Al-Mubaarok,https://sekolah.data.kemdikbud.go.id/index.php/Chome/profil/AEFE495C-639B-4ED0-8CF0-553DFC2612CF,Jl Swatantra 1 Kav.III RT 009/RW 005 Jatirasa Kec. Jatiasih Kota Bekasi Prov. Jawa Barat,,Kota Bekasi,Jawa Barat
70043051,SMA Negeri 12 Denpasar,https://sekolah.data.kemdikbud.go.id/index.php/Chome/profil/FF6AD417-4A20-426A-8943-553F3DBB7CD9,"Jalan Imam Bonjol, Pemecutan Klod, Denpa... Pemecutan Klod Kec. Denpasar Barat Kota Denpasar Prov. Bali",,Kota Denpasar,Bali
40204191,SMAN 1 DAMPAL UTARA,https://sekolah.data.kemdikbud.go.id/index.php/Chome/profil/673013AE-BEDB-4C4F-9B0E-5540A1B3775B,JL. KI HAJAR DEWANTORO NO. 1 Ogotua Kec. Dampal Utara Kab. Tolitoli Prov. Sulawesi Tengah,Kab. Tolitoli,,Sulawesi Tengah
20303231,SMA NEGERI 1 BOBOTSARI,https://sekolah.data.kemdikbud.go.id/index.php/Chome/profil/EA06E774-A06F-4280-A777-5543586E99B6,"Jalan Raya Majapura RT 03/05 Bobotsari, ... Majapura Kec. Bobotsari Kab. Purbalingga Prov. Jawa Tengah",Kab. Purbalingga,,Jawa Tengah
30409925,SMAN 1 LONG PAHANGAI,https://sekolah.data.kemdikbud.go.id/index.php/Chome/profil/439AAB3B-A4EB-41B0-B396-55460594F0E8,JL. GOLGOTA KAMPUNG LONG PAHANGAI 1 Long Pahangai I KEC. LONG PAHANGAI Kab. Mahakam Ulu Prov. Kalimantan Timur,Kab. Mahakam Ulu,,Kalimantan Timur
69765089,SMAS ISLAM ATHIRAH,https://sekolah.data.kemdikbud.go.id/index.php/Chome/profil/BDE1A7AB-0E7F-4F22-90C3-554ACFDA2DA5,"Jl. Sungai Musi Km. 4, Kel. Panyula, Kec... Panyula Kec. Tanete Riattang Timur Kab. Bone Prov. Sulawesi Selatan",Kab. Bone,,Sulawesi Selatan
10302476,SMAN 1 BATU SANGKAR,https://sekolah.data.kemdikbud.go.id/index.php/Chome/profil/32365EAD-FC71-4EBE-9E00-554C84C4A5B0,JL. SULTAN ALAM BAGAGARSYAH NO. 41 BARINGIN Kec. Lima Kaum Kab. Tanah Datar Prov. Sumatera Barat,Kab. Tanah Datar,,Sumatera Barat
10206131,SMAN 1 PAGARAN,https://sekolah.data.kemdikbud.go.id/index.php/Chome/profil/C594E8A0-1298-47F8-9A73-554F612C98C2,JL. DESA DOLOK SARIBU Dolok Saribu Kec. Pagaran Kab. Tapanuli Utara Prov. Sumatera Utara,Kab. Tapanuli Utara,,Sumatera Utara
10700901,SMA Negeri 8 BENGKULU SELATAN,https://sekolah.data.kemdikbud.go.id/index.php/Chome/profil/394D3461-736A-4772-9F4A-55581BB20086,JL. H. RENTAMA NO. 03 Ulak Lebar Kec. Pino Kab. Bengkulu Selatan Prov. Bengkulu,Kab. Bengkulu Selatan,,Bengkulu
69947528,SMA NEGERI 2 BUNGARAYA,https://sekolah.data.kemdikbud.go.id/index.php/Chome/profil/FC7D5DCA-53AE-4A1A-9CAA-5561499BBCAA,Jl. Hang Jebat No. 1 Kemuning Muda Kec. Bunga Raya Kab. Siak Prov. Riau,Kab. Siak,,Riau
69947941,SMA NEGERI 7 BENGKULU TENGAH,https://sekolah.data.kemdikbud.go.id/index.php/Chome/profil/F2172B4E-3153-4851-A70A-55669308782E,Desa Batu Beriang Batu Bariang Kec. Pematang Tiga Kab. Bengkulu Tengah Prov. Bengkulu,Kab. Bengkulu Tengah,,Bengkulu
50302623,SMA Katolik Frateran Ndao,https://sekolah.data.kemdikbud.go.id/index.php/Chome/profil/EBC839E0-E79D-406D-8DEC-556794762942,JL. Imam Bonjol No.39 Kel. Kotaratu Kec. Ende Utara Kab. Ende Prov. Nusa Tenggara Timur,Kab. Ende,,Nusa Tenggara Timur
50308606,SMAS SEMINARI PIUS XII KISOL,https://sekolah.data.kemdikbud.go.id/index.php/Chome/profil/99E354C3-5341-4AED-B727-55696929349A,Kisol - Tanah Rata - Kota Komba Tanah Rata Kec. Kota Komba Kab. Manggarai Timur Prov. Nusa Tenggara Timur,Kab. Manggarai Timur,,Nusa Tenggara Timur
60200290,SMAS MUHAMMADIYAH 1 PULAU MOROTAI,https://sekolah.data.kemdikbud.go.id/index.php/Chome/profil/6CE23BA8-507F-4954-BB8E-556B542774E9,GOTALAMO Gotalamo Kec. Morotai Selatan Kab. Pulau Morotai Prov. Maluku Utara,Kab. Pulau Morotai,,Maluku Utara
20102210,SMAN 46 JAKARTA,https://sekolah.data.kemdikbud.go.id/index.php/Chome/profil/140162E7-EA9E-4F83-8A4A-556C6FAC4FA4,JL. MASJID DARUSSALAM Gandaria Utara Kec. Kebayoran Baru Kota Adm. Jakarta Selatan Prov. D.K.I. Jakarta,,Kota Adm. Jakarta Selatan,D.K.I. Jakarta
20613824,SMAS ATISA DIPAMKARA,https://sekolah.data.kemdikbud.go.id/index.php/Chome/profil/99E4967C-CDBA-4F97-BBF6-556F1CA15EBE,JL. VILLA PERMATA KOMP.VIHARA VAJRA BUMI... Binong Kec. Curug Kab. Tangerang Prov. Banten,Kab. Tangerang,,Banten
70045988,SMAS Darul Ulum Batanghari,https://sekolah.data.kemdikbud.go.id/index.php/Chome/profil/DB6DE1C3-2A22-4C7D-BC38-556FAB55C904,Lrg. Sejahtera Jemabatan Mas - Pemayung ... Jembatan Mas Kec. Pemayung Kab. Batanghari Prov. Jambi,Kab. Batanghari,,Jambi
10220293,SMAN 1 GAROGA,https://sekolah.data.kemdikbud.go.id/index.php/Chome/profil/40195CFE-7266-45D3-87DE-5572F74D0146,JL. Maruhum Bosar S.T.S. Pasaribu. Garog... Gonting Garoga Kec. Garoga Kab. Tapanuli Utara Prov. Sumatera Utara,Kab. Tapanuli Utara,,Sumatera Utara
20321831,SMAN 1 GEMUH,https://sekolah.data.kemdikbud.go.id/index.php/Chome/profil/6C1B22FF-1AD9-4922-B1BD-5573D206A538,JL. NAPAK  TILAS GEMUH Pamriyan Kec. Gemuh Kab. Kendal Prov. Jawa Tengah,Kab. Kendal,,Jawa Tengah
20233653,SMAN 1 COMPRENG,https://sekolah.data.kemdikbud.go.id/index.php/Chome/profil/2D7B9286-DE95-415E-9CE0-55765A9041BA,Jl. Raya Mekarjaya - Compreng Mekarjaya Kec. Compreng Kab. Subang Prov. Jawa Barat,Kab. Subang,,Jawa Barat
10260076,SMA SWASTA BINA BANGSA,https://sekolah.data.kemdikbud.go.id/index.php/Chome/profil/CAE84101-91AB-4859-91B8-557E8CF322AA,JL.LINTAS SUMATERA KM.111 Simpang Gambus Kec. Lima Puluh Kab. Batu Bara Prov. Sumatera Utara,Kab. Batu Bara,,Sumatera Utara
10302011,SMAN 1 LINGGO SARI BAGANTI,https://sekolah.data.kemdikbud.go.id/index.php/Chome/profil/C4C54E4B-8C37-4DB5-80C2-55867941491F,JL. PASAR LAMA AIR HAJI PASAR LAMA MUARA AIR HAJI Kec. Linggo Saribaganti Kab. Pesisir Selatan Prov. Sumatera Barat,Kab. Pesisir Selatan,,Sumatera Barat
20613528,SMAN 17 KABUPATEN TANGERANG,https://sekolah.data.kemdikbud.go.id/index.php/Chome/profil/FDFA1988-0B90-4DA6-947A-558F8A9FDDA1,PERUM LEGOK INDAH Babakan Kec. Legok Kab. Tangerang Prov. Banten,Kab. Tangerang,,Banten
10504580,SMAN 4 KOTA JAMBI,https://sekolah.data.kemdikbud.go.id/index.php/Chome/profil/2F0093B0-5360-482C-8BA5-559159467818,JL. IR. H. JUANDA NO.125 Simpang Iii Sipin Kec. Kota Baru Kota Jambi Prov. Jambi,,Kota Jambi,Jambi
20107294,SMAS DEWI SARTIKA,https://sekolah.data.kemdikbud.go.id/index.php/Chome/profil/6066659A-90D9-4816-972F-5593A828BAB4,JL. TEBET BARAT DALAM NO. 39 Tebet Barat Kec. Tebet Kota Adm. Jakarta Selatan Prov. D.K.I. Jakarta,,Kota Adm. Jakarta Selatan,D.K.I. Jakarta
69984672,SMAIT NURUL ILMI,https://sekolah.data.kemdikbud.go.id/index.php/Chome/profil/32724827-FACE-4CC3-905C-559BF84A686B,Jln. Syeich Mahmud RT.16 Kenali Besar - ... Kenali Besar Kec. Alam Barajo Kota Jambi Prov. Jambi,,Kota Jambi,Jambi
40403031,SMAN 1 LAKUDO,https://sekolah.data.kemdikbud.go.id/index.php/Chome/profil/972778F1-F8B7-410E-AEA3-55A510902185,JL. LINTAS GU - WAMENGKOLI KM 1 KEL. GU ... Wanepa Nepa Kec. Lakudo Kab. Buton Tengah Prov. Sulawesi Tenggara,Kab. Buton Tengah,,Sulawesi Tenggara
20307629,SMA MUHAMMADIYAH 1 MUNTILAN,https://sekolah.data.kemdikbud.go.id/index.php/Chome/profil/EB99435E-EE63-4527-8F9A-55A717823F93,JL. TENTARA PELAJAR NO.17 Tamanagung Kec. Muntilan Kab. Magelang Prov. Jawa Tengah,Kab. Magelang,,Jawa Tengah
40302660,SMAS PGRI WATAMPONE,https://sekolah.data.kemdikbud.go.id/index.php/Chome/profil/07921171-45D3-4971-A87D-55AA522A981E,JL. HOS COKROAMINOTO WTP Macanang Kec. Tanete Riattang Barat Kab. Bone Prov. Sulawesi Selatan,Kab. Bone,,Sulawesi Selatan
69773543,SMAS ISLAM DARUL ULUM,https://sekolah.data.kemdikbud.go.id/index.php/Chome/profil/57D0421D-908F-44A5-87C5-55AC0B0341A5,Jl. Raya Burnang Mambulu Barat Kec. Tambelangan Kab. Sampang Prov. Jawa Timur,Kab. Sampang,,Jawa Timur
10302403,SMAN 2 SUNGAI TARAB,https://sekolah.data.kemdikbud.go.id/index.php/Chome/profil/4C7F18FE-536E-4397-ADF1-55AE598BEF1D,BABUSSALAM PASIE LAWEH Kec. Sungai Tarab Kab. Tanah Datar Prov. Sumatera Barat,Kab. Tanah Datar,,Sumatera Barat
30203480,SMAS PURNAMA,https://sekolah.data.kemdikbud.go.id/index.php/Chome/profil/CD85EA85-2B59-4A5E-A04D-55B48430423F,JL. PATIH RUMBIH Langkai Kec. Pahandut Kota Palangka Raya Prov. Kalimantan Tengah,,Kota Palangka Raya,Kalimantan Tengah
10400356,SMAN 3 TAPUNG HULU,https://sekolah.data.kemdikbud.go.id/index.php/Chome/profil/FB9A680F-4580-42F0-A59B-55BFBB62ADC7,Jl. Pendidikan No. 6 Suka Ramai Kec. Tapung Hulu Kab. Kampar Prov. Riau,Kab. Kampar,,Riau
20603270,SMAN 4 Kota Tangerang Selatan,https://sekolah.data.kemdikbud.go.id/index.php/Chome/profil/E9F96739-B76E-43CB-B5D6-55BFF88B3327,Jl. Yaktapena Raya No.9 Komp. PERTAMINA Pondok Ranji Kec. Ciputat Timur Kota Tangerang Selatan Prov. Banten,,Kota Tangerang Selatan,Banten
60203596,SMAS MUHAMMADIYAH 3 TIDORE KEPULAUAN,https://sekolah.data.kemdikbud.go.id/index.php/Chome/profil/EDE0180A-EA2C-4C86-A54F-55C0EF9E2A4D,JL. Raya Soadara Soadara Kec. Tidore Kota Tidore Kepulauan Prov. Maluku Utara,,Kota Tidore Kepulauan,Maluku Utara
10212245,SMAN 5 PADANG SIDEMPUAN,https://sekolah.data.kemdikbud.go.id/index.php/Chome/profil/AAA6D676-D006-41B0-AA01-55C168D83E95,JL. MELATI NO. 90 Ujung Padang Kec. Padang Sidimpuan Selatan Kota Padang Sidempuan Prov. Sumatera Utara,,Kota Padang Sidempuan,Sumatera Utara
20254612,SMAN 1 NANGGUNG,https://sekolah.data.kemdikbud.go.id/index.php/Chome/profil/4A21C1DA-57E6-40C0-A00D-55C539F5D73E,Jl. Pasir Sari Desa Nanggung Kecamatan N... Nanggung Kec. Nanggung Kab. Bogor Prov. Jawa Barat,Kab. Bogor,,Jawa Barat
30203672,SMA SWASTA KATOLIK SANTO ALOYSIUS GONZAGA PANGKALAN BUN,https://sekolah.data.kemdikbud.go.id/index.php/Chome/profil/CC74AEE9-8135-42CE-A4D4-55C680063659,JL. KAWITAN I NO. 34  RT. 017  RW. 002 Sidorejo Kec. Arut Selatan Kab. Kotawaringin Barat Prov. Kalimantan Tengah,Kab. Kotawaringin Barat,,Kalimantan Tengah
40501855,SMAN 1 LIMBOTO BARAT,https://sekolah.data.kemdikbud.go.id/index.php/Chome/profil/A9B4ABD8-BA16-4B36-A167-55C88F899ACB,JL. ichsan Suratinoyo Ombulo Kec. Limboto Barat Kab. Gorontalo Prov. Gorontalo,Kab. Gorontalo,,Gorontalo
10113638,SMA NEGERI 2 LAWE BULAN,https://sekolah.data.kemdikbud.go.id/index.php/Chome/profil/7CF4B7E6-E2D0-4A34-8721-55CCC33E7A1B,Jl. Kandang Mbelang Mandiri-Lawe Kulok Kandang Belang Mandiri Kec. Lawe Bulan Kab. Aceh Tenggara Prov. Aceh,Kab. Aceh Tenggara,,Aceh
69762788,SMAN 3 TARUTUNG,https://sekolah.data.kemdikbud.go.id/index.php/Chome/profil/8119DFBF-CFDD-45F8-B614-55CDE4257451,JL. SM. SIMANJUNTAK TARUTUNG Simamora Kec. Tarutung Kab. Tapanuli Utara Prov. Sumatera Utara,Kab. Tapanuli Utara,,Sumatera Utara
69989188,SMA Islam Insan Cendekia Badiri,https://sekolah.data.kemdikbud.go.id/index.php/Chome/profil/8B689B52-5042-4181-86AB-55D1069AE1A2,Jl. Mesjid Kebun Pisang Kec. Badiri Kab. Tapanuli Tengah Prov. Sumatera Utara,Kab. Tapanuli Tengah,,Sumatera Utara
69945318,SMA NEGERI 10 BORONG,https://sekolah.data.kemdikbud.go.id/index.php/Chome/profil/F26C1F8D-2DED-4CE6-ACB9-55D182AB2D0E,"Nio,Desa Balus Permai BALUS PERMAI Kec. Borong Kab. Manggarai Timur Prov. Nusa Tenggara Timur",Kab. Manggarai Timur,,Nusa Tenggara Timur
20104432,SMAS KATOLIK SANG TIMUR,https://sekolah.data.kemdikbud.go.id/index.php/Chome/profil/C1289EA5-7437-455B-B9AF-55D36E55E989,JL. KARMEL RAYA NO. 2 Kebon Jeruk Kec. Kebon Jeruk Kota Adm. Jakarta Barat Prov. D.K.I. Jakarta,,Kota Adm. Jakarta Barat,D.K.I. Jakarta
69991685,SMAS ISLAM NUSANTARA,https://sekolah.data.kemdikbud.go.id/index.php/Chome/profil/3F1834C0-06A1-42ED-B53E-55D62546E19A,Kel. Boeara Boeara Kec. Poleang Kab. Bombana Prov. Sulawesi Tenggara,Kab. Bombana,,Sulawesi Tenggara
30402076,SMA NEGERI 4 PENAJAM PASER UTARA,https://sekolah.data.kemdikbud.go.id/index.php/Chome/profil/F91DA74F-4B34-488D-86C6-55D9F86B9550,Jln. Provinsi Km. 47 RT. 02 Babulu Darat Babulu Darat Kec. Babulu Kab. Penajam Paser Utara Prov. Kalimantan Timur,Kab. Penajam Paser Utara,,Kalimantan Timur
70045604,SMA KRISTEN ALFA OMEGA,https://sekolah.data.kemdikbud.go.id/index.php/Chome/profil/38ED8FDF-0BB3-4D56-989F-55DA9CCBBEC0,"Todu Ngaba Desa Mali Mada, Kecamatan Wew... Mali Mada Kec. Wewewa Utara Kab. Sumba Barat Daya Prov. Nusa Tenggara Timur",Kab. Sumba Barat Daya,,Nusa Tenggara Timur
20525831,SMAS AL KAUTSAR,https://sekolah.data.kemdikbud.go.id/index.php/Chome/profil/5DB9A003-04F4-46A7-BA2B-55DC03F1D283,JL. PANDAN NO. 360 Sumbersari Kec. Srono Kab. Banyuwangi Prov. Jawa Timur,Kab. Banyuwangi,,Jawa Timur
69860526,SMA PLUS PUTRA MELATI,https://sekolah.data.kemdikbud.go.id/index.php/Chome/profil/588B32D9-3F91-4341-AB5C-55E01421D234,JL.SINGASARI-CIBODAS DESA. SINGASARI KM ... Singasari Kec. Jonggol Kab. Bogor Prov. Jawa Barat,Kab. Bogor,,Jawa Barat
50204491,SMAS MUHAMMADIYAH MATARAM,https://sekolah.data.kemdikbud.go.id/index.php/Chome/profil/D38785D1-E00C-454C-A962-55E33BBB77E4,JL. ANYELIR NO 2-4 MATARAM Mataram Barat Kec. Selaparang Kota Mataram Prov. Nusa Tenggara Barat,,Kota Mataram,Nusa Tenggara Barat
60301902,SMA YPK Tabernakel,https://sekolah.data.kemdikbud.go.id/index.php/Chome/profil/CC5B8BB1-716B-4A3B-98CC-55E8579D0AEA,JL. KUSUMA BANGSA Oyehe Kec. Nabire Kab. Nabire Prov. Papua Tengah,Kab. Nabire,,Papua Tengah
70041709,SMA Mafatihul Huda,https://sekolah.data.kemdikbud.go.id/index.php/Chome/profil/D9FD3D48-E816-4E36-912C-55ECA7448887,Jln Raya Palembang Jambi Rt.13 LUBUK HARJO Kec. Bayung Lencir Kab. Musi Banyuasin Prov. Sumatera Selatan,Kab. Musi Banyuasin,,Sumatera Selatan
10503252,SMAN 5 TEBO,https://sekolah.data.kemdikbud.go.id/index.php/Chome/profil/F481BFCD-9F52-48FF-9E25-55F106184507,JL ANGGREK Suka Damai Kec. Rimbo Ulu Kab. Tebo Prov. Jambi,Kab. Tebo,,Jambi
60100322,SMA Negeri 13 Maluku Tengah,https://sekolah.data.kemdikbud.go.id/index.php/Chome/profil/DB81A033-C595-4521-A129-55F23DFE68A0,JLN. PATTIMURA Kobisonta Kec. Seram Utara Timur Seti Kab. Maluku Tengah Prov. Maluku,Kab. Maluku Tengah,,Maluku
10210821,SMAS NASRANI 3 MEDAN,https://sekolah.data.kemdikbud.go.id/index.php/Chome/profil/818ECD4A-BDFC-4E8C-BD4C-55FED355F1A1,JL. TURI NO. 108 Sudi Rejo I Kec. Medan Kota Kota Medan Prov. Sumatera Utara,,Kota Medan,Sumatera Utara
20500466,SMAS YPI DARUSSALAM,https://sekolah.data.kemdikbud.go.id/index.php/Chome/profil/895668B4-F8B4-40CF-B967-56007011C72C,JL. PASAR GG PERWIRA NO. 09 CERME LOR Cerme Lor Kec. Cerme Kab. Gresik Prov. Jawa Timur,Kab. Gresik,,Jawa Timur
20534750,SMAN 3,https://sekolah.data.kemdikbud.go.id/index.php/Chome/profil/3D4698D7-348B-4DAA-866D-5606BEE1C5C9,JL. PEMUDA NO. 33 GEDONGAN Kec. Magersari Kota Mojokerto Prov. Jawa Timur,,Kota Mojokerto,Jawa Timur
20324212,SMA NEGERI 2 PEMALANG,https://sekolah.data.kemdikbud.go.id/index.php/Chome/profil/1C95C86B-4383-40DB-B478-56099DB3AA51,JL. JEND. SUDIRMAN NO. 14 RT.01/03 Taman... Wanarejan Utara Kec. Taman Kab. Pemalang Prov. Jawa Tengah,Kab. Pemalang,,Jawa Tengah
40311047,SMAN 11 LUWU TIMUR,https://sekolah.data.kemdikbud.go.id/index.php/Chome/profil/09EFABD9-45E5-4520-8834-560D852C1722,JL. SUMASANG III Soroako Kec. Nuha Kab. Luwu Timur Prov. Sulawesi Selatan,Kab. Luwu Timur,,Sulawesi Selatan
10307562,SMAN 7 SOLOK SELATAN,https://sekolah.data.kemdikbud.go.id/index.php/Chome/profil/C360F68B-8FEB-4A72-955E-561E304E11EF,JLN. BATU NAGO ABAI ABAI Kec. Sangir Batang Hari Kab. Solok Selatan Prov. Sumatera Barat,Kab. Solok Selatan,,Sumatera Barat
10214179,SMAS PGRI 37 BATANG KUIS,https://sekolah.data.kemdikbud.go.id/index.php/Chome/profil/6756C4D8-255F-4660-9492-5625794A6FFF,JL. AMPERA NO.219 Bintang Meriah Kec. Batang Kuis Kab. Deli Serdang Prov. Sumatera Utara,Kab. Deli Serdang,,Sumatera Utara
20613524,SMAS TARAKANITA GADING SERPONG,https://sekolah.data.kemdikbud.go.id/index.php/Chome/profil/C3FC3029-C01C-4214-BD69-562832E1BA55,JL. RAYA KELAPA CENGKIR TENGAH Kelapa Dua Kec. Kelapa Dua Kab. Tangerang Prov. Banten,Kab. Tangerang,,Banten
20210718,SMAN 1 TARAJU,https://sekolah.data.kemdikbud.go.id/index.php/Chome/profil/9091DE67-2995-4C86-B30D-562AEB8EE374,JL. RAYA TARAJU DESA SINGASARI KEC. TARA... Singasari Kec. Taraju Kab. Tasikmalaya Prov. Jawa Barat,Kab. Tasikmalaya,,Jawa Barat
20100807,SMAN 15 JAKARTA,https://sekolah.data.kemdikbud.go.id/index.php/Chome/profil/6B3812AC-6E56-4535-BF36-562F68DEE023,JL. AGUNG UTARA STS BLOK A Sunter Agung Kec. Tanjung Priok Kota Adm. Jakarta Utara Prov. D.K.I. Jakarta,,Kota Adm. Jakarta Utara,D.K.I. Jakarta
10212577,SMA NEGERI 7,https://sekolah.data.kemdikbud.go.id/index.php/Chome/profil/E33AD09A-D07A-4C81-B9DA-56323D89762B,JL. SAWI NO.48 PAYA ROBA BINJAI Paya Roba Kec. Binjai Barat Kota Binjai Prov. Sumatera Utara,,Kota Binjai,Sumatera Utara
10260770,SMAS SULTAN HASANUDDIN,https://sekolah.data.kemdikbud.go.id/index.php/Chome/profil/5AB85E07-3632-4BB9-A5E9-5633DE67A9EF,JL. GHAZALI KARIM NO.48 Aek Kanopan Timur Kec. Kualuh Hulu Kab. Labuhanbatu Utara Prov. Sumatera Utara,Kab. Labuhanbatu Utara,,Sumatera Utara
69753913,SMAS DARUT TAUHID,https://sekolah.data.kemdikbud.go.id/index.php/Chome/profil/2FD0E82F-DA82-4754-AD72-56344C252B02,Dsn. Paserean Desa Buduran Buduran Kec. Arosbaya Kab. Bangkalan Prov. Jawa Timur,Kab. Bangkalan,,Jawa Timur
10404670,SMAN 1 BUNUT,https://sekolah.data.kemdikbud.go.id/index.php/Chome/profil/A9D6AB2F-D4A4-411F-A819-563A4CE6ED34,JL. PELAJAR NO. 12 PKL. BUNUT Pangkalan Bunut Kec. Bunut Kab.  Pelalawan Prov. Riau,Kab.  Pelalawan,,Riau
70038167,SMA NEGERI TEREWENG,https://sekolah.data.kemdikbud.go.id/index.php/Chome/profil/8825E7C6-14FC-4051-A623-563BD953AD80,Jln. Pendidikan Tereweng Pantar Timur Treweng Kec. Pantar Timur Kab. Alor Prov. Nusa Tenggara Timur,Kab. Alor,,Nusa Tenggara Timur
69755783,SMAS BAHRUL MAGHFIROH,https://sekolah.data.kemdikbud.go.id/index.php/Chome/profil/3A4B9F9F-6B5D-43ED-A1D3-563D561DB4C0,JL.JOYO AGUNG NO.2 Tlogomas Kec. Lowokwaru Kota Malang Prov. Jawa Timur,,Kota Malang,Jawa Timur
10405622,SMAS METHODIST TELUK PULAI,https://sekolah.data.kemdikbud.go.id/index.php/Chome/profil/06EAC3EB-94AD-4F83-A340-5649810094F5,Jl. Methodist No. 1 Teluk Pulai Kec. Pasir Limau Kapas Kab.  Rokan Hilir Prov. Riau,Kab.  Rokan Hilir,,Riau
60728552,SMAS MA ARIF NU 5 PURBOLINGGO,https://sekolah.data.kemdikbud.go.id/index.php/Chome/profil/424424BA-341B-4C4A-B623-564989C276D6,JL. Dr. SUSILO Tanjung Inten Kec. Purbolinggo Kab. Lampung Timur Prov. Lampung,Kab. Lampung Timur,,Lampung
20400388,SMA NEGERI 1 DLINGO,https://sekolah.data.kemdikbud.go.id/index.php/Chome/profil/9B826D55-C545-4E82-81ED-564B59A709C4,Jl. Sutan Syahrir Dlingo Kec. Dlingo Kab. Bantul Prov. D.I. Yogyakarta,Kab. Bantul,,D.I. Yogyakarta
70052202,SMAS TAHFIZH AL QURAN AN NAAJIYA,https://sekolah.data.kemdikbud.go.id/index.php/Chome/profil/81DD4131-BEE2-4A8F-B272-56501B7CF784,Simpang Tiga Ophir KOTO BARU Kec. Luhak Nan Duo Kab. Pasaman Barat Prov. Sumatera Barat,Kab. Pasaman Barat,,Sumatera Barat
69968203,SMA PLUS AZ-ZAHROH,https://sekolah.data.kemdikbud.go.id/index.php/Chome/profil/D6697EFA-D725-404A-AB13-56518095774C,Jl. Prof.M Yamin II/29 Sukoharjo Kec. Klojen Kota Malang Prov. Jawa Timur,,Kota Malang,Jawa Timur
20107191,SMAS IT AL HALIMIYAH JAKARTA,https://sekolah.data.kemdikbud.go.id/index.php/Chome/profil/95F6DA70-8D2A-4CAB-834E-565673C35B6E,JL. ROBUSTA RAYA NO. 31 Pondok Kopi Kec. Duren Sawit Kota Adm. Jakarta Timur Prov. D.K.I. Jakarta,,Kota Adm. Jakarta Timur,D.K.I. Jakarta
10261718,SMAN 1 PANYABUNGAN TIMUR,https://sekolah.data.kemdikbud.go.id/index.php/Chome/profil/EF2CD57B-A0B6-413A-931D-5658B94AC905,GUNUNG BARINGIN Gunung Baringin Kec. Panyabungan Timur Kab. Mandailing Natal Prov. Sumatera Utara,Kab. Mandailing Natal,,Sumatera Utara
20506301,SMAS MUHAMMADIYAH 3 MADURAN,https://sekolah.data.kemdikbud.go.id/index.php/Chome/profil/EA27DF23-6F37-4C84-ABE1-565931C95383,Jl. Raya no. 34 Parengan Parengan Kec. Maduran Kab. Lamongan Prov. Jawa Timur,Kab. Lamongan,,Jawa Timur
20216211,SMAS DARUL FIKRI BUGIS,https://sekolah.data.kemdikbud.go.id/index.php/Chome/profil/B01133E8-F29E-4CD3-B51F-565CA5073124,JL. KH. MACHFUDZ BUGIS Bugis Kec. Anjatan Kab. Indramayu Prov. Jawa Barat,Kab. Indramayu,,Jawa Barat
20554163,SMA NU NURUL HIKMAH,https://sekolah.data.kemdikbud.go.id/index.php/Chome/profil/34B03E65-6824-455B-953C-565CB96CC681,JL. RAYA PANCUR Lumutan Kec. Botolinggo Kab. Bondowoso Prov. Jawa Timur,Kab. Bondowoso,,Jawa Timur
20613798,SMAS AL IRSYAD WARINGINKURUNG,https://sekolah.data.kemdikbud.go.id/index.php/Chome/profil/DFB675CA-1503-4328-B0CE-565EC9A5F1BC,JL. KUBANG PUTIH NO 3 Sukabares Kec. Waringinkurung Kab. Serang Prov. Banten,Kab. Serang,,Banten
69786427,SMAN 2 BATU ENGAU,https://sekolah.data.kemdikbud.go.id/index.php/Chome/profil/F2D3E638-1720-4D03-AAF7-5664BEAF7D55,Jalan Pengguren RT.02 Desa Pengguren Jay... PENGGUREN JAYA Kec. Batu Engau Kab. Paser Prov. Kalimantan Timur,Kab. Paser,,Kalimantan Timur
20540065,SMAS PERSATUAN TULANGAN,https://sekolah.data.kemdikbud.go.id/index.php/Chome/profil/2E22E0AE-5155-407A-940E-5664F45D6734,JL. RAYA KEPADANGAN NO.36 TULANGAN Kepadangan Kec. Tulangan Kab. Sidoarjo Prov. Jawa Timur,Kab. Sidoarjo,,Jawa Timur
40604355,UPTD SMAN 1 TOPOYO,https://sekolah.data.kemdikbud.go.id/index.php/Chome/profil/FBDAF997-1571-47D1-99B2-56651BB1641E,JL. POROS TUMBU TOPOYO Wae Puteh Kec. Topoyo Kab. Mamuju Tengah Prov. Sulawesi Barat,Kab. Mamuju Tengah,,Sulawesi Barat
69772269,SMAN 6 PINGGIR,https://sekolah.data.kemdikbud.go.id/index.php/Chome/profil/5F0EC3FB-C431-486C-BF69-566C7609B78E,JL. TAMBUSAI  SUKAMAJU Desa Sungai Meranti Kec. Pinggir Kab. Bengkalis Prov. Riau,Kab. Bengkalis,,Riau
30302532,SMAN 2 AMUNTAI,https://sekolah.data.kemdikbud.go.id/index.php/Chome/profil/B13DB738-F249-4CDA-B835-566FF928039B,JL. KEBAYURAN SEI DIKUM Sungai Malang Kec. Amuntai Tengah Kab. Hulu Sungai Utara Prov. Kalimantan Selatan,Kab. Hulu Sungai Utara,,Kalimantan Selatan
20101331,SMAS CAKRA BUANA,https://sekolah.data.kemdikbud.go.id/index.php/Chome/profil/82BDEB4E-E9A0-41BD-8D83-5673EB3507F9,JL. KOMPLEK KEBERSIHAN 17 Tegal Alur Kec. Kali Deres Kota Adm. Jakarta Barat Prov. D.K.I. Jakarta,,Kota Adm. Jakarta Barat,D.K.I. Jakarta
10806790,SMAN 1 BANJIT,https://sekolah.data.kemdikbud.go.id/index.php/Chome/profil/9C054DAD-A683-42AD-9EA2-567549B730F8,JL.AK. GANI BALI SADHAR SELATAN Bali Sadar Selatan Kec. Banjit Kab. Way Kanan Prov. Lampung,Kab. Way Kanan,,Lampung
10211312,SMA SWASTA SANTO THOMAS 4 BINJAI,https://sekolah.data.kemdikbud.go.id/index.php/Chome/profil/7DD5631C-78C9-46D5-855F-567DBBFBEE66,JL. IKAN TENGGIRI NO. 21 BINJAI Dataran Tinggi Kec. Binjai Timur Kota Binjai Prov. Sumatera Utara,,Kota Binjai,Sumatera Utara
10105171,SMA NEGERI 2 TIMANG GAJAH,https://sekolah.data.kemdikbud.go.id/index.php/Chome/profil/D40B2ABE-150F-4C90-A7D0-56904AD30B0D,JL. MEKAR AYU - SUKA DAMAI Mekar Ayu Kec. Timang Gajah Kab. Bener Meriah Prov. Aceh,Kab. Bener Meriah,,Aceh
40200249,SMA NEGERI 1 BANGKURUNG,https://sekolah.data.kemdikbud.go.id/index.php/Chome/profil/E777B4B5-72ED-4AC9-926E-5692A0739ACC,Jl. J. Yasibang Lantibung KEC. BANGKURUNG Kab. Banggai Laut Prov. Sulawesi Tengah,Kab. Banggai Laut,,Sulawesi Tengah
30305376,SMAN 1 JARO,https://sekolah.data.kemdikbud.go.id/index.php/Chome/profil/DBB88F3F-A38C-4663-99D1-5693EF4CCC34,JL. A Yani Km.271 Rt. 01 Jaro Kec. Jaro Kab. Tabalong Prov. Kalimantan Selatan,Kab. Tabalong,,Kalimantan Selatan
30205495,SMA NEGERI 4 LAUNG TUHUP,https://sekolah.data.kemdikbud.go.id/index.php/Chome/profil/3C780DDE-E938-4892-903B-569A16CD8991,JALAN DAMANG DALAM NO. 1 RT. 01 Muara Maruwei I Kec. Laung Tuhup Kab. Murung Raya Prov. Kalimantan Tengah,Kab. Murung Raya,,Kalimantan Tengah
70035051,SMA NEGERI 1 KUYAWAGE,https://sekolah.data.kemdikbud.go.id/index.php/Chome/profil/89152E73-7044-46A2-B58C-569A3C09E552,KAMPUNG MUME DISTRIK KUYAWAGE KABUPATEN ... Mume Kec. Wano Barat Kab. Lanny Jaya Prov. Papua Pegunungan,Kab. Lanny Jaya,,Papua Pegunungan
40404133,SMAN 1 KULISUSU BARAT,https://sekolah.data.kemdikbud.go.id/index.php/Chome/profil/4CDC13DE-7043-4E13-8286-569C07BADD8B,JL. POROS EREKE-RONTA Lambale Kec. Kulisusu Barat Kab. Buton Utara Prov. Sulawesi Tenggara,Kab. Buton Utara,,Sulawesi Tenggara
20300622,SMA YA BAKII 2 GANDRUNGMANGU,https://sekolah.data.kemdikbud.go.id/index.php/Chome/profil/636FB808-469F-4845-8AA2-569CFD2363D2,JL. RAYA GANDRUNGMANGU Gandrungmangu Kec. Gandrungmangu Kab. Cilacap Prov. Jawa Tengah,Kab. Cilacap,,Jawa Tengah
10264655,SMA SWASTA YAPIM TARUNA SEI ROTAN,https://sekolah.data.kemdikbud.go.id/index.php/Chome/profil/1FEF5D55-6E3A-4C15-A785-569ED6A03FF8,Jl. Medan Batang Kuis Dusun VIII Sei Rotan Kec. Percut Sei Tuan Kab. Deli Serdang Prov. Sumatera Utara,Kab. Deli Serdang,,Sumatera Utara
10815098,SMAS AL HUSNA,https://sekolah.data.kemdikbud.go.id/index.php/Chome/profil/D6CDFBCA-C1F4-4ED9-BA5F-56A00154E335,Jl Imam Bonjol Gg Terong 31 KEMILING PERMAI Kec. Kemiling Kota Bandar Lampung Prov. Lampung,,Kota Bandar Lampung,Lampung
70003697,SMA Mitra Kasih,https://sekolah.data.kemdikbud.go.id/index.php/Chome/profil/9D8831A4-B6F6-4AD4-A300-56A6D3A403B2,Perumahan Citraland Jl. Jend. Achmad Yan... Kertak Hanyar I Kec. Kertak Hanyar Kab. Banjar Prov. Kalimantan Selatan,Kab. Banjar,,Kalimantan Selatan
10210854,SMAN 20 MEDAN,https://sekolah.data.kemdikbud.go.id/index.php/Chome/profil/BC21B117-4DC0-4AC8-B320-56ACA2EB9558,Jalan Besar Bagan Deli Pekan Labuhan Kec. Medan Labuhan Kota Medan Prov. Sumatera Utara,,Kota Medan,Sumatera Utara
50309590,SMAS SINAR PANCASILA BETUN,https://sekolah.data.kemdikbud.go.id/index.php/Chome/profil/293127D1-3D72-49AD-AAF6-56AFA3013344,Jln. Bakateu No.09 Betun Wehali Kec. Malaka Tengah Kab. Malaka Prov. Nusa Tenggara Timur,Kab. Malaka,,Nusa Tenggara Timur
69950716,SMA MIFTAHUSSALAM,https://sekolah.data.kemdikbud.go.id/index.php/Chome/profil/5B0529E9-3C3B-4A6E-B3E7-56B00A99975A,Kp.Cendelakan Rt.007/002 Cikande Kec. Jayanti Kab. Tangerang Prov. Banten,Kab. Tangerang,,Banten
20219720,SMAS DARUL HIKAM BANDUNG,https://sekolah.data.kemdikbud.go.id/index.php/Chome/profil/74C54EE7-1C61-4245-9D47-56B126189E1B,JL. Supratman No. 88 Bandung Sekeloa Kec. Coblong Kota Bandung Prov. Jawa Barat,,Kota Bandung,Jawa Barat
20107369,SMAS AL MUHAJIRIN JAKARTA,https://sekolah.data.kemdikbud.go.id/index.php/Chome/profil/0EDE9C66-D4E3-42C8-A293-56B9AF681B4B,JL.TUNDA NO 20-21 Rawabadak Selatan Kec. Koja Kota Adm. Jakarta Utara Prov. D.K.I. Jakarta,,Kota Adm. Jakarta Utara,D.K.I. Jakarta
20107389,SMAS PERMATA INDAH JAKARTA,https://sekolah.data.kemdikbud.go.id/index.php/Chome/profil/472D87F0-BC2A-481C-BCB2-56BB7F169423,JL. KAMPUNG GUSTI BLOK A /1 Pejagalan Kec. Penjaringan Kota Adm. Jakarta Utara Prov. D.K.I. Jakarta,,Kota Adm. Jakarta Utara,D.K.I. Jakarta
69952597,SMA ISLAM QURANI ALBAHJAH,https://sekolah.data.kemdikbud.go.id/index.php/Chome/profil/CEBC4008-632C-42AD-A89E-56BCCAE637B7,Jl. Pangeran Cakrabuana No. 179 Sendang Sendang Kec. Sumber Kab. Cirebon Prov. Jawa Barat,Kab. Cirebon,,Jawa Barat
69906816,SMA 17 AGUSTUS RABASA BIRIS,https://sekolah.data.kemdikbud.go.id/index.php/Chome/profil/85AF4C3D-31F3-49D7-B730-56BD515BCB77,Rabasa Biris Rabasa Biris Kec. Wewiku Kab. Malaka Prov. Nusa Tenggara Timur,Kab. Malaka,,Nusa Tenggara Timur
20511002,SMAN 2 NGADIROJO,https://sekolah.data.kemdikbud.go.id/index.php/Chome/profil/9F5AC0FD-4296-4156-9460-56CC35E5B55E,DESA WONOKARTO WONOKARTO Kec. Ngadirojo Kab. Pacitan Prov. Jawa Timur,Kab. Pacitan,,Jawa Timur
60730374,SMAN 3 DOMPU,https://sekolah.data.kemdikbud.go.id/index.php/Chome/profil/9CBE780F-8572-409C-A1E4-56CF6280D600,JL. LINTAS KARAMABURA DESA OO Oo Kec. Dompu Kab. Dompu Prov. Nusa Tenggara Barat,Kab. Dompu,,Nusa Tenggara Barat
20338223,SMAS MUHAMMADIYAH 1 PURWOKERTO,https://sekolah.data.kemdikbud.go.id/index.php/Chome/profil/CD33D7D7-1DF9-4A06-A3FA-56D69F3D1EAF,JL. DOKTER ANGKA NO. 1 PURWOKERTO Sokanegara Kec. Purwokerto Timur Kab. Banyumas Prov. Jawa Tengah,Kab. Banyumas,,Jawa Tengah
20103218,SMAS BUDAYA JAKARTA,https://sekolah.data.kemdikbud.go.id/index.php/Chome/profil/AD25BE17-77CC-4D74-8A99-56DCBDCE25D8,JL. DERMAGA BARU KLENDER Klender Kec. Duren Sawit Kota Adm. Jakarta Timur Prov. D.K.I. Jakarta,,Kota Adm. Jakarta Timur,D.K.I. Jakarta
70053533,SMA IT BAITUL ILMI,https://sekolah.data.kemdikbud.go.id/index.php/Chome/profil/B3851AAC-C2F2-48C5-B4A8-56DF325E3653,"Jl. Utama Perum Bumi Yapemas Indah, Kp. ... Jejalen Jaya Kec. Tambun Utara Kab. Bekasi Prov. Jawa Barat",Kab. Bekasi,,Jawa Barat
30100392,SMAN 2 SAMBAS,https://sekolah.data.kemdikbud.go.id/index.php/Chome/profil/2169AD8A-3397-40E2-B5AC-56F007349849,Jl. Raya Sungai Pinang Sei Rambah Kec. Sambas Kab. Sambas Prov. Kalimantan Barat,Kab. Sambas,,Kalimantan Barat
30203965,SMAN 2 MONTALLAT,https://sekolah.data.kemdikbud.go.id/index.php/Chome/profil/FB7679A1-3EF9-45FD-A710-56F1CBBF3CE6,JL. GUNUNG TIMANG - MONTALLAT Montallat II Kec. Montallat Kab. Barito Utara Prov. Kalimantan Tengah,Kab. Barito Utara,,Kalimantan Tengah
20500457,SMA NAHDLATUL ULAMA 3,https://sekolah.data.kemdikbud.go.id/index.php/Chome/profil/BC93E401-0668-44BC-A550-56F2DA50D1A1,JL. JOHAR NO. 2 B GEMPOL BENJENG Jogodalu Kec. Benjeng Kab. Gresik Prov. Jawa Timur,Kab. Gresik,,Jawa Timur
20100180,SMAS SUNDA KELAPA JAKARTA,https://sekolah.data.kemdikbud.go.id/index.php/Chome/profil/943C41B2-E9EF-4AE2-8406-56FC3C4309C7,JL. TAMAN SUNDA KELAPA 16 A Menteng Jaka... Menteng Kec. Menteng Kota Adm. Jakarta Pusat Prov. D.K.I. Jakarta,,Kota Adm. Jakarta Pusat,D.K.I. Jakarta
20402809,SMA NEGERI 1 LENDAH,https://sekolah.data.kemdikbud.go.id/index.php/Chome/profil/26FEF03A-1875-4F50-9F15-56FDD234DD4E,Botokan Jatirejo Kec. Lendah Kab. Kulon Progo Prov. D.I. Yogyakarta,Kab. Kulon Progo,,D.I. Yogyakarta
10702244,SMAS MUHAMMADIYAH KEPAHIANG,https://sekolah.data.kemdikbud.go.id/index.php/Chome/profil/BE9A6B5D-1041-47EB-B790-570620BEA900,JLN. M. KARTA PENSIUNAN BELAKANG Pensiunan Kec. Kepahiang Kab. Kepahiang Prov. Bengkulu,Kab. Kepahiang,,Bengkulu
70003114,SMA PELITA,https://sekolah.data.kemdikbud.go.id/index.php/Chome/profil/EDA1715A-7C52-4DF4-B595-5706F5EAF440,JAGA DUA Wineru Kec. Likupang Timur Kab. Minahasa Utara Prov. Sulawesi Utara,Kab. Minahasa Utara,,Sulawesi Utara
10208950,SMAN 1 PANGURURAN,https://sekolah.data.kemdikbud.go.id/index.php/Chome/profil/884654C0-422A-4B84-849C-57076C671F2E,JL. Dr. HADRIANUS SINAGA Pintu Sona Kec. Pangururan Kab. Samosir Prov. Sumatera Utara,Kab. Samosir,,Sumatera Utara
30302133,SMAN 1 BARABAI,https://sekolah.data.kemdikbud.go.id/index.php/Chome/profil/52D2A2E2-6CF0-4054-BD76-57090E11E125,JL. MERDEKA NO. 1 Barabai Darat Kec. Barabai Kab. Hulu Sungai Tengah Prov. Kalimantan Selatan,Kab. Hulu Sungai Tengah,,Kalimantan Selatan
20534308,SMA AR RISALAH,https://sekolah.data.kemdikbud.go.id/index.php/Chome/profil/97CB557B-4623-42C6-827F-571EAF98D1B0,"Jl. Aula Muktamar No. 02, RT/RW: 003/001 Lirboyo Kec. Mojoroto Kota Kediri Prov. Jawa Timur",,Kota Kediri,Jawa Timur
69947314,SMA ISLAM TERPADU BAITUSSALAM,https://sekolah.data.kemdikbud.go.id/index.php/Chome/profil/137043D9-80A9-4FE2-900E-5739496B9089,Pulerejo Boko Harjo Kec. Prambanan Kab. Sleman Prov. D.I. Yogyakarta,Kab. Sleman,,D.I. Yogyakarta
69921011,SMA NEGERI 9 PULAU TALIABU,https://sekolah.data.kemdikbud.go.id/index.php/Chome/profil/E5B3BA72-4A21-43CD-A2C9-573C006D897F,Jln. Padang Woyo Kec. Taliabu Barat Kab. Pulau Taliabu Prov. Maluku Utara,Kab. Pulau Taliabu,,Maluku Utara
70054572,SMA AZMANAWADI KOTARAJA,https://sekolah.data.kemdikbud.go.id/index.php/Chome/profil/20A0B6DB-D1A8-4CCE-B3CF-57459B73190A,"Jln. Paok Motong, Kotaraja Kotaraja Kec. Sikur Kab. Lombok Timur Prov. Nusa Tenggara Barat",Kab. Lombok Timur,,Nusa Tenggara Barat
40103204,SMA NEGERI 2 TOMOHON,https://sekolah.data.kemdikbud.go.id/index.php/Chome/profil/142009ED-800A-4407-8FEE-5748F8F97399,KOTA TOMOHON TARATARA TIGA Kec. Tomohon Barat Kota Tomohon Prov. Sulawesi Utara,,Kota Tomohon,Sulawesi Utara
50101101,SMA Negeri 2 Tabanan,https://sekolah.data.kemdikbud.go.id/index.php/Chome/profil/469C26B6-6402-48B5-BF6E-5748FD1557A4,JL. MAWAR Delod Peken Kec. Tabanan Kab. Tabanan Prov. Bali,Kab. Tabanan,,Bali
20327987,SMA REGINA PACIS SURAKARTA,https://sekolah.data.kemdikbud.go.id/index.php/Chome/profil/E26413FF-C490-4C32-9670-574B264F98AB,JL. LU. ADI SUCIPTO NO. 45 Kerten Kec. Laweyan Kota Surakarta Prov. Jawa Tengah,,Kota Surakarta,Jawa Tengah
69901120,SMAN 30 BONE,https://sekolah.data.kemdikbud.go.id/index.php/Chome/profil/BDEB9E7A-1A82-4AC5-9DF4-5758CE14419F,Mattanete Bua Mattanete Bua Kec. Palakka Kab. Bone Prov. Sulawesi Selatan,Kab. Bone,,Sulawesi Selatan
30303660,SMAN 1 ANGSANA,https://sekolah.data.kemdikbud.go.id/index.php/Chome/profil/D7347335-A7AE-4412-B062-575D46EF4B44,Jl. Provinsi KM. 194 Karang Indah Kec. Angsana Kab. Tanah Bumbu Prov. Kalimantan Selatan,Kab. Tanah Bumbu,,Kalimantan Selatan
10404299,SMAS SANTO TARCISIUS,https://sekolah.data.kemdikbud.go.id/index.php/Chome/profil/C60A028C-5FDF-4BEE-9FBB-575EFA1C8447,JL. P. DIPONEGORO Bukit Datuk Kec. Dumai Selatan Kota Dumai Prov. Riau,,Kota Dumai,Riau
20341151,SMA AL ITISHOM GRABAG,https://sekolah.data.kemdikbud.go.id/index.php/Chome/profil/BC30D220-F1AC-4ACC-8C25-575F4D22B7C7,KLIWONAN GRABAG Grabag Kec. Grabag Kab. Magelang Prov. Jawa Tengah,Kab. Magelang,,Jawa Tengah
70055457,Sekolah Rakyat Menengah Atas 43 Magelang,https://sekolah.data.kemdikbud.go.id/index.php/Chome/profil/11C4B323-4E04-4E23-923E-575F55C60223,"Jl. Magelang-Purworejo KM 14 Salaman, Ka... Salaman Kec. Salaman Kab. Magelang Prov. Jawa Tengah",Kab. Magelang,,Jawa Tengah
20542491,SMAS HASAN MUNAHIR,https://sekolah.data.kemdikbud.go.id/index.php/Chome/profil/2469BC32-BF49-46FF-9DD7-5760EE6AD25F,JL.RAYA KARANGAN-SURUH Jati Kec. Karangan Kab. Trenggalek Prov. Jawa Timur,Kab. Trenggalek,,Jawa Timur
10257280,SMAS SWAKARYA SALAPIAN,https://sekolah.data.kemdikbud.go.id/index.php/Chome/profil/C282A5FE-7FEB-45D4-905D-5764E5C8DA96,JL. MERDEKA NO. 06 TANJUNG LANGKAT Tanjung Langkat Kec. Salapian Kab. Langkat Prov. Sumatera Utara,Kab. Langkat,,Sumatera Utara
10809295,SMAN 1 TULANG BAWANG TENGAH,https://sekolah.data.kemdikbud.go.id/index.php/Chome/profil/E50A03B3-FE90-4DEE-A6A6-5768E18F317D,"Jl.  Dahlia No. 02, RT 005 RW 001 Panaragan Jaya Kec. Tulang Bawang Tengah Kab. Tulang Bawang Barat Prov. Lampung",Kab. Tulang Bawang Barat,,Lampung
10305548,SMAN 1 ULAKAN TAPAKIS,https://sekolah.data.kemdikbud.go.id/index.php/Chome/profil/C1EDBBC8-A06B-48A3-A854-576BC88CD437,Jl. Syech Burhanuddin No.17 Manggopoh Uj... ULAKAN Kec. Ulakan Tapakis Kab. Padang Pariaman Prov. Sumatera Barat,Kab. Padang Pariaman,,Sumatera Barat
10644251,SMAS ARIEF BUDIMAN LAHAT,https://sekolah.data.kemdikbud.go.id/index.php/Chome/profil/6C1B4F9F-D65C-4F13-A57F-576DBC5E603F,"JLN. A. YANI KM. 1,5 PAGAR AGUNG LAHAT Pagar Agung Kec. Lahat Kab. Lahat Prov. Sumatera Selatan",Kab. Lahat,,Sumatera Selatan
50103121,SMA Negeri 6 Denpasar,https://sekolah.data.kemdikbud.go.id/index.php/Chome/profil/3F6B6335-24D9-4B81-AFEE-577147D77D02,JL. RAYA SANUR DENPASAR Sanur Kaja Kec. Denpasar Selatan Kota Denpasar Prov. Bali,,Kota Denpasar,Bali
20247276,SMAS LAZUARDI GIS,https://sekolah.data.kemdikbud.go.id/index.php/Chome/profil/EBD358A2-49F9-472D-A372-57759B376189,JL. KAMPUS (PAKIS) RAYA SAWANGAN Rangkapan Jaya Baru Kec. Pancoran Mas Kota Depok Prov. Jawa Barat,,Kota Depok,Jawa Barat
69969643,SMA TAHFIDZUL QUR`AN MU`ADZ BIN JABAL KENDARI,https://sekolah.data.kemdikbud.go.id/index.php/Chome/profil/2E4DC9C7-561B-48D4-A464-5777BED5DC8E,Jalan Komjen Pol Dr. H.M. Jasin Lepo-Lepo Kec. Baruga Kota Kendari Prov. Sulawesi Tenggara,,Kota Kendari,Sulawesi Tenggara
10101307,SMA NEGERI 1 SAMUDERA,https://sekolah.data.kemdikbud.go.id/index.php/Chome/profil/13061A56-DD76-431E-B822-577A9DCEAA35,JL. PENDIDIKAN NO. 3 BLANG PEURIA Blang Peuria Kec. Samudera Kab. Aceh Utara Prov. Aceh,Kab. Aceh Utara,,Aceh
40101433,SMAS PGRI ENEMAWIRA,https://sekolah.data.kemdikbud.go.id/index.php/Chome/profil/7032226C-13CA-4A9C-A97F-577D430CD081,KAMPUNG ENEMAWIRA Bengketang Kec. Tabukan Utara Kab. Kepulauan Sangihe Prov. Sulawesi Utara,Kab. Kepulauan Sangihe,,Sulawesi Utara
40201708,SMAN 1 BUALEMO,https://sekolah.data.kemdikbud.go.id/index.php/Chome/profil/6F39973E-BD09-4CC2-8D5D-577EC803DEEC,JL.W. MONGONSIDI 07 Bualemo B Kec. Bualemo Kab. Banggai Prov. Sulawesi Tengah,Kab. Banggai,,Sulawesi Tengah
10500327,SMAN 2 BATANG HARI,https://sekolah.data.kemdikbud.go.id/index.php/Chome/profil/5E09F7E6-F6AD-4881-991D-5789861C66DE,JLN. JAMBI-MUARO BUNGO Sukaramai Kec. Muara Tembesi Kab. Batanghari Prov. Jambi,Kab. Batanghari,,Jambi
10648297,SMAN 2 PULAU BERINGIN,https://sekolah.data.kemdikbud.go.id/index.php/Chome/profil/52EAF6B0-C029-4277-8336-5793BEA68C0D,JL. RAYA DESA KEMU Kemu Kec. Pulau Beringin Kab. Ogan Komering Ulu Selatan Prov. Sumatera Selatan,Kab. Ogan Komering Ulu Selatan,,Sumatera Selatan
20525599,SMAN 1 WONGSOREJO,https://sekolah.data.kemdikbud.go.id/index.php/Chome/profil/100D76DE-E74D-4E7C-AA7A-579498BC3DB5,JLN. RAYA SITUBONDO Bengkak Kec. Wongsorejo Kab. Banyuwangi Prov. Jawa Timur,Kab. Banyuwangi,,Jawa Timur
50203697,SMAS AR RAHMAH DOMPU,https://sekolah.data.kemdikbud.go.id/index.php/Chome/profil/1FFF2900-5A92-4B0F-A747-5795834F6443,JL.KAKA TUA Kandai Dua Kec. Woja Kab. Dompu Prov. Nusa Tenggara Barat,Kab. Dompu,,Nusa Tenggara Barat
10205367,SMAS TASIK RAJA,https://sekolah.data.kemdikbud.go.id/index.php/Chome/profil/E1DDD5E6-8592-471F-9A42-5799F32CF3C9,DESA BUKIT TUJUH Bukit Tujuh Kec. Torgamba Kab. Labuhanbatu Selatan Prov. Sumatera Utara,Kab. Labuhanbatu Selatan,,Sumatera Utara
20328916,SMA KARANGTURI,https://sekolah.data.kemdikbud.go.id/index.php/Chome/profil/FC83E61C-76EC-4AF5-965B-579E22271277,Padma Boulevard Selatan Blok F Kompleks ... Jerakah Kec. Tugu Kota Semarang Prov. Jawa Tengah,,Kota Semarang,Jawa Tengah
70003623,SMA BABUL ULUM,https://sekolah.data.kemdikbud.go.id/index.php/Chome/profil/05DF8AC2-754C-4B1A-BCAE-57A0D73DE68C,JL. SUNGAI GUNTUR Sei Segak Kec. Sebangki Kab. Landak Prov. Kalimantan Barat,Kab. Landak,,Kalimantan Barat
20227851,SMA KP MARGAHAYU,https://sekolah.data.kemdikbud.go.id/index.php/Chome/profil/C09A6C8C-49D5-4007-A722-57A4CAFED9BA,JL. TERUSAN KOPO NO.399 A MARGAHAYU Margahayu Selatan Kec. Margahayu Kab. Bandung Prov. Jawa Barat,Kab. Bandung,,Jawa Barat
10404019,SMA NEGERI 8 PEKANBARU,https://sekolah.data.kemdikbud.go.id/index.php/Chome/profil/FBF3DB10-EFA4-4484-9CD1-57AB942F6FFC,JL.ABDUL MUIS NO. 14 Cinta Raja Kec. Sail Kota Pekanbaru Prov. Riau,,Kota Pekanbaru,Riau
30304597,SMAN 1 BANJARBARU,https://sekolah.data.kemdikbud.go.id/index.php/Chome/profil/5D65C73F-84E6-4217-9C8F-57B084154A14,Jalan Keruing No.3 Kemuning Kec. Banjarbaru Selatan Kota Banjarbaru Prov. Kalimantan Selatan,,Kota Banjarbaru,Kalimantan Selatan
10263531,SMAS SWASTA ANASTASIA,https://sekolah.data.kemdikbud.go.id/index.php/Chome/profil/2C7A1F42-449F-42AB-9859-57B15177F3B2,"JL. JAMIN GINTING, KM. 14, SIMP. GARDU, ... Namo Bintang Kec. Pancur Batu Kab. Deli Serdang Prov. Sumatera Utara",Kab. Deli Serdang,,Sumatera Utara
60101530,SMA Negeri 2 Seram Bagian Barat,https://sekolah.data.kemdikbud.go.id/index.php/Chome/profil/B5B0145C-8BB6-42B9-9B6A-57B595143C3C,JL.RAYA WAESAMU Waisamu Kec. Kairatu Barat Kab. Seram Bagian Barat Prov. Maluku,Kab. Seram Bagian Barat,,Maluku
40318946,SMAS ISLAM BUNGORO,https://sekolah.data.kemdikbud.go.id/index.php/Chome/profil/DF589C12-4228-44B2-9671-57BBB80AA795,JL. LEMPANGAN Bowong Cindea Kec. Bungoro Kab. Pangkajene Dan Kepulauan Prov. Sulawesi Selatan,Kab. Pangkajene Dan Kepulauan,,Sulawesi Selatan
10401526,SMAN 1 RENGAT,https://sekolah.data.kemdikbud.go.id/index.php/Chome/profil/A57BB510-CCC9-441E-8690-57BD0969E141,JL. SULTAN KM 4 RENGAT Kampung Dagang Kec. Rengat Kab. Indragiri Hulu Prov. Riau,Kab. Indragiri Hulu,,Riau
20500448,SMAS UMAR MAS UD,https://sekolah.data.kemdikbud.go.id/index.php/Chome/profil/062E1F5C-CC87-41F1-8740-57BFFC85B1BA,JL. KAWEDANAN 02 Sawahmulya Kec. Sangkapura Kab. Gresik Prov. Jawa Timur,Kab. Gresik,,Jawa Timur
69848999,SMA NEGERI 1 JEUMPA,https://sekolah.data.kemdikbud.go.id/index.php/Chome/profil/107145E1-0A27-441E-B822-57C1DB35891E,Jalan Makam Raja Jeumpa Blang Bladeh Kec. Jeumpa Kab. Bireuen Prov. Aceh,Kab. Bireuen,,Aceh
69972096,SMAN 1 Paramasan,https://sekolah.data.kemdikbud.go.id/index.php/Chome/profil/88B5F304-8A30-4C7C-9B2F-57C54831427D,Jl. Trans Kandangan Batulicin RT. 01 No.... Paramasan Bawah Kec. Paramasan Kab. Banjar Prov. Kalimantan Selatan,Kab. Banjar,,Kalimantan Selatan
10210873,SMAN 1 MEDAN,https://sekolah.data.kemdikbud.go.id/index.php/Chome/profil/49736F7E-821D-43F4-A18A-57C5805709FB,JL. TEUKU CIK DITIRO NO. 1 MEDAN Madras Hulu Kec. Medan Polonia Kota Medan Prov. Sumatera Utara,,Kota Medan,Sumatera Utara
10307526,SMAN 4 BUKITTINGGI,https://sekolah.data.kemdikbud.go.id/index.php/Chome/profil/D31266E6-F3EE-4355-AD22-57CA1B26387D,Jl. Panorama Baru Puhun Pintu Kabun Kec. Mandiangin Koto Selayan Kota Bukittinggi Prov. Sumatera Barat,,Kota Bukittinggi,Sumatera Barat
30300241,SMAN 1 PENGARON,https://sekolah.data.kemdikbud.go.id/index.php/Chome/profil/B35171A8-372F-4602-B359-57CA4C05B31E,JL PAHLAWAN Pengaron Kec. Pengaron Kab. Banjar Prov. Kalimantan Selatan,Kab. Banjar,,Kalimantan Selatan
60726437,SMA NEGERI 2 ALAFAN,https://sekolah.data.kemdikbud.go.id/index.php/Chome/profil/3A7F6A04-AB2D-4BE6-BB8D-57CCD893E9FA,Jln. Mohd. Amintas Desa Lamerem Kec. Ala... Lamerem Kec. Alafan Kab. Simeulue Prov. Aceh,Kab. Simeulue,,Aceh
20233651,SMAS MUHAMMADIYAH SUBANG,https://sekolah.data.kemdikbud.go.id/index.php/Chome/profil/5331120C-AE3C-405E-A42B-57D462CEDADF,JL. KERTAWIGENDA NO. 27 SUBANG Cigadung Kec. Subang Kab. Subang Prov. Jawa Barat,Kab. Subang,,Jawa Barat
10605579,SMAS HIKMAH SUKALALI,https://sekolah.data.kemdikbud.go.id/index.php/Chome/profil/2DF89563-B6DE-45AA-83D8-57D9002AAB66,DESA SUKALALI Suka Lali Kec. Sungai Keruh Kab. Musi Banyuasin Prov. Sumatera Selatan,Kab. Musi Banyuasin,,Sumatera Selatan
69827645,SMA NEGERI 9 GORONTALO UTARA,https://sekolah.data.kemdikbud.go.id/index.php/Chome/profil/7342F891-0E9F-4565-AC0B-57D95FD6BFBE,Jl. Trans Sulawesi Buladu Kec. Sumalata Timur Kab. Gorontalo Utara Prov. Gorontalo,Kab. Gorontalo Utara,,Gorontalo
20517844,SMAS TAMAN MADYA DONOMULYO,https://sekolah.data.kemdikbud.go.id/index.php/Chome/profil/2C6700F1-01D3-4B15-B927-57DC565B830E,JL. RAYA NO. 191 DONOMULYO  TELP.(0341)8... Donomulyo Kec. Donomulyo Kab. Malang Prov. Jawa Timur,Kab. Malang,,Jawa Timur
20223077,SMAS MALIDAR,https://sekolah.data.kemdikbud.go.id/index.php/Chome/profil/4AA6ED62-68D0-4DE7-AC0C-57DF433376C5,JL. BALAI DESA NO.2 JATIRASA Jatirasa Kec. Jatiasih Kota Bekasi Prov. Jawa Barat,,Kota Bekasi,Jawa Barat
40302150,SMAS MUHAMMADIYAH TAKKALASI,https://sekolah.data.kemdikbud.go.id/index.php/Chome/profil/A581F8A9-4955-41A0-8D38-57F9A024F143,Jl. H. A. Palloge No. 6 Takkalasi No. 6 Takkalasi Kec. Balusu Kab. Barru Prov. Sulawesi Selatan,Kab. Barru,,Sulawesi Selatan
40204592,SMAS MUHAMMADIYAH POSO,https://sekolah.data.kemdikbud.go.id/index.php/Chome/profil/39A9B61D-73D1-4EF7-AB4C-57FA3B456E52,JL. MONGONSIDI Bonesompe Kec. Poso Kota Utara Kab. Poso Prov. Sulawesi Tengah,Kab. Poso,,Sulawesi Tengah
10609667,SMA MUHAMMADIYAH 09 PALEMBANG,https://sekolah.data.kemdikbud.go.id/index.php/Chome/profil/A5547472-B3D2-48AD-9109-57FB3C211012,JL. FAQIH USMAN NO.16 3-4 Ulu Kec. Seberang Ulu I Kota Palembang Prov. Sumatera Selatan,,Kota Palembang,Sumatera Selatan
20331914,SMA TEUKU UMAR,https://sekolah.data.kemdikbud.go.id/index.php/Chome/profil/C4B51E38-2C30-42D6-A5E2-5800AAAE099C,Jl. Karangrejo Tengah IX/99 Karang Rejo Kec. Gajah Mungkur Kota Semarang Prov. Jawa Tengah,,Kota Semarang,Jawa Tengah
69986638,SMA ISLAM AR RAHIM,https://sekolah.data.kemdikbud.go.id/index.php/Chome/profil/C6F5A4B3-3456-4AD0-9620-5808DCCCA225,Jl. H.RAIS A.RACHMAN Gg. BUKIT GADING NO... Sungai Jawi Kec. Pontianak Kota Kota Pontianak Prov. Kalimantan Barat,,Kota Pontianak,Kalimantan Barat
20503416,SMA NEGERI JOGOROTO,https://sekolah.data.kemdikbud.go.id/index.php/Chome/profil/C46D4D15-2A70-4461-9CD7-580AEEB4D84A,JL. RAYA JOGOROTO 75 B Jogoroto Kec. Jogoroto Kab. Jombang Prov. Jawa Timur,Kab. Jombang,,Jawa Timur
60403785,SMA NEGERI 7 RAJA AMPAT,https://sekolah.data.kemdikbud.go.id/index.php/Chome/profil/80057E00-98EF-421B-8357-580C94E35A1B,KAMPUNG YENANAS Yenanas Kec. Batanta Selatan Kab. Raja Ampat Prov. Papua Barat Daya,Kab. Raja Ampat,,Papua Barat Daya
20210746,SMAS AL HIDAYAH CUKANGKAWUNG,https://sekolah.data.kemdikbud.go.id/index.php/Chome/profil/1A37CEE0-41C6-46CB-ABEF-581A09A214B8,JL. ANGGACANDRA NO. 133 CUKANGKAWUNG Cukangkawung Kec. Sodonghilir Kab. Tasikmalaya Prov. Jawa Barat,Kab. Tasikmalaya,,Jawa Barat
69946312,SMA ISLAM NW GAYUT,https://sekolah.data.kemdikbud.go.id/index.php/Chome/profil/1E2C777E-CC4F-488C-91E3-581D2866B335,Gayut Desa Embung Raja EMBUNG RAJA Kec. Terara Kab. Lombok Timur Prov. Nusa Tenggara Barat,Kab. Lombok Timur,,Nusa Tenggara Barat
70052562,SMA DIAN HARAPAN JEMBER,https://sekolah.data.kemdikbud.go.id/index.php/Chome/profil/6410E35D-E1CF-4FDA-BA86-582484E858E0,"P5 Lippo Plaza Jember, Jln. Gajah Mada N... Jember Kidul Kec. Kaliwates Kab. Jember Prov. Jawa Timur",Kab. Jember,,Jawa Timur
20506306,SMA AL AMIN PACIRAN,https://sekolah.data.kemdikbud.go.id/index.php/Chome/profil/29200D61-41A1-4C38-B72B-5825950D3B46,JL. RAYA DEANDLES NO. 113  DESA TUNGGUL Tunggul Kec. Paciran Kab. Lamongan Prov. Jawa Timur,Kab. Lamongan,,Jawa Timur
20309725,SMAS MUHAMMADIYAH 2 DELANGGU,https://sekolah.data.kemdikbud.go.id/index.php/Chome/profil/726BAAC6-1210-4269-8F60-5830353C0D81,JL. CIRAN Gatak Kec. Delanggu Kab. Klaten Prov. Jawa Tengah,Kab. Klaten,,Jawa Tengah
69859773,SMAS ISLAM BUSTANUS SHIBYAN,https://sekolah.data.kemdikbud.go.id/index.php/Chome/profil/F897580A-2827-4F23-A795-58318D2E84C6,Jl. Desa Bulmatet - Karangpenang BULMATET Kec. Karangpenang Kab. Sampang Prov. Jawa Timur,Kab. Sampang,,Jawa Timur
20340947,SMA KRISTEN PELITA NUSANTARA KASIH SURAKARTA,https://sekolah.data.kemdikbud.go.id/index.php/Chome/profil/019B8438-9DB8-4E80-95AA-5836DDCD97D4,JL. SURYA NO. 54-56 Purwodiningratan Kec. Jebres Kota Surakarta Prov. Jawa Tengah,,Kota Surakarta,Jawa Tengah
70038854,SMA IT DINAMIKA UMAT,https://sekolah.data.kemdikbud.go.id/index.php/Chome/profil/6A0131B8-05FC-478E-B62A-583824995EAF,Kp. Cilangkap RT.09 RW.08 Babakan Kec. Ciseeng Kab. Bogor Prov. Jawa Barat,Kab. Bogor,,Jawa Barat
10403693,SMAN 1 KUANTAN HILIR,https://sekolah.data.kemdikbud.go.id/index.php/Chome/profil/07C788D0-F5E7-45E4-ACEB-583CF703677D,JL. JENDERAL SUDIRMAN Kepala Pulau Kec. Kuantan Hilir Kab. Kuantan Singingi Prov. Riau,Kab. Kuantan Singingi,,Riau
69882355,SMA TERPADU DAMPASAN,https://sekolah.data.kemdikbud.go.id/index.php/Chome/profil/AFB81FA3-7634-472B-A484-584045738E3E,Jl. Pasir Garu Dusun Tuban RT.002/ RW.00... Ratawangi Kec. Banjarsari Kab. Ciamis Prov. Jawa Barat,Kab. Ciamis,,Jawa Barat
10220296,SMAN 2 SIBORONGBORONG,https://sekolah.data.kemdikbud.go.id/index.php/Chome/profil/9BE3D416-1892-460C-A393-5843D5FC27D3,JL. Balige Km. 1 Siborongborong Pasar Siborong-Borong Kec. Siborongborong Kab. Tapanuli Utara Prov. Sumatera Utara,Kab. Tapanuli Utara,,Sumatera Utara
20600460,SMAN 15 PANDEGLANG,https://sekolah.data.kemdikbud.go.id/index.php/Chome/profil/320F33CF-5472-4995-A32B-584622D820F3,Jalan Raya Carita Banjarmasin Kec. Carita Kab. Pandeglang Prov. Banten,Kab. Pandeglang,,Banten
69946860,SMAN 11 SOLOK SELATAN,https://sekolah.data.kemdikbud.go.id/index.php/Chome/profil/6D455745-0603-4166-AF6A-584EDBF82041,Sungai Gading SUNGAI KUNYIT BARAT Kec. Sangir Balai Janggo Kab. Solok Selatan Prov. Sumatera Barat,Kab. Solok Selatan,,Sumatera Barat
10259295,SMAS DOREMA,https://sekolah.data.kemdikbud.go.id/index.php/Chome/profil/45FA2235-CCD4-417A-98D8-5851D1F149CA,"JL.BINJAI KM 7,5 / JL.PUSKESMAS NO.10 B Lalang Kec. Medan Sunggal Kota Medan Prov. Sumatera Utara",,Kota Medan,Sumatera Utara
30112104,SMAN 3 SEKADAU HILIR,https://sekolah.data.kemdikbud.go.id/index.php/Chome/profil/C746F880-24E8-4F67-8F91-585FB1B434EA,JL. RAYA SEKADAU - SINTANG KM. 18 Gonis Tekam Kec. Sekadau Hilir Kab. Sekadau Prov. Kalimantan Barat,Kab. Sekadau,,Kalimantan Barat
20103228,SMA KRISTEN 7 PENABUR,https://sekolah.data.kemdikbud.go.id/index.php/Chome/profil/1A43DBC2-A39A-4807-9315-5862B1E3DAE7,Jl. Raya Cipinang Indah II Pondok Bambu Kec. Duren Sawit Kota Adm. Jakarta Timur Prov. D.K.I. Jakarta,,Kota Adm. Jakarta Timur,D.K.I. Jakarta
10111598,SMA NEGERI 2 KESUMA BANGSA MUARA BATU,https://sekolah.data.kemdikbud.go.id/index.php/Chome/profil/264BF1FF-AC06-4E6F-8D2B-586B9201F415,JL. BANDARA MALIKUSSALEH-BUNGKAIH Ulee Madon Kec. Muara Batu Kab. Aceh Utara Prov. Aceh,Kab. Aceh Utara,,Aceh
69772636,SMAN 1 BALONGPANGGANG,https://sekolah.data.kemdikbud.go.id/index.php/Chome/profil/6B238892-7087-44FC-BC4F-586D5D3990EE,"Jl. Raya Tanah Landean, Balongpanggang Tanahlandean Kec. Balong Panggang Kab. Gresik Prov. Jawa Timur",Kab. Gresik,,Jawa Timur
40501101,SMA NEGERI 7 PRASETYA GORONTALO,https://sekolah.data.kemdikbud.go.id/index.php/Chome/profil/F9F9AAA2-C586-4842-863C-58701AD64797,JL. BUDI UTOMO NO. 70 Limba U Satu Kec. Kota Selatan Kota Gorontalo Prov. Gorontalo,,Kota Gorontalo,Gorontalo
40204614,SMAN 1 BUKAL,https://sekolah.data.kemdikbud.go.id/index.php/Chome/profil/76254326-7C6B-4C57-8B7F-58709BA5C390,JL. KEBUN SAWIT NO. 9 Unone Kec. Bukal Kab. Buol Prov. Sulawesi Tengah,Kab. Buol,,Sulawesi Tengah
70011405,SMA NEGERI 12 PONTIANAK,https://sekolah.data.kemdikbud.go.id/index.php/Chome/profil/8BF94C47-044B-48A5-BFBF-5871D4456408,Jalan Flora Batu Layang Kec. Pontianak Utara Kota Pontianak Prov. Kalimantan Barat,,Kota Pontianak,Kalimantan Barat
20325280,SMA MA`ARIF NU JATINEGARA,https://sekolah.data.kemdikbud.go.id/index.php/Chome/profil/21C9245A-2741-4569-B541-5877CDBAAB1E,"JL. RAYA TIMUR JATINEGARA, TEGAL Jatinegara Kec. Jatinegara Kab. Tegal Prov. Jawa Tengah",Kab. Tegal,,Jawa Tengah
69908200,SMA ISLAM CIKAL HARAPAN 2,https://sekolah.data.kemdikbud.go.id/index.php/Chome/profil/418308D0-6561-4096-9951-587A5712AA64,Perumahan CitraIndah City Jl Raya Cileun... Sukamaju Kec. Jonggol Kab. Bogor Prov. Jawa Barat,Kab. Bogor,,Jawa Barat
10201986,SMA NEGERI 1 LAU BALENG,https://sekolah.data.kemdikbud.go.id/index.php/Chome/profil/0684F9C9-29AC-4CEF-965A-587CFD1C7B69,JL. KUTACANE NO.3 Buluh Pancur Kec. Laubaleng Kab. Karo Prov. Sumatera Utara,Kab. Karo,,Sumatera Utara
50200370,SMAS ISLAM NW LINGSAR,https://sekolah.data.kemdikbud.go.id/index.php/Chome/profil/A171BDB0-1321-4840-88A8-58894CF78AD5,JL. GORA II LINGSAR Lingsar Kec. Lingsar Kab. Lombok Barat Prov. Nusa Tenggara Barat,Kab. Lombok Barat,,Nusa Tenggara Barat
10703537,SMA NEGERI 5 BENGKULU TENGAH,https://sekolah.data.kemdikbud.go.id/index.php/Chome/profil/A5729236-F5D2-43A9-9E5F-588AC084D8AB,JL.RAYA BENGKULU - CURUP KM.25 Desa Kara... Karang Tinggi Kec. Karang Tinggi Kab. Bengkulu Tengah Prov. Bengkulu,Kab. Bengkulu Tengah,,Bengkulu
40305497,SMAN 5 SIDENRENG RAPPANG,https://sekolah.data.kemdikbud.go.id/index.php/Chome/profil/83A44AF8-702C-43AB-81C8-588C4DF1AB8D,JL. POROS SOPPENG AMPARITA Teppo Kec. Tellu Limpoe Kab. Sidenreng Rappang Prov. Sulawesi Selatan,Kab. Sidenreng Rappang,,Sulawesi Selatan
20200691,SMAN 2 CIBINONG,https://sekolah.data.kemdikbud.go.id/index.php/Chome/profil/DBE9F307-AC0E-4FEC-AEF4-588F2C17BF73,JL. KARADENAN NO. 5 Karadenan Kec. Cibinong Kab. Bogor Prov. Jawa Barat,Kab. Bogor,,Jawa Barat
10209413,SMA SWASTA METHODIST EL-SHADDAY,https://sekolah.data.kemdikbud.go.id/index.php/Chome/profil/AE2B1697-E8B7-4B2B-9611-5891E11E98AB,JL. MAWAR NO. 2 PERBAUNGAN Simpang Tiga Pekan Kec. Perbaungan Kab. Serdang Bedagai Prov. Sumatera Utara,Kab. Serdang Bedagai,,Sumatera Utara
70009380,SMA UNGGUL ISLAM AL-FAHD,https://sekolah.data.kemdikbud.go.id/index.php/Chome/profil/3A0787CB-B068-415C-93FF-5892CF226F3C,Jl Mayjen Noerdin Panji Rambutan Kec. Rambutan Kab. Banyuasin Prov. Sumatera Selatan,Kab. Banyuasin,,Sumatera Selatan
69830133,SMAN 11 MALINAU,https://sekolah.data.kemdikbud.go.id/index.php/Chome/profil/A3DE5DDF-66F0-43FE-81C6-589B825BA082,JLN KOFOL RT 1 DESA LONG BERANG Long Berang Kec. Mentarang Hulu Kab. Malinau Prov. Kalimantan Utara,Kab. Malinau,,Kalimantan Utara
50102365,SMA Negeri  2 Semarapura,https://sekolah.data.kemdikbud.go.id/index.php/Chome/profil/5ADD987F-3385-43B2-94DB-589B8AB59D38,JL. DEWI SARTIKA  NO.1 SEMARAPURA Semarapura Kaja Kec. Klungkung Kab. Klungkung Prov. Bali,Kab. Klungkung,,Bali
40102762,SMAN 8 MANADO,https://sekolah.data.kemdikbud.go.id/index.php/Chome/profil/CBAEE3B7-D337-44BE-87E7-589F268F2C84,JL. BUHA Kairagi Dua Kec. Mapanget Kota Manado Prov. Sulawesi Utara,,Kota Manado,Sulawesi Utara
10101175,SMA NEGERI 1 DEWANTARA,https://sekolah.data.kemdikbud.go.id/index.php/Chome/profil/130862A1-D40D-4C62-8A0D-58ACBDE52980,JALAN BTN ARON PALOH LADA Paloh Lada Kec. Dewantara Kab. Aceh Utara Prov. Aceh,Kab. Aceh Utara,,Aceh
69946712,SMA TARBIYATUL ISLAM,https://sekolah.data.kemdikbud.go.id/index.php/Chome/profil/B8DADA27-148A-4FD0-BF78-58ADCFAA764E,Jl. Partadimaja No. 02 RT/RW 01/01 Kertajadi Kec. Cidaun Kab. Cianjur Prov. Jawa Barat,Kab. Cianjur,,Jawa Barat
20212959,SMA NEGERI 1 LURAGUNG,https://sekolah.data.kemdikbud.go.id/index.php/Chome/profil/E7434FE7-4493-45BF-8A51-58B3E32209AC,JL. RAYA LURAGUNG KUNINGAN CIRAHAYU Kec. Luragung Kab. Kuningan Prov. Jawa Barat,Kab. Kuningan,,Jawa Barat
20549465,SMAN 1 BULULAWANG,https://sekolah.data.kemdikbud.go.id/index.php/Chome/profil/BA9E1F85-7848-4239-9125-58B7A4BB7279,JL. RAYA BULULAWANG Bululawang Kec. Bululawang Kab. Malang Prov. Jawa Timur,Kab. Malang,,Jawa Timur
20574675,SMAN 4 BLITAR,https://sekolah.data.kemdikbud.go.id/index.php/Chome/profil/AF2F5D03-6D89-4BAA-BCB2-58B95766D275,Jl. Melati No. 49 Kepanjenkidul Kec. Kepanjenkidul Kota Blitar Prov. Jawa Timur,,Kota Blitar,Jawa Timur
10810398,SMAN 1 REBANG TANGKAS,https://sekolah.data.kemdikbud.go.id/index.php/Chome/profil/901EFD65-0900-4DBD-949E-58C0C92B148A,Jl. Pramuka No.02 Gunung Sari Kec. Rebang Tangkas Kab. Way Kanan Prov. Lampung,Kab. Way Kanan,,Lampung
20601877,SMAN 1 LEUWIDAMAR,https://sekolah.data.kemdikbud.go.id/index.php/Chome/profil/C8274538-82DB-42C3-9B9B-58C4FDF7A1EB,JL. RAYA LEUWIDAMAR KM. 22 LEUWIDAMAR Leuwidamar Kec. Leuwidamar Kab. Lebak Prov. Banten,Kab. Lebak,,Banten
70042456,SMAS Islam Maradika,https://sekolah.data.kemdikbud.go.id/index.php/Chome/profil/4C89039E-00FC-4597-8E88-58C7EB1A3EDA,Jl. Dapalak Lrg PLN Novi Nalu Kec. Baolan Kab. Tolitoli Prov. Sulawesi Tengah,Kab. Tolitoli,,Sulawesi Tengah
20500558,SMAS MAARIF NU BENJENG,https://sekolah.data.kemdikbud.go.id/index.php/Chome/profil/5705C43B-97DC-4789-A66A-58D1161F7396,JL. RAYA BENJENG 414 BULUREJO BENJENG Bulurejo Kec. Benjeng Kab. Gresik Prov. Jawa Timur,Kab. Gresik,,Jawa Timur
69947915,SMA NEGERI 2 HIBALA,https://sekolah.data.kemdikbud.go.id/index.php/Chome/profil/2DD331AE-5AB7-4B0F-A577-58D24E00034A,Hilianombasela Hilianombasela Kec. Hibala Kab. Nias Selatan Prov. Sumatera Utara,Kab. Nias Selatan,,Sumatera Utara
60203630,SMAS NUSANTARA,https://sekolah.data.kemdikbud.go.id/index.php/Chome/profil/BF9FA04E-C668-4BD4-9849-58E26D39187C,JLN. LINTAS HALE-AKE Tauro Kec. Jailolo Kab. Halmahera Barat Prov. Maluku Utara,Kab. Halmahera Barat,,Maluku Utara
20534309,SMA AL ANWAR,https://sekolah.data.kemdikbud.go.id/index.php/Chome/profil/5AA36BEE-0CA3-4ED6-A344-58E5BA9A9CF4,JL. SERSAN BAHRUN 100 Mrican Kec. Mojoroto Kota Kediri Prov. Jawa Timur,,Kota Kediri,Jawa Timur
10210759,SMA SWASTA LAKSAMANA MARTADINATA,https://sekolah.data.kemdikbud.go.id/index.php/Chome/profil/54B2244E-96A1-4064-A224-58EFE143DEAF,JL.PERTEMPURAN NO.125 Pulo Brayan Kota Kec. Medan Barat Kota Medan Prov. Sumatera Utara,,Kota Medan,Sumatera Utara
20603341,SMAS ISLAM AL-FALAH KRESEK,https://sekolah.data.kemdikbud.go.id/index.php/Chome/profil/515C7FC3-2B4D-4FA1-8497-58F19E242C1C,JL. RAYA SYEKH NAWAWI Kresek Kec. Kresek Kab. Tangerang Prov. Banten,Kab. Tangerang,,Banten
20310418,SMA NEGERI 1 TAWANGSARI,https://sekolah.data.kemdikbud.go.id/index.php/Chome/profil/49C89B2B-B3FA-4FD5-8A18-58F4FE122F03,JL. PATIMURA NO. 105 TAWANGSARI Lorog Kec. Tawangsari Kab. Sukoharjo Prov. Jawa Tengah,Kab. Sukoharjo,,Jawa Tengah
69809505,SMA NEGERI 1 SIBERUT BARAT DAYA,https://sekolah.data.kemdikbud.go.id/index.php/Chome/profil/721BE9D4-3085-4E21-9C91-58F73F0AF3B7,PEIPEI Pasakiat Teileleu Kec. Siberut Barat Daya Kab. Kepulauan Mentawai Prov. Sumatera Barat,Kab. Kepulauan Mentawai,,Sumatera Barat
69753153,SMAN 1 LASOLO KEPULAUAN,https://sekolah.data.kemdikbud.go.id/index.php/Chome/profil/5646091C-4B77-477F-8347-58FE08C22278,Jl. Pasir Panjang Waturambaha Kec. Lasolo Kepulauan Kab. Konawe Utara Prov. Sulawesi Tenggara,Kab. Konawe Utara,,Sulawesi Tenggara
20227867,SMAS MUSLIMIN SINDANGKERTA,https://sekolah.data.kemdikbud.go.id/index.php/Chome/profil/DDF91290-6502-414D-AB1F-5900C24D8DDB,KP. SINDANGKERTA KEC. SINDANGKERTA Cintakarya Kec. Sindangkerta Kab. Bandung Barat Prov. Jawa Barat,Kab. Bandung Barat,,Jawa Barat
20551745,SMAS MANDIRI KADEMANGAN,https://sekolah.data.kemdikbud.go.id/index.php/Chome/profil/336B0DC5-D0C7-4D8E-BCF6-59037EE0A471,JL. BIMA 44 KADEMANGAN Kademangan Kec. Kademangan Kab. Blitar Prov. Jawa Timur,Kab. Blitar,,Jawa Timur
70047321,SMA Wasinton Heroel,https://sekolah.data.kemdikbud.go.id/index.php/Chome/profil/5EC5C083-4990-4A32-BF7F-59095536D2BB,Jl. Lintas Timur KM. 173 Sungai Penoban Kec. Batang Asam Kab. Tanjung Jabung Barat Prov. Jambi,Kab. Tanjung Jabung Barat,,Jambi
20546533,SMAN 1 GENDING,https://sekolah.data.kemdikbud.go.id/index.php/Chome/profil/53B8530D-61AB-4233-80F1-590D2E36B5EF,JL. RAYA SEBAUNG - GENDING Sebaung Kec. Gending Kab. Probolinggo Prov. Jawa Timur,Kab. Probolinggo,,Jawa Timur
20247146,SMAS AL-BAIRUNI,https://sekolah.data.kemdikbud.go.id/index.php/Chome/profil/F14DB4B3-56AD-48C8-8410-59123B5ED588,JL. Raya Cidadap KM 1 Simpenan Cidadap Kec. Simpenan Kab. Sukabumi Prov. Jawa Barat,Kab. Sukabumi,,Jawa Barat
69725964,SMAS PERSIAPAN TAMHER WARAT,https://sekolah.data.kemdikbud.go.id/index.php/Chome/profil/9B5A38A6-4EF5-451C-A44D-59128C23C03C,Jl. Lanfata desa tamher warat Tamher Warat Kec. Wakate Kab. Seram Bagian Timur Prov. Maluku,Kab. Seram Bagian Timur,,Maluku
70010262,SMA RAUDLATUL ULUM,https://sekolah.data.kemdikbud.go.id/index.php/Chome/profil/3C8C65F8-65EF-417B-8B2B-5916B28F4138,KP.GUHA RT 002/04 Lembang Sari Kec. Rajeg Kab. Tangerang Prov. Banten,Kab. Tangerang,,Banten
70050282,SMA IT Al-Madinah,https://sekolah.data.kemdikbud.go.id/index.php/Chome/profil/9261D139-3FF7-4149-A2D7-59173FC48772,Boba Boba Kec. Bungku Utara Kab. Morowali Utara Prov. Sulawesi Tengah,Kab. Morowali Utara,,Sulawesi Tengah
10609762,SMA BAKTI KELUARGA LUBUKLINGGAU,https://sekolah.data.kemdikbud.go.id/index.php/Chome/profil/0D1250B7-626F-4057-85B9-591B78BB1E2B,"JL. YOS SUDARSO KM 6,5 Moneng Sepati Kec. Lubuk Linggau Selatan II Kota Lubuk Linggau Prov. Sumatera Selatan",,Kota Lubuk Linggau,Sumatera Selatan
20338425,SMA NEGERI 1 PATIMUAN,https://sekolah.data.kemdikbud.go.id/index.php/Chome/profil/6EF7F4D8-54BC-4A58-93C5-591D1F4F2AB1,Jl. Pancimas Sidamukti Kec. Patimuan Kab. Cilacap Prov. Jawa Tengah,Kab. Cilacap,,Jawa Tengah
50302955,SMAN 1 MAUPONGGO,https://sekolah.data.kemdikbud.go.id/index.php/Chome/profil/DAD0A4BF-0FDD-4CEF-B857-592AF43ABBC7,JL. HERMAN MUSA KABE Wolokisa Kec. Mauponggo Kab. Nagekeo Prov. Nusa Tenggara Timur,Kab. Nagekeo,,Nusa Tenggara Timur
70008041,SMA ISLAM AS SAKINAH PAKENJENG,https://sekolah.data.kemdikbud.go.id/index.php/Chome/profil/93BA5252-D055-4412-97C8-592DE0AFD0FD,KP. CIRINU RT 04 RW 07 DESA PASIRLANGU Pasirlangu Kec. Pakenjeng Kab. Garut Prov. Jawa Barat,Kab. Garut,,Jawa Barat
40300285,SMAS PGRI MAROS,https://sekolah.data.kemdikbud.go.id/index.php/Chome/profil/1612B796-4F76-4091-8745-592F18B4FDA8,JL. TAQWA NO. 96 MAROS Baju Bodoa Kec. Maros Baru Kab. Maros Prov. Sulawesi Selatan,Kab. Maros,,Sulawesi Selatan
40319206,SMAS AMANAH NUSANTARA,https://sekolah.data.kemdikbud.go.id/index.php/Chome/profil/970DED03-2EE3-4309-9F0B-592FA851E058,Jl. Borong Jambu 1 Utara No.7 Makassar Kel Biring Romang Kec. Manggala Kota Makassar Prov. Sulawesi Selatan,,Kota Makassar,Sulawesi Selatan
20338220,SMAS MA ARIF NU SIRAU KEMRANJEN,https://sekolah.data.kemdikbud.go.id/index.php/Chome/profil/2A106942-A8F3-4B43-94C4-593A877AEC2F,Jl. Al Huda Sirau Kemranjen Banyumas 531... Sirau Kec. Kemranjen Kab. Banyumas Prov. Jawa Tengah,Kab. Banyumas,,Jawa Tengah
69893325,SMA SWASTA ROHMAN INSAN,https://sekolah.data.kemdikbud.go.id/index.php/Chome/profil/81FB2532-CB61-471B-9761-5942503625C9,Jl. Sibolga Km. 19 Panobasan Panobasan Kec. Angkola Barat Kab. Tapanuli Selatan Prov. Sumatera Utara,Kab. Tapanuli Selatan,,Sumatera Utara
10260628,SMAS ALWASLIYAH TANJUNG MORAWA,https://sekolah.data.kemdikbud.go.id/index.php/Chome/profil/325C8E67-5B3D-41A1-82FD-5946A08279A3,Jl. Bandar Labuhan Dagang Kerawan Kec. Tanjung Morawa Kab. Deli Serdang Prov. Sumatera Utara,Kab. Deli Serdang,,Sumatera Utara
70054109,SMA NEGERI 1 GARUNG,https://sekolah.data.kemdikbud.go.id/index.php/Chome/profil/13923A97-B327-4719-89C6-5950DB59D2BA,Jl. Sendangsari - Garung Sendangsari Kec. Garung Kab. Wonosobo Prov. Jawa Tengah,Kab. Wonosobo,,Jawa Tengah
20219721,SMAS BUNGA BANGSA BANDUNG,https://sekolah.data.kemdikbud.go.id/index.php/Chome/profil/D37E7DBF-FBD0-432C-9A8C-5952B430C0CC,JL. DAGO BENGKOK NO. 3 Ciumbuleuit Kec. Cidadap Kota Bandung Prov. Jawa Barat,,Kota Bandung,Jawa Barat
30112530,SMA NEGERI 4 SIMPANG HILIR,https://sekolah.data.kemdikbud.go.id/index.php/Chome/profil/003CDD82-A48D-404D-94A9-5959C214EF08,DESA MATAN JAYA Matan Jaya Kec. Simpang Hilir Kab. Kayong Utara Prov. Kalimantan Barat,Kab. Kayong Utara,,Kalimantan Barat
40103537,SMAN 1 TAMPA AMMA,https://sekolah.data.kemdikbud.go.id/index.php/Chome/profil/B97FF019-B14D-46B1-B37C-596014702490,AMMAT Amat Kec. Tanpa Namma Kab. Kepulauan Talaud Prov. Sulawesi Utara,Kab. Kepulauan Talaud,,Sulawesi Utara
10208459,SMAN 1 LUMBANJULU,https://sekolah.data.kemdikbud.go.id/index.php/Chome/profil/DB6D6D01-5819-4658-A918-59605103E5A6,JL. SILAHISABUNGAN Sibaruang Kec. Lumban Julu Kab. Toba Prov. Sumatera Utara,Kab. Toba,,Sumatera Utara
70040357,SMA IT Plus Bina Anak Bangsa Palu,https://sekolah.data.kemdikbud.go.id/index.php/Chome/profil/A21814CC-D559-46EE-B06F-5964C53A109C,Jl. Towua II No. 50 Palu Tatura Selatan Kec. Palu Selatan Kota Palu Prov. Sulawesi Tengah,,Kota Palu,Sulawesi Tengah
50300262,SMAS PGRI WINIRAI SABU,https://sekolah.data.kemdikbud.go.id/index.php/Chome/profil/4B449893-9C43-46A7-9AAD-59675CAB4BFF,TERDAMU Mebba Kec. Sabu Barat Kab. Sabu Raijua Prov. Nusa Tenggara Timur,Kab. Sabu Raijua,,Nusa Tenggara Timur
69991690,SMA PELITA FAJAR,https://sekolah.data.kemdikbud.go.id/index.php/Chome/profil/CB5EB6F7-1E5B-4EA9-B18C-5967CFEB47B1,Jl. Jendral Sudirman No 467 Bandung Jamika Kec. Bojong Loa Kaler Kota Bandung Prov. Jawa Barat,,Kota Bandung,Jawa Barat
20339003,SMA ISLAM RF GEMBONG,https://sekolah.data.kemdikbud.go.id/index.php/Chome/profil/881FBA59-3D35-4889-8A35-5974944847D9,JL.RAYA BERMI - GEMBONG KM 1 PATI Bermi Kec. Gembong Kab. Pati Prov. Jawa Tengah,Kab. Pati,,Jawa Tengah
20510156,SMAN 1 JETIS,https://sekolah.data.kemdikbud.go.id/index.php/Chome/profil/D3F06239-71C0-4DDF-887D-59766DD7C0FB,"Jalan Sukowati, Desa Kutuwetan, Kec. Jet... Kutuwetan Kec. Jetis Kab. Ponorogo Prov. Jawa Timur",Kab. Ponorogo,,Jawa Timur
40307691,SMA MUHAMMADIYAH PAREPARE,https://sekolah.data.kemdikbud.go.id/index.php/Chome/profil/7E2C13C0-EF09-4B4F-B277-5977E63F42BE,JL. MUHAMMADIYAH NO. 8 Ujung Lare Kec. Soreang Kota Parepare Prov. Sulawesi Selatan,,Kota Parepare,Sulawesi Selatan
20100224,SMAN 30 JAKARTA,https://sekolah.data.kemdikbud.go.id/index.php/Chome/profil/4503FE52-B8F9-4D67-B50A-597BE1BDAF38,JL. JEND. A. YANI Cempaka Putih Timur Kec. Cempaka Putih Kota Adm. Jakarta Pusat Prov. D.K.I. Jakarta,,Kota Adm. Jakarta Pusat,D.K.I. Jakarta
70003834,SMAS ANSVIN,https://sekolah.data.kemdikbud.go.id/index.php/Chome/profil/BC406AF8-91DF-4976-99D3-597D027FBB6D,Jl. Raja Haji Fisabilillah No. 46-48 Teluk Tering Kec. Batam Kota Kota Batam Prov. Kepulauan Riau,,Kota Batam,Kepulauan Riau
50204733,SMAS Muhammadiyah Kota Bima,https://sekolah.data.kemdikbud.go.id/index.php/Chome/profil/D7CB802A-CC0D-4A82-84AA-59812CEEB7C9,JL. Wolter Monginsidi Tolobali Kota Bima Sarae Kec. RasanaE Barat Kota Bima Prov. Nusa Tenggara Barat,,Kota Bima,Nusa Tenggara Barat
20246145,SMAS AL FURQON,https://sekolah.data.kemdikbud.go.id/index.php/Chome/profil/9DCD5645-B3BF-44A4-9008-5984D40F5DA7,JL. CARINGIN POJOK RT 10/3 Caringin Kulon Kec. Caringin Kab. Sukabumi Prov. Jawa Barat,Kab. Sukabumi,,Jawa Barat
50204739,SMAS DARUL FUR QAN,https://sekolah.data.kemdikbud.go.id/index.php/Chome/profil/AAB89DEB-3ADA-4A52-9527-598759B579EE,JL. LINTAS SAPE KEL. DODU KEC. RASANAE T... Dodu Kec. RasanaE Timur Kota Bima Prov. Nusa Tenggara Barat,,Kota Bima,Nusa Tenggara Barat
50202393,SMAS ALBADRIYAH RARANG,https://sekolah.data.kemdikbud.go.id/index.php/Chome/profil/4BE3EDCC-F5A8-4B12-B993-5991055825EE,JLN. SUNDAK RARANG Rarang Kec. Terara Kab. Lombok Timur Prov. Nusa Tenggara Barat,Kab. Lombok Timur,,Nusa Tenggara Barat
69894295,SMA NEGERI OEKOLO,https://sekolah.data.kemdikbud.go.id/index.php/Chome/profil/16666AC8-2D16-4FF6-B2A7-5991F65B38A7,JL. MEMBRAMO- OEKOLO-INSANA UTARA Humusu B Kec. Insana Utara Kab. Timor Tengah Utara Prov. Nusa Tenggara Timur,Kab. Timor Tengah Utara,,Nusa Tenggara Timur
30203099,SMAN 1 KUALA PEMBUANG,https://sekolah.data.kemdikbud.go.id/index.php/Chome/profil/E118EE9B-566D-48D4-AC4F-599217AD4924,JL. BUDI UTOMO RT 20 Kuala Pembuang Dua Kec. Seruyan Hilir Kab. Seruyan Prov. Kalimantan Tengah,Kab. Seruyan,,Kalimantan Tengah
70053260,SMAS AL HIKMAH SUMBARI,https://sekolah.data.kemdikbud.go.id/index.php/Chome/profil/E7B4B2F8-17D1-444D-B28B-59975A9BADE6,Jl. H. Munzir Padang Rajo Jorong Ampek K... KINALI Kec. Kinali Kab. Pasaman Barat Prov. Sumatera Barat,Kab. Pasaman Barat,,Sumatera Barat
60724680,SMA NEGERI 1 MESIDAH,https://sekolah.data.kemdikbud.go.id/index.php/Chome/profil/0EE87094-9A05-44C3-BA84-59A7DCD9B6E3,Jl. Sosial - Jamur Atu Jamur Atu Jaya Kec. Mesidah Kab. Bener Meriah Prov. Aceh,Kab. Bener Meriah,,Aceh
20614236,SMAS I T AL FAHMI KOTA SERANG,https://sekolah.data.kemdikbud.go.id/index.php/Chome/profil/537898E5-3593-42FF-937A-59ABE59F0020,JL. WR. JAUD KUBANG APU TERONDOL SERANG Terondol Kec. Serang Kota Serang Prov. Banten,,Kota Serang,Banten
20219771,SMAS NUSANTARA 1,https://sekolah.data.kemdikbud.go.id/index.php/Chome/profil/3C4758F5-0477-4B2D-BF0E-59AC5CDDD6BF,JL. DR. SETIABUDI NO. 234 Ledeng Kec. Cidadap Kota Bandung Prov. Jawa Barat,,Kota Bandung,Jawa Barat
20100629,SMAS BUNGA HATI BANGSA,https://sekolah.data.kemdikbud.go.id/index.php/Chome/profil/3B20C567-33F4-4825-9D68-59C61E544E44,JL.VILA KAPUK INDAH  BLOK G / 1 Kapuk Muara Kec. Penjaringan Kota Adm. Jakarta Utara Prov. D.K.I. Jakarta,,Kota Adm. Jakarta Utara,D.K.I. Jakarta
20320243,SMA NEGERI 1 TUNTANG,https://sekolah.data.kemdikbud.go.id/index.php/Chome/profil/8C6F7F58-CF7E-4A62-B22A-59C6FA7C54DE,Jalan Raya Tuntang - Bringin Km. 1 Delik Kec. Tuntang Kab. Semarang Prov. Jawa Tengah,Kab. Semarang,,Jawa Tengah
10647788,SMAN 3 BANYUASIN III,https://sekolah.data.kemdikbud.go.id/index.php/Chome/profil/FA76E818-69FD-4DAF-8D1E-59C8C35746B6,DESA PANGKALAN PANJI Pangkalan Panji Kec. Banyuasin III Kab. Banyuasin Prov. Sumatera Selatan,Kab. Banyuasin,,Sumatera Selatan
69974660,SMAS DAARUT TASBIH,https://sekolah.data.kemdikbud.go.id/index.php/Chome/profil/EECF34E8-4A21-4F7B-9451-59CB6DD75280,Jl Raya Puri Agung Rt.03/04 Gelam Jaya Kec. Pasar Kemis Kab. Tangerang Prov. Banten,Kab. Tangerang,,Banten
20614141,SMAS MANBAUL HIKMAT,https://sekolah.data.kemdikbud.go.id/index.php/Chome/profil/5139E9BD-9B00-4BC8-B3F5-59D2B44B2207,JL. REGO KM. 4 PADASUKA PETIR Padasuka Kec. Petir Kab. Serang Prov. Banten,Kab. Serang,,Banten
10606628,SMAS YPPI BELITANG,https://sekolah.data.kemdikbud.go.id/index.php/Chome/profil/845783D2-7EB9-485B-83FB-59D515E997A9,Jl.Darussalam no.001 Wonorejo Belitang O... Sumber Suko Jaya Kec. Belitang Kab. Ogan Komering Ulu Timur Prov. Sumatera Selatan,Kab. Ogan Komering Ulu Timur,,Sumatera Selatan
69725571,SMAN 2 SANGA DESA,https://sekolah.data.kemdikbud.go.id/index.php/Chome/profil/8266E0B3-16DA-4F3E-B749-59D8A48D6388,JL. SEKAYU- LUBUK LINGGAU DESA KEBAN 2 Keban Ii Kec. Sanga Desa Kab. Musi Banyuasin Prov. Sumatera Selatan,Kab. Musi Banyuasin,,Sumatera Selatan
70040503,SMA YPPGI KRISTIAN TOBOU,https://sekolah.data.kemdikbud.go.id/index.php/Chome/profil/06F103B2-8289-42DE-9431-59E35887852A,JALAN BONDIJ KAMPUNG TOBOU Tobou Kec. Ransiki Kab. Manokwari Selatan Prov. Papua Barat,Kab. Manokwari Selatan,,Papua Barat
20214990,SMAN 1 PLUMBON,https://sekolah.data.kemdikbud.go.id/index.php/Chome/profil/B5435B77-7AD2-45C0-9F4D-59E90F9CAF86,JL. YUDISTIRA Karangasem Kec. Plumbon Kab. Cirebon Prov. Jawa Barat,Kab. Cirebon,,Jawa Barat
50304406,SMAN 1 NAGAWUTUNG,https://sekolah.data.kemdikbud.go.id/index.php/Chome/profil/D0C44800-0DB1-4887-A8B9-59EF5CFB6553,JL. LOANG Duawutun Kec. Naga Wutung Kab. Lembata Prov. Nusa Tenggara Timur,Kab. Lembata,,Nusa Tenggara Timur
20219773,SMAS PASUNDAN 7 BANDUNG,https://sekolah.data.kemdikbud.go.id/index.php/Chome/profil/11D539D9-78AD-488B-AF7B-59EF8BF8CB0B,JL. KEBONJATI NO. 31 Kebon Jeruk Kec. Andir Kota Bandung Prov. Jawa Barat,,Kota Bandung,Jawa Barat
20331899,SMA DON BOSKO,https://sekolah.data.kemdikbud.go.id/index.php/Chome/profil/74A26478-DFE8-4585-99FF-59F08E8BD019,Jl. Sultan Agung No. 133 Karang Rejo Kec. Gajah Mungkur Kota Semarang Prov. Jawa Tengah,,Kota Semarang,Jawa Tengah
20510151,SMAN 1 SAMPUNG,https://sekolah.data.kemdikbud.go.id/index.php/Chome/profil/3DD04F27-A324-4A3E-AA7F-59FB2C771B8E,JL. RAYA SAMPUNG Sampung Kec. Sampung Kab. Ponorogo Prov. Jawa Timur,Kab. Ponorogo,,Jawa Timur
30203843,SMAN 1 DANAU SEMBULUH,https://sekolah.data.kemdikbud.go.id/index.php/Chome/profil/A6CD276A-6C19-4879-9B72-59FC179AD26A,JL.DARLAN ATJEH RT 05 Sembuluh Ii Kec. Danau Sembuluh Kab. Seruyan Prov. Kalimantan Tengah,Kab. Seruyan,,Kalimantan Tengah
20247171,SMAS UNWANUL FALAH,https://sekolah.data.kemdikbud.go.id/index.php/Chome/profil/776A4EE7-5D96-48D7-B979-5A028C04E768,JL. KH. SAMSURI NO. 32 CIBADAK Cibadak Kec. Cibadak Kab. Sukabumi Prov. Jawa Barat,Kab. Sukabumi,,Jawa Barat
20101304,SMAS KRISTEN ALMASIH,https://sekolah.data.kemdikbud.go.id/index.php/Chome/profil/2D58430F-750A-4175-A999-5A075624DBF1,JL. KUSUMA V BLOK E1/ NO 1 TAMAN DUTA MA... Wijaya Kesuma Kec. Grogol Petamburan Kota Adm. Jakarta Barat Prov. D.K.I. Jakarta,,Kota Adm. Jakarta Barat,D.K.I. Jakarta
20103301,SMAN 81 JAKARTA,https://sekolah.data.kemdikbud.go.id/index.php/Chome/profil/4E0255E9-63EE-4BCC-9382-5A0966FD378B,JL. KARTIKA EKA PAKSI KPAD JATIWARINGIN ... Cipinang Melayu Kec. Makasar Kota Adm. Jakarta Timur Prov. D.K.I. Jakarta,,Kota Adm. Jakarta Timur,D.K.I. Jakarta
70054611,SMA GENERASI UNGGUL,https://sekolah.data.kemdikbud.go.id/index.php/Chome/profil/EDA8475B-3A9C-4C60-B4E1-5A0BB957DBEF,Banglarang RT 16 RW 05 Banglarangan Kec. Ampelgading Kab. Pemalang Prov. Jawa Tengah,Kab. Pemalang,,Jawa Tengah
60403707,SMAN 3 SORONG,https://sekolah.data.kemdikbud.go.id/index.php/Chome/profil/3213C934-87AA-4FC4-9E9D-5A0EA113D090,JL.  JENDERAL SUDIRMAN NO.49 KOTA SORONG Malawei Kec. Sorong Manoi Kota Sorong Prov. Papua Barat Daya,,Kota Sorong,Papua Barat Daya
60302056,SMAS YPK SARMI,https://sekolah.data.kemdikbud.go.id/index.php/Chome/profil/E8E69EA1-46EE-4EF7-B880-5A0EE8CCB389,JL. BARU PETAM Neidam Kec. Sarmi Kab. Sarmi Prov. Papua,Kab. Sarmi,,Papua
69902897,SMAS IT KI HAJAR DEWANTORO,https://sekolah.data.kemdikbud.go.id/index.php/Chome/profil/E2A25C56-E409-4D76-8870-5A205814A6C7,Kp. Pulo RT.04/37 Sumberjaya Kec. Tambun Selatan Kab. Bekasi Prov. Jawa Barat,Kab. Bekasi,,Jawa Barat
69754597,SMAS NURUL HASYIMI,https://sekolah.data.kemdikbud.go.id/index.php/Chome/profil/B4DCAB4F-4EC3-40AB-8C35-5A2787098D37,DESA RANDUTATAH PAITON PROBOLINGGO Randutatah Kec. Paiton Kab. Probolinggo Prov. Jawa Timur,Kab. Probolinggo,,Jawa Timur
20302171,SMA NEGERI 1 BANYUMAS,https://sekolah.data.kemdikbud.go.id/index.php/Chome/profil/CC1D3F82-579B-4A9C-A71B-5A2BDF1F4B6D,JL. PRAMUKA NO. 13 BANYUMAS Sudagaran Kec. Banyumas Kab. Banyumas Prov. Jawa Tengah,Kab. Banyumas,,Jawa Tengah
70051385,SMA MUHAMMADIYAH BOARDING SCHOOL AL AMIN,https://sekolah.data.kemdikbud.go.id/index.php/Chome/profil/3AB0292C-500F-4888-AB9B-5A2DA655FEDE,Jl. Basuki Rahmat No. 40 Sukorejo Bojone... Sukorejo Kec. Bojonegoro Kab. Bojonegoro Prov. Jawa Timur,Kab. Bojonegoro,,Jawa Timur
20540074,SMAS WACHID HASYIM 4,https://sekolah.data.kemdikbud.go.id/index.php/Chome/profil/657BF591-B874-46A4-A59E-5A2DB935D735,JL. BRIGJEN KATAMSO IV No 117 Kedungrejo Kec. Waru Kab. Sidoarjo Prov. Jawa Timur,Kab. Sidoarjo,,Jawa Timur
69860791,SMA NEGERI 4 KAHAYAN KUALA,https://sekolah.data.kemdikbud.go.id/index.php/Chome/profil/F782CA57-BEF0-4D60-9D78-5A2FABCF9590,DESA KIAPAK RT.03 KECAMATAN KAHAYAN KUAL... Kiapak Kec. Kahayan Kuala Kab. Pulang Pisau Prov. Kalimantan Tengah,Kab. Pulang Pisau,,Kalimantan Tengah
