kode,nama,link_profil,alamat,kabupaten,kota,provinsi
10308287,SMAN 12 SIJUNJUNG,https://sekolah.data.kemdikbud.go.id/index.php/Chome/profil/04DA9599-D92F-4131-AF2E-F070F0EFD60F,LUBUK TAROK LUBUK TAROK Kec. Lubuk Tarok Kab. Sijunjung Prov. Sumatera Barat,Kab. Sijunjung,,Sumatera Barat
30107410,SMAN 1 TERENTANG,https://sekolah.data.kemdikbud.go.id/index.php/Chome/profil/F4A33C92-E413-446D-BDC1-F0749692D6ED,JL. PENDIDIKAN Terentang Hilir Kec. Terentang Kab. Kubu Raya Prov. Kalimantan Barat,Kab. Kubu Raya,,Kalimantan Barat
69786206,SMAS DARUL AKHLAQ,https://sekolah.data.kemdikbud.go.id/index.php/Chome/profil/0020C2F6-4D62-4EEB-87E6-F080BF37CB3E,Dusun Kramat Ambulu Kec. Sumberasih Kab. Probolinggo Prov. Jawa Timur,Kab. Probolinggo,,Jawa Timur
70052750,SMA PLUS MUALIMIN,https://sekolah.data.kemdikbud.go.id/index.php/Chome/profil/53F7FC0E-13A4-4D6E-BFEC-F0840F66DA09,Kp. Ciputri RT.002 RW.008 Langensari Kec. Lembang Kab. Bandung Barat Prov. Jawa Barat,Kab. Bandung Barat,,Jawa Barat
69939616,SMA NEGERI 2 PANTE BIDARI,https://sekolah.data.kemdikbud.go.id/index.php/Chome/profil/7C2AFDD7-9DE5-4039-84E6-F085F1CB8CCA,JL. DESA BLANG SEUNONG Blang Seunong Kec. Pante Beudari Kab. Aceh Timur Prov. Aceh,Kab. Aceh Timur,,Aceh
70028686,SMA BINA INSAN MANDIRI AL-MASRUR KENDARI,https://sekolah.data.kemdikbud.go.id/index.php/Chome/profil/AF677B80-D6B8-4C63-8D92-F08F49C7337E,Jl. Subsidi II Anggilowu Kec. Mandonga Kota Kendari Prov. Sulawesi Tenggara,,Kota Kendari,Sulawesi Tenggara
40305064,SMAN 3 PINRANG,https://sekolah.data.kemdikbud.go.id/index.php/Chome/profil/C2418D48-35EB-495B-9150-F0900C42A2D7,JL. POROS PINRANG LANGNGA Patobong Kec. Mattiro Sompe Kab. Pinrang Prov. Sulawesi Selatan,Kab. Pinrang,,Sulawesi Selatan
60404140,SMA Negeri 14 Raja Ampat,https://sekolah.data.kemdikbud.go.id/index.php/Chome/profil/1F379BD0-676F-4215-BF10-F09A45597A12,PERUM 200 MOKO Bonwakir Kec. Kota Waisai Kab. Raja Ampat Prov. Papua Barat Daya,Kab. Raja Ampat,,Papua Barat Daya
60102023,SMAS ANGKASA PATTIMURA AMBON,https://sekolah.data.kemdikbud.go.id/index.php/Chome/profil/49D093E0-4872-4663-8038-F09FCEC33317,JL. ELANG NO. 11 LANUD PATTIMURA Laha Kec. Teluk Ambon Kota Ambon Prov. Maluku,,Kota Ambon,Maluku
69947172,SMA ISLAM TERPADU HARAPAN UMAT KARAWANG,https://sekolah.data.kemdikbud.go.id/index.php/Chome/profil/E93F1083-82FB-49A5-B651-F0A076579D3B,Jl Pakuncen No 01 RT 01 RW 06 Sukaharja Kec. Teluk Jambe Timur Kab. Karawang Prov. Jawa Barat,Kab. Karawang,,Jawa Barat
10212446,SMAN 6 TANJUNGBALAI,https://sekolah.data.kemdikbud.go.id/index.php/Chome/profil/51B79BD8-671E-4B74-A222-F0A1376BD306,JL. ANGGUR Sijambi Kec. Datuk Bandar Kota Tanjung Balai Prov. Sumatera Utara,,Kota Tanjung Balai,Sumatera Utara
20326484,SMAS WALISONGO KETANGGUNGAN,https://sekolah.data.kemdikbud.go.id/index.php/Chome/profil/72765064-E336-404A-8398-F0A59C82ACC3,JL. JEND. SUDIRMAN NO. 87 KETANGGUNGAN Ketanggungan Kec. Ketanggungan Kab. Brebes Prov. Jawa Tengah,Kab. Brebes,,Jawa Tengah
20551981,SMAS DARUL KHOLIL,https://sekolah.data.kemdikbud.go.id/index.php/Chome/profil/8383B3E4-EB34-4A3D-90D0-F0A993ABB067,"JL, KALI MODERN TUNJUNG 11 Tonjung Kec. Burneh Kab. Bangkalan Prov. Jawa Timur",Kab. Bangkalan,,Jawa Timur
20100631,SMAS KATOLIK DIAKONIA JAKARTA,https://sekolah.data.kemdikbud.go.id/index.php/Chome/profil/DE6DF9C5-0454-4CDD-967E-F0B003E3C80E,JL.PLUIT UTARA RAYA NO. 2 Pluit Kec. Penjaringan Kota Adm. Jakarta Utara Prov. D.K.I. Jakarta,,Kota Adm. Jakarta Utara,D.K.I. Jakarta
10648898,SMAN 1 KISAM ILIR,https://sekolah.data.kemdikbud.go.id/index.php/Chome/profil/089F4A91-D1B4-4EFB-A5DF-F0B3F1ABA2AD,Jl. Raya Muaradua Kisam Simpang Campang Kec. Kisam Ilir Kab. Ogan Komering Ulu Selatan Prov. Sumatera Selatan,Kab. Ogan Komering Ulu Selatan,,Sumatera Selatan
20109180,SMAS MARIE JOSEPH,https://sekolah.data.kemdikbud.go.id/index.php/Chome/profil/07F47C24-BCA0-42A7-A6BF-F0B4BEFF2450,JL PUSPA GADING I BLOK H2 No.10-12 Pegan... Pegangsaan Dua Kec. Kelapa Gading Kota Adm. Jakarta Utara Prov. D.K.I. Jakarta,,Kota Adm. Jakarta Utara,D.K.I. Jakarta
69984683,SMA IT Al-Khawarizmi,https://sekolah.data.kemdikbud.go.id/index.php/Chome/profil/19635B18-DBEA-47DB-A951-F0B7C2E871E0,Jln. Ridwan Suwidi Tepian Batang Kec. Tanah Grogot Kab. Paser Prov. Kalimantan Timur,Kab. Paser,,Kalimantan Timur
70043825,SMA Ibnu Katsir Tanjung Redeb,https://sekolah.data.kemdikbud.go.id/index.php/Chome/profil/946F29BC-5680-4982-9398-F0BAECEFB1BF,"Jl.  Sei. Seramut, RT.22 Tanjung Redeb Kec. Tanjung Redeb Kab. Berau Prov. Kalimantan Timur",Kab. Berau,,Kalimantan Timur
40100313,SMAS KRISTEN KOTAMOBAGU,https://sekolah.data.kemdikbud.go.id/index.php/Chome/profil/04D94960-D287-45D9-B3F2-F0C02FBA8C4E,JL. S. PARMAN NO 727 KOTAMOBAGU Kotamobagu Kec. Kotamobagu Barat Kota Kotamobagu Prov. Sulawesi Utara,,Kota Kotamobagu,Sulawesi Utara
20534390,SMA WAHIDIYAH KEDIRI,https://sekolah.data.kemdikbud.go.id/index.php/Chome/profil/A1A35998-FAE2-4429-8B8A-F0C29DD324A8,JL. KH. WAHID HASYIM. PONPES KEDUNGLO Bandar Lor Kec. Mojoroto Kota Kediri Prov. Jawa Timur,,Kota Kediri,Jawa Timur
10258039,SMA SWASTA CERDAS MURNI,https://sekolah.data.kemdikbud.go.id/index.php/Chome/profil/F95D2D56-942D-48D8-A51D-F0C4FB6CD9B2,JL. BERINGIN NO.33 Tembung Kec. Percut Sei Tuan Kab. Deli Serdang Prov. Sumatera Utara,Kab. Deli Serdang,,Sumatera Utara
60102963,SMAS KARTIKA XIII-1 AMBON,https://sekolah.data.kemdikbud.go.id/index.php/Chome/profil/9148ECBA-0EDC-41F6-B34D-F0C6142E5BB4,JL. DR. TAMAELA Kel Waihaong Kec. Nusaniwe Kota Ambon Prov. Maluku,,Kota Ambon,Maluku
70003010,SMA HERITAGE SCHOOL JAKARTA,https://sekolah.data.kemdikbud.go.id/index.php/Chome/profil/35C65D87-91A2-4326-96DB-F0C7541FCA3C,Jl. Letjen Soepono No 34 Grogol Utara Kec. Kebayoran Lama Kota Adm. Jakarta Selatan Prov. D.K.I. Jakarta,,Kota Adm. Jakarta Selatan,D.K.I. Jakarta
69962327,SMAS ISLAMIC CENTRE PAKENJENG,https://sekolah.data.kemdikbud.go.id/index.php/Chome/profil/53A85EFD-FE9D-40E3-9E56-F0CED8413168,Kp Werkip Rt 003/ Rw 006 Tanjungjaya Kec. Pakenjeng Kab. Garut Prov. Jawa Barat,Kab. Garut,,Jawa Barat
69883628,SMA NEGERI 2 SIDUAORI,https://sekolah.data.kemdikbud.go.id/index.php/Chome/profil/977471E0-6EB0-4CF9-A943-F0D2446BAD21,Hilihoya Hoya Kec. Siduaori Kab. Nias Selatan Prov. Sumatera Utara,Kab. Nias Selatan,,Sumatera Utara
20326489,SMA NEGERI 1 BULAKAMBA,https://sekolah.data.kemdikbud.go.id/index.php/Chome/profil/91C595A8-4C69-43FC-AA5A-F0D3B3F6BE26,JL. RAYA GRINTING BULAKAMBA BREBES Grinting Kec. Bulakamba Kab. Brebes Prov. Jawa Tengah,Kab. Brebes,,Jawa Tengah
70049005,SMA Swasta Islam Plus Adzkia Medan,https://sekolah.data.kemdikbud.go.id/index.php/Chome/profil/438D45A0-7F4F-4E86-9229-F0D72D3BA5A3,Jl. Tuasan No. 4 & 6 Sidorejo Hilir Kec. Medan Tembung Kota Medan Prov. Sumatera Utara,,Kota Medan,Sumatera Utara
20219718,SMAS GUNA DHARMA,https://sekolah.data.kemdikbud.go.id/index.php/Chome/profil/14D5332A-A744-4AA6-BBFD-F0DA8FE0C908,"JL. A.H. Nasution KM 11,70 Cipadung Kulon Kec. Panyileukan Kota Bandung Prov. Jawa Barat",,Kota Bandung,Jawa Barat
20100810,SMAN 40 JAKARTA,https://sekolah.data.kemdikbud.go.id/index.php/Chome/profil/91C07132-0CE6-44CB-BAF3-F0E28B7C23B3,JL. BUDI MULYA RAYA Pademangan Barat Kec. Pademangan Kota Adm. Jakarta Utara Prov. D.K.I. Jakarta,,Kota Adm. Jakarta Utara,D.K.I. Jakarta
69901468,SMA Swasta Uswatun Hasanah,https://sekolah.data.kemdikbud.go.id/index.php/Chome/profil/C6929BD9-1D21-4D6F-89DB-F0E6428EF9B6,Jln. Blang Mee Duson Putro Room Blang Nibong Kec. Samudera Kab. Aceh Utara Prov. Aceh,Kab. Aceh Utara,,Aceh
10643909,SMAN 4 PRABUMULIH,https://sekolah.data.kemdikbud.go.id/index.php/Chome/profil/B2B1C07F-01A4-4E61-8781-F0E8845E2E55,Jl. Raya Baturaja Kelurahan Tanjung Ramb... Tanjung Rambang Kec. Rambang Kapak Tengah Kota Prabumulih Prov. Sumatera Selatan,,Kota Prabumulih,Sumatera Selatan
70011751,SMA OLAHRAGA TAMAN CENDIKIA,https://sekolah.data.kemdikbud.go.id/index.php/Chome/profil/9641D350-3C59-495D-AB52-F0EBD771AB18,JL. TRANS SULAWESI Tunggulo Kec. Limboto Barat Kab. Gorontalo Prov. Gorontalo,Kab. Gorontalo,,Gorontalo
60300370,SMAN 1 BIAK BARAT,https://sekolah.data.kemdikbud.go.id/index.php/Chome/profil/D23A8B95-7CE2-4CA3-95FB-F0EDC57041B8,JL. BENGGOR YOMDORI Wasyai Kec. Biak Barat Kab. Biak Numfor Prov. Papua,Kab. Biak Numfor,,Papua
69957429,SMAN 1 PAGELARAN,https://sekolah.data.kemdikbud.go.id/index.php/Chome/profil/E7D5E531-7AA4-41E0-8812-F0F57260E5E6,Jl. Raya Pagelaran Kp. Cibeureum Rt/Rw 0... Sindangkerta Kec. Pagelaran Kab. Cianjur Prov. Jawa Barat,Kab. Cianjur,,Jawa Barat
20233656,SMAN 1 TANJUNGSIANG,https://sekolah.data.kemdikbud.go.id/index.php/Chome/profil/C7BDBB75-EF47-4F5D-8E5E-F0F5C2511DD8,JL. SINDANGLAYA  TANJUNGSIANG Sindanglaya Kec. Tanjungsiang Kab. Subang Prov. Jawa Barat,Kab. Subang,,Jawa Barat
69925739,SMA NU NURUL HAJAR,https://sekolah.data.kemdikbud.go.id/index.php/Chome/profil/AA03C810-6FB4-4766-9D48-F0F871BB25F8,Desa Banraas Kec. Dungkek Kab. Sumenep Banraas Kec. Dungkek Kab. Sumenep Prov. Jawa Timur,Kab. Sumenep,,Jawa Timur
60304063,SMAN 1 AGATS,https://sekolah.data.kemdikbud.go.id/index.php/Chome/profil/D537DB58-A377-4865-A8A1-F0FC8AECB373,Jl. Yos Sudarso No. 1 Bis Agats Kec. Agats Kab. Asmat Prov. Papua Selatan,Kab. Asmat,,Papua Selatan
20577740,SMA ISLAM NURUL ULUM MALO,https://sekolah.data.kemdikbud.go.id/index.php/Chome/profil/73179FE9-A7E2-4483-915C-F0FE330A8304,DS. KEMIRI NO 100 KEMIRI MALO Kemiri Kec. Malo Kab. Bojonegoro Prov. Jawa Timur,Kab. Bojonegoro,,Jawa Timur
10609684,SMA QURANIAH,https://sekolah.data.kemdikbud.go.id/index.php/Chome/profil/D5853836-1C68-44A2-991D-F0FF84E6CD13,JL. SEGARAN 15 ILIR PALEMBANG 15 Ilir Kec. Ilir Timur I Kota Palembang Prov. Sumatera Selatan,,Kota Palembang,Sumatera Selatan
20103300,SMAN 88 JAKARTA,https://sekolah.data.kemdikbud.go.id/index.php/Chome/profil/DBFF6AA8-E20F-4144-ACE2-F104F8881E91,JL. SAWO Baru Kec. Pasar Rebo Kota Adm. Jakarta Timur Prov. D.K.I. Jakarta,,Kota Adm. Jakarta Timur,D.K.I. Jakarta
70055453,Sekolah Rakyat Menengah Atas 39 Makassar,https://sekolah.data.kemdikbud.go.id/index.php/Chome/profil/29B1549E-13F3-4921-98B1-F105948F6E9B,"Jl. Sultan Alauddin, Gn. Sari, Kec. Tama... Mannuruki Kec. Tamalate Kota Makassar Prov. Sulawesi Selatan",,Kota Makassar,Sulawesi Selatan
69972083,SMA SWASTA METHODIST CHARLES WESLEY,https://sekolah.data.kemdikbud.go.id/index.php/Chome/profil/4E11CF64-2977-4A64-A15F-F107898332AC,Jl. Padang Golf (dalam) Komp. CBD Poloni... Suka Damai Kec. Medan Polonia Kota Medan Prov. Sumatera Utara,,Kota Medan,Sumatera Utara
30301491,SMAN 1 RANTAU,https://sekolah.data.kemdikbud.go.id/index.php/Chome/profil/055C605B-BEDC-4D81-B6B6-F10B9FCF6CA4,JL. BRIGJEN. H. HASAN BASRY KM.2 RANTAU Rantau Kiwa Kec. Tapin Utara Kab. Tapin Prov. Kalimantan Selatan,Kab. Tapin,,Kalimantan Selatan
20107288,SMA CENDERAWASIH 1,https://sekolah.data.kemdikbud.go.id/index.php/Chome/profil/B3B41066-7AE9-431F-A262-F10C23CE81C3,JL. RS. FATMAWATI KOMPLEK KEMLU Gandaria Selatan Kec. Cilandak Kota Adm. Jakarta Selatan Prov. D.K.I. Jakarta,,Kota Adm. Jakarta Selatan,D.K.I. Jakarta
70047901,SMA NEGERI 2 BATU ATAS,https://sekolah.data.kemdikbud.go.id/index.php/Chome/profil/9F53D919-BAB2-48EA-B585-F11329A93EB8,Jalan Poros Syeh Abdul Wahid Desa Batu A... Batuatas Barat Kec. Batu Atas Kab. Buton Selatan Prov. Sulawesi Tenggara,Kab. Buton Selatan,,Sulawesi Tenggara
20319302,SMAN 1 SAYUNG,https://sekolah.data.kemdikbud.go.id/index.php/Chome/profil/E4203F7D-FDD8-4AF2-9AD8-F11340A2B645,JL. RAYA ONGGORAWE SAYUNG - DEMAK Gemulak Kec. Sayung Kab. Demak Prov. Jawa Tengah,Kab. Demak,,Jawa Tengah
70037978,SMA IT DAARUL IJABAH JAMBE,https://sekolah.data.kemdikbud.go.id/index.php/Chome/profil/5B71B0CD-B4BE-4AD6-AF32-F11982ADCC97,Jl. Daraham RT. 006 RW. 004 Jambe Kec. Jambe Kab. Tangerang Prov. Banten,Kab. Tangerang,,Banten
10806025,SMAS MA ARIF 2 NURUL HUDA ADIREJO,https://sekolah.data.kemdikbud.go.id/index.php/Chome/profil/4DB4E64E-365B-40C6-BAEE-F1242FCE6930,Jl. Raya Desa Adirejo Kecamatan Jabung K... Adirejo Kec. Jabung Kab. Lampung Timur Prov. Lampung,Kab. Lampung Timur,,Lampung
20218353,SMAN 1 SUKATANI,https://sekolah.data.kemdikbud.go.id/index.php/Chome/profil/2C2FB433-656C-47B4-9CAD-F1256C313D1B,JL. RAYA SUKATANI KABUPATEN BEKASI Sukamulya Kec. Sukatani Kab. Bekasi Prov. Jawa Barat,Kab. Bekasi,,Jawa Barat
69972967,SMAS MUHAMMADIYAH PAKUE,https://sekolah.data.kemdikbud.go.id/index.php/Chome/profil/444FD2B2-93A4-4C4E-BC79-F12AB3F8AE34,JALAN POROS MAJAPAHIT KOLAKA UTARA Majapahit Kec. Pakue Tengah Kab. Kolaka Utara Prov. Sulawesi Tenggara,Kab. Kolaka Utara,,Sulawesi Tenggara
69967491,SMAS KRISTEN KALAM KUDUS 2,https://sekolah.data.kemdikbud.go.id/index.php/Chome/profil/7D17E8B8-FCD5-4D40-B305-F12C232BB54B,Komp. Taman Dutamas Jl. Boulevard IV Baloi Permai Kec. Batam Kota Kota Batam Prov. Kepulauan Riau,,Kota Batam,Kepulauan Riau
10497468,SMAS YAPIM TARUNA,https://sekolah.data.kemdikbud.go.id/index.php/Chome/profil/D89FAFD5-BEB7-45D8-ACFF-F13B26F4451E,"JL. LANCANG KUNING, BAGAN BATU. NO HP: 0... Bagan Batu Kec. Bagan Sinembah Kab.  Rokan Hilir Prov. Riau",Kab.  Rokan Hilir,,Riau
30104899,SMAN 1 SOKAN,https://sekolah.data.kemdikbud.go.id/index.php/Chome/profil/66569F59-7CF4-40BF-ABC2-F13D666E82D0,JL.A. HUSNI HAMZAH SOKAN Sepakat Kec. Sokan Kab. Melawi Prov. Kalimantan Barat,Kab. Melawi,,Kalimantan Barat
69945219,SMA NEGERI 1 MOROSI,https://sekolah.data.kemdikbud.go.id/index.php/Chome/profil/8659298C-A89A-4FCD-A315-F14025951B9A,Jl. Poros Pohara - Laosu KM. 9 Paku Kec. Morosi Kab. Konawe Prov. Sulawesi Tenggara,Kab. Konawe,,Sulawesi Tenggara
40300674,SMAS PESANTREN IMMIM MINASATE NE,https://sekolah.data.kemdikbud.go.id/index.php/Chome/profil/A8A73B2E-4715-4C7D-AE57-F148015E77AD,JL. H. FADELI LURAN Biraeng Kec. Minasatene Kab. Pangkajene Dan Kepulauan Prov. Sulawesi Selatan,Kab. Pangkajene Dan Kepulauan,,Sulawesi Selatan
30104458,SMAS NGARIMANAN SOMPAK,https://sekolah.data.kemdikbud.go.id/index.php/Chome/profil/A6007A91-E2F6-4C86-8E99-F152E71A6D22,JL.RAYA SOMPAK Sompak Kec. Sompak Kab. Landak Prov. Kalimantan Barat,Kab. Landak,,Kalimantan Barat
69948087,SMAN 19 MERANGIN,https://sekolah.data.kemdikbud.go.id/index.php/Chome/profil/50CB9B12-FF2F-410B-9C46-F15A9AF94175,Desa Sekancing Ilir Sekancing Ilir Kec. Tiang Pumpung Kab.  Merangin Prov. Jambi,Kab.  Merangin,,Jambi
10609679,SMA PGRI 04 PALEMBANG,https://sekolah.data.kemdikbud.go.id/index.php/Chome/profil/68724131-8DC5-49A6-AC7F-F15DB2B69036,Jl. Taqwa Mata Merah Kel. Sei Selincah K... Sei Selincah Kec. Kalidoni Kota Palembang Prov. Sumatera Selatan,,Kota Palembang,Sumatera Selatan
30101089,SMAN 1 TELUK PAKEDAI,https://sekolah.data.kemdikbud.go.id/index.php/Chome/profil/B908B0E3-B55E-4EB7-BC4D-F160A73E3B13,JL. TELADAN Teluk Pakedai Hulu Kec. Telok Pakedai Kab. Kubu Raya Prov. Kalimantan Barat,Kab. Kubu Raya,,Kalimantan Barat
20227889,SMAN 1 DAYEUHKOLOT,https://sekolah.data.kemdikbud.go.id/index.php/Chome/profil/DF9EF346-2A03-431A-BD54-F1654BF73EBA,JL. SUKAPURA DAYEUHKOLOT NO. 99 Sukapura Kec. Dayeuhkolot Kab. Bandung Prov. Jawa Barat,Kab. Bandung,,Jawa Barat
69923010,SMAS AL-MASJIDIYAH,https://sekolah.data.kemdikbud.go.id/index.php/Chome/profil/D534BF24-9289-45C9-A313-F165FE37B06E,Dusun Brangka Tolang Kec. Banyuates Kab. Sampang Prov. Jawa Timur,Kab. Sampang,,Jawa Timur
40401522,SMAN 1 LADONGI,https://sekolah.data.kemdikbud.go.id/index.php/Chome/profil/B98FC409-7697-46D4-A398-F17D2EEF9121,JL. HALUOLEO NO. 08 Welala KEC. LADONGI Kab. Kolaka Timur Prov. Sulawesi Tenggara,Kab. Kolaka Timur,,Sulawesi Tenggara
40303650,SMAN 6 SOPPENG,https://sekolah.data.kemdikbud.go.id/index.php/Chome/profil/48202B07-6026-4D44-AAEB-F184CCDF788A,JL. POROS SOPPENG PARE KM 32 Laringgi Kec. Mario Riawa Kab. Soppeng Prov. Sulawesi Selatan,Kab. Soppeng,,Sulawesi Selatan
10220782,SMAS SANTO PAULUS,https://sekolah.data.kemdikbud.go.id/index.php/Chome/profil/E1AAC04C-BF7C-4638-B68A-F18679929C5D,JL PANCING NO. 9 MARTUBUNG B E S A R Kec. Medan Labuhan Kota Medan Prov. Sumatera Utara,,Kota Medan,Sumatera Utara
10646206,SMAN 2 KELUANG,https://sekolah.data.kemdikbud.go.id/index.php/Chome/profil/E51A3FFF-FC52-4A2B-A5F1-F18A1BF65754,KEC. KELUANG Keluang Kec. Keluang Kab. Musi Banyuasin Prov. Sumatera Selatan,Kab. Musi Banyuasin,,Sumatera Selatan
30104438,SMAS BORNEO MANDIRI KARANGAN,https://sekolah.data.kemdikbud.go.id/index.php/Chome/profil/301AF4A6-4E3C-4652-95FC-F18FFAFA64A7,Jl Raya Karangan - Bakung No.18 G A R U Kec. Mempawah Hulu Kab. Landak Prov. Kalimantan Barat,Kab. Landak,,Kalimantan Barat
69873962,SMAIT AL ISHLAH,https://sekolah.data.kemdikbud.go.id/index.php/Chome/profil/12352462-5B3E-46CD-A394-F193958C97F2,JL.POROS MAKASSAR-MAROS KM.27 Adatongeng Kec. Turikale Kab. Maros Prov. Sulawesi Selatan,Kab. Maros,,Sulawesi Selatan
20308607,SMAS BHINNEKA KARYA 3 TERAS,https://sekolah.data.kemdikbud.go.id/index.php/Chome/profil/098DB9AF-9EA3-45A5-BD4B-F1A0B56AD4EB,JL RAYA SOLO - BOYOLALI Randusari Kec. Teras Kab. Boyolali Prov. Jawa Tengah,Kab. Boyolali,,Jawa Tengah
20606857,SMAS PGRI 117,https://sekolah.data.kemdikbud.go.id/index.php/Chome/profil/5FE673D4-B28A-4ED4-9518-F1ABBC81658D,JL. HOS COKROAMINOTO NO. 41 Karang Tengah Kec. Karang Tengah Kota Tangerang Prov. Banten,,Kota Tangerang,Banten
20403175,SMAN 10 YOGYAKARTA,https://sekolah.data.kemdikbud.go.id/index.php/Chome/profil/2EAD6175-37F8-44FC-9498-F1ABCF601603,JL. GADEAN NO. 5 Ngupasan Kec. Gondomanan Kota Yogyakarta Prov. D.I. Yogyakarta,,Kota Yogyakarta,D.I. Yogyakarta
20519324,SMAS CANDRA WIDYA PANDAAN,https://sekolah.data.kemdikbud.go.id/index.php/Chome/profil/4D03B90A-50BE-4B25-A70C-F1B52756ABA9,JL. A. YANI NO. 70 PETUNG ASRI PANDAAN Petungasri Kec. Pandaan Kab. Pasuruan Prov. Jawa Timur,Kab. Pasuruan,,Jawa Timur
20232322,SMAS BUMI SEJAHTERA,https://sekolah.data.kemdikbud.go.id/index.php/Chome/profil/311371B8-933E-4F5C-AE47-F1B61D18172E,JL. RAYA CIBUNGBULANG KM 18 DS. CIMANGGU... Cimanggu 1 Kec. Cibungbulang Kab. Bogor Prov. Jawa Barat,Kab. Bogor,,Jawa Barat
20514348,SMAN 1 PONGGOK,https://sekolah.data.kemdikbud.go.id/index.php/Chome/profil/CF92EF54-6AEE-438E-AEE7-F1BD9C9387C8,JL. RAYA GEMBONGAN PONGGOK GEMBONGAN Kec. Ponggok Kab. Blitar Prov. Jawa Timur,Kab. Blitar,,Jawa Timur
50220688,SMA AL - MUHAJIRIN SELOTO,https://sekolah.data.kemdikbud.go.id/index.php/Chome/profil/A0189873-3582-4834-A5D9-F1BDD170A8DD,JL. H. A. SARUJI Seloto Kec. Taliwang Kab. Sumbawa Barat Prov. Nusa Tenggara Barat,Kab. Sumbawa Barat,,Nusa Tenggara Barat
69896910,SMAN 3 KIKIM TIMUR,https://sekolah.data.kemdikbud.go.id/index.php/Chome/profil/BDCE7E5C-8370-459B-93DB-F1C0AD99F19C,DESA SUKOHARJO KECAMATAN KIKIM TIMUR Sukoharjo Kec. Kikim Timur Kab. Lahat Prov. Sumatera Selatan,Kab. Lahat,,Sumatera Selatan
20231317,SMAS MARSUDIRINI,https://sekolah.data.kemdikbud.go.id/index.php/Chome/profil/37E7E477-6756-4BF2-A868-F1C435BF0523,"Jl. Raya Parung Km. 47,5 Perumahan Telag... Tegal Kec. Kemang Kab. Bogor Prov. Jawa Barat",Kab. Bogor,,Jawa Barat
50304064,SMAS SEMINARI SINAR BUANA,https://sekolah.data.kemdikbud.go.id/index.php/Chome/profil/DF1738DF-B995-4418-BE1A-F1C83C1B9799,WAITABULA Wee Londa Kec. Kota Tambolaka Kab. Sumba Barat Daya Prov. Nusa Tenggara Timur,Kab. Sumba Barat Daya,,Nusa Tenggara Timur
70014679,SMA  IT  TUNAS CENDIKIA,https://sekolah.data.kemdikbud.go.id/index.php/Chome/profil/7A39421D-7562-422E-A9C6-F1CB5A65CDD4,Jl. Ki Ratu Penghulu Tanjung Baru Kec. Baturaja Timur Kab. Ogan Komering Ulu Prov. Sumatera Selatan,Kab. Ogan Komering Ulu,,Sumatera Selatan
69965766,SMA Mentari Grand Surya,https://sekolah.data.kemdikbud.go.id/index.php/Chome/profil/878478EA-3C2D-4719-A73E-F1D155597F06,"Paradise Boulevard, Blok Paradise 16 Tam... Pegadungan Kec. Kali Deres Kota Adm. Jakarta Barat Prov. D.K.I. Jakarta",,Kota Adm. Jakarta Barat,D.K.I. Jakarta
69965194,SMA NEGERI 2 LEMBANG,https://sekolah.data.kemdikbud.go.id/index.php/Chome/profil/9255D003-32E3-439A-932C-F1D6BE5A9155,Jl. Maribaya No 68 RT 04 / RW 02 Desa La... Langensari Kec. Lembang Kab. Bandung Barat Prov. Jawa Barat,Kab. Bandung Barat,,Jawa Barat
69830676,SMA ISLAM UBUDIYAH MANTANGAI,https://sekolah.data.kemdikbud.go.id/index.php/Chome/profil/B07F84C3-C934-4DE5-96E3-F1D7D8C6B13D,"Jl. Muslimin RT. 07 Mantangai Hilir, Kab... Mantangai Hilir Kec. Mantangai Kab. Kapuas Prov. Kalimantan Tengah",Kab. Kapuas,,Kalimantan Tengah
20583922,SMAS DARUL ULUM,https://sekolah.data.kemdikbud.go.id/index.php/Chome/profil/9D88F39D-2AAA-4595-AFB8-F1D9F0782D1F,JL. POND-PEST DARUL ULUM Talaga Kec. Ganding Kab. Sumenep Prov. Jawa Timur,Kab. Sumenep,,Jawa Timur
40311937,SMAS HANG TUAH,https://sekolah.data.kemdikbud.go.id/index.php/Chome/profil/0C935B02-C641-4C74-AF98-F1E9421AC956,JL. SERDAKO USMAN ALI NO. 35 Totaka Kec. Ujung Tanah Kota Makassar Prov. Sulawesi Selatan,,Kota Makassar,Sulawesi Selatan
60203677,SMA NEGERI 35 HALMAHERA SELATAN,https://sekolah.data.kemdikbud.go.id/index.php/Chome/profil/7538E847-2067-4656-86E9-F1F5BF7826B1,Jl. Siswa Desa Soligi Soligi Kec. Obi Selatan Kab. Halmahera Selatan Prov. Maluku Utara,Kab. Halmahera Selatan,,Maluku Utara
10646154,SMAN 1 TUNGKAL ILIR,https://sekolah.data.kemdikbud.go.id/index.php/Chome/profil/69FA4771-4B22-47F7-B01A-F1FD55F4F379,JL. KOMPLEK PENDIDIKAN Sidomulyo Kec. Tungkal Ilir Kab. Banyuasin Prov. Sumatera Selatan,Kab. Banyuasin,,Sumatera Selatan
30311679,SMAN 7 BARABAI,https://sekolah.data.kemdikbud.go.id/index.php/Chome/profil/A9438460-28FE-436F-BCDA-F20023EC9386,JL. H. ASNAWI RT. 4 ILUNG Ilung Kec. Batang Alai Utara Kab. Hulu Sungai Tengah Prov. Kalimantan Selatan,Kab. Hulu Sungai Tengah,,Kalimantan Selatan
30404435,SMAN 1 KALIORANG,https://sekolah.data.kemdikbud.go.id/index.php/Chome/profil/E15E1715-89B5-4FD3-998C-F203B4B5D6D3,JL. PENDIDIKAN NO.1 Bangun Jaya Kec. Kaliorang Kab. Kutai Timur Prov. Kalimantan Timur,Kab. Kutai Timur,,Kalimantan Timur
20107187,SMAS AL FALAH,https://sekolah.data.kemdikbud.go.id/index.php/Chome/profil/EAA3AD51-877D-41C1-AEC1-F20A5D7BD4FB,Jl Raya Malaka No. 1D Munjul Cipayung Munjul Kec. Cipayung Kota Adm. Jakarta Timur Prov. D.K.I. Jakarta,,Kota Adm. Jakarta Timur,D.K.I. Jakarta
20107320,SMAN 79 JAKARTA,https://sekolah.data.kemdikbud.go.id/index.php/Chome/profil/64E8CA90-1E21-482D-8C23-F20B5E080BD6,JL. MENTENG PULO UJUNG Menteng Atas Kec. Setia Budi Kota Adm. Jakarta Selatan Prov. D.K.I. Jakarta,,Kota Adm. Jakarta Selatan,D.K.I. Jakarta
20203741,SMA NEGERI  1 CIBINONG,https://sekolah.data.kemdikbud.go.id/index.php/Chome/profil/CEB64F59-BF95-4909-8131-F224738AC4B2,JL. RAYA CIBINONG KM. 90 Sukajadi Kec. Cibinong Kab. Cianjur Prov. Jawa Barat,Kab. Cianjur,,Jawa Barat
10104271,SMAN 1 SERUWAY,https://sekolah.data.kemdikbud.go.id/index.php/Chome/profil/8067484B-928F-4705-AD16-F22D5C2B7859,JL. GEDUNG BIARA Tangsi Lama Kec. Seruway Kab. Aceh Tamiang Prov. Aceh,Kab. Aceh Tamiang,,Aceh
69971763,SMAN 31 Garut,https://sekolah.data.kemdikbud.go.id/index.php/Chome/profil/2A9FEC17-6F16-4B04-92AC-F22EC72F8C0E,Jl. Raya Miramare Sancang Cibalong Sancang Kec. Cibalong Kab. Garut Prov. Jawa Barat,Kab. Garut,,Jawa Barat
20312201,SMA NEGERI GONDANGREJO,https://sekolah.data.kemdikbud.go.id/index.php/Chome/profil/74CDF29B-EA8B-4887-9B5C-F238D1F459E4,JL. SOLO - PURWODADI KM. 11 GONDANGREJO Tuban Kec. Gondangrejo Kab. Karanganyar Prov. Jawa Tengah,Kab. Karanganyar,,Jawa Tengah
10210824,SMAS TELADAN MEDAN,https://sekolah.data.kemdikbud.go.id/index.php/Chome/profil/4CC6DB92-9A39-41B4-B168-F23A1C08C151,JL. PERTIWI NO.95 B A N T A N Kec. Medan Tembung Kota Medan Prov. Sumatera Utara,,Kota Medan,Sumatera Utara
69985714,SMAIT Plus Ar - Rasyid,https://sekolah.data.kemdikbud.go.id/index.php/Chome/profil/86C66526-4CAB-4171-89B3-F23B708AE018,Jl. Raya Batulicin Km. 251 Segumbang Segumbang Kec. Batu Licin Kab. Tanah Bumbu Prov. Kalimantan Selatan,Kab. Tanah Bumbu,,Kalimantan Selatan
20558304,SMAN 1 KRUCIL,https://sekolah.data.kemdikbud.go.id/index.php/Chome/profil/C6D93882-18F2-4225-97EF-F23DA27BB9E0,JL. DEWI RENGGANIS 968 Krucil Probolingg... Krucil Kec. Krucil Kab. Probolinggo Prov. Jawa Timur,Kab. Probolinggo,,Jawa Timur
20542502,SMAN 2 KARANGAN,https://sekolah.data.kemdikbud.go.id/index.php/Chome/profil/9E55A8C9-F4FE-4824-9204-F2404F93E40C,JL PALEM RAJA  1 Karangan Kec. Karangan Kab. Trenggalek Prov. Jawa Timur,Kab. Trenggalek,,Jawa Timur
50205585,SMA NEGERI 1 SEKONGKANG,https://sekolah.data.kemdikbud.go.id/index.php/Chome/profil/FF190B23-E61B-458A-85E6-F24379EB9719,JL. LINGKAR SELATAN SEKONGKANG BAWAH Sekongkang Bawah Kec. Sekongkang Kab. Sumbawa Barat Prov. Nusa Tenggara Barat,Kab. Sumbawa Barat,,Nusa Tenggara Barat
20100801,SMAS YUSHA JAKARTA,https://sekolah.data.kemdikbud.go.id/index.php/Chome/profil/02DE3BD7-4215-4DD1-BC78-F2456FB9AEC1,JL. MAWAR LUAR NO. 1 Tugu Utara Kec. Koja Kota Adm. Jakarta Utara Prov. D.K.I. Jakarta,,Kota Adm. Jakarta Utara,D.K.I. Jakarta
20606547,SMAS AN NURMANIYAH,https://sekolah.data.kemdikbud.go.id/index.php/Chome/profil/44E269BB-06AC-4463-8BCD-F24FB976E130,JL.DR. CIPTO MANGUNKUSUMO NO. 62 Paninggilan Utara Kec. Ciledug Kota Tangerang Prov. Banten,,Kota Tangerang,Banten
70038444,SMA NEGERI 2 RIUNG BARAT,https://sekolah.data.kemdikbud.go.id/index.php/Chome/profil/68EBB464-2201-48A7-871E-F251D36BD086,"DESA BENTENG TAWA, KEC. RIUNG BARAT Benteng Tawa Kec. Riung Barat Kab. Ngada Prov. Nusa Tenggara Timur",Kab. Ngada,,Nusa Tenggara Timur
10900237,SMAN 1 MENDO BARAT,https://sekolah.data.kemdikbud.go.id/index.php/Chome/profil/1FE60467-3C33-4FBE-BB36-F254BEF74B7B,JL. PAHLAWAN 12 Petaling Kec. Mendo Barat Kab. Bangka Prov. Kepulauan Bangka Belitung,Kab. Bangka,,Kepulauan Bangka Belitung
30101121,SMAN 1 KUBU,https://sekolah.data.kemdikbud.go.id/index.php/Chome/profil/8E96E60C-F94C-4A7D-AD01-F264EC3A2C89,JL. SUPARTO 2 Kubu Kec. Kubu Kab. Kubu Raya Prov. Kalimantan Barat,Kab. Kubu Raya,,Kalimantan Barat
10202673,SMA NEGERI 1 HUTABAYURAJA,https://sekolah.data.kemdikbud.go.id/index.php/Chome/profil/A42219A7-A0F3-42E1-B8E9-F2672D120335,JL. PATUAN NAGARI NO. 2 Huta Bayu Kec. Hutabayu Raja Kab. Simalungun Prov. Sumatera Utara,Kab. Simalungun,,Sumatera Utara
20227858,SMA MEKAR ARUM CILEUNYI,https://sekolah.data.kemdikbud.go.id/index.php/Chome/profil/4893D96E-90B8-46B2-BDBE-F26D196D988A,JL. RAYA CINUNUK NO. 82 Cinunuk Kec. Cileunyi Kab. Bandung Prov. Jawa Barat,Kab. Bandung,,Jawa Barat
30400178,SMAS MUHAMMADIYAH TANAH GROGOT,https://sekolah.data.kemdikbud.go.id/index.php/Chome/profil/586EA27A-6B72-4DEF-BC64-F26F714E0063,JL. PANGERAN MENTERI TANAH GROGOT NO. 96... TAPIS Kec. Tanah Grogot Kab. Paser Prov. Kalimantan Timur,Kab. Paser,,Kalimantan Timur
10204243,SMAN 1 AIR BATU,https://sekolah.data.kemdikbud.go.id/index.php/Chome/profil/7084CB1C-C6D1-496B-B9CD-F2893B6D1DC1,JL. PENDIDIKAN Sungai Alim Ulu Kec. Air Batu Kab. Asahan Prov. Sumatera Utara,Kab. Asahan,,Sumatera Utara
50101705,SMA Negeri 1 Kuta,https://sekolah.data.kemdikbud.go.id/index.php/Chome/profil/84438A80-566D-4644-8F4E-F28EB3A69B42,JL. DEWI SARASWATI Seminyak Kec. Kuta Kab. Badung Prov. Bali,Kab. Badung,,Bali
30203841,SMA NEGERI 2 SERUYAN TENGAH,https://sekolah.data.kemdikbud.go.id/index.php/Chome/profil/D21C5688-06D0-4A3F-97A8-F295FD15540B,JL. TRANSMIGRASI SUKAMANDANG G1 SUKOREJO Kec. Seruyan Tengah Kab. Seruyan Prov. Kalimantan Tengah,Kab. Seruyan,,Kalimantan Tengah
70054042,SMAN KEBERBAKATAN OLAHRAGA JATENG DI SEMARANG,https://sekolah.data.kemdikbud.go.id/index.php/Chome/profil/60E98020-4472-4C4D-AD0C-F297D091B9F3,RT 08 RW 02 Karang Rejo Kec. Gajah Mungkur Kota Semarang Prov. Jawa Tengah,,Kota Semarang,Jawa Tengah
11002569,SMAS ADVENT,https://sekolah.data.kemdikbud.go.id/index.php/Chome/profil/6F7C14ED-5A05-4D75-B7B5-F2983ADB28BD,JL. PROF. DR. HAMKA KAV IV KIBING Kibing Kec. Batu Aji Kota Batam Prov. Kepulauan Riau,,Kota Batam,Kepulauan Riau
20206213,SMAN 1 CIWIDEY,https://sekolah.data.kemdikbud.go.id/index.php/Chome/profil/D98F6276-95C9-4A67-BF2A-F29B60B163CB,JL. BABAKAN TIGA NO.125 Panyocokan Kec. Ciwidey Kab. Bandung Prov. Jawa Barat,Kab. Bandung,,Jawa Barat
10113435,SMA SWASTA ISLAM DARUL ULUM,https://sekolah.data.kemdikbud.go.id/index.php/Chome/profil/CC45839D-2C33-4A11-94DF-F29E42324A42,JL. Pesantren Abu Tanoh Mirah Tanoh Mirah Kec. Peusangan Kab. Bireuen Prov. Aceh,Kab. Bireuen,,Aceh
20108502,SMAS ISLAM SAID NA UM JAKARTA,https://sekolah.data.kemdikbud.go.id/index.php/Chome/profil/34D54917-5B54-4909-AF22-F29EBCFA1F16,JL. K.H. MAS MANSYUR NO. 25 Kebon Kacang Kec. Tanah Abang Kota Adm. Jakarta Pusat Prov. D.K.I. Jakarta,,Kota Adm. Jakarta Pusat,D.K.I. Jakarta
20507732,SMAN 1 NGLAMES,https://sekolah.data.kemdikbud.go.id/index.php/Chome/profil/68DDD283-6D0E-45D4-805A-F2B0E7CF760C,JL RAYA NGLAMES DS GUNUNGSARI  Kec. Madiun Kab. Madiun Prov. Jawa Timur,Kab. Madiun,,Jawa Timur
69980935,SMAN 9 MATARAM,https://sekolah.data.kemdikbud.go.id/index.php/Chome/profil/EEF1A7E4-02B9-497A-AD5A-F2B56A8385FA,JLN. PEJANGGIK NO.28 MATARAM Mataram Barat Kec. Selaparang Kota Mataram Prov. Nusa Tenggara Barat,,Kota Mataram,Nusa Tenggara Barat
20327565,SMA NEGERI 4 MAGELANG,https://sekolah.data.kemdikbud.go.id/index.php/Chome/profil/B57BA199-11C1-4437-9AE7-F2B67F8FF91E,JL. PANEMBAHAN SENOPATI 42/47 Jurangombo Utara Kec. Magelang Selatan Kota Magelang Prov. Jawa Tengah,,Kota Magelang,Jawa Tengah
20523807,SMA KATOLIK SANTO PAULUS JEMBER,https://sekolah.data.kemdikbud.go.id/index.php/Chome/profil/1E999677-4179-4C29-A404-F2B9B42D1917,JL. TRUNOJOYO 22C Kepatihan Kec. Kaliwates Kab. Jember Prov. Jawa Timur,Kab. Jember,,Jawa Timur
70002934,SMA PGRI Banggai Kepulauan,https://sekolah.data.kemdikbud.go.id/index.php/Chome/profil/F6EDB659-3A7E-42C5-9F40-F2BA8A86D475,Jl. Bukit Ulos No. 01 Manggalai Kec. Tinangkung Kab. Banggai Kepulauan Prov. Sulawesi Tengah,Kab. Banggai Kepulauan,,Sulawesi Tengah
40601193,UPTD SMA NEGERI 1 TAMMERODO,https://sekolah.data.kemdikbud.go.id/index.php/Chome/profil/67DCB507-C3A5-4D6A-B230-F2BBD282B374,Jalan Poros Seppong-Manyamba Dusun Punag... Seppong Kec. Tammerodo Sendana Kab. Majene Prov. Sulawesi Barat,Kab. Majene,,Sulawesi Barat
20233665,SMAS PLUS PAGELARAN CISALAK,https://sekolah.data.kemdikbud.go.id/index.php/Chome/profil/7D86E58A-0E9F-4CF8-8072-F2C32A255FA2,JL. PONTREN PAGELARAN III CISALAK Gardusayang Kec. Cisalak Kab. Subang Prov. Jawa Barat,Kab. Subang,,Jawa Barat
10601461,SMAS SANTO YOSEF LAHAT,https://sekolah.data.kemdikbud.go.id/index.php/Chome/profil/A2F5F2B0-DAC3-484C-90D4-F2C3810FE530,JLN. SEKOLAH NO. 13 LAHAT Gunung Gajah Kec. Lahat Kab. Lahat Prov. Sumatera Selatan,Kab. Lahat,,Sumatera Selatan
69822703,SMAN 2 VII KOTO SUNGAI SARIK,https://sekolah.data.kemdikbud.go.id/index.php/Chome/profil/B947B1B0-A826-4FA1-BBC2-F2C604C023F2,Korong Apar Nagari Lareh Nan Panjang Bar... LAREH NAN PANJANG Kec. VII Koto Sungai Sarik Kab. Padang Pariaman Prov. Sumatera Barat,Kab. Padang Pariaman,,Sumatera Barat
10505853,SMAN 17 TEBO,https://sekolah.data.kemdikbud.go.id/index.php/Chome/profil/72E730A9-89B8-401F-936F-F2D4E425D1DE,JL JAYA PURA Sumber Sari Kec. Rimbo Ulu Kab. Tebo Prov. Jambi,Kab. Tebo,,Jambi
69900058,SMA PGRI SERUYAN RAYA,https://sekolah.data.kemdikbud.go.id/index.php/Chome/profil/AE263FD0-4901-4D75-9DD0-F2D582852941,JL. ANTANG PATAHU BANGKAL Desa Bangkal Kec. Seruyan Raya Kab. Seruyan Prov. Kalimantan Tengah,Kab. Seruyan,,Kalimantan Tengah
20614003,SMA IT AL-QURANIYYAH,https://sekolah.data.kemdikbud.go.id/index.php/Chome/profil/2EBB7DFA-4C91-4C41-A082-F2DCE463FFD8,JL. PANTI ASUHAN KP. CEGER Jurang Manggu Timur Kec. Pondok Aren Kota Tangerang Selatan Prov. Banten,,Kota Tangerang Selatan,Banten
20540053,SMAS DHARMA WANITA 3,https://sekolah.data.kemdikbud.go.id/index.php/Chome/profil/D851B8D0-EF12-4AE5-B4F5-F2DE43D76FE5,Ki Hajar Dewantara No.26 Krian Krian Kec. Krian Kab. Sidoarjo Prov. Jawa Timur,Kab. Sidoarjo,,Jawa Timur
70052811,SMA Negeri 17 Seram Bagian Timur,https://sekolah.data.kemdikbud.go.id/index.php/Chome/profil/3D9E12D5-F293-425B-B564-F2E5F160005D,Jl. Lintas Seram KP. 97590 Artafela Kec. Kian Darat Kab. Seram Bagian Timur Prov. Maluku,Kab. Seram Bagian Timur,,Maluku
40303729,SMAS CALIO,https://sekolah.data.kemdikbud.go.id/index.php/Chome/profil/B8399C5C-7586-41E3-B0CE-F2E87AEEEA9D,SALAONRO Ujung Kec. Lili Rilau Kab. Soppeng Prov. Sulawesi Selatan,Kab. Soppeng,,Sulawesi Selatan
69983856,SMAN 20 TEBO,https://sekolah.data.kemdikbud.go.id/index.php/Chome/profil/11CFEE6F-5AB8-466F-9ABA-F2E961612BB8,Jalan Terigu Sari Mulya Kec. Rimbo Ilir Kab. Tebo Prov. Jambi,Kab. Tebo,,Jambi
10211697,SMA SWASTA RK BINTANG TIMUR,https://sekolah.data.kemdikbud.go.id/index.php/Chome/profil/F21FD434-C100-4757-AAF2-F2F52FDFC143,JL. MARIMBUN NO. 5 Toba Kec. Siantar Selatan Kota Pematangsiantar Prov. Sumatera Utara,,Kota Pematangsiantar,Sumatera Utara
10801963,SMAN 1 PADANGRATU,https://sekolah.data.kemdikbud.go.id/index.php/Chome/profil/E8B52930-2081-4B74-96B7-F2F87E7FD320,Jln.Kelapa 3 No. 15 Kampung Sri Agung RT... Sri Agung Kec. Padang Ratu Kab. Lampung Tengah Prov. Lampung,Kab. Lampung Tengah,,Lampung
20312204,SMA MUHAMMADIYAH 1 KARANGANYAR,https://sekolah.data.kemdikbud.go.id/index.php/Chome/profil/28B09B70-70A9-466A-8186-F2FCC3DC4CD4,JL. BRIGJEND SLAMET RIYADI KARANGANYAR Tegalgede Kec. Karanganyar Kab. Karanganyar Prov. Jawa Tengah,Kab. Karanganyar,,Jawa Tengah
69947566,SMA Negeri 18 Kabupaten Tebo,https://sekolah.data.kemdikbud.go.id/index.php/Chome/profil/35E1DDA0-D3B8-4717-B5D2-F3050A0317A8,Jl. Padang Lama Pulau Tamiang KELURAHAN PULAU TEMIANG Kec. Tebo Ulu Kab. Tebo Prov. Jambi,Kab. Tebo,,Jambi
40102594,SMAS KRISTEN DIAKONIA,https://sekolah.data.kemdikbud.go.id/index.php/Chome/profil/F1CB75C5-D6DD-4962-92AF-F30E4D2E0235,JL. SAMRATULANGI NO. 335 WANEA Kec. Wanea Kota Manado Prov. Sulawesi Utara,,Kota Manado,Sulawesi Utara
10202758,SMA NEGERI 1 RAYA KAHEAN,https://sekolah.data.kemdikbud.go.id/index.php/Chome/profil/677E9327-FB65-4447-9957-F30F27C6F8CA,JL. BESAR BANGUN RAYA Bangun Raya Kec. Raya Kahean Kab. Simalungun Prov. Sumatera Utara,Kab. Simalungun,,Sumatera Utara
50100407,SMAS AYODYA PURA SELAT,https://sekolah.data.kemdikbud.go.id/index.php/Chome/profil/616D1391-12DE-4109-A9B0-F3124D7F0BEF,DESA SELAT Selat Kec. Sukasada Kab. Buleleng Prov. Bali,Kab. Buleleng,,Bali
69772525,SMA NEGERI 14 MALUKU BARAT DAYA,https://sekolah.data.kemdikbud.go.id/index.php/Chome/profil/722C30FD-2CA5-4BBC-A0F1-F31284195539,Jln. Weet - Werwawan WERWAWAN Kec. Pulau Lakor Kab. Maluku Barat Daya Prov. Maluku,Kab. Maluku Barat Daya,,Maluku
10404985,SMAN 5 DUMAI,https://sekolah.data.kemdikbud.go.id/index.php/Chome/profil/8100B9D5-5B61-4FE3-9001-F312E3F2455E,JL. M. YUSUF Teluk Makmur Kec. Medang Kampai Kota Dumai Prov. Riau,,Kota Dumai,Riau
40501083,SMAN 3 GORONTALO,https://sekolah.data.kemdikbud.go.id/index.php/Chome/profil/E830F35D-9F19-4584-A21F-F314AF030F6C,Jl. Achmad Nadjamuddin No. 35 Limba U Dua Kec. Kota Selatan Kota Gorontalo Prov. Gorontalo,,Kota Gorontalo,Gorontalo
20350707,SMAS ISLAM SUDIRMAN KEDUNGJATI,https://sekolah.data.kemdikbud.go.id/index.php/Chome/profil/4004A50A-771E-46DE-8F66-F317B0DE2697,JL. P. KEMERDEKAAN NO. 97 KEDUNGJATI Kedungjati Kec. Kedungjati Kab. Grobogan Prov. Jawa Tengah,Kab. Grobogan,,Jawa Tengah
10812003,SMAS MULIA PLUS,https://sekolah.data.kemdikbud.go.id/index.php/Chome/profil/24582FEE-0257-4C6C-AA0E-F319118185F0,JL. IR SUTAMI KM 36 Malang Sari Kec. Tanjung Sari Kab. Lampung Selatan Prov. Lampung,Kab. Lampung Selatan,,Lampung
20270923,SMA BINAUL UMMAH,https://sekolah.data.kemdikbud.go.id/index.php/Chome/profil/BDE75C12-DF28-4F9D-B1EF-F31D3067F0E3,JL. RAYA CIPARI KEL.CIPARI KEC.CIGUGUR Cipari Kec. Cigugur Kab. Kuningan Prov. Jawa Barat,Kab. Kuningan,,Jawa Barat
40402858,SMAN 1 BESULUTU,https://sekolah.data.kemdikbud.go.id/index.php/Chome/profil/53384472-9AFE-48A1-982A-F3272C2EDB60,JL. POROS KDI UNAAHA KM 34 Besulutu Kec. Besulutu Kab. Konawe Prov. Sulawesi Tenggara,Kab. Konawe,,Sulawesi Tenggara
10702993,SMAS TENERA PUTRI HIJAU,https://sekolah.data.kemdikbud.go.id/index.php/Chome/profil/EA429935-9ACA-4CFC-B4C8-F3279D6E7554,SEBLAT PUTRI HIJAU Pasar Sebelat Kec. Putri Hijau Kab. Bengkulu Utara Prov. Bengkulu,Kab. Bengkulu Utara,,Bengkulu
20219250,SMAN 22 BANDUNG,https://sekolah.data.kemdikbud.go.id/index.php/Chome/profil/91DB651D-EA1B-4F44-9C40-F32E18DF672F,JL. RAJAMANTRI KULON  NO 17A Turangga Kec. Lengkong Kota Bandung Prov. Jawa Barat,,Kota Bandung,Jawa Barat
10210879,SMA Swasta Santo Thomas 3 Medan,https://sekolah.data.kemdikbud.go.id/index.php/Chome/profil/C55B94E8-052F-46A5-AAA5-F32E985E1458,JL. GATOT SUBROTO GG. BANTENG NO. 7 Dwi Kora Kec. Medan Helvetia Kota Medan Prov. Sumatera Utara,,Kota Medan,Sumatera Utara
70030439,SMA Darul Haitam,https://sekolah.data.kemdikbud.go.id/index.php/Chome/profil/DBC3B5E6-E563-44C7-BF6C-F332896A3BCC,Jl. Silet Kp. Sawah Baru Cikolelet Kec. Cinangka Kab. Serang Prov. Banten,Kab. Serang,,Banten
10645005,SMAN 1 MAKARTI JAYA,https://sekolah.data.kemdikbud.go.id/index.php/Chome/profil/A876FE73-547B-4BC4-A685-F332ACC8CFD0,JL PELITA DESA TIRTA MULIA MAKARTI JAYA Tirta Mulya Kec. Makarti Jaya Kab. Banyuasin Prov. Sumatera Selatan,Kab. Banyuasin,,Sumatera Selatan
10262181,SMAN 1 SITIOTIO,https://sekolah.data.kemdikbud.go.id/index.php/Chome/profil/FFE1FC6B-9871-4D3F-A2DE-F3364C2ED59C,SABULAN Sabulan Kec. Sitiotio Kab. Samosir Prov. Sumatera Utara,Kab. Samosir,,Sumatera Utara
20577229,SMA VITA,https://sekolah.data.kemdikbud.go.id/index.php/Chome/profil/9F3EAD96-302B-4B2D-A69C-F33A83729D44,JL. ARIF RAHMAN HAKIM 189-191 Keputih Kec. Sukolilo Kota Surabaya Prov. Jawa Timur,,Kota Surabaya,Jawa Timur
20503619,SMA PATRIOT PETERONGAN,https://sekolah.data.kemdikbud.go.id/index.php/Chome/profil/A4938210-F5BB-4981-99D9-F33B311484C7,JL.KOL.H.ISMAIL 17 PETERONGAN Mancar Kec. Peterongan Kab. Jombang Prov. Jawa Timur,Kab. Jombang,,Jawa Timur
70055066,SMA IT AL QUDWAH PANGKALPINANG,https://sekolah.data.kemdikbud.go.id/index.php/Chome/profil/FB1C01AA-4EB8-4FD9-BA0A-F33F2C48F693,Jl. Singkur Dalam RT 006 RW 002 Kel. Selindung Baru Kec. Gabek Kota Pangkal Pinang Prov. Kepulauan Bangka Belitung,,Kota Pangkal Pinang,Kepulauan Bangka Belitung
30204160,SMAN 1 MARIKIT,https://sekolah.data.kemdikbud.go.id/index.php/Chome/profil/9E89FEEE-7152-4829-B23A-F33F8D183AC6,JL.ABDUL RASYID NO.1 Tumbang Hiran Kec. Marikit Kab. Katingan Prov. Kalimantan Tengah,Kab. Katingan,,Kalimantan Tengah
20177806,SMA TARUNA PERSADA,https://sekolah.data.kemdikbud.go.id/index.php/Chome/profil/BC760431-1DDF-49D8-BCB6-F34EC74A6B12,JALAN MASJID NO 29 Gedong Kec. Pasar Rebo Kota Adm. Jakarta Timur Prov. D.K.I. Jakarta,,Kota Adm. Jakarta Timur,D.K.I. Jakarta
69877329,SMA Negeri Pido,https://sekolah.data.kemdikbud.go.id/index.php/Chome/profil/6A0D4561-D1A0-4C6D-A8A1-F34F20357BCE,Lippang Lippang Kec. Alor Timur Laut Kab. Alor Prov. Nusa Tenggara Timur,Kab. Alor,,Nusa Tenggara Timur
70042596,SMA ISLAM DARUL MUJAHIDIN NWDI MAJIDI,https://sekolah.data.kemdikbud.go.id/index.php/Chome/profil/A382C593-6C9B-4784-82DC-F350FD82C1AB,Jln. Datoq Abdul Majid Majidi Majidi Kec. Selong Kab. Lombok Timur Prov. Nusa Tenggara Barat,Kab. Lombok Timur,,Nusa Tenggara Barat
40310712,SMAN 22 BONE,https://sekolah.data.kemdikbud.go.id/index.php/Chome/profil/F51B07FD-E2F0-437B-A2F6-F35660BCE5A0,JL. KELURAHAN TANA BATUE Tanabatue Kec. Libureng Kab. Bone Prov. Sulawesi Selatan,Kab. Bone,,Sulawesi Selatan
70038414,SMA QUR’AN PESANTREN CIPANSOR,https://sekolah.data.kemdikbud.go.id/index.php/Chome/profil/7987BA68-4840-4B38-9B42-F35A8B82C4C0,Jl. Kp. Nyalindung RT. 001 RW. 001 Buniasih Kec. Kadipaten Kab. Tasikmalaya Prov. Jawa Barat,Kab. Tasikmalaya,,Jawa Barat
10204066,SMAN 1 AEK SONGSONGAN,https://sekolah.data.kemdikbud.go.id/index.php/Chome/profil/94043AE1-9242-4712-BC1F-F35BB91BC944,JL.. EMPLASMEN NO. 2 AEK SONGSONGAN Aek Songsongan Kec. Aek Songsongan Kab. Asahan Prov. Sumatera Utara,Kab. Asahan,,Sumatera Utara
40605304,UPTD SMAN 1 PAPALANG,https://sekolah.data.kemdikbud.go.id/index.php/Chome/profil/3E6E34F8-0DF8-45BC-8C81-F36096E4FE0A,JL. ANDI MAKKASAU NO. 24 T O A B O Kec. Papalang Kab. Mamuju Prov. Sulawesi Barat,Kab. Mamuju,,Sulawesi Barat
69991117,SMAS Islam Nazhirah,https://sekolah.data.kemdikbud.go.id/index.php/Chome/profil/3F1DA3FF-80F5-4E37-B6AC-F36494FA68E4,Jl. R.A. Kartini No.40 Kaliawi Kec. Tanjung Karang Pusat Kota Bandar Lampung Prov. Lampung,,Kota Bandar Lampung,Lampung
10220215,SMAS METHODIST PANCUR BATU,https://sekolah.data.kemdikbud.go.id/index.php/Chome/profil/11D4E55D-0CE1-45D4-B9E5-F366860141F0,JL. JAMIN GINTING NO 36 B A R U Kec. Pancur Batu Kab. Deli Serdang Prov. Sumatera Utara,Kab. Deli Serdang,,Sumatera Utara
69897216,SMAS ISLAM AL-ISLAMIYAH BERAM ITAM KANAN,https://sekolah.data.kemdikbud.go.id/index.php/Chome/profil/1B5768EF-A8D1-4A6F-9FEA-F366BA5B4CC9,Jl. Lintas Teluk Nilau RT.03 BERAM ITAM KANAN Kec. Bram Itam Kab. Tanjung Jabung Barat Prov. Jambi,Kab. Tanjung Jabung Barat,,Jambi
69811389,SMA BOSOWA SCHOOL MAKASSAR,https://sekolah.data.kemdikbud.go.id/index.php/Chome/profil/B5E2C1EE-6A0F-4D57-AA81-F3702873174C,GEDUNG BDMI JL LANTO DAENG PASEWANG NO 3... Maricaya Kec. Makasar Kota Makassar Prov. Sulawesi Selatan,,Kota Makassar,Sulawesi Selatan
70045868,SMA MUHAMMADIYAH AL-GHIFARI,https://sekolah.data.kemdikbud.go.id/index.php/Chome/profil/7B591358-65AB-49A3-8AD6-F372C9D2BD83,JL. Darussalam Banarjoyo Kec. Batanghari Kab. Lampung Timur Prov. Lampung,Kab. Lampung Timur,,Lampung
20327939,SMA TUJUH BELAS SURAKARTA,https://sekolah.data.kemdikbud.go.id/index.php/Chome/profil/30B4009D-028F-4D1E-8E55-F375ADA999D4,JL. R.M. SAID NO. 111 Punggawan Kec. Banjarsari Kota Surakarta Prov. Jawa Tengah,,Kota Surakarta,Jawa Tengah
20306200,SMAS MUHAMMADIYAH KUTOARJO,https://sekolah.data.kemdikbud.go.id/index.php/Chome/profil/70E7DC5D-A221-4B16-8551-F3796835F511,"JL. MARDIUSODO NO. 14,KUTOARJO Kutoarjo Kec. Kutoarjo Kab. Purworejo Prov. Jawa Tengah",Kab. Purworejo,,Jawa Tengah
30200285,SMAS MUHAMMADIYAH KUALA KAPUAS,https://sekolah.data.kemdikbud.go.id/index.php/Chome/profil/A7A38217-8811-48A7-A454-F37CFF72E6F6,JL. BARITO NO. 11 KUALA KAPUAS Selat Hulu Kec. Selat Kab. Kapuas Prov. Kalimantan Tengah,Kab. Kapuas,,Kalimantan Tengah
20302173,SMA NEGERI 1 SOKARAJA,https://sekolah.data.kemdikbud.go.id/index.php/Chome/profil/67C36EAD-9974-44C8-B644-F37DAFB35F60,JL. RAYA SOKARAJA  TIMUR Sokaraja Wetan Kec. Sokaraja Kab. Banyumas Prov. Jawa Tengah,Kab. Banyumas,,Jawa Tengah
50220573,SMAS AL ASHRIYAH,https://sekolah.data.kemdikbud.go.id/index.php/Chome/profil/22094699-C245-42A0-B229-F380CDA17C38,JL. PESONA GANG BANUSANUSI Sesela Kec. Gunung Sari Kab. Lombok Barat Prov. Nusa Tenggara Barat,Kab. Lombok Barat,,Nusa Tenggara Barat
20107292,SMAS DARUNNAJAH,https://sekolah.data.kemdikbud.go.id/index.php/Chome/profil/75E7FAA3-2508-4D5B-AAA3-F382F319E596,JL.ULUJAMI RAYA NO. 86 Ulujami Kec. Pesanggrahan Kota Adm. Jakarta Selatan Prov. D.K.I. Jakarta,,Kota Adm. Jakarta Selatan,D.K.I. Jakarta
20503622,SMA MUHAMMADIYAH 1 JOMBANG,https://sekolah.data.kemdikbud.go.id/index.php/Chome/profil/1C6C41A0-B793-44E3-B9E8-F3854DDD7F44,Jl. Kapten Pierre Tendean No. 15 RT/RW 1... Sengon Kec. Jombang Kab. Jombang Prov. Jawa Timur,Kab. Jombang,,Jawa Timur
70048089,SMA Swasta IT Ummi Ayuni,https://sekolah.data.kemdikbud.go.id/index.php/Chome/profil/4BA4D970-B366-4FCA-A7C6-F387809E4A65,Jl. Waringin Melati Dua Kec. Perbaungan Kab. Serdang Bedagai Prov. Sumatera Utara,Kab. Serdang Bedagai,,Sumatera Utara
30104452,SMAS HARAPAN PAHAUMAN,https://sekolah.data.kemdikbud.go.id/index.php/Chome/profil/038A1B0E-EFD8-4D90-862B-F38BAC63DA69,JL. RAYA PAHAUMAN Pahauman Kec. Sengah Temila Kab. Landak Prov. Kalimantan Barat,Kab. Landak,,Kalimantan Barat
40103533,SMA NEGERI 2 BEO,https://sekolah.data.kemdikbud.go.id/index.php/Chome/profil/1CD92C87-620F-45ED-93CB-F38F9796214E,Jl. Beo-Melonguane Niampak Kec. Beo Selatan Kab. Kepulauan Talaud Prov. Sulawesi Utara,Kab. Kepulauan Talaud,,Sulawesi Utara
11002047,SMAN 1 SERASAN,https://sekolah.data.kemdikbud.go.id/index.php/Chome/profil/3B1E0E78-7039-4637-902B-F390C152D056,JL. PANTAI SISI NO. 2 Kampung Genting PANGKALAN Kec. Serasan Kab. Natuna Prov. Kepulauan Riau,Kab. Natuna,,Kepulauan Riau
20238013,SMAS DIAN HARAPAN,https://sekolah.data.kemdikbud.go.id/index.php/Chome/profil/15926652-22DB-440C-BA06-F391DE482B0A,JL. PALEM KUNING RAYA 2 TAMAN BEVERLI LI... Cibatu Kec. Cikarang Selatan Kab. Bekasi Prov. Jawa Barat,Kab. Bekasi,,Jawa Barat
20401128,SMAN 1 NGEMPLAK,https://sekolah.data.kemdikbud.go.id/index.php/Chome/profil/AD7D653E-97B5-4CAB-AE36-F393325924DC,JANGKANG - MANISRENGGO Bimo Martani Kec. Ngemplak Kab. Sleman Prov. D.I. Yogyakarta,Kab. Sleman,,D.I. Yogyakarta
69873998,SMA UNITY SCHOOL,https://sekolah.data.kemdikbud.go.id/index.php/Chome/profil/993D31C4-96DD-420C-9AD9-F39D357DB7D2,"Central Park, Grand Galaxy City Jaka Setia Kec. Bekasi Selatan Kota Bekasi Prov. Jawa Barat",,Kota Bekasi,Jawa Barat
10814910,SMAS KARYA UTAMA,https://sekolah.data.kemdikbud.go.id/index.php/Chome/profil/D5E69782-3BE3-490E-BBBF-F3A0D2AED239,JL. POROS JEMBATAN KUNING Sumber Makmur Kec. Mesuji Kab. Mesuji Prov. Lampung,Kab. Mesuji,,Lampung
20217359,SMAN 1 TEGALWARU,https://sekolah.data.kemdikbud.go.id/index.php/Chome/profil/32BD86C9-8618-4AD5-BCEF-F3A175DC0576,JL. Warungjeruk Rt 21  Rw 11 Warungjeruk Kec. Tegalwaru Kab. Purwakarta Prov. Jawa Barat,Kab. Purwakarta,,Jawa Barat
20532406,SMAS HANG TUAH 1 SURABAYA,https://sekolah.data.kemdikbud.go.id/index.php/Chome/profil/E9553191-490A-4EF0-9A43-F3A25DFAB6FA,JL. IKAN LUMBA-LUMBA NO. 27 Perak Barat Kec. Krembangan Kota Surabaya Prov. Jawa Timur,,Kota Surabaya,Jawa Timur
69865667,SMA Islam Darussalam Pannyangkalang,https://sekolah.data.kemdikbud.go.id/index.php/Chome/profil/D6651F30-8C27-409D-B0D3-F3B2CC77CD2F,Jl. Jannang Djibu Panyangkalang Kec. Bajeng Kab. Gowa Prov. Sulawesi Selatan,Kab. Gowa,,Sulawesi Selatan
20603184,SMAS AL JUMHURIYAH,https://sekolah.data.kemdikbud.go.id/index.php/Chome/profil/8DDD7EB9-B3F8-4CDF-9B30-F3B3E6B16006,JL. RAYA KP. MELAYU KM. 09 TELUKNAGA Teluk Naga Kec. Teluk naga Kab. Tangerang Prov. Banten,Kab. Tangerang,,Banten
10214122,SMAS KARYA PEMBANGUNAN DELI TUA,https://sekolah.data.kemdikbud.go.id/index.php/Chome/profil/E977B2BE-1EF7-4A54-9FEC-F3B4096CE188,JL. PASAR VI NO. 9 DELI TUA Deli Tua Timur Kec. Deli Tua Kab. Deli Serdang Prov. Sumatera Utara,Kab. Deli Serdang,,Sumatera Utara
20107275,SMAS 28 OKTOBER 1928,https://sekolah.data.kemdikbud.go.id/index.php/Chome/profil/0E062EE3-1409-46D0-9F9E-F3B50D0E6028,Mampang Prapatan XI Tegal Parang Kec. Mampang Prapatan Kota Adm. Jakarta Selatan Prov. D.K.I. Jakarta,,Kota Adm. Jakarta Selatan,D.K.I. Jakarta
69900246,SMAN 1 BANJAR BARU,https://sekolah.data.kemdikbud.go.id/index.php/Chome/profil/1819CA39-A855-4280-9B72-F3B89468C5D2,Jl. Kampung Panca Karsa Purna Jaya Panca Karsa Purna Jaya Kec. Banjar Baru Kab. Tulang Bawang Prov. Lampung,Kab. Tulang Bawang,,Lampung
70039087,SMA IT MADANI PURBALINGGA,https://sekolah.data.kemdikbud.go.id/index.php/Chome/profil/D02ECCB1-A262-4970-9FAE-F3C6167E5CD3,Dukuh Gunung RT 008 RW 013 Tunjungmuli Kec. Karangmoncol Kab. Purbalingga Prov. Jawa Tengah,Kab. Purbalingga,,Jawa Tengah
30202438,SMAN 1 PAKU,https://sekolah.data.kemdikbud.go.id/index.php/Chome/profil/7B9A1DA6-452C-4348-A281-F3D4015E08C9,JL. AMPAH-TAMIANG LAYANG KM.21 Tampa Kec. Paku Kab. Barito Timur Prov. Kalimantan Tengah,Kab. Barito Timur,,Kalimantan Tengah
20331918,SMA WIDYA WIYATA,https://sekolah.data.kemdikbud.go.id/index.php/Chome/profil/8BA053AF-FD87-4C56-913D-F3D42B28F2BE,Jl. Genuk Perbalan VIII No 7 RT/RW : RT ... Manyaran Kec. Semarang Barat Kota Semarang Prov. Jawa Tengah,,Kota Semarang,Jawa Tengah
69888996,SMA NEGERI 1 BOJONGGEDE,https://sekolah.data.kemdikbud.go.id/index.php/Chome/profil/31767C1C-5E40-42FC-8417-F3D72853C1DC,JL. Kemuning IV No. 71 Cimanggis Bojongg... Cimanggis Kec. Bojong Gede Kab. Bogor Prov. Jawa Barat,Kab. Bogor,,Jawa Barat
70012299,SMAS IT SAINS IBNU QAYYIM,https://sekolah.data.kemdikbud.go.id/index.php/Chome/profil/683D0561-D14D-4E4E-92C3-F3D9FDE2F555,Jl. Urip Sumoharjo KM. 1 Walennae Kec. Tanete Riattang Kab. Bone Prov. Sulawesi Selatan,Kab. Bone,,Sulawesi Selatan
69877340,SMA MAARIF NU MIFTAHUL ULUM,https://sekolah.data.kemdikbud.go.id/index.php/Chome/profil/04ED8BEB-72ED-4FFD-A22A-F3DC861C5021,Jl. Cukurguling Kulon 1 Cukurguling Kec. Lumbang Kab. Pasuruan Prov. Jawa Timur,Kab. Pasuruan,,Jawa Timur
69954195,SMA NEGERI 6 TUALANG,https://sekolah.data.kemdikbud.go.id/index.php/Chome/profil/AA03E699-D5E8-4F74-AC8C-F3E16015B845,Jl. Pulai 2 Meredan Barat Kec. Tualang Kab. Siak Prov. Riau,Kab. Siak,,Riau
69851471,SMAN 18 BULUKUMBA,https://sekolah.data.kemdikbud.go.id/index.php/Chome/profil/1ECFC750-89FA-43B7-94CF-F3EEE88AE015,JL.LEMBANG KARAENG Tambangan Kec. Kajang Kab. Bulukumba Prov. Sulawesi Selatan,Kab. Bulukumba,,Sulawesi Selatan
40100895,SMAN 1 KAKAS,https://sekolah.data.kemdikbud.go.id/index.php/Chome/profil/961EE31C-778C-438A-A01C-F3EF802E71C1,JL. KAKAS LANGOWAN Pahaleten Kec. Kakas Kab. Minahasa Prov. Sulawesi Utara,Kab. Minahasa,,Sulawesi Utara
40203608,SMAN 7 PALU,https://sekolah.data.kemdikbud.go.id/index.php/Chome/profil/9E3E776D-49E6-4940-AC82-F3F890D393CB,JL. BAIYA NO. 29 Kelurahan Baiya Kec. Tawaeli Kota Palu Prov. Sulawesi Tengah,,Kota Palu,Sulawesi Tengah
20233753,SMAS DARUSSALAM KANDANGHAUR,https://sekolah.data.kemdikbud.go.id/index.php/Chome/profil/1528DB0E-608D-40F4-A017-F3FAFA40E316,JL. RAYA BY PASS KERTAWINANGUN Kertawinangun Kec. Kandanghaur Kab. Indramayu Prov. Jawa Barat,Kab. Indramayu,,Jawa Barat
70023917,SMA ASY-SYIFA SEPUTIH AGUNG,https://sekolah.data.kemdikbud.go.id/index.php/Chome/profil/A27C46B8-6E3C-4B28-BC57-F3FB444BB59E,YPP Bumi Kencana Bumi Kencana Kec. Seputih Agung Kab. Lampung Tengah Prov. Lampung,Kab. Lampung Tengah,,Lampung
20100804,SMAN 114 JAKARTA,https://sekolah.data.kemdikbud.go.id/index.php/Chome/profil/24505E8F-FC4D-40B8-8DB1-F4019CE761B5,JL. PEDONGKELAN NO 25 CILINCING Kec. Cilincing Kota Adm. Jakarta Utara Prov. D.K.I. Jakarta,,Kota Adm. Jakarta Utara,D.K.I. Jakarta
69902487,SMA AWWALULHUDA,https://sekolah.data.kemdikbud.go.id/index.php/Chome/profil/60DD61AB-BE6C-4673-B085-F4081B0A8BCA,Jl. Sempurgemreng Bojongkaso Kec. Agrabinta Kab. Cianjur Prov. Jawa Barat,Kab. Cianjur,,Jawa Barat
60100795,SMAS KRISTEN TUAL,https://sekolah.data.kemdikbud.go.id/index.php/Chome/profil/567E2690-BE79-4B1B-992C-F40CA22439B7,JL. R.A KARTINI TUAL Kel. Lodar El Kec. Pulau Dullah Selatan Kota Tual Prov. Maluku,,Kota Tual,Maluku
20327967,SMA NEGERI 2 SURAKARTA,https://sekolah.data.kemdikbud.go.id/index.php/Chome/profil/334EC98E-42CC-4DD5-AC83-F41119FC265C,JL. MONGINSIDI NO. 40 Gilingan Kec. Banjarsari Kota Surakarta Prov. Jawa Tengah,,Kota Surakarta,Jawa Tengah
20200884,SMAN 1 CARIU,https://sekolah.data.kemdikbud.go.id/index.php/Chome/profil/09934F36-2F76-4F13-8EBC-F412393EDDDF,JL. RAYA CARIU Cariu Kec. Cariu Kab. Bogor Prov. Jawa Barat,Kab. Bogor,,Jawa Barat
20101614,SMAS SANTO LEO,https://sekolah.data.kemdikbud.go.id/index.php/Chome/profil/09A769D7-38DB-4566-9F48-F414B2AAC3CD,JL. MANGGA BESAR RAYA NO. 43 Tangki Kec. Taman Sari Kota Adm. Jakarta Barat Prov. D.K.I. Jakarta,,Kota Adm. Jakarta Barat,D.K.I. Jakarta
70043986,SMA TALENT MADANI ISLAMIC SCHOOL PAYAKUMBUH,https://sekolah.data.kemdikbud.go.id/index.php/Chome/profil/F192D5FC-0A90-42FA-8CC5-F415E0E7CE03,Jalan Raflesia Kel. Koto Tangah Koto Tangah Kec. Payakumbuh Barat Kota Payakumbuh Prov. Sumatera Barat,,Kota Payakumbuh,Sumatera Barat
40403034,SMAN 1 WABULA,https://sekolah.data.kemdikbud.go.id/index.php/Chome/profil/C915CB74-8E20-4337-ADD4-F41A966BD4D9,JL. KUMAHA NO. 1 WABULA 1 Kec. Wabula Kab. Buton Prov. Sulawesi Tenggara,Kab. Buton,,Sulawesi Tenggara
50204019,SMAS MUHAMMADIYAH DENA,https://sekolah.data.kemdikbud.go.id/index.php/Chome/profil/AB093083-CF40-48DD-99B0-F41C903875EB,DENA KEC MADAPANGGA BIMA Dena Kec. Mada pangga Kab. Bima Prov. Nusa Tenggara Barat,Kab. Bima,,Nusa Tenggara Barat
20319291,SMAN 1 KARANGTENGAH,https://sekolah.data.kemdikbud.go.id/index.php/Chome/profil/CA474F48-3113-4828-AD1B-F41F32FD3FE3,JL. BUYARAN KARANGTENGAH - DEMAK Dukun Kec. Karang Tengah Kab. Demak Prov. Jawa Tengah,Kab. Demak,,Jawa Tengah
20331702,SMAS KRISTEN WONOSOBO,https://sekolah.data.kemdikbud.go.id/index.php/Chome/profil/3CA5E168-7556-40CE-92D9-F41F65491876,JL. MLIPAK NO. 1 WONOSOBO Mlipak Kec. Wonosobo Kab. Wonosobo Prov. Jawa Tengah,Kab. Wonosobo,,Jawa Tengah
20227460,SMAN 28 GARUT,https://sekolah.data.kemdikbud.go.id/index.php/Chome/profil/CA323609-BBFA-45CE-8178-F428F539C27E,JALAN LETJEND S PARMAN Purbayani Kec. Caringin Kab. Garut Prov. Jawa Barat,Kab. Garut,,Jawa Barat
30401808,SMAS YKP MONAMAS BONTANG,https://sekolah.data.kemdikbud.go.id/index.php/Chome/profil/48B237A1-9CBE-4841-AE8C-F42BB937929E,JL. A. YANI No. 68 Api-Api Kec. Bontang Utara Kota Bontang Prov. Kalimantan Timur,,Kota Bontang,Kalimantan Timur
30402379,SMA SWASTA MAHAKAM,https://sekolah.data.kemdikbud.go.id/index.php/Chome/profil/2DDE07A1-B4B4-4542-954E-F42C4995FC9E,JL. HIGANG WAN GANG PELAJAR RT.I Laham KEC. LAHAM Kab. Mahakam Ulu Prov. Kalimantan Timur,Kab. Mahakam Ulu,,Kalimantan Timur
50205721,SMAS ISLAM ASSUNNAH BAGEK NYAKA,https://sekolah.data.kemdikbud.go.id/index.php/Chome/profil/CAE0AFF5-2FB5-4D16-B027-F431FC1D932A,Jln. Raya Lab. Lombok Km.55 Kalijaga Timur Kec. Aikmel Kab. Lombok Timur Prov. Nusa Tenggara Barat,Kab. Lombok Timur,,Nusa Tenggara Barat
50203313,SMAN 3 SUMBAWA BESAR,https://sekolah.data.kemdikbud.go.id/index.php/Chome/profil/3892DD4F-D007-46FB-903D-F43380DDD2D7,"JL. CENDRAWASIH NO. 139, SUMBAWA BESAR Brang Biji Kec. Sumbawa Kab. Sumbawa Prov. Nusa Tenggara Barat",Kab. Sumbawa,,Nusa Tenggara Barat
10214167,SMAS SINGOSARI DELI TUA,https://sekolah.data.kemdikbud.go.id/index.php/Chome/profil/4582E9D7-15DB-43F2-83AA-F434E44EDFAC,JL. BESAR MEDAN DELI TUA KM.11 Deli Tua Kec. Deli Tua Kab. Deli Serdang Prov. Sumatera Utara,Kab. Deli Serdang,,Sumatera Utara
70055265,SEKOLAH MENENGAH ATAS TAHFIZ DIYAUL AZHAR BAGIK PAYUNG,https://sekolah.data.kemdikbud.go.id/index.php/Chome/profil/7B836578-F185-4F2B-B667-F43B93BD84AB,Jln. Lingkar Dusun Bantek Bagik Payung Kec. Suralaga Kab. Lombok Timur Prov. Nusa Tenggara Barat,Kab. Lombok Timur,,Nusa Tenggara Barat
70004821,SMAS BUNDA KASIH SUDIANG,https://sekolah.data.kemdikbud.go.id/index.php/Chome/profil/6BC63660-8087-4ADE-82F7-F440E64E89FE,Jln. Manyikkoaya No. 33 PAI Sudiang Sudiang Kec. Biringkanaya Kota Makassar Prov. Sulawesi Selatan,,Kota Makassar,Sulawesi Selatan
10211304,SMAS MELATI,https://sekolah.data.kemdikbud.go.id/index.php/Chome/profil/80AFAC72-2705-49C4-A129-F444B0A1ADC0,JL. MT. Haryono. 314 Jati Karya Kec. Binjai Utara Kota Binjai Prov. Sumatera Utara,,Kota Binjai,Sumatera Utara
69831535,SMA SWASTA BINA ARTHA,https://sekolah.data.kemdikbud.go.id/index.php/Chome/profil/985E7186-7C05-428C-B0AA-F44A994BFE47,"Desa Ujung Gading Jae, Kec. Simangambat Ujung Gading Jae Kec. Simangambat Kab. Padang Lawas Utara Prov. Sumatera Utara",Kab. Padang Lawas Utara,,Sumatera Utara
10605602,SMAS PGRI SEKAYU,https://sekolah.data.kemdikbud.go.id/index.php/Chome/profil/5D3804AA-96FE-4225-909C-F44B47AEABCE,JL. KOL. WAHID UDIN KAYUARA Kayuara Kec. Sekayu Kab. Musi Banyuasin Prov. Sumatera Selatan,Kab. Musi Banyuasin,,Sumatera Selatan
69826572,SMA NEGERI 3 BALAESANG,https://sekolah.data.kemdikbud.go.id/index.php/Chome/profil/C7FA62A9-DD59-4E81-BA25-F44C894DB7E3,Jalan Trans Palu -Sabang Sibayu Kec. Balaesang Kab. Donggala Prov. Sulawesi Tengah,Kab. Donggala,,Sulawesi Tengah
20409801,SMA BUDI MULIA DUA,https://sekolah.data.kemdikbud.go.id/index.php/Chome/profil/F6DEDE71-18B5-47A0-8CE3-F44DB8FBA6F6,Jl. Raya Tajem Panjen Wedomartani Kec. Ngemplak Kab. Sleman Prov. D.I. Yogyakarta,Kab. Sleman,,D.I. Yogyakarta
69875544,SMAN 1 MOOK MANAAR BULATN,https://sekolah.data.kemdikbud.go.id/index.php/Chome/profil/4C714196-87FF-4552-A2B4-F45D1AFD42E6,JL. Perintis RT.1 Gunung Rampah Gunung Rampah Kec. Mook Manaar Bulatn Kab. Kutai Barat Prov. Kalimantan Timur,Kab. Kutai Barat,,Kalimantan Timur
10404298,SMAS MUHAMMADIYAH,https://sekolah.data.kemdikbud.go.id/index.php/Chome/profil/237E1AD7-7028-4AFF-A1A7-F4616A62D253,JL.JANUR KUNING Jaya Mukti Kec. Dumai Timur Kota Dumai Prov. Riau,,Kota Dumai,Riau
20362426,SMA ISLAM AL AZHAR 7 SUKOHARJO,https://sekolah.data.kemdikbud.go.id/index.php/Chome/profil/697F766C-26E3-4097-8B94-F464B8E9E579,"JL. RAYA SOLO BARU - BAKI,KUDU, BAKI, SU... Kudu Kec. Baki Kab. Sukoharjo Prov. Jawa Tengah",Kab. Sukoharjo,,Jawa Tengah
69858812,SMAN 14 MAROS,https://sekolah.data.kemdikbud.go.id/index.php/Chome/profil/B0F65B77-B200-4FC6-928E-F4661435E028,MONCONGLOE Moncongloe Bulu Kec. Moncongloe Kab. Maros Prov. Sulawesi Selatan,Kab. Maros,,Sulawesi Selatan
20107368,SMAS AL KHAIRIYAH JAKARTA,https://sekolah.data.kemdikbud.go.id/index.php/Chome/profil/84BD9C71-8D1D-4523-9078-F4662DA6FCAD,JL. MINDI NO. 2 Lagoa Kec. Koja Kota Adm. Jakarta Utara Prov. D.K.I. Jakarta,,Kota Adm. Jakarta Utara,D.K.I. Jakarta
60402063,SMAS YPPGI MANOKWARI,https://sekolah.data.kemdikbud.go.id/index.php/Chome/profil/6EA255ED-E3CA-4F58-9095-F46CE7DD955C,pasirido Manokwari Timur Kec. Manokwari Barat Kab. Manokwari Prov. Papua Barat,Kab. Manokwari,,Papua Barat
50219467,SMAS TEGAR KELANA,https://sekolah.data.kemdikbud.go.id/index.php/Chome/profil/1A6EAAA7-8463-491F-8513-F472AD3AE2FC,JL.WISATA SURANADI Suranadi Kec. Narmada Kab. Lombok Barat Prov. Nusa Tenggara Barat,Kab. Lombok Barat,,Nusa Tenggara Barat
20402804,SMA SANJAYA XIV NANGGULAN,https://sekolah.data.kemdikbud.go.id/index.php/Chome/profil/F0A29ED5-2EA0-4F2D-A1C1-F47802884D50,JL.SENTOLO-MUNTILAN Jatisarono Kec. Nanggulan Kab. Kulon Progo Prov. D.I. Yogyakarta,Kab. Kulon Progo,,D.I. Yogyakarta
20324221,SMAS PANGUDI LUHUR SANTO LUKAS PEMALANG,https://sekolah.data.kemdikbud.go.id/index.php/Chome/profil/DFBBFA66-052C-4767-BACE-F47806DC9980,JL. PEMUDA NO. 28 PEMALANG Mulyoharjo Kec. Pemalang Kab. Pemalang Prov. Jawa Tengah,Kab. Pemalang,,Jawa Tengah
70053449,SMA IT AL-HANIF CIBEBER,https://sekolah.data.kemdikbud.go.id/index.php/Chome/profil/6CC81BF2-9D5C-4E34-A631-F47DFFF45874,Jl. Raya Cibeber Kp. Songgom RT. 02/01 Cikondang Kec. Cibeber Kab. Cianjur Prov. Jawa Barat,Kab. Cianjur,,Jawa Barat
30405705,SMA NEGERI 1 TANJUNG PALAS UTARA,https://sekolah.data.kemdikbud.go.id/index.php/Chome/profil/3DE4DA9C-7B60-4485-8521-F47E9A442B49,JL. KEMUNING Karang Agung Kec. Tanjung Palas Utara Kab. Bulungan Prov. Kalimantan Utara,Kab. Bulungan,,Kalimantan Utara
69851412,SMAN 5 SEKAYU,https://sekolah.data.kemdikbud.go.id/index.php/Chome/profil/FC38A107-824A-4996-B992-F483566F083F,SEKAYU Kayuara Kec. Sekayu Kab. Musi Banyuasin Prov. Sumatera Selatan,Kab. Musi Banyuasin,,Sumatera Selatan
69974263,SMAS ANUGRAH TANJUNGPANDAN,https://sekolah.data.kemdikbud.go.id/index.php/Chome/profil/7BDB3298-E4BB-476E-9AB8-F4842199F370,Jl.Sijuk AIK KETEKOK Kec. Tanjung Pandan Kab. Belitung Prov. Kepulauan Bangka Belitung,Kab. Belitung,,Kepulauan Bangka Belitung
10645893,SMAN 1 TANJUNG LAGO,https://sekolah.data.kemdikbud.go.id/index.php/Chome/profil/A238013C-CF3F-4607-BF61-F48C7CDDB0BC,JL TANJUNG API-API KM 37 SUKADAMAI Suka Damai Kec. Tanjung Lago Kab. Banyuasin Prov. Sumatera Selatan,Kab. Banyuasin,,Sumatera Selatan
20605363,SMAS PGRI 1 KOTA SERANG,https://sekolah.data.kemdikbud.go.id/index.php/Chome/profil/E1363593-9FE1-4BA5-95F1-F494429F49D5,JL. K.H. ABDUL FATAH HASAN 17/B SERANG Cipare Kec. Serang Kota Serang Prov. Banten,,Kota Serang,Banten
69900769,SMA NEGERI 1 LOBBO,https://sekolah.data.kemdikbud.go.id/index.php/Chome/profil/F5FEEA0A-29BA-495C-9BBF-F49631237E7A,Jln. Trans Beo-Essang Kompleks Perkantor... Lobbo Kec. Beo Utara Kab. Kepulauan Talaud Prov. Sulawesi Utara,Kab. Kepulauan Talaud,,Sulawesi Utara
70011005,SMA NEGERI 7 BAUBAU,https://sekolah.data.kemdikbud.go.id/index.php/Chome/profil/1504F084-6262-43E7-AF10-F4A1CBC9FCDC,JALAN CENDANA PUNCAK Kadolo Katapi Kec. Wolio Kota Bau Bau Prov. Sulawesi Tenggara,,Kota Bau Bau,Sulawesi Tenggara
10100553,SMA NEGERI 2 SIGLI,https://sekolah.data.kemdikbud.go.id/index.php/Chome/profil/F28CF128-9392-4C5F-A678-F4A562C0139B,JL. LINGKAR KEUNIREE Keuniree Kec. Pidie Kab. Pidie Prov. Aceh,Kab. Pidie,,Aceh
69934744,SMA GAZA,https://sekolah.data.kemdikbud.go.id/index.php/Chome/profil/DAD71901-4357-4DFA-997D-F4A60CD8A546,Kp. Babakan RT 05 RW 02 Pusparaja Kec. Cigalontang Kab. Tasikmalaya Prov. Jawa Barat,Kab. Tasikmalaya,,Jawa Barat
40103203,SMA NEGERI 1 TOMOHON,https://sekolah.data.kemdikbud.go.id/index.php/Chome/profil/6C645235-817D-4807-9DB6-F4A67C7E48E6,KOTA TOMOHON Walian Kec. Tomohon Selatan Kota Tomohon Prov. Sulawesi Utara,,Kota Tomohon,Sulawesi Utara
69822785,SMAN 1 AMFOANG BARAT LAUT,https://sekolah.data.kemdikbud.go.id/index.php/Chome/profil/D8E6886A-5052-4222-B47E-F4AE0A66E41B,JL. LETEMAFO DESA OELFATU KEC. AMFOANG B... Oelfatu Kec. Amfoang Barat Laut Kab. Kupang Prov. Nusa Tenggara Timur,Kab. Kupang,,Nusa Tenggara Timur
70049879,SMA NEGERI 2 TEMINABUAN,https://sekolah.data.kemdikbud.go.id/index.php/Chome/profil/DC49E0AC-091D-4054-A820-F4B2C057FEB0,Kampung Ani Sesna Distrik Teminabuan Ani Sesna Kec. Teminabuan Kab. Sorong Selatan Prov. Papua Barat Daya,Kab. Sorong Selatan,,Papua Barat Daya
10201996,SMA SWASTA BERSAMA BERASTAGI,https://sekolah.data.kemdikbud.go.id/index.php/Chome/profil/7D53EACC-9A2E-4D48-BA3F-F4B5D5FF0C3C,JL. JAMIN GINTING SP UJUNG AJI BERASTAGI Rumah Berastagi Kec. Berastagi Kab. Karo Prov. Sumatera Utara,Kab. Karo,,Sumatera Utara
70050668,SMAN 5 Tarakan,https://sekolah.data.kemdikbud.go.id/index.php/Chome/profil/5CCF8524-BE2E-4002-A54F-F4B8C3D82B2A,Jalan Hasanuddin I RT.18 RW.0 Karang Anyar Pantai Kec. Tarakan Barat Kota Tarakan Prov. Kalimantan Utara,,Kota Tarakan,Kalimantan Utara
10210416,SMA Swasta Al Washliyah 3 Medan,https://sekolah.data.kemdikbud.go.id/index.php/Chome/profil/AB8288CB-6950-4BBE-A9B6-F4BA4D638BCC,JL. GARU II NO. 2 MEDAN Harjosari I Kec. Medan Amplas Kota Medan Prov. Sumatera Utara,,Kota Medan,Sumatera Utara
20300628,SMA NUSANTARA KESUGIHAN,https://sekolah.data.kemdikbud.go.id/index.php/Chome/profil/FA47CEA4-E798-48EC-BC97-F4C1F0769792,JL. LINGKAR TIMUR No.89 Rt04 Rw 01 Karangkandri Kec. Kesugihan Kab. Cilacap Prov. Jawa Tengah,Kab. Cilacap,,Jawa Tengah
69995692,SMA INFORMATIKA NURUL BAYAN,https://sekolah.data.kemdikbud.go.id/index.php/Chome/profil/16F1DF76-2073-48EE-BF34-F4C9BB2E5145,"Jl. Sindangsari No.35 Cimerak, Pangandar... DESA CIMERAK KEC. CIMERAK Kab. Pangandaran Prov. Jawa Barat",Kab. Pangandaran,,Jawa Barat
10647948,SMAN 3 PULAU RIMAU,https://sekolah.data.kemdikbud.go.id/index.php/Chome/profil/027AF205-5665-457F-B05D-F4CA897B8B58,DESA TELUK BETUNG Teluk Betung Kec. Pulau Rimau Kab. Banyuasin Prov. Sumatera Selatan,Kab. Banyuasin,,Sumatera Selatan
30402081,SMAS ITCI PPU,https://sekolah.data.kemdikbud.go.id/index.php/Chome/profil/4DBE3A21-08E9-47E2-9E1A-F4CBA4D58C84,JL. PELAWAN KM 5 RT. 13 NO. 33 KEL.MARID... Maridan Kec. Sepaku Kab. Penajam Paser Utara Prov. Kalimantan Timur,Kab. Penajam Paser Utara,,Kalimantan Timur
69755340,SMAS ASSUBHAN,https://sekolah.data.kemdikbud.go.id/index.php/Chome/profil/0F0E711F-5D0D-4337-85F2-F4D2C8F6D9A4,Jl. Brawijaya Gg. Pesantren No. 151 Dusu... Lemahkembar Kec. Sumberasih Kab. Probolinggo Prov. Jawa Timur,Kab. Probolinggo,,Jawa Timur
30304278,SMAS PGRI 7 BANJARMASIN,https://sekolah.data.kemdikbud.go.id/index.php/Chome/profil/8619D909-634A-4864-96FF-F4D8BFCFA30B,JL.STD.LAMBUNG MANGKURAT NO.214 Pemurus Baru Kec. Banjarmasin Selatan Kota Banjarmasin Prov. Kalimantan Selatan,,Kota Banjarmasin,Kalimantan Selatan
20605366,SMAN 1 CARENANG,https://sekolah.data.kemdikbud.go.id/index.php/Chome/profil/13CDCF10-358B-46FC-A861-F4DE61151C66,JL. WARUNG SALIKUR KM. 4 CARENANG Teras Kec. Carenang Kab. Serang Prov. Banten,Kab. Serang,,Banten
69932275,SMAN 1 BUAY RAWAN,https://sekolah.data.kemdikbud.go.id/index.php/Chome/profil/97627F87-0ACB-4DF0-BFA4-F4E5776249E5,Jln. Raya Ranau Ds. Gunung Cahya Kec. Bu... Gunung Cahya Kec. Buay Rawan Kab. Ogan Komering Ulu Selatan Prov. Sumatera Selatan,Kab. Ogan Komering Ulu Selatan,,Sumatera Selatan
10210843,SMA SWASTA SULTAN ISKANDAR MUDA,https://sekolah.data.kemdikbud.go.id/index.php/Chome/profil/DBA542EF-11D2-4773-A315-F4E6EB26248A,JL. Sunggal Gg bakul Lingkungan XI Pekan... Sunggal Kec. Medan Sunggal Kota Medan Prov. Sumatera Utara,,Kota Medan,Sumatera Utara
20314259,SMA YATPI GODONG,https://sekolah.data.kemdikbud.go.id/index.php/Chome/profil/14CC2867-9717-47D1-A7FD-F4E8AA87B7CB,JL BRIGJEN KATAMSO KM. 01 GODONG Godong Kec. Godong Kab. Grobogan Prov. Jawa Tengah,Kab. Grobogan,,Jawa Tengah
69947000,SMAN 1 INERIE,https://sekolah.data.kemdikbud.go.id/index.php/Chome/profil/09BCD706-EF52-45EA-A34A-F4E9B0D7A1BF,NUNUPADA Waebela Kec. Inerie Kab. Ngada Prov. Nusa Tenggara Timur,Kab. Ngada,,Nusa Tenggara Timur
20104416,SMAS IMPIAN BUNDA,https://sekolah.data.kemdikbud.go.id/index.php/Chome/profil/1967F0B7-741E-435E-A86F-F4F3BC19E7E1,JL. FLAMBOYAN UTAMA III B C7 NO.1 A Cengkareng Barat Kec. Cengkareng Kota Adm. Jakarta Barat Prov. D.K.I. Jakarta,,Kota Adm. Jakarta Barat,D.K.I. Jakarta
10609635,SMA CANDRADIMUKA PALEMBANG,https://sekolah.data.kemdikbud.go.id/index.php/Chome/profil/6548E370-C88D-47DA-A66B-F4F844668BBD,JL. SWADAYA SEKIP UJUNG PALEMBANG Talang Aman Kec. Kemuning Kota Palembang Prov. Sumatera Selatan,,Kota Palembang,Sumatera Selatan
69812058,SMA NAHDATUL ULAMA,https://sekolah.data.kemdikbud.go.id/index.php/Chome/profil/63AE4756-32C0-430C-AE38-F4FEA62ADE45,SAKALA SAPEKEN SAKALA Kec. Sapeken Kab. Sumenep Prov. Jawa Timur,Kab. Sumenep,,Jawa Timur
30202105,SMAN 1 BANAMA TINGANG,https://sekolah.data.kemdikbud.go.id/index.php/Chome/profil/CF1F632B-CAB1-4CA1-B9D0-F50175B5AB53,Jl. Perkebunan Desa Bawan Bawan Kec. Banama Tingan Kab. Pulang Pisau Prov. Kalimantan Tengah,Kab. Pulang Pisau,,Kalimantan Tengah
10700303,SMA NEGERI 1 BENGKULU TENGAH,https://sekolah.data.kemdikbud.go.id/index.php/Chome/profil/9B7BCB86-A12C-4BB9-B8CC-F502A9696C19,JL. BENGKULU - CURUP KM 12 Kembang Seri Kec. Talang Empat Kab. Bengkulu Tengah Prov. Bengkulu,Kab. Bengkulu Tengah,,Bengkulu
10210883,SMAS NASRANI 1 MEDAN,https://sekolah.data.kemdikbud.go.id/index.php/Chome/profil/B0A70AF7-51AE-418F-9816-F505F479B998,JL. KAPT. PATTIMURA NO. 14 MEDAN PETISAH HULU Kec. Medan Baru Kota Medan Prov. Sumatera Utara,,Kota Medan,Sumatera Utara
20107334,SMA TARAKANITA 1 JAKARTA,https://sekolah.data.kemdikbud.go.id/index.php/Chome/profil/2FDA98A6-E4DF-4ED8-996F-F523CFB63977,JL. PULO RAYA IV NO 17 Petogogan Kec. Kebayoran Baru Kota Adm. Jakarta Selatan Prov. D.K.I. Jakarta,,Kota Adm. Jakarta Selatan,D.K.I. Jakarta
69947387,SMA SWASTA CINTA KASIH MEDAN,https://sekolah.data.kemdikbud.go.id/index.php/Chome/profil/C88D7FC2-3F13-416C-B869-F5240219EA7E,JL. SAMA NO. 20 MEDAN Bantan Timur Kec. Medan Tembung Kota Medan Prov. Sumatera Utara,,Kota Medan,Sumatera Utara
10210876,SMAN 12 MEDAN,https://sekolah.data.kemdikbud.go.id/index.php/Chome/profil/AA3C8E36-138C-4611-A841-F524E88A5D92,JL. CEMPAKA NO. 75 MEDAN Helvetia Tengah Kec. Medan Helvetia Kota Medan Prov. Sumatera Utara,,Kota Medan,Sumatera Utara
60200709,SMAS ISLAM KOTA TERNATE,https://sekolah.data.kemdikbud.go.id/index.php/Chome/profil/2258BD08-FD91-4426-B939-F5295D1843AE,JL STADION Stadion Kec. Ternate Tengah Kota Ternate Prov. Maluku Utara,,Kota Ternate,Maluku Utara
20227461,SMAN 27 GARUT,https://sekolah.data.kemdikbud.go.id/index.php/Chome/profil/65B35AF4-8355-40C9-8C27-F52C16A39947,JL. MIRAMARE KM 11 Karya Mukti Kec. Cibalong Kab. Garut Prov. Jawa Barat,Kab. Garut,,Jawa Barat
40102588,SMAS KARSIA MANADO,https://sekolah.data.kemdikbud.go.id/index.php/Chome/profil/18C56DFA-FB35-4B29-9792-F52C3F97C8CD,JL. Tololiu Supit Tingkulu Lingkungan V Tingkulu Kec. Wanea Kota Manado Prov. Sulawesi Utara,,Kota Manado,Sulawesi Utara
20538328,SMA NEGERI 1 SUKOMORO NGANJUK,https://sekolah.data.kemdikbud.go.id/index.php/Chome/profil/078A0BC5-A5BD-4544-93AB-F52E30080C7D,"DS. SUMENGKO, SUKOMORO Sumengko Kec. Sukomoro Kab. Nganjuk Prov. Jawa Timur",Kab. Nganjuk,,Jawa Timur
69944788,SMA ISLAM TERPADU BINA AMAL,https://sekolah.data.kemdikbud.go.id/index.php/Chome/profil/DE728C4F-6B82-4E91-A7A8-F530C13EE666,"Jl. Raya Gunungpati -Ungaran KM 1,5 Plalangan Kec. Gunung Pati Kota Semarang Prov. Jawa Tengah",,Kota Semarang,Jawa Tengah
20300597,SMA MA`ARIF KROYA,https://sekolah.data.kemdikbud.go.id/index.php/Chome/profil/380F4E58-7509-4ED7-B2CC-F534BB570819,Jl. Merak No. 28 Kroya Bajing Kulon Kec. Kroya Kab. Cilacap Prov. Jawa Tengah,Kab. Cilacap,,Jawa Tengah
69968020,SMA AL AZHAR SYIFA BUDI PARAHYANGAN,https://sekolah.data.kemdikbud.go.id/index.php/Chome/profil/56BA90D7-D2C0-4442-9AA2-F53D86B7411C,Jalan Raya Cimareme No. 340 Cimareme Kec. Ngamprah Kab. Bandung Barat Prov. Jawa Barat,Kab. Bandung Barat,,Jawa Barat
60302458,SMAN 3 PANIAI,https://sekolah.data.kemdikbud.go.id/index.php/Chome/profil/DE275CE0-5503-44EE-955C-F53D9F90D305,Jln. Karel Gobai Kagupagu Kec. Kebo Kab. Paniai Prov. Papua Tengah,Kab. Paniai,,Papua Tengah
10219089,SMAS SINAR HUSNI LABUHAN DELI,https://sekolah.data.kemdikbud.go.id/index.php/Chome/profil/5B378350-FE16-422C-98EF-F53F1938325F,JL. VETERAN GG. UTAMA PASAR V Helvetia Kec. Labuhan Deli Kab. Deli Serdang Prov. Sumatera Utara,Kab. Deli Serdang,,Sumatera Utara
20279932,SMA AL MUKHTARIYAH RAJAMANDALA,https://sekolah.data.kemdikbud.go.id/index.php/Chome/profil/5DFACFC1-B87F-47B3-ACE9-F54B129994DB,JL. STASION RAJAMANDALA NO 01 Mandalasari Kec. Cipatat Kab. Bandung Barat Prov. Jawa Barat,Kab. Bandung Barat,,Jawa Barat
69830707,SMAS ISLAM BABUS SALAM,https://sekolah.data.kemdikbud.go.id/index.php/Chome/profil/79725604-D5B2-4297-8915-F54B2FAF55CC,Jl. Desa Pasarenan Pasarenan Kec. Kedungdung Kab. Sampang Prov. Jawa Timur,Kab. Sampang,,Jawa Timur
20227445,SMAS MUHAMMADIYAH KADUNGORA,https://sekolah.data.kemdikbud.go.id/index.php/Chome/profil/B9A60EC5-6932-4D8F-982A-F553A12A48D7,JL. KADUNGORA NO. 28 Karangtengah Kec. Kadungora Kab. Garut Prov. Jawa Barat,Kab. Garut,,Jawa Barat
10108103,SMA NEGERI 1 WOYLA BARAT,https://sekolah.data.kemdikbud.go.id/index.php/Chome/profil/09667015-6374-40A5-8CBF-F55DD5BA299F,JL. TEUPIN PEURAHO - ALUE KEUMUNENG PASI... Pasi Mali Kec. Woyla Barat Kab. Aceh Barat Prov. Aceh,Kab. Aceh Barat,,Aceh
69759245,SMAS KATOLIK BINTANG LAUT KOTA TERNATE,https://sekolah.data.kemdikbud.go.id/index.php/Chome/profil/01B0BA62-49FD-4AAC-8757-F560513BBE59,JL. STADION NO. 18 KOTA TERNATE Kampung Pisang Kec. Ternate Tengah Kota Ternate Prov. Maluku Utara,,Kota Ternate,Maluku Utara
70029773,SMA Islam Tarbiyatul Ummah,https://sekolah.data.kemdikbud.go.id/index.php/Chome/profil/5C194589-01AE-4D6D-B159-F563FBBC1300,Jl. Ladang Panjang Dusun Pinang Bambu RT... Ladang Panjang Kec. Sungai Gelam Kab.  Muaro Jambi Prov. Jambi,Kab.  Muaro Jambi,,Jambi
20220316,SMAS PESAT,https://sekolah.data.kemdikbud.go.id/index.php/Chome/profil/AD452C84-7C20-4ADF-9A4D-F56A4AD7F8A4,JL. PORAS NO.7 Loji Kec. Kota Bogor Barat Kota Bogor Prov. Jawa Barat,,Kota Bogor,Jawa Barat
30105214,SMAN 5 PONTIANAK,https://sekolah.data.kemdikbud.go.id/index.php/Chome/profil/324C5BE4-EF8E-4198-9869-F57193CC8741,JL. KHATULISTIWA Batu Layang Kec. Pontianak Utara Kota Pontianak Prov. Kalimantan Barat,,Kota Pontianak,Kalimantan Barat
20302178,SMAS BRUDERAN PURWOKERTO,https://sekolah.data.kemdikbud.go.id/index.php/Chome/profil/B0391882-294E-4086-876F-F575E178F629,JL. JEND. GATOT SUBROTO NO. 63 Sokanegara Kec. Purwokerto Timur Kab. Banyumas Prov. Jawa Tengah,Kab. Banyumas,,Jawa Tengah
10609633,SMA BINA WARGA 01 PALEMBANG,https://sekolah.data.kemdikbud.go.id/index.php/Chome/profil/D75BF422-E3D0-481A-BAF2-F5760BAA5650,JL. BINA WARGA NO. 525 PLG Duku Kec. Ilir Timur II Kota Palembang Prov. Sumatera Selatan,,Kota Palembang,Sumatera Selatan
69895842,SMA WAILANGIRA,https://sekolah.data.kemdikbud.go.id/index.php/Chome/profil/9024CA06-A55C-4B08-B805-F5769B16B362,WALLA NDIMU Walla Ndimu Kec. Kodi Bangedo Kab. Sumba Barat Daya Prov. Nusa Tenggara Timur,Kab. Sumba Barat Daya,,Nusa Tenggara Timur
70028469,SMAIT AL QALAM KENDARI,https://sekolah.data.kemdikbud.go.id/index.php/Chome/profil/D439ED54-BE7F-4D1D-ADB8-F57D65C07DC7,JLN. ASRAMA HAJI Wundudopi Kec. Baruga Kota Kendari Prov. Sulawesi Tenggara,,Kota Kendari,Sulawesi Tenggara
10609872,SMAN 2 PAGAR ALAM,https://sekolah.data.kemdikbud.go.id/index.php/Chome/profil/A16DF57F-A9E2-41A8-B0C9-F57EA8DF6093,JL. MASIK SIAGIM SP. BACANG Karang Dalo Kec. Dempo Tengah Kota Pagar Alam Prov. Sumatera Selatan,,Kota Pagar Alam,Sumatera Selatan
10201985,SMA NEGERI 1 KABANJAHE,https://sekolah.data.kemdikbud.go.id/index.php/Chome/profil/F90C4F1E-E013-49EE-8502-F57FC1402861,JL.JAMIN GINTING NO 31 KABANJAHE KETAREN Kec. Kabanjahe Kab. Karo Prov. Sumatera Utara,Kab. Karo,,Sumatera Utara
50219694,SMAS AL IKHWAN,https://sekolah.data.kemdikbud.go.id/index.php/Chome/profil/00D1408B-7874-4340-8A03-F5859C1B4F1E,JL. IMAM BONJOL NO. 31 Nae Kec. RasanaE Barat Kota Bima Prov. Nusa Tenggara Barat,,Kota Bima,Nusa Tenggara Barat
20532261,SMAN 7 SURABAYA,https://sekolah.data.kemdikbud.go.id/index.php/Chome/profil/10EFA58B-F9B4-45EF-9569-F5878AD0CCDA,JL. NGAGLIK  27 - 29 Kapasari Kec. Genteng Kota Surabaya Prov. Jawa Timur,,Kota Surabaya,Jawa Timur
20227842,SMA KP 2 CIPARAY,https://sekolah.data.kemdikbud.go.id/index.php/Chome/profil/6F2B5DDE-5E83-4A88-8156-F5885D28EBCE,JL.CIPARAY RANCAKOLE KM 6 CIPARAY Mekarlaksana Kec. Ciparay Kab. Bandung Prov. Jawa Barat,Kab. Bandung,,Jawa Barat
20274909,SMAS ISTIQAMAH,https://sekolah.data.kemdikbud.go.id/index.php/Chome/profil/2E5399B8-FEC8-496F-A89A-F58D26336ECB,KOMPLEK PURAGABAYA NO. 14 JL. CIJAWURA G... Sekejati Kec. Buahbatu Kota Bandung Prov. Jawa Barat,,Kota Bandung,Jawa Barat
40206210,SMA NEGERI 10 SIGI,https://sekolah.data.kemdikbud.go.id/index.php/Chome/profil/C1E913B4-AFBD-46CE-BAAC-F5901936B4B5,ROGO Rogo Kec. Dolo Selatan Kab. Sigi Prov. Sulawesi Tengah,Kab. Sigi,,Sulawesi Tengah
20331095,SMAS RIFA IYAH ROWOSARI,https://sekolah.data.kemdikbud.go.id/index.php/Chome/profil/B25E7E0D-87D1-42E6-9406-F5907B4FA57A,JL.BULAK II ARAM-ARAM BULAK Bulak Kec. Rowosari Kab. Kendal Prov. Jawa Tengah,Kab. Kendal,,Jawa Tengah
70040736,SMAS KRISTEN BASIC 2,https://sekolah.data.kemdikbud.go.id/index.php/Chome/profil/64064E4D-C1B3-41F8-8A02-F594917CB561,Perumahan Marsyeba Indah Belakang Mitra ... Bukit Tempayan Kec. Batu Aji Kota Batam Prov. Kepulauan Riau,,Kota Batam,Kepulauan Riau
10105732,SMA JAYA LANGSA,https://sekolah.data.kemdikbud.go.id/index.php/Chome/profil/4F780775-3DAB-4E46-B25F-F594D9E5F88E,"JL. ISKANDAR MUDA NO. 3-4, KEC. LANGSA K... Paya Bujok Seuleumak Kec. Langsa Baro Kota Langsa Prov. Aceh",,Kota Langsa,Aceh
10700295,SMA Negeri 7 Bengkulu Utara,https://sekolah.data.kemdikbud.go.id/index.php/Chome/profil/0A6B267E-486F-4715-9ED5-F595CC6ABB94,Jalan Raya Desa Pasar Baru Kota Bani Pasar Baru Kota Bani Kec. Putri Hijau Kab. Bengkulu Utara Prov. Bengkulu,Kab. Bengkulu Utara,,Bengkulu
60726183,SMAS TERPADU NURUSSA ADAH,https://sekolah.data.kemdikbud.go.id/index.php/Chome/profil/ED962A9D-8477-407F-B970-F5A7E842AD41,JL. INTAKE Kp.Cikerti Rt.02 rw.05 SAGULING Kec. Saguling Kab. Bandung Barat Prov. Jawa Barat,Kab. Bandung Barat,,Jawa Barat
40201343,SMAN 1 PAMONA UTARA,https://sekolah.data.kemdikbud.go.id/index.php/Chome/profil/F544E104-7F21-44FE-90F7-F5B0DC346B08,JL. TRANS SULAWESI Tendeadongi Kec. Pamona Utara Kab. Poso Prov. Sulawesi Tengah,Kab. Poso,,Sulawesi Tengah
40205121,SMAN 3 TOLITOLI,https://sekolah.data.kemdikbud.go.id/index.php/Chome/profil/7229B09A-24AA-4E9D-A7F3-F5B16826797F,JL. RADIO KABINUANG Baru Kec. Baolan Kab. Tolitoli Prov. Sulawesi Tengah,Kab. Tolitoli,,Sulawesi Tengah
20307712,SMA NEGERI 1 MUNTILAN,https://sekolah.data.kemdikbud.go.id/index.php/Chome/profil/B093376B-5DAC-42C5-A7EE-F5BD6DDF2B78,JL. NGADIRETNO NO.1 Tamanagung Kec. Muntilan Kab. Magelang Prov. Jawa Tengah,Kab. Magelang,,Jawa Tengah
69951983,SMA ISLAM AL-BAISUNY PONTIANAK,https://sekolah.data.kemdikbud.go.id/index.php/Chome/profil/BF1C4B4E-34E8-4EF0-9F89-F5BEF0389480,Jl. Petani No.4 Sungai Bangkong Kec. Pontianak Kota Kota Pontianak Prov. Kalimantan Barat,,Kota Pontianak,Kalimantan Barat
20270792,SMAS MA ARIF KADUNGORA,https://sekolah.data.kemdikbud.go.id/index.php/Chome/profil/7B75A195-A925-4134-90C8-F5C1A3DD1D5D,JL. HARUMAN Harumansari Kec. Kadungora Kab. Garut Prov. Jawa Barat,Kab. Garut,,Jawa Barat
20549387,SMAS DARUL ROHMAH LAREN,https://sekolah.data.kemdikbud.go.id/index.php/Chome/profil/2288D2C7-8919-4B01-9FC3-F5D25F32FB84,JL. KH. Hasyim Asyari Nomor 52 Laren Kec. Laren Kab. Lamongan Prov. Jawa Timur,Kab. Lamongan,,Jawa Timur
70036285,SMA AL-BAYAN ISLAMIC BOARDING SCHOOL,https://sekolah.data.kemdikbud.go.id/index.php/Chome/profil/3F7E927E-B0EC-423E-90F0-F5D7B66B3531,Jl. Mekarsari No. 8 RT 001 RW 004 Mekar Sari Kec. Rumpin Kab. Bogor Prov. Jawa Barat,Kab. Bogor,,Jawa Barat
10260958,SMA SWASTA BUDI LUHUR,https://sekolah.data.kemdikbud.go.id/index.php/Chome/profil/63237385-BC33-4C3F-9518-F5D9C0652FF0,MALIGAS BAYU Maligas Bayu Kec. Hutabayu Raja Kab. Simalungun Prov. Sumatera Utara,Kab. Simalungun,,Sumatera Utara
69846046,SMA TARUNA LIDAK ATAMBUA,https://sekolah.data.kemdikbud.go.id/index.php/Chome/profil/AA20240B-42F5-4BF0-B29B-F5DA39088199,FATUBITI Lidak Kec. Atambua Selatan Kab. Belu Prov. Nusa Tenggara Timur,Kab. Belu,,Nusa Tenggara Timur
10261250,SMA NEGERI 1 ULU BARUMUN,https://sekolah.data.kemdikbud.go.id/index.php/Chome/profil/62A0A0F6-8EF9-4023-ADD1-F5E0166B6874,JL. SIBUHUAN MATONDANG Matondang Kec. Ulu Barumun Kab. Padang Lawas Prov. Sumatera Utara,Kab. Padang Lawas,,Sumatera Utara
40311934,SMAS DATUK RIBANDANG,https://sekolah.data.kemdikbud.go.id/index.php/Chome/profil/8BD1675F-66EF-4FDD-80F3-F5E11C6BE6A1,JL. GATOT SUBROTO 4 NO. 42 Kaluku Bodoa Kec. Tallo Kota Makassar Prov. Sulawesi Selatan,,Kota Makassar,Sulawesi Selatan
10645130,SMAN 2 MUARA ENIM,https://sekolah.data.kemdikbud.go.id/index.php/Chome/profil/9260C0ED-5E8B-48D7-8881-F5EB9DA393D7,JL. ASTADIN NO. 333 Air Lintang Kec. Muara Enim Kab. Muara Enim Prov. Sumatera Selatan,Kab. Muara Enim,,Sumatera Selatan
10645131,SMAN 1 KELEKAR,https://sekolah.data.kemdikbud.go.id/index.php/Chome/profil/E264C382-A074-4807-BAF6-F5EF80934D96,JL. AMD MANUNGGAL IV Suban Baru Kec. Kelekar Kab. Muara Enim Prov. Sumatera Selatan,Kab. Muara Enim,,Sumatera Selatan
70055216,SMA NEGERI WEIME,https://sekolah.data.kemdikbud.go.id/index.php/Chome/profil/769E26ED-AA0E-4C8E-90A7-F5EF9C47196B,Jln. Pendidikan Weime Kec. Weime Kab. Pegunungan Bintang Prov. Papua Pegunungan,Kab. Pegunungan Bintang,,Papua Pegunungan
10102793,SMAN 2 TAPAKTUAN,https://sekolah.data.kemdikbud.go.id/index.php/Chome/profil/8EF8378A-F940-4AF8-9D8F-F5F4464E5A3B,JL. T. BEN MAHMUD NO. 109 TAPAKTUAN Lhok Ketapang Kec. Tapak Tuan Kab. Aceh Selatan Prov. Aceh,Kab. Aceh Selatan,,Aceh
30305068,SMAS PLUS AL-BASHARIAH,https://sekolah.data.kemdikbud.go.id/index.php/Chome/profil/65552FC7-C616-4B32-BE44-F5F5D1E8F30E,JL. RAYA SETAGEN Sungai Taib Kec. Pulau Laut Utara Kab. Kotabaru Prov. Kalimantan Selatan,Kab. Kotabaru,,Kalimantan Selatan
70051696,SMA ALAM ISLAM JNR,https://sekolah.data.kemdikbud.go.id/index.php/Chome/profil/779F751E-4D74-448E-AC0B-F5F88E29F677,Jl. Raya Cipanas No. 11 Cijedil Kec. Cugenang Kab. Cianjur Prov. Jawa Barat,Kab. Cianjur,,Jawa Barat
30106129,SMAN 1 SEKADAU,https://sekolah.data.kemdikbud.go.id/index.php/Chome/profil/86158B67-451C-40F3-89D9-F5F96517637F,JL. MERDEKA NO. 40/B Sungai Ringin Kec. Sekadau Hilir Kab. Sekadau Prov. Kalimantan Barat,Kab. Sekadau,,Kalimantan Barat
69900100,SMA MUHAMMADIYAH 10,https://sekolah.data.kemdikbud.go.id/index.php/Chome/profil/810E1251-C155-46E3-B0A7-F5FA12676AB5,Jl. Genteng Muhammadiyah No 45 Genteng Kec. Genteng Kota Surabaya Prov. Jawa Timur,,Kota Surabaya,Jawa Timur
30312858,SMAN 2 KINTAP,https://sekolah.data.kemdikbud.go.id/index.php/Chome/profil/C9C981F3-4F4A-4731-8079-F604750E78D8,JL. AHMAD YANI KM. 151 RT. 09/03 Sungai Cuka Kec. Kintap Kab. Tanah Laut Prov. Kalimantan Selatan,Kab. Tanah Laut,,Kalimantan Selatan
70011520,SMAK BPK PENABUR SERANG,https://sekolah.data.kemdikbud.go.id/index.php/Chome/profil/D4F8A301-51C5-4650-922F-F60586AEF676,Jl. Pangeran Diponegoro No.4 Kotabaru Kec. Serang Kota Serang Prov. Banten,,Kota Serang,Banten
40604671,UPTD SMAN 1 MAMBI,https://sekolah.data.kemdikbud.go.id/index.php/Chome/profil/5294FB7A-B57B-4DCB-AC87-F606F46AFA2E,MAMBI Mambi Kec. Mambi Kab. Mamasa Prov. Sulawesi Barat,Kab. Mamasa,,Sulawesi Barat
20603328,SMAS KATOLIK MATER DEI,https://sekolah.data.kemdikbud.go.id/index.php/Chome/profil/B63F30EA-3C1A-4668-A29A-F609217DE42D,Jalan Siliwangi Raya Komplek Pamulang Pe... Pamulang Barat Kec. Pamulang Kota Tangerang Selatan Prov. Banten,,Kota Tangerang Selatan,Banten
60726697,SMAN 1 CIEMAS,https://sekolah.data.kemdikbud.go.id/index.php/Chome/profil/DF38E2C2-6197-4C27-9834-F60C44A77C1C,Jalan Pasirhaur Ciwaru Kec. Ciemas Kab. Sukabumi Prov. Jawa Barat,Kab. Sukabumi,,Jawa Barat
70001482,SMA NEGERI SUKAMENANG,https://sekolah.data.kemdikbud.go.id/index.php/Chome/profil/DAAD1262-0583-4600-8C67-F614EFE7F06C,Jl. Raya Lama Desa Sukamenang Suka Menang Kec. Karang Jaya Kab. Musi Rawas Utara Prov. Sumatera Selatan,Kab. Musi Rawas Utara,,Sumatera Selatan
69900828,SMA IT ARRAHMAN,https://sekolah.data.kemdikbud.go.id/index.php/Chome/profil/C87E01DB-20A6-4A10-AB5E-F61607C89E00,JLN PONDOK BAMBU KOMPLEK ARRAHMAN Loktabat Utara Kec. Banjarbaru Utara Kota Banjarbaru Prov. Kalimantan Selatan,,Kota Banjarbaru,Kalimantan Selatan
20549644,SMA ISLAM AL-WAHID KEPUNG,https://sekolah.data.kemdikbud.go.id/index.php/Chome/profil/B224760C-7D05-4BDD-941F-F618BECE0F4F,JL. HARINJING 169 A KEPUNG Kepung Kec. Kepung Kab. Kediri Prov. Jawa Timur,Kab. Kediri,,Jawa Timur
10493780,SMAN 1 BATU HAMPAR,https://sekolah.data.kemdikbud.go.id/index.php/Chome/profil/8FEB1665-30B1-4CB2-9BE2-F61A74ACB9C1,JL. SMU BANTAIAN Bantayan Kec. Batu Hampar Kab.  Rokan Hilir Prov. Riau,Kab.  Rokan Hilir,,Riau
20564423,SMAS NAHDLATUL ULAMA,https://sekolah.data.kemdikbud.go.id/index.php/Chome/profil/0660BBCA-26BD-406D-B5C8-F61B5F3B7FD6,JL.MASJID BAITUR RAHIEM Bukabu Kec. Ambunten Kab. Sumenep Prov. Jawa Timur,Kab. Sumenep,,Jawa Timur
69986868,SMA HARAPAN NUSANTARA DENPASAR,https://sekolah.data.kemdikbud.go.id/index.php/Chome/profil/8E5602A2-6F2F-40F7-B437-F623539446D1,Jalan Cargo Sari III No. 3 Ubung Kaja Kec. Denpasar Utara Kota Denpasar Prov. Bali,,Kota Denpasar,Bali
69815421,SMAS Islam Cendikia,https://sekolah.data.kemdikbud.go.id/index.php/Chome/profil/7CF8332D-DBE0-4C88-ADC3-F6239DE6D645,Jl. Tamin Gg. Hi. Abdurahman SUKAJAWA BARU Kec. Tanjung Karang Barat Kota Bandar Lampung Prov. Lampung,,Kota Bandar Lampung,Lampung
70054549,SMA NEGERI 8 KOTA JAYAPURA,https://sekolah.data.kemdikbud.go.id/index.php/Chome/profil/8F35D89C-0B62-4E2A-BE1C-F625C474D256,JL.RAYA ABEPURA ENTROP NO.29 Entrop Kec. Jayapura Selatan Kota Jayapura Prov. Papua,,Kota Jayapura,Papua
30107389,SMAS BINA MULIA PONTIANAK,https://sekolah.data.kemdikbud.go.id/index.php/Chome/profil/6CB52A8F-20F2-44FA-B96A-F62716DD6C4D,Jl. Abdul Rachman Saleh No. A1 Bangka Belitung Laut Kec. Pontianak Tenggara Kota Pontianak Prov. Kalimantan Barat,,Kota Pontianak,Kalimantan Barat
30400574,SMAN 1 LONG IRAM,https://sekolah.data.kemdikbud.go.id/index.php/Chome/profil/38ACD349-33DC-4C6F-BF7F-F62D76F160D0,JL. DR SOEWONDO RT.VI Long Iram Kota Kec. Long Iram Kab. Kutai Barat Prov. Kalimantan Timur,Kab. Kutai Barat,,Kalimantan Timur
20317485,SMAS PGRI 1 KUDUS,https://sekolah.data.kemdikbud.go.id/index.php/Chome/profil/729C2D14-CCD5-4FEA-9A58-F63112535AE5,JL. MEJOBO NO. 73 Mlati Norowito Kec. Kota Kudus Kab. Kudus Prov. Jawa Tengah,Kab. Kudus,,Jawa Tengah
10107281,SMA TERPADU SEMAYOEN NUSANTARA,https://sekolah.data.kemdikbud.go.id/index.php/Chome/profil/97F93892-987E-4BFF-B757-F6372134C44A,JL. EMPUN SEMAYOEN Reje Guru Kec. Bukit Kab. Bener Meriah Prov. Aceh,Kab. Bener Meriah,,Aceh
40402623,SMAN 7 KENDARI,https://sekolah.data.kemdikbud.go.id/index.php/Chome/profil/A88526C4-7255-4C76-9C63-F64537DA5E8A,JL. IMAM BONJOL NO. 53 A Wawombalata Kec. Mandonga Kota Kendari Prov. Sulawesi Tenggara,,Kota Kendari,Sulawesi Tenggara
50304947,SMAN 5 KUPANG,https://sekolah.data.kemdikbud.go.id/index.php/Chome/profil/8B1F46DE-683E-4122-9C2B-F64B3D110C49,"Jalan Thamrin 7, Kelurahan Oebufu, Kecam... Oebufu Kec. Oebobo Kota Kupang Prov. Nusa Tenggara Timur",,Kota Kupang,Nusa Tenggara Timur
20229167,SMAN 5 KOTA DEPOK,https://sekolah.data.kemdikbud.go.id/index.php/Chome/profil/A44A1CC8-4B29-4244-92C5-F64FAB638EC4,JL. PERUM BUKIT RIVARIA SWG Bedahan Kec. Sawangan Kota Depok Prov. Jawa Barat,,Kota Depok,Jawa Barat
10814705,SMAS YAMAMA,https://sekolah.data.kemdikbud.go.id/index.php/Chome/profil/20893CE2-E15B-4680-AF9D-F652DBC29DBA,JL.GIRI JAYA Sumber Agung Kec. Kemiling Kota Bandar Lampung Prov. Lampung,,Kota Bandar Lampung,Lampung
10110462,SMA NEGERI 1 BAKTIYA BARAT,https://sekolah.data.kemdikbud.go.id/index.php/Chome/profil/94A78BFD-33BC-4E2B-B84B-F653CC4EDBE7,JL. MEDAN - BANDA ACEH LR. PENDIDIKAN Lhok Iboih Kec. Baktiya Barat Kab. Aceh Utara Prov. Aceh,Kab. Aceh Utara,,Aceh
20227825,SMA YP BINA BANGSA,https://sekolah.data.kemdikbud.go.id/index.php/Chome/profil/D7588514-529D-4BA9-AFAE-F65CD01474A8,JL.SINDANGRERET NO. 34 PAMEUNGPEUK Sukasari Kec. Pameungpeuk Kab. Bandung Prov. Jawa Barat,Kab. Bandung,,Jawa Barat
60728431,UPTD SMAN 2 BONEHAU,https://sekolah.data.kemdikbud.go.id/index.php/Chome/profil/F71DBDFE-33E5-41D6-8E30-F65E970418CD,HINUA HINUA Kec. Bonehau Kab. Mamuju Prov. Sulawesi Barat,Kab. Mamuju,,Sulawesi Barat
20225280,SMAN 2 BANJAR,https://sekolah.data.kemdikbud.go.id/index.php/Chome/profil/5DAE7900-88CA-4710-B083-F661115EF5B6,Jl. KH. Muhamad Sanusi Langensari Kec. Langensari Kota Banjar Prov. Jawa Barat,,Kota Banjar,Jawa Barat
10210710,SMAS FREE METHODIST,https://sekolah.data.kemdikbud.go.id/index.php/Chome/profil/C2E87A6C-1B09-42AB-B2D3-F6617B1907B1,JL. BERINGIN RAYA 152 -E Helvetia Medan Helvetia Kec. Medan Helvetia Kota Medan Prov. Sumatera Utara,,Kota Medan,Sumatera Utara
40102021,SMAS KRISTEN A.O. TUMPAAN,https://sekolah.data.kemdikbud.go.id/index.php/Chome/profil/1D294AE1-BD37-4156-82D3-F666CACC7990,JL. DESA TUMPAAN KEC. TUMPAAN Tumpaan Kec. Tumpaan Kab. Minahasa Selatan Prov. Sulawesi Utara,Kab. Minahasa Selatan,,Sulawesi Utara
10208520,SMAN 2 BALIGE,https://sekolah.data.kemdikbud.go.id/index.php/Chome/profil/A1E1AE18-C8B1-44C3-9DBC-F670011DE595,JL. KARTINI SOPOSURUNG BALIGE Sangkar Nihuta Kec. Balige Kab. Toba Prov. Sumatera Utara,Kab. Toba,,Sumatera Utara
60402064,SMAS YPK IMANUEL MANOKWARI,https://sekolah.data.kemdikbud.go.id/index.php/Chome/profil/C6FAC6B6-92AE-4B1A-81D7-F673E5C67B1E,Jl. Pasir Putih Manokwari Pasir Putih Kec. Manokwari Timur Kab. Manokwari Prov. Papua Barat,Kab. Manokwari,,Papua Barat
20100173,SMAS PASKALIS,https://sekolah.data.kemdikbud.go.id/index.php/Chome/profil/546D3E37-06F1-46A8-B10F-F6747712FB56,JL. RANJAU NO. 13 KODAM Sumur Batu Kec. Kemayoran Kota Adm. Jakarta Pusat Prov. D.K.I. Jakarta,,Kota Adm. Jakarta Pusat,D.K.I. Jakarta
10703502,SMA NEGERI 9 MUKOMUKO,https://sekolah.data.kemdikbud.go.id/index.php/Chome/profil/E9B10147-C37A-44D6-8EEA-F674A5E9675C,JLN. BENDUNGAN AIR MANJUNTO Talang Petai Kec. V Koto Kab. Mukomuko Prov. Bengkulu,Kab. Mukomuko,,Bengkulu
60302455,SMA NEGERI 1 SUGAPA,https://sekolah.data.kemdikbud.go.id/index.php/Chome/profil/2BC65B1B-5A46-4EDF-A063-F67A4C5BB681,SUGAPA Yokatapa Kec. Sugapa Kab. Intan Jaya Prov. Papua Tengah,Kab. Intan Jaya,,Papua Tengah
10214109,SMA SWASTA BINA SISWA,https://sekolah.data.kemdikbud.go.id/index.php/Chome/profil/971360F1-7FBC-4A80-A0AC-F67DAB4F8EE5,JL. PERHUBUNGAN NO. 42 Laut Dendang Kec. Percut Sei Tuan Kab. Deli Serdang Prov. Sumatera Utara,Kab. Deli Serdang,,Sumatera Utara
10494874,SMA NEGERI 4 TAPUNG,https://sekolah.data.kemdikbud.go.id/index.php/Chome/profil/FD0736E5-3FD6-4D75-9367-F67DF9E40C74,JL.POROS Muara Mahat Baru Kec. Tapung Kab. Kampar Prov. Riau,Kab. Kampar,,Riau
60103902,SMA Negeri 17 Seram Bagian Barat,https://sekolah.data.kemdikbud.go.id/index.php/Chome/profil/DFBE1DE5-4362-4716-9923-F68198A643BF,Buano Utara Buano Utara Kec. Huamual Belakang Kab. Seram Bagian Barat Prov. Maluku,Kab. Seram Bagian Barat,,Maluku
10703260,SMA NEGERI 6 KAUR,https://sekolah.data.kemdikbud.go.id/index.php/Chome/profil/D2443D53-2F18-409B-A51D-F685085CB0AC,JL. CAHAYA NEGERI Cahaya Negeri Kec. Luas Kab. Kaur Prov. Bengkulu,Kab. Kaur,,Bengkulu
10701309,SMA NEGERI 1 MUKOMUKO,https://sekolah.data.kemdikbud.go.id/index.php/Chome/profil/C9B74D75-57A8-4C23-8BDD-F689D91D6AB2,Jl. Ki Hajar Dewantara Koto Jaya Kec. Kota Mukomuko Kab. Mukomuko Prov. Bengkulu,Kab. Mukomuko,,Bengkulu
10100170,SMA NEGERI MODAL BANGSA,https://sekolah.data.kemdikbud.go.id/index.php/Chome/profil/2C73A06E-7DD0-4CE7-A1DC-F68AEF2CBC76,"JL. BANDARA SIM KM. 12,5 Cot Geundreut Kec. Blang Bintang Kab. Aceh Besar Prov. Aceh",Kab. Aceh Besar,,Aceh
20614153,SMAS MASYARIQUL ANWAR,https://sekolah.data.kemdikbud.go.id/index.php/Chome/profil/157F672C-E740-4AB6-A1A2-F68D3A489972,JL. GINTUNG NO 5 RT 07/02 Pasir Gintung Kec. Jayanti Kab. Tangerang Prov. Banten,Kab. Tangerang,,Banten
40404722,SMAN 1 SIOMPU,https://sekolah.data.kemdikbud.go.id/index.php/Chome/profil/9EA919F9-E443-4624-891F-F691642F443B,Jln. Poros siompu Batuawu Kec. Siompu Kab. Buton Selatan Prov. Sulawesi Tenggara,Kab. Buton Selatan,,Sulawesi Tenggara
10100565,SMAN 2 INDRAJAYA,https://sekolah.data.kemdikbud.go.id/index.php/Chome/profil/46911E4B-54C7-4FC5-B2BC-F69E5B1C2763,JLN. BLUEK GLE CUT - JABAL GHAFUR Mesjid Dijiem Kec. Indrajaya Kab. Pidie Prov. Aceh,Kab. Pidie,,Aceh
10801957,SMAS MA ARIF 3 BUMI NABUNG,https://sekolah.data.kemdikbud.go.id/index.php/Chome/profil/6B50A780-B71E-48BB-99E4-F69ED510375E,JL. RAYA SRI KENCONO NO. 721 Sri Kencono Kec. Bumi Nabung Kab. Lampung Tengah Prov. Lampung,Kab. Lampung Tengah,,Lampung
20504495,SMAS AHMAD YANI 2 BAURENO,https://sekolah.data.kemdikbud.go.id/index.php/Chome/profil/A1D4876E-FE67-49F9-B56F-F6A1C74077D7,JL. RAYA 29 A BAURENO Blongsong Kec. Baureno Kab. Bojonegoro Prov. Jawa Timur,Kab. Bojonegoro,,Jawa Timur
20502672,SMAS ISLAM DIPONEGORO,https://sekolah.data.kemdikbud.go.id/index.php/Chome/profil/4BC4D52F-BEEF-4324-90C9-F6A27DCF5C9A,Jl. Yon Munasir No.36 Gondang - Mojokert... Gondang Kec. Gondang Kab. Mojokerto Prov. Jawa Timur,Kab. Mojokerto,,Jawa Timur
10403002,SMAS M RAMBAH,https://sekolah.data.kemdikbud.go.id/index.php/Chome/profil/E71FA7E4-609C-4302-AA9F-F6A69922864D,JL. DIPONEGORO KM.2 PASIR PENGARAIAN Koto Tinggi Kec. Rambah Kab.  Rokan Hulu Prov. Riau,Kab.  Rokan Hulu,,Riau
69897124,SMA ISLAM AL AZHAR 14,https://sekolah.data.kemdikbud.go.id/index.php/Chome/profil/A586CB65-8320-4027-B4F7-F6A8B0D85862,Jl. Klentengsari 1 Pedalangan Kec. Banyumanik Kota Semarang Prov. Jawa Tengah,,Kota Semarang,Jawa Tengah
50304068,SMAN 1 LOURA,https://sekolah.data.kemdikbud.go.id/index.php/Chome/profil/C3AAD451-C6B9-44F2-ADA0-F6A8E70DA088,Jln. Katewel Lete Konda Kec. Loura Kab. Sumba Barat Daya Prov. Nusa Tenggara Timur,Kab. Sumba Barat Daya,,Nusa Tenggara Timur
20532237,SMAN 15 SURABAYA,https://sekolah.data.kemdikbud.go.id/index.php/Chome/profil/1300A255-6BD7-4E04-9CA2-F6A96D75E665,JL.  MENANGGAL SELATAN NO. 103 Dukuh Menanggal Kec. Gayungan Kota Surabaya Prov. Jawa Timur,,Kota Surabaya,Jawa Timur
20531146,SMA NEGERI 1 BANGKALAN,https://sekolah.data.kemdikbud.go.id/index.php/Chome/profil/F3634A88-A58E-4FB8-B62A-F6ACCF576D65,JL. PEMUDA KAFFA 10 Kraton Kec. Bangkalan Kab. Bangkalan Prov. Jawa Timur,Kab. Bangkalan,,Jawa Timur
70049542,SMA RAJAWALI,https://sekolah.data.kemdikbud.go.id/index.php/Chome/profil/AA05EFB4-CD4F-4073-A246-F6C01E71A9D7,Jl. Cihanjuang Rahayu No. 303 RT.01/06 Cihanjuang Rahayu Kec. Parongpong Kab. Bandung Barat Prov. Jawa Barat,Kab. Bandung Barat,,Jawa Barat
10504590,SMA ISLAM ATTAUFIQ,https://sekolah.data.kemdikbud.go.id/index.php/Chome/profil/EE4888AB-2E38-476C-8D58-F6C798F3EEDA,JL. GUNUNG KIDUL NO. 11 Talang Banjar Kec. Jambi Timur Kota Jambi Prov. Jambi,,Kota Jambi,Jambi
10805057,SMAN 1 PAGELARAN,https://sekolah.data.kemdikbud.go.id/index.php/Chome/profil/147060B7-46E5-4431-BEE1-F6C8C6A47E20,JL. RAYA GUMUKREJO Gumuk Rejo Kec. Pagelaran Kab. Pringsewu Prov. Lampung,Kab. Pringsewu,,Lampung
40403661,SMAN 1 MELUHU,https://sekolah.data.kemdikbud.go.id/index.php/Chome/profil/B881EBE4-E427-4D0A-AC95-F6CFA5C5B645,MELUHU Meluhu Kec. Meluhu Kab. Konawe Prov. Sulawesi Tenggara,Kab. Konawe,,Sulawesi Tenggara
20309688,SMA NEGERI 1 WONOSARI,https://sekolah.data.kemdikbud.go.id/index.php/Chome/profil/D5824B2E-DDDF-480B-8618-F6CFCA96F34B,"Jl. Pakis - Wonosari, Klaten Boto Kec. Wonosari Kab. Klaten Prov. Jawa Tengah",Kab. Klaten,,Jawa Tengah
20515430,SMAN 1 KEDUNGWARU,https://sekolah.data.kemdikbud.go.id/index.php/Chome/profil/3609386D-32A7-4496-9257-F6D0934F8FCB,JL. DR. WAHIDIN SUDIRO HUSODO 12 Kedungwaru Kec. Kedungwaru Kab. Tulungagung Prov. Jawa Timur,Kab. Tulungagung,,Jawa Timur
60100980,SMA Negeri 4 Buru Selatan,https://sekolah.data.kemdikbud.go.id/index.php/Chome/profil/56454827-EC89-4F03-B35D-F6D0A036BD9B,Jl. Waflia Utama No. 1_Desa Biloro Kec. ... Biloro Kec. Kepala Madan Kab. Buru Selatan Prov. Maluku,Kab. Buru Selatan,,Maluku
50310802,SMA NEGERI 1 PACAR,https://sekolah.data.kemdikbud.go.id/index.php/Chome/profil/F8732B27-5543-4C4D-B1FC-F6D88DDB2287,Puing Waka Kec. Pacar Kab. Manggarai Barat Prov. Nusa Tenggara Timur,Kab. Manggarai Barat,,Nusa Tenggara Timur
69774846,SMA NEGERI ALOR KECIL,https://sekolah.data.kemdikbud.go.id/index.php/Chome/profil/FA822DC4-B292-4E25-9004-F6D9033778EE,"Jln. Kalabahi - Kokar, Km 14 Lefokisu Kec. Alor Barat Laut Kab. Alor Prov. Nusa Tenggara Timur",Kab. Alor,,Nusa Tenggara Timur
20500452,SMAS PGRI KEDAMEAN,https://sekolah.data.kemdikbud.go.id/index.php/Chome/profil/0B293F6E-33A5-46EC-9616-F6DC7D247A86,Desa Kedamean RT 003 RW 001 Kedamean Kec. Kedamean Kab. Gresik Prov. Jawa Timur,Kab. Gresik,,Jawa Timur
20525861,SMAN 1 ROGOJAMPI,https://sekolah.data.kemdikbud.go.id/index.php/Chome/profil/378C70DC-17D6-45D6-91E0-F6E554C59022,JL. ALI SAKTI NO.2 Pengantigan Kec. Rogojampi Kab. Banyuwangi Prov. Jawa Timur,Kab. Banyuwangi,,Jawa Timur
20559022,SMAS YBPK PUJIHARJO TIRTOYUDO,https://sekolah.data.kemdikbud.go.id/index.php/Chome/profil/914C825E-907D-415D-8FBB-F6E901DA0A5D,JL.GEREJA 469 Pujiharjo Kec. Tirto Yudo Kab. Malang Prov. Jawa Timur,Kab. Malang,,Jawa Timur
69980508,SMA IT INSAN ROBBANI,https://sekolah.data.kemdikbud.go.id/index.php/Chome/profil/56AD0F8E-087C-4FB5-9594-F6F1C5E402A9,Jl. Bangau V Kelapa Tujuh Kec. Kotabumi Selatan Kab. Lampung Utara Prov. Lampung,Kab. Lampung Utara,,Lampung
11002029,SMAN 4 KARIMUN,https://sekolah.data.kemdikbud.go.id/index.php/Chome/profil/F440B0E5-80C2-4661-A2C0-F6F5F605596B,JL. SEI BATI PAMAK Kec. Tebing Kab. Karimun Prov. Kepulauan Riau,Kab. Karimun,,Kepulauan Riau
40315445,SMAS TRI SAKTI AROEPALA,https://sekolah.data.kemdikbud.go.id/index.php/Chome/profil/A585BDD0-6C0D-4FFB-98D3-F6FE46E65E46,JL. TRISAKTI NO. 5 / AROEPPALA HERTASNIN... Kel Minasa Upa Kec. Rappocini Kota Makassar Prov. Sulawesi Selatan,,Kota Makassar,Sulawesi Selatan
20102564,SMAN 87 JAKARTA,https://sekolah.data.kemdikbud.go.id/index.php/Chome/profil/1FEBD82A-C447-439F-9354-F6FE7CC01CCE,JL Mawar II Bintaro Kec. Pesanggrahan Kota Adm. Jakarta Selatan Prov. D.K.I. Jakarta,,Kota Adm. Jakarta Selatan,D.K.I. Jakarta
40500457,SMAN 1 TIBAWA,https://sekolah.data.kemdikbud.go.id/index.php/Chome/profil/24B7A1BB-1582-4B50-9261-F70069BAC06A,JL. L. PALALU NO. 5 Isimu Utara Kec. Tibawa Kab. Gorontalo Prov. Gorontalo,Kab. Gorontalo,,Gorontalo
20252189,SMA TERPADU AL MASHUM MARDIYAH,https://sekolah.data.kemdikbud.go.id/index.php/Chome/profil/0F7A75C9-3383-4F98-8EB2-F716AF9AA5C8,JL. SIMPANG GALUDRA NO. 76 Galudra Kec. Cugenang Kab. Cianjur Prov. Jawa Barat,Kab. Cianjur,,Jawa Barat
20307627,SMAN 1 CANDIMULYO,https://sekolah.data.kemdikbud.go.id/index.php/Chome/profil/B508F27E-4AD9-435C-8390-F724A26A3252,JL. CANDIMULYO KM. 4 MAGELANG Surojoyo Kec. Candimulyo Kab. Magelang Prov. Jawa Tengah,Kab. Magelang,,Jawa Tengah
10405312,SMAN 1 TANAH PUTIH,https://sekolah.data.kemdikbud.go.id/index.php/Chome/profil/92DDC1EC-49AB-410E-AB42-F72AAA18EDDE,JL.TUANKU TAMBUSAI NO.49 Sedinginan Kec. Tanah Putih Kab.  Rokan Hilir Prov. Riau,Kab.  Rokan Hilir,,Riau
20206212,SMA NEGERI 1 GUNUNG HALU,https://sekolah.data.kemdikbud.go.id/index.php/Chome/profil/FC6922BA-E471-4F2F-AC24-F72F26C91FDE,JL. SIMPANG GUNUNG HALU Sirnajaya Kec. Gununghalu Kab. Bandung Barat Prov. Jawa Barat,Kab. Bandung Barat,,Jawa Barat
20528647,SMAS ISLAM ASSIROJIYAH,https://sekolah.data.kemdikbud.go.id/index.php/Chome/profil/9A69988B-406B-4A3F-91C5-F731503FABE2,R. AHMAD NO. 1 Jrangoan Kec. Omben Kab. Sampang Prov. Jawa Timur,Kab. Sampang,,Jawa Timur
50301673,SMA KATOLIK ST. YOSEPH KALABAHI,https://sekolah.data.kemdikbud.go.id/index.php/Chome/profil/D2ABF0AD-7C58-4486-B4A3-F735E48CFEFA,JL. JENDRAL SUDIRMAN Kalabahi Tengah Kec. Teluk Mutiara Kab. Alor Prov. Nusa Tenggara Timur,Kab. Alor,,Nusa Tenggara Timur
40403559,SMAN 1 WATUBANGGA,https://sekolah.data.kemdikbud.go.id/index.php/Chome/profil/B8266C16-C6F0-4AF9-BFC1-F73E66269E88,KOMP KANTOR CAMAT WATUBANGGA WATUBANGGA Kec. Watubangga Kab. Kolaka Prov. Sulawesi Tenggara,Kab. Kolaka,,Sulawesi Tenggara
10505066,SMAN 8 TANJUNG JABUNG TIMUR,https://sekolah.data.kemdikbud.go.id/index.php/Chome/profil/4C8E9BA9-AC78-4C2E-A8F9-F74A04734291,JL. WR. SUPRATMAN  RT 4 Parit Culum I Kec. Muara Sabak Barat Kab. Tanjung Jabung Timur Prov. Jambi,Kab. Tanjung Jabung Timur,,Jambi
69761909,SMA NEGERI 3 ATAMBUA,https://sekolah.data.kemdikbud.go.id/index.php/Chome/profil/7E07B972-72AD-4B03-AD6B-F74A5258BCEB,KABUNA Kabuna Kec. Kakuluk Mesak Kab. Belu Prov. Nusa Tenggara Timur,Kab. Belu,,Nusa Tenggara Timur
20103167,SMAS PERGURUAN RAKYAT 3 JAKARTA,https://sekolah.data.kemdikbud.go.id/index.php/Chome/profil/AB535DFD-9BA4-46DC-9220-F74DFF9119AC,JL. PAHLAWAN REVOLUSI NO. 12 Pondok Bambu Kec. Duren Sawit Kota Adm. Jakarta Timur Prov. D.K.I. Jakarta,,Kota Adm. Jakarta Timur,D.K.I. Jakarta
10802989,SMAS HANGTUAH PROKIMAL,https://sekolah.data.kemdikbud.go.id/index.php/Chome/profil/71848950-D0CB-40D5-960F-F755D5378CB7,JL. RAYA PROKIMAL KM 11 Madukoro Kec. Kotabumi Utara Kab. Lampung Utara Prov. Lampung,Kab. Lampung Utara,,Lampung
20238547,SMA ISLAM CIPICUNG,https://sekolah.data.kemdikbud.go.id/index.php/Chome/profil/124BC60C-1037-4C8D-A373-F75C6E18D526,JL. CIPICUNG PUSPAMUKTI CIGALONTANG Puspamukti Kec. Cigalontang Kab. Tasikmalaya Prov. Jawa Barat,Kab. Tasikmalaya,,Jawa Barat
10300269,SMA NEGERI 1 TILATANG KAMANG,https://sekolah.data.kemdikbud.go.id/index.php/Chome/profil/329EE774-D921-47F5-8709-F75ED5F88C7D,JL. PAKAN KAMIS KOTO TANGAH Kec. Tilatang Kamang Kab. Agam Prov. Sumatera Barat,Kab. Agam,,Sumatera Barat
