kode,nama,link_profil,alamat,kabupaten,kota,provinsi
69954549,SMA PLUS AL-HIKMAH SUKARAJA,https://sekolah.data.kemdikbud.go.id/index.php/Chome/profil/6F189EA9-7D44-4888-B573-0E9CC5772579,Kp. Parakantiga Janggala Kec. Sukaraja Kab. Tasikmalaya Prov. Jawa Barat,Kab. Tasikmalaya,,Jawa Barat
69846119,SMA YPK PENABUR SERUI,https://sekolah.data.kemdikbud.go.id/index.php/Chome/profil/69CBC58D-1EFC-4BBF-8DF9-0E9CE76E94AB,Jalan hasanuddin Serui Serui Kota Kec. Yapen Selatan Kab. Kepulauan Yapen Prov. Papua,Kab. Kepulauan Yapen,,Papua
70037445,SMA ISLAM TERPADU ALMAKA,https://sekolah.data.kemdikbud.go.id/index.php/Chome/profil/CDFF9907-5FC6-40C6-8004-0E9EE5948235,Jl. Peta Selatan No 1 Kalideres Kec. Kali Deres Kota Adm. Jakarta Barat Prov. D.K.I. Jakarta,,Kota Adm. Jakarta Barat,D.K.I. Jakarta
69759247,SMAS PLUS BAITURRAHMAN,https://sekolah.data.kemdikbud.go.id/index.php/Chome/profil/05BC0AAB-6063-4DA3-B5FC-0EA7AD1D9072,JL. KP. CIPANAS Pasauran Kec. Cinangka Kab. Serang Prov. Banten,Kab. Serang,,Banten
10258276,SMA NEGERI 2 HURUNA,https://sekolah.data.kemdikbud.go.id/index.php/Chome/profil/8B34CEA7-C151-42DF-B522-0EA968ABA2CD,DESA SIFAOROASI HURUNA Sifaoroasi Huruna Kec. Huruna Kab. Nias Selatan Prov. Sumatera Utara,Kab. Nias Selatan,,Sumatera Utara
20103205,SMAS DIPONEGORO 1 JAKARTA,https://sekolah.data.kemdikbud.go.id/index.php/Chome/profil/94886851-2011-49DD-BC3A-0EB672710685,JL. SUNAN GIRI NO. 5 Rawamangun Kec. Pulo Gadung Kota Adm. Jakarta Timur Prov. D.K.I. Jakarta,,Kota Adm. Jakarta Timur,D.K.I. Jakarta
69950369,SMA ISLAM SWASTA IHDAL ULUM AL AZIZIYAH,https://sekolah.data.kemdikbud.go.id/index.php/Chome/profil/EF948D7E-424F-470F-9B31-0EB8B31E5F7E,Jln. Arongan Km.I Meuliek Kec. Samalanga Kab. Bireuen Prov. Aceh,Kab. Bireuen,,Aceh
10107156,SMAN 5 KEJURUAN MUDA,https://sekolah.data.kemdikbud.go.id/index.php/Chome/profil/FD2531C7-24D4-4C82-9F40-0EBD64ECBC02,JL. Tenggulun Selamat Kec. Tenggulun Kab. Aceh Tamiang Prov. Aceh,Kab. Aceh Tamiang,,Aceh
20606544,SMAS BABUS SALAM,https://sekolah.data.kemdikbud.go.id/index.php/Chome/profil/46593408-18EA-4B18-8A12-0EC452D1731E,JL. MERDEKA RAYA Pabuaran Kec. Karawaci Kota Tangerang Prov. Banten,,Kota Tangerang,Banten
20605101,SMAN 1 PADARINCANG,https://sekolah.data.kemdikbud.go.id/index.php/Chome/profil/B7141F85-DED6-4111-85BB-0EC61230BA7B,JL. PALKA KM. 30 PADARINCANG Citasuk Kec. Padarincang Kab. Serang Prov. Banten,Kab. Serang,,Banten
20607980,SMAN 1 CIBADAK,https://sekolah.data.kemdikbud.go.id/index.php/Chome/profil/C04CF40D-7945-46C0-9E2E-0EC7EDBF4B9E,JL. MALABAR PASAR KEONG CIBADAK PASAR KEONG Kec. Cibadak Kab. Lebak Prov. Banten,Kab. Lebak,,Banten
40103904,SMA NEGERI 1 AMURANG,https://sekolah.data.kemdikbud.go.id/index.php/Chome/profil/A84DF34A-DB40-465B-8760-0EC896D7A5EF,"JL. TRANS SULAWESI, KEL. BITUNG, KEC. AM... Bitung Kec. Amurang Kab. Minahasa Selatan Prov. Sulawesi Utara",Kab. Minahasa Selatan,,Sulawesi Utara
20500476,SMAN 1 MENGANTI,https://sekolah.data.kemdikbud.go.id/index.php/Chome/profil/A2D1ACA2-09BF-4ABE-94C3-0EC8B3C9E116,JL. RAYA BOTENG Boteng Kec. Menganti Kab. Gresik Prov. Jawa Timur,Kab. Gresik,,Jawa Timur
50305398,SMA KATOLIK ST. PETRUS,https://sekolah.data.kemdikbud.go.id/index.php/Chome/profil/1AA224EB-8149-44E6-BBC8-0ECDAF9DF8D1,Jl. Gatot Subroto RT.25/RW.13 Kel. Mautapaga Kec. Ende Timur Kab. Ende Prov. Nusa Tenggara Timur,Kab. Ende,,Nusa Tenggara Timur
69815477,SMA NEGERI 12 BERAU,https://sekolah.data.kemdikbud.go.id/index.php/Chome/profil/48127C9C-4578-467F-B844-0EDA763B8979,Jln. SMA Bangun No. 1 RT 01 Sei Bebanir ... Sambaliung Kec. Sambaliung Kab. Berau Prov. Kalimantan Timur,Kab. Berau,,Kalimantan Timur
20517827,SMAS RAUDLATUL ULUM GONDANGLEGI,https://sekolah.data.kemdikbud.go.id/index.php/Chome/profil/B4A418DD-7C41-400A-8E72-0EE1919B7E1C,"JL. SUNAN AMPEL NO. 2 B, PUTUKREJO Putukrejo Kec. Gondanglegi Kab. Malang Prov. Jawa Timur",Kab. Malang,,Jawa Timur
20232404,SMAS TERPADU ATAM BINA INSANI,https://sekolah.data.kemdikbud.go.id/index.php/Chome/profil/C265B3C5-2A4A-47A3-9286-0EE45AF80205,JL. ACE TABRANI KM. 01 PANJAUNGAN Kalong I Kec. Leuwisadeng Kab. Bogor Prov. Jawa Barat,Kab. Bogor,,Jawa Barat
20574581,SMA NEGERI MODEL TERPADU BOJONEGORO,https://sekolah.data.kemdikbud.go.id/index.php/Chome/profil/CEBAA6A1-38F7-4640-BD17-0EEC34C8DE10,JL. RAYA SUKOWATI NO. 00 Sukowati Kec. Kapas Kab. Bojonegoro Prov. Jawa Timur,Kab. Bojonegoro,,Jawa Timur
69899184,SMA MUHAMMADIYAH 04 DEPOK,https://sekolah.data.kemdikbud.go.id/index.php/Chome/profil/E8482261-2004-4370-8732-0EF3316B1EF5,JL. MASJID AL-HUKAMA NO.21 RT.3 RW.4 Rangkapan Jaya Baru Kec. Pancoran Mas Kota Depok Prov. Jawa Barat,,Kota Depok,Jawa Barat
10214108,SMAS BERINGIN,https://sekolah.data.kemdikbud.go.id/index.php/Chome/profil/AFF81831-CEFA-4AA4-8D11-0EF43BA2E2A8,Jl Lintas Desa Beringin Beringin Kec. Pinggir Kab. Bengkalis Prov. Riau,Kab. Bengkalis,,Riau
20549683,SMAS ISLAM YKHS,https://sekolah.data.kemdikbud.go.id/index.php/Chome/profil/4CE68C73-0B5E-4945-89DA-0EF72F25BC07,JL.RAYA SEPULUH 1 Sepuluh Kec. Sepulu Kab. Bangkalan Prov. Jawa Timur,Kab. Bangkalan,,Jawa Timur
50305376,SMAN ROTE SELATAN,https://sekolah.data.kemdikbud.go.id/index.php/Chome/profil/FB41137D-E82E-40DC-92FE-0EFB9FF6ED94,OELE - KEKA Daleholu Kec. Rote Selatan Kab. Rote Ndao Prov. Nusa Tenggara Timur,Kab. Rote Ndao,,Nusa Tenggara Timur
70008696,SMA ISLAM DARUSSALAM AL FALAH,https://sekolah.data.kemdikbud.go.id/index.php/Chome/profil/B3527A8B-F311-471B-99AA-0EFC8EC6F8FA,JL. BATU KEMALIK DESA BUKIT TINGGI GUNUN... BUKIT TINGGI Kec. Gunung Sari Kab. Lombok Barat Prov. Nusa Tenggara Barat,Kab. Lombok Barat,,Nusa Tenggara Barat
20219734,SMAS KEMAH IND 2,https://sekolah.data.kemdikbud.go.id/index.php/Chome/profil/A47EB203-10D8-4E3B-8EF8-0F00E52BB9C4,JL.SADANG SERANG Sekeloa Kec. Coblong Kota Bandung Prov. Jawa Barat,,Kota Bandung,Jawa Barat
70000389,SMA HARAPAN KEBUN NILO,https://sekolah.data.kemdikbud.go.id/index.php/Chome/profil/5AD71E9D-B3E6-4E49-A4C1-0F0549D53CEA,Komp. PT. ADEI P & I Desa Telayap Telayap Kec. Pelalawan Kab.  Pelalawan Prov. Riau,Kab.  Pelalawan,,Riau
69830118,SMA DARUL HIJRAH,https://sekolah.data.kemdikbud.go.id/index.php/Chome/profil/7B55CACA-4734-4044-854E-0F05D510EC48,Cindai Alus Rt.8 Martapura Kab. Banjar Cindai Alus Kec. Martapura Kab. Banjar Prov. Kalimantan Selatan,Kab. Banjar,,Kalimantan Selatan
10816150,SMAS YADIKA,https://sekolah.data.kemdikbud.go.id/index.php/Chome/profil/BE7D1213-D377-4B68-AB39-0F05EDE58075,JL. SOEKARNO HATTA Labuhan Dalam Kec. Tanjung Senang Kota Bandar Lampung Prov. Lampung,,Kota Bandar Lampung,Lampung
50203306,SMAN 1 LAPE,https://sekolah.data.kemdikbud.go.id/index.php/Chome/profil/19D54DFE-D7D8-4BFD-811B-0F08A60EEA88,JL. LINTAS SUMBAWA BESAR-LAPE DETE Kec. Lape Kab. Sumbawa Prov. Nusa Tenggara Barat,Kab. Sumbawa,,Nusa Tenggara Barat
10105184,SMA NEGERI 1 PERMATA,https://sekolah.data.kemdikbud.go.id/index.php/Chome/profil/10B1FDA5-4372-4B87-AC8C-0F0CA397D925,Jln. Syiah Kuala Wih Tenang Uken Weh Tenang Uken Kec. Permata Kab. Bener Meriah Prov. Aceh,Kab. Bener Meriah,,Aceh
60101449,SMA Negeri 5 Maluku Barat Daya,https://sekolah.data.kemdikbud.go.id/index.php/Chome/profil/8D9A338A-DAB9-48B3-98BB-0F0EBEB8A779,JL. KARANG PANJANG Tepa Kec. Pulau-pulau Babar Kab. Maluku Barat Daya Prov. Maluku,Kab. Maluku Barat Daya,,Maluku
20613603,SMAN 15 KABUPATEN TANGERANG,https://sekolah.data.kemdikbud.go.id/index.php/Chome/profil/DA44E5B2-3363-4B57-B824-0F103D74E34E,JL. RAYA KORELET Ranca Kalapa Kec. Panongan Kab. Tangerang Prov. Banten,Kab. Tangerang,,Banten
69899743,SMA NEGERI ULUMUL QURAN,https://sekolah.data.kemdikbud.go.id/index.php/Chome/profil/7B40316A-A5B1-4DD8-9F5C-0F15133C39B7,Jln. Tijue - Cot Teungoh Tijue Kec. Pidie Kab. Pidie Prov. Aceh,Kab. Pidie,,Aceh
10494310,SMAS MUHAMMADIYAH SEBERIDA,https://sekolah.data.kemdikbud.go.id/index.php/Chome/profil/ABF95589-CD4E-442E-9FF7-0F153C638BD4,"Jl. Sudirman Desa Buluh Rampai (Blok B),... Buluh Rampai Kec. Seberida Kab. Indragiri Hulu Prov. Riau",Kab. Indragiri Hulu,,Riau
10212011,SMAN 3 TANJUNGBALAI,https://sekolah.data.kemdikbud.go.id/index.php/Chome/profil/CC0B3148-58C9-4B45-89CD-0F194A2504D3,JL. SMAN 3 TANJUNGBALAI GADING Kec. Datuk Bandar Kota Tanjung Balai Prov. Sumatera Utara,,Kota Tanjung Balai,Sumatera Utara
50305767,SMA NEGERI 1 HAHARU,https://sekolah.data.kemdikbud.go.id/index.php/Chome/profil/9CF3567F-50EC-4609-9CC8-0F19FA9A1AFD,JL. WAINGAPU-RAMBANGARU Kuta Kec. Kanatang Kab. Sumba Timur Prov. Nusa Tenggara Timur,Kab. Sumba Timur,,Nusa Tenggara Timur
70038814,SMA ISLAM MUBAROK,https://sekolah.data.kemdikbud.go.id/index.php/Chome/profil/A338EA55-9E63-42CD-8E47-0F1B44FCAB5C,Jl. Gunung Sasak Luwuk Daye Tempos Kec. Gerung Kab. Lombok Barat Prov. Nusa Tenggara Barat,Kab. Lombok Barat,,Nusa Tenggara Barat
50203686,SMAN 1 PEKAT,https://sekolah.data.kemdikbud.go.id/index.php/Chome/profil/B5A42D71-2071-4E4B-BD6E-0F247DD6CE08,JL.PENDIDIKAN NO. 1 PEKAT Pekat Kec. Pekat Kab. Dompu Prov. Nusa Tenggara Barat,Kab. Dompu,,Nusa Tenggara Barat
10260259,SMAS SWADAYA,https://sekolah.data.kemdikbud.go.id/index.php/Chome/profil/27635C79-6BBC-48AA-B6CE-0F253545C806,JL. LIMO MIRI BULU CINA Bulu Cina Kec. Hamparan Perak Kab. Deli Serdang Prov. Sumatera Utara,Kab. Deli Serdang,,Sumatera Utara
30405570,SMAN 6 BERAU,https://sekolah.data.kemdikbud.go.id/index.php/Chome/profil/4B3DC605-196E-4907-8564-0F2C4F36A23B,JL. BETET Labanan Jaya Kec. Teluk Bayur Kab. Berau Prov. Kalimantan Timur,Kab. Berau,,Kalimantan Timur
69987928,SMA IT INSAN MADANI 8,https://sekolah.data.kemdikbud.go.id/index.php/Chome/profil/9E6D1FAB-92F4-4949-A54E-0F2CA5567D64,Jl. Pondok Jati Raya No. 79 RT/RW 001/01... Jurang Manggu Barat Kec. Pondok Aren Kota Tangerang Selatan Prov. Banten,,Kota Tangerang Selatan,Banten
10646159,SMAN 2 AIR SUGIHAN,https://sekolah.data.kemdikbud.go.id/index.php/Chome/profil/1E4CE1FE-21EE-4F3C-9D2D-0F356514BF8E,JALUR 29 BLOK E Simpang Heran Kec. Air Sugihan Kab. Ogan Komering Ilir Prov. Sumatera Selatan,Kab. Ogan Komering Ilir,,Sumatera Selatan
30107353,SMAN 1 DEDAI,https://sekolah.data.kemdikbud.go.id/index.php/Chome/profil/D208E10E-5F93-4A21-ADFA-0F38117C7B87,JL. Sepanegara  Nanga  Dedai Nanga Dedai Kec. Dedai Kab. Sintang Prov. Kalimantan Barat,Kab. Sintang,,Kalimantan Barat
70010870,SMA Fullday Al-Muhajirin,https://sekolah.data.kemdikbud.go.id/index.php/Chome/profil/DF17C234-EF44-46CF-A516-0F3C5AE05A1D,Jalan Ipik Gandamanah No. 33 Ciseureuh Kec. Purwakarta Kab. Purwakarta Prov. Jawa Barat,Kab. Purwakarta,,Jawa Barat
10404022,SMAS SANTA MARIA,https://sekolah.data.kemdikbud.go.id/index.php/Chome/profil/A73606A2-B81A-480D-AB1D-0F436CFFDF90,JL.RONGGO WARSITO Suka Maju Kec. Sail Kota Pekanbaru Prov. Riau,,Kota Pekanbaru,Riau
60301594,SMAS PGRI WAMENA,https://sekolah.data.kemdikbud.go.id/index.php/Chome/profil/773C064A-A31F-4352-BE7F-0F47DDABEF66,JL. BHAYANGKARA NO. 132 WAMENA Wamena Kota Kec. Wamena Kab. Jayawijaya Prov. Papua Pegunungan,Kab. Jayawijaya,,Papua Pegunungan
20401129,SMAN 1 NGAGLIK,https://sekolah.data.kemdikbud.go.id/index.php/Chome/profil/745B848D-1240-4180-B4E7-0F47FF06AB02,"Jl. Palagan Tentara Pelajar, Kayunan Donoharjo Kec. Ngaglik Kab. Sleman Prov. D.I. Yogyakarta",Kab. Sleman,,D.I. Yogyakarta
30106210,SMAN 2 TELUK KERAMAT,https://sekolah.data.kemdikbud.go.id/index.php/Chome/profil/EB587630-1B81-489B-8549-0F4BDDDB3132,Jalan Ahmad Yani Pipit Teja Kec. Teluk Keramat Kab. Sambas Prov. Kalimantan Barat,Kab. Sambas,,Kalimantan Barat
10504553,SMAN 3 KOTA JAMBI,https://sekolah.data.kemdikbud.go.id/index.php/Chome/profil/4CF9AA47-B38D-4278-909C-0F5373154E0E,JL. GURU MUKHTAR Jelutung Kec. Jelutung Kota Jambi Prov. Jambi,,Kota Jambi,Jambi
60726436,SMA NEGERI 4 SIMEULUE BARAT,https://sekolah.data.kemdikbud.go.id/index.php/Chome/profil/68FB2D6E-FCE6-4FAC-B541-0F574DE37B1F,JL. LINGKAR SIMEULUE Sembilan Kec. Simeulue Barat Kab. Simeulue Prov. Aceh,Kab. Simeulue,,Aceh
20100483,SMAS PSKD 3 JAKARTA,https://sekolah.data.kemdikbud.go.id/index.php/Chome/profil/6DD04A1F-C311-4D0D-9BBA-0F5E1C9F4FC3,JL. KWINI I NO. 1 Senen Kec. Senen Kota Adm. Jakarta Pusat Prov. D.K.I. Jakarta,,Kota Adm. Jakarta Pusat,D.K.I. Jakarta
69760679,SMAS PLUS NURUL IMAN,https://sekolah.data.kemdikbud.go.id/index.php/Chome/profil/8E45AF72-1041-4648-8BE4-0F5E82571484,KP. GALUMPIT KIDUL RT 05 RW 04 Cipancar Kec. Leles Kab. Garut Prov. Jawa Barat,Kab. Garut,,Jawa Barat
10802958,SMAS PGRI 1 KOTABUMI,https://sekolah.data.kemdikbud.go.id/index.php/Chome/profil/5502817A-1705-4D1E-8649-0F6C2E962D5C,JL. SOEKARNO HATTA NO. 62 Tanjung Harapan Kec. Kotabumi Selatan Kab. Lampung Utara Prov. Lampung,Kab. Lampung Utara,,Lampung
60202575,SMAN 8 HALMAHERA TENGAH,https://sekolah.data.kemdikbud.go.id/index.php/Chome/profil/DC9138B0-B8B7-4BB8-B09D-0F70EB17E19B,JL. SISWA BLIFITU BILIFITU Kec. Patani Utara Kab. Halmahera Tengah Prov. Maluku Utara,Kab. Halmahera Tengah,,Maluku Utara
69965149,SMA IT THAWALIB MUARA ENIM,https://sekolah.data.kemdikbud.go.id/index.php/Chome/profil/693250B8-E8AF-42B0-92AF-0F76711AFAD8,JL. THAWALIB DARUSSALAM SERASAN Air Lintang Kec. Muara Enim Kab. Muara Enim Prov. Sumatera Selatan,Kab. Muara Enim,,Sumatera Selatan
69900128,SMA SETIA BUDI,https://sekolah.data.kemdikbud.go.id/index.php/Chome/profil/74ECD9C7-6BAC-4DB7-89F8-0F7704D8775F,JL. MERDEKA 66B Bagan Timur Kec. Bangko Kab.  Rokan Hilir Prov. Riau,Kab.  Rokan Hilir,,Riau
10646052,SMAN 1 BELIMBING,https://sekolah.data.kemdikbud.go.id/index.php/Chome/profil/D39DD162-1ACE-4BF7-B3DD-0F79F423D046,JL. Pahlawan Kp. 1 Ds. Teluk Lubuk Kec. ... Teluk Lubuk Kec. Belimbing Kab. Muara Enim Prov. Sumatera Selatan,Kab. Muara Enim,,Sumatera Selatan
30101108,SMAN 1 SUNGAI AMBAWANG,https://sekolah.data.kemdikbud.go.id/index.php/Chome/profil/6D38F65D-E258-407F-BF4E-0F82F924FC9C,JL. MANUNGGAL XVIII Sei Ambawang Kuala Kec. Sungai Ambawang Kab. Kubu Raya Prov. Kalimantan Barat,Kab. Kubu Raya,,Kalimantan Barat
69728685,SMAS IT DARUL ISTIQAMAH,https://sekolah.data.kemdikbud.go.id/index.php/Chome/profil/ABACFC99-5372-4643-8DA9-0F887879A253,JL.POROS MAKASSAR-MAROS KM.25 Bontoa Kec. Mandai Kab. Maros Prov. Sulawesi Selatan,Kab. Maros,,Sulawesi Selatan
40306082,SMAN 2 LUWU,https://sekolah.data.kemdikbud.go.id/index.php/Chome/profil/FC9C0B79-7319-4170-986D-0F8AC20DC636,JL. OPU DAENG RISAJU Batusitanduk Kec. Walenrang Kab. Luwu Prov. Sulawesi Selatan,Kab. Luwu,,Sulawesi Selatan
20104405,SMA AL - KAMAL,https://sekolah.data.kemdikbud.go.id/index.php/Chome/profil/63B2AFCD-AF69-495C-9E95-0F8FA2F8E1BD,JL. AL -  KAMAL KEDOYA RAYA  NO. 2 Kedoya Selatan Kec. Kebon Jeruk Kota Adm. Jakarta Barat Prov. D.K.I. Jakarta,,Kota Adm. Jakarta Barat,D.K.I. Jakarta
20547807,SMAS ULUL ALBAB CANDIPURO,https://sekolah.data.kemdikbud.go.id/index.php/Chome/profil/FB3D6D20-6320-48C0-A6CE-0F962EE71401,JL. PANGGUNG LOMBOK RT. 003 RW. 003 CAND... Candipuro Kec. Candipuro Kab. Lumajang Prov. Jawa Timur,Kab. Lumajang,,Jawa Timur
20216202,SMAS NU INDRAMAYU,https://sekolah.data.kemdikbud.go.id/index.php/Chome/profil/A1A56737-CF6C-4BDC-A34E-0F99B1A52FCE,Jl. Kesatuan Pekandangan Kec. Indramayu Kab. Indramayu Prov. Jawa Barat,Kab. Indramayu,,Jawa Barat
20558808,SMAS MAMBA UNNUR,https://sekolah.data.kemdikbud.go.id/index.php/Chome/profil/3C67C3CF-AB86-4027-A3CE-0F9AE2A664B7,JL. WAHID HASYIM III Gading Kec. Bululawang Kab. Malang Prov. Jawa Timur,Kab. Malang,,Jawa Timur
11002068,SMAN 1 LINGGA UTARA,https://sekolah.data.kemdikbud.go.id/index.php/Chome/profil/F9FC3CD6-5521-49F9-A9A9-0FA0E7840FA4,"JL. KUKANG - DUARA, PANCUR Duara Kec. Lingga Utara Kab. Lingga Prov. Kepulauan Riau",Kab. Lingga,,Kepulauan Riau
50205622,SMAS MUHAMMADIYAH SAPE,https://sekolah.data.kemdikbud.go.id/index.php/Chome/profil/5E75770B-A277-47C7-8F29-0FA5BAFE0EE8,JL. LAPANGAN SEMANGKA SAPE BIMA Naru Kec. Sape Kab. Bima Prov. Nusa Tenggara Barat,Kab. Bima,,Nusa Tenggara Barat
20520806,SMAS DARUL ULUM TEMPEH,https://sekolah.data.kemdikbud.go.id/index.php/Chome/profil/0F04CCBC-76D2-4C68-9ECC-0FA65FDC6115,JL. HASANUDIN NO. 29 Pandanwangi Kec. Tempeh Kab. Lumajang Prov. Jawa Timur,Kab. Lumajang,,Jawa Timur
20306808,SMA NEGERI 1 WADASLINTANG,https://sekolah.data.kemdikbud.go.id/index.php/Chome/profil/ED72D90B-7E7D-49F8-A3D3-0FA7831AC39F,JL. WONOSOBO - PREMBUN KM. 40 Panerusan Kec. Wadaslintang Kab. Wonosobo Prov. Jawa Tengah,Kab. Wonosobo,,Jawa Tengah
20219788,SMAS LANGLANGBUANA,https://sekolah.data.kemdikbud.go.id/index.php/Chome/profil/6BA44E8C-3189-480F-8983-0FABC1D6E053,JL. DR. SAHARDJO Sukamiskin Kec. Arcamanik Kota Bandung Prov. Jawa Barat,,Kota Bandung,Jawa Barat
69858458,SMAN 2 SUKATANI,https://sekolah.data.kemdikbud.go.id/index.php/Chome/profil/7ED48506-A3AF-46B2-ABA8-0FAC26CF81F4,JL. Panyindangan KM. 11 Sukatani Panyindangan Kec. Sukatani Kab. Purwakarta Prov. Jawa Barat,Kab. Purwakarta,,Jawa Barat
69816324,SMA IT AL BAYYINAH,https://sekolah.data.kemdikbud.go.id/index.php/Chome/profil/E52B4EAA-3C84-43C5-9CA7-0FAC2C75FE7E,Jl. Merak Sakti Tuahkarya Kec. Tuahmadani Kota Pekanbaru Prov. Riau,,Kota Pekanbaru,Riau
69901925,SMA ISLAM TERPADU BINA INSANI,https://sekolah.data.kemdikbud.go.id/index.php/Chome/profil/307EF71D-9899-4D22-8248-0FADAAA8F0F7,JL. WARINGINKURUNG KM.04 Waringinkurung Kec. Waringinkurung Kab. Serang Prov. Banten,Kab. Serang,,Banten
69966468,SMA ISLAM TERPADU SHALAHUDDIN AL-AYYUBY,https://sekolah.data.kemdikbud.go.id/index.php/Chome/profil/2411C4C6-2AC8-4250-9C9C-0FAEB97370FF,Jalan Shalahuddin Al-Ayyuby RT 11 RW 06 Bentunai Kec. Selakau Kab. Sambas Prov. Kalimantan Barat,Kab. Sambas,,Kalimantan Barat
30102506,SMAN 1 KETUNGAU HULU,https://sekolah.data.kemdikbud.go.id/index.php/Chome/profil/174ED42A-9F7D-4B99-AD66-0FB0FC715B3F,JL. PAHLAWAN No. 1 Senaning Kec. Ketungau Hulu Kab. Sintang Prov. Kalimantan Barat,Kab. Sintang,,Kalimantan Barat
70053381,SMA NEGERI 116,https://sekolah.data.kemdikbud.go.id/index.php/Chome/profil/9C37297D-22FB-4743-B655-0FB1ACFE5ECC,"Jl. SD III, RT. 02, RW. 08 Pondok Pinang Kec. Kebayoran Lama Kota Adm. Jakarta Selatan Prov. D.K.I. Jakarta",,Kota Adm. Jakarta Selatan,D.K.I. Jakarta
50309612,SMA NEGERI 2 AMARASI BARAT,https://sekolah.data.kemdikbud.go.id/index.php/Chome/profil/76C16BBD-4DDD-4749-A595-0FBB31285DE8,DESA TUNBAUN Tunbaun Kec. Amarasi Barat Kab. Kupang Prov. Nusa Tenggara Timur,Kab. Kupang,,Nusa Tenggara Timur
69786365,SMAS PERSADA PEBENAAN,https://sekolah.data.kemdikbud.go.id/index.php/Chome/profil/21DB0070-4F73-447F-B130-0FC06536F19D,Jl. Sanubari Pebenaan Kec. Keritang Kab. Indragiri Hilir Prov. Riau,Kab. Indragiri Hilir,,Riau
20313851,SMA NEGERI 1 GODONG,https://sekolah.data.kemdikbud.go.id/index.php/Chome/profil/AC24B799-2FA4-4158-BAD5-0FC1BF22B876,JL. RAYA SEMARANG- PURWODADI KM.37 Manggarmas Kec. Godong Kab. Grobogan Prov. Jawa Tengah,Kab. Grobogan,,Jawa Tengah
70013187,SMA NEGERI 2 WELAK,https://sekolah.data.kemdikbud.go.id/index.php/Chome/profil/690F4034-3774-4D02-8D50-0FC3812923E0,Jln. Datak Wolndiuk Semang Kec. Welak Kab. Manggarai Barat Prov. Nusa Tenggara Timur,Kab. Manggarai Barat,,Nusa Tenggara Timur
69948198,SMA TERPADU NURUL HUDA,https://sekolah.data.kemdikbud.go.id/index.php/Chome/profil/727A0D5C-BD6F-48C1-8602-0FCB52AD19D9,Jln. KKA Bale - Buntul Bintang Permata Kec. Permata Kab. Bener Meriah Prov. Aceh,Kab. Bener Meriah,,Aceh
40600648,UPTD SMAN 1 ALU,https://sekolah.data.kemdikbud.go.id/index.php/Chome/profil/788D2054-B47D-4877-9261-0FD31F3000C0,JL. PENDIDIKAN Mombi Kec. Alu Kab. Polewali Mandar Prov. Sulawesi Barat,Kab. Polewali Mandar,,Sulawesi Barat
20600434,SMAN 17 PANDEGLANG,https://sekolah.data.kemdikbud.go.id/index.php/Chome/profil/59E62C90-34E1-403E-8197-0FD8297727FD,JL. RAYA CIGEULIS KM. 2 Karyabuana Kec. Cigeulis Kab. Pandeglang Prov. Banten,Kab. Pandeglang,,Banten
50220468,SMAN 1 TAMBORA,https://sekolah.data.kemdikbud.go.id/index.php/Chome/profil/FD9D84A9-4919-4015-9D71-0FD9E6BBF8D6,JL. PULAU SATONDA RASABOU Kec. Tambora Kab. Bima Prov. Nusa Tenggara Barat,Kab. Bima,,Nusa Tenggara Barat
20227912,SMA TERPADU AL-MUMIN,https://sekolah.data.kemdikbud.go.id/index.php/Chome/profil/29AAADD8-53B3-466E-9351-0FE5311FD8F0,JL. OLAHRAGA SADANG NO.1 Sukamantri Kec. Paseh Kab. Bandung Prov. Jawa Barat,Kab. Bandung,,Jawa Barat
20401169,SMAS MUHAMMADIYAH PAKEM,https://sekolah.data.kemdikbud.go.id/index.php/Chome/profil/6162E7F5-18FD-4394-8E10-0FE712FE5057,JL. KALIURANG KM.17 YOGYAKARTA Pakem Binangun Kec. Pakem Kab. Sleman Prov. D.I. Yogyakarta,Kab. Sleman,,D.I. Yogyakarta
69931693,SMA KAIROS GRACIA,https://sekolah.data.kemdikbud.go.id/index.php/Chome/profil/F2DB014E-0E8C-4FEC-86EF-0FE9531E7894,CITRA GARDEN 7 BLOK B1 Kalideres Kec. Kali Deres Kota Adm. Jakarta Barat Prov. D.K.I. Jakarta,,Kota Adm. Jakarta Barat,D.K.I. Jakarta
40403665,SMA NEGERI 1 WONGGEDUKU,https://sekolah.data.kemdikbud.go.id/index.php/Chome/profil/5A2A78F3-A644-46BD-A58C-0FE97D1D3210,JL. POROS KDI-UNAAHA Lambangi Kec. Wonggeduku Barat Kab. Konawe Prov. Sulawesi Tenggara,Kab. Konawe,,Sulawesi Tenggara
20502724,SMAN 1 MOJOSARI,https://sekolah.data.kemdikbud.go.id/index.php/Chome/profil/91111FD5-46D8-45FB-8C19-0FEA4884BB29,Jl. Pemuda No. 55 Mojosari Kab. Mojokert... Seduri Kec. Mojosari Kab. Mojokerto Prov. Jawa Timur,Kab. Mojokerto,,Jawa Timur
30303341,SMAN 1 PULAU LAUT SELATAN,https://sekolah.data.kemdikbud.go.id/index.php/Chome/profil/30FD69AA-3D90-44C3-B64C-0FEB874BE4AE,JL. HASANUDDIN RT. 02 TANJUNG SELOKA UTARA Kec. Pulau Laut Selatan Kab. Kotabaru Prov. Kalimantan Selatan,Kab. Kotabaru,,Kalimantan Selatan
20603324,SMAS PGRI 58 TIGA RAKSA,https://sekolah.data.kemdikbud.go.id/index.php/Chome/profil/FEB37F80-2923-4462-954D-0FEBB199AD26,Jl. Aria Wangsakara Tigaraksa Kec. Tiga raksa Kab. Tangerang Prov. Banten,Kab. Tangerang,,Banten
10260680,SMA NEGERI 1 MAZO,https://sekolah.data.kemdikbud.go.id/index.php/Chome/profil/B79B21E2-22B6-4036-8FD8-0FED45855383,DESA LUAHANDROITO Luahandroito Kec. Mazo Kab. Nias Selatan Prov. Sumatera Utara,Kab. Nias Selatan,,Sumatera Utara
10301592,SMAN 1 GUNUNG TALANG,https://sekolah.data.kemdikbud.go.id/index.php/Chome/profil/78E23DA2-E5AF-431C-AD76-0FFA24EA1840,"JL. SOLOK PADANG KM. 10 PASAR USANG,CUPA... CUPAK Kec. Gunung Talang Kab. Solok Prov. Sumatera Barat",Kab. Solok,,Sumatera Barat
30102988,SMAN 1 BADAU,https://sekolah.data.kemdikbud.go.id/index.php/Chome/profil/6C150710-EC15-4D3B-BF24-100053AE22EE,JL. DEBU NO. 50 BADAU Badau Kec. Badau Kab. Kapuas Hulu Prov. Kalimantan Barat,Kab. Kapuas Hulu,,Kalimantan Barat
70045381,SMA TASDIQUL QURAN,https://sekolah.data.kemdikbud.go.id/index.php/Chome/profil/6FDC8C11-DA31-4DFE-850B-10015ADB6304,Jl. Gang Apit No. 74 B RT. 01 RW. 15 Cib... Cihanjuang Kec. Parongpong Kab. Bandung Barat Prov. Jawa Barat,Kab. Bandung Barat,,Jawa Barat
69968913,SMA BP DARUSSALAM,https://sekolah.data.kemdikbud.go.id/index.php/Chome/profil/5D368C94-A0E4-42F1-92CA-10016175E25D,JL. KH. Hasyim Asyari Mekar Sari Kec. Pasir Sakti Kab. Lampung Timur Prov. Lampung,Kab. Lampung Timur,,Lampung
69946653,SMAN 13 SIJUNJUNG,https://sekolah.data.kemdikbud.go.id/index.php/Chome/profil/B8DAEDFC-5D9C-42B3-A31A-100504F4EA86,Jorong Pasar Nagari Sungai Betung SUNGAI BATUANG Kec. Kamang Baru Kab. Sijunjung Prov. Sumatera Barat,Kab. Sijunjung,,Sumatera Barat
20503406,SMA NEGERI PLOSO,https://sekolah.data.kemdikbud.go.id/index.php/Chome/profil/309DBBBC-C1DC-4C37-AD3E-1005E558F728,JL. RAYA  230 PLOSO Losari Kec. Ploso Kab. Jombang Prov. Jawa Timur,Kab. Jombang,,Jawa Timur
60101668,SMA Negeri 3  Seram Bagian Timur,https://sekolah.data.kemdikbud.go.id/index.php/Chome/profil/9391F693-98CF-4B3F-B536-10083649E7EF,JL.WAILISSA Werinama Kec. Werinama Kab. Seram Bagian Timur Prov. Maluku,Kab. Seram Bagian Timur,,Maluku
40307803,SMAN 3 PALOPO,https://sekolah.data.kemdikbud.go.id/index.php/Chome/profil/38040F6B-2B8F-4C0B-A95E-100B10BC8EFF,JL. ANDI DJEMMA NO. 52 PALOPO Tompotikka Kec. Wara Kota Palopo Prov. Sulawesi Selatan,,Kota Palopo,Sulawesi Selatan
70045944,SMA IT AZIZIAH MUARA SIAU,https://sekolah.data.kemdikbud.go.id/index.php/Chome/profil/2167B788-8268-4CC1-8F66-1017970D44BB,Jln. Muara Siau - Jangkat Km.57 Muara Si... Muara Siau Kec. Muara Siau Kab.  Merangin Prov. Jambi,Kab.  Merangin,,Jambi
20534764,SMAS ISLAM BRAWIJAYA,https://sekolah.data.kemdikbud.go.id/index.php/Chome/profil/5FD4F5B4-47FF-4A24-A099-10197015BBD8,JL. RAYA SURODINAWAN Surodinawan Kec. Prajurit Kulon Kota Mojokerto Prov. Jawa Timur,,Kota Mojokerto,Jawa Timur
69855691,SMA NEGERI 15 PEKANBARU,https://sekolah.data.kemdikbud.go.id/index.php/Chome/profil/B76A1AF2-4BB1-44A9-ACDF-10203679CC79,Jl. Cipta Karya Sialangmunggu Kec. Tuahmadani Kota Pekanbaru Prov. Riau,,Kota Pekanbaru,Riau
10302805,SMAN 5 SIJUNJUNG,https://sekolah.data.kemdikbud.go.id/index.php/Chome/profil/DF3AC957-FD23-4350-B872-1020615CE5C4,JL. AMBACANG TINGGI INDAH NO.90 SUMPUR KUDUS Kec. Sumpur Kudus Kab. Sijunjung Prov. Sumatera Barat,Kab. Sijunjung,,Sumatera Barat
40100319,SMA NEGERI 1 BOLAANG UKI,https://sekolah.data.kemdikbud.go.id/index.php/Chome/profil/20443DE9-B177-47DD-8D3B-1023CB34DDB4,JL. KEMBANG MOLIBAGU Molibagu Kec. Bolaang Uki Kab. Bolaang Mongondow Selatan Prov. Sulawesi Utara,Kab. Bolaang Mongondow Selatan,,Sulawesi Utara
10260917,SMA SWASTA CITRA MEDANG DERAS,https://sekolah.data.kemdikbud.go.id/index.php/Chome/profil/84CFC722-4F58-4A9B-B933-1025D5638D77,JL. RAHARJA PASAR 1 Sido Mulyo Kec. Medang Deras Kab. Batu Bara Prov. Sumatera Utara,Kab. Batu Bara,,Sumatera Utara
10113405,SMA TERPADU BUSTANUL ULUM,https://sekolah.data.kemdikbud.go.id/index.php/Chome/profil/AEF1B33F-5094-4878-852D-102EF5F53307,JL. KKA Sp. Sepeden Buntul Kemumu Gelampang Kec. Permata Kab. Bener Meriah Prov. Aceh,Kab. Bener Meriah,,Aceh
10600573,SMAN 1 PAMPANGAN,https://sekolah.data.kemdikbud.go.id/index.php/Chome/profil/213897AA-6361-46C6-A5C5-103342B35D53,JL. RAYA KABUPATEN Pampangan Kec. Pampangan Kab. Ogan Komering Ilir Prov. Sumatera Selatan,Kab. Ogan Komering Ilir,,Sumatera Selatan
10643899,SMAN BANGUN JAYA,https://sekolah.data.kemdikbud.go.id/index.php/Chome/profil/B0C4ACBD-7AA5-46AD-8ED2-1034D8F8AB71,JL. JENE Bangun Jaya Kec. Bulan Tengah Suku Ulu Kab. Musi Rawas Prov. Sumatera Selatan,Kab. Musi Rawas,,Sumatera Selatan
69859757,SMA INSAN RABBANY,https://sekolah.data.kemdikbud.go.id/index.php/Chome/profil/99131A29-CEF6-4429-B493-1038E5276CFB,Jl. Raya Ciater Sektor I.1 BSD Serpong T... Rawa Mekar Kec. Serpong Kota Tangerang Selatan Prov. Banten,,Kota Tangerang Selatan,Banten
69856264,SMA PLUS BAHRUL ULUM,https://sekolah.data.kemdikbud.go.id/index.php/Chome/profil/90521F35-F377-41AC-98C1-10395EFCA3CE,Jl. Situwangi KM.1 Karangwangi Kec. Cidaun Kab. Cianjur Prov. Jawa Barat,Kab. Cianjur,,Jawa Barat
70052329,SMAS AL MADINAH ISLAMIC BOARDING SCHOOL,https://sekolah.data.kemdikbud.go.id/index.php/Chome/profil/414B3D99-0654-41A5-B18C-103A27726486,Jalan Lintas Solok Padang Km. 17 Jorong ... KOTO GADANG GUGUAK Kec. Gunung Talang Kab. Solok Prov. Sumatera Barat,Kab. Solok,,Sumatera Barat
20253274,SMAS ISLAM TERPADU RIYADLUSSHOLIHIN,https://sekolah.data.kemdikbud.go.id/index.php/Chome/profil/8ACF8C63-48AA-4BF9-8B38-103BE076148F,Kp. Kubangsalawe Tawangbanteng Tawangbanteng Kec. Sukaratu Kab. Tasikmalaya Prov. Jawa Barat,Kab. Tasikmalaya,,Jawa Barat
70047988,SMA MUHAMMADIYAH PULAU PETAK,https://sekolah.data.kemdikbud.go.id/index.php/Chome/profil/C00189D1-5C5C-4C4F-8545-103F528CE443,Jl. Aghatis No. 01 Desa Saka Lagun Kec. ... Sakalagun Kec. Pulau Petak Kab. Kapuas Prov. Kalimantan Tengah,Kab. Kapuas,,Kalimantan Tengah
10825009,SMAS AL HIDAYAH SINAR HARAPAN,https://sekolah.data.kemdikbud.go.id/index.php/Chome/profil/E45CA90A-05B1-433B-AF1D-1042BB14C0B0,JL. HI. NAWI GANG HASANUDIN Sinar Harapan Kec. Sungkai Barat Kab. Lampung Utara Prov. Lampung,Kab. Lampung Utara,,Lampung
40311940,SMAS KR KONDO SAPATA,https://sekolah.data.kemdikbud.go.id/index.php/Chome/profil/15C8ED3E-EB52-4C85-BB5F-1042BDF4CAB5,JL. SUNGAI SADDANG 2 NO. 5 Maradekaya Selatan Kec. Makasar Kota Makassar Prov. Sulawesi Selatan,,Kota Makassar,Sulawesi Selatan
69950235,UPTD SMA NEGERI 2 CAMPALAGIAN,https://sekolah.data.kemdikbud.go.id/index.php/Chome/profil/AAA42C8B-9B27-470A-A4A7-10461079926F,Katumbangan Katumbangan Kec. Campalagian Kab. Polewali Mandar Prov. Sulawesi Barat,Kab. Polewali Mandar,,Sulawesi Barat
20517711,SMAS WIDYA DHARMA TUREN,https://sekolah.data.kemdikbud.go.id/index.php/Chome/profil/9646B82D-D568-4574-96A8-10523B55D5C2,JL. MAYOR DAMAR 167 TUREN Turen Kec. Turen Kab. Malang Prov. Jawa Timur,Kab. Malang,,Jawa Timur
20533621,SMAS KRISTEN KALAM KUDUS,https://sekolah.data.kemdikbud.go.id/index.php/Chome/profil/B2417602-362D-4898-ABF8-1057634C4F02,JL. PROF. MOH. YAMIN 47 Sukoharjo Kec. Klojen Kota Malang Prov. Jawa Timur,,Kota Malang,Jawa Timur
69888391,SMA PLUS RIYADHUDZ DZAKIRIN ASY SYADZILIYAH (RDz.A) BOGAK,https://sekolah.data.kemdikbud.go.id/index.php/Chome/profil/9894DC86-F85F-4D57-8301-105E594294AF,Jln. TGH. M. Faesal Bogak Kecamatan Pray... Tiwugalih Kec. Praya Kab. Lombok Tengah Prov. Nusa Tenggara Barat,Kab. Lombok Tengah,,Nusa Tenggara Barat
70039258,SMA YPK MASA DEPAN CERAH,https://sekolah.data.kemdikbud.go.id/index.php/Chome/profil/82FEAFB8-5399-4F36-A036-10606C00E2D1,Kompleks Veteran Kamundu Kec. Merauke Kab. Merauke Prov. Papua Selatan,Kab. Merauke,,Papua Selatan
30313820,SMAN 1 KELUMPANG BARAT,https://sekolah.data.kemdikbud.go.id/index.php/Chome/profil/5A250A4E-B44D-49F9-AB3C-106074726795,Jl. Provinsi Km. 350 Desa Batang Kulur Batang Kulur Kec. Kelumpang Barat Kab. Kotabaru Prov. Kalimantan Selatan,Kab. Kotabaru,,Kalimantan Selatan
20401126,SMAN 1 PRAMBANAN,https://sekolah.data.kemdikbud.go.id/index.php/Chome/profil/5FE191FE-ADD5-47E1-9D9D-1062BE72D6E0,JL. Prambanan - Piyungan KM.4 Madu Rejo Kec. Prambanan Kab. Sleman Prov. D.I. Yogyakarta,Kab. Sleman,,D.I. Yogyakarta
10403995,SMAS DATUK BATU HAMPAR,https://sekolah.data.kemdikbud.go.id/index.php/Chome/profil/7754B61C-FC64-4A27-8DBD-106447A1A9E0,JL.HANGTUAH GG.SOPONYONO NO. 1 Sail Kec. Tenayan Raya Kota Pekanbaru Prov. Riau,,Kota Pekanbaru,Riau
70038404,SMA KATOLIK HATI KUDUS YESUS WEE KOMBAKA,https://sekolah.data.kemdikbud.go.id/index.php/Chome/profil/645CFAF3-ACFA-43D5-98E9-106D5E8EDAB6,"Jln. Wee Kombaka, Desa Wee Kombaka, Keca... Wee Kombaka Kec. Wewewa Barat Kab. Sumba Barat Daya Prov. Nusa Tenggara Timur",Kab. Sumba Barat Daya,,Nusa Tenggara Timur
20522643,SMAN 1 KAPONGAN,https://sekolah.data.kemdikbud.go.id/index.php/Chome/profil/402BE4BA-2F60-48A2-9EA6-106EAD71D719,JL. RAYA BANYUWANGI Landangan Kec. Kapongan Kab. Situbondo Prov. Jawa Timur,Kab. Situbondo,,Jawa Timur
30112529,SMA NEGERI 3 SIMPANG HILIR,https://sekolah.data.kemdikbud.go.id/index.php/Chome/profil/31979E84-9E7F-45D7-B929-106F8E149FF3,Jalan Ampera Rantau Panjang Kec. Simpang Hilir Kab. Kayong Utara Prov. Kalimantan Barat,Kab. Kayong Utara,,Kalimantan Barat
69822749,SMAN 1 PALELEH BARAT,https://sekolah.data.kemdikbud.go.id/index.php/Chome/profil/EDBCDE7A-C62C-4AEF-A4BE-1070573B6BEA,Jl. Malaitom No. 2 Timbulon Kec. Paleleh Barat Kab. Buol Prov. Sulawesi Tengah,Kab. Buol,,Sulawesi Tengah
69988971,SMA IT DARUL IKHLAS PAGARALAM,https://sekolah.data.kemdikbud.go.id/index.php/Chome/profil/E1E81A91-1738-405C-8538-1070A4B85EF9,Jl. Serma Somad RT.021 RW.06 Basemah Serasan Kec. Pagar Alam Selatan Kota Pagar Alam Prov. Sumatera Selatan,,Kota Pagar Alam,Sumatera Selatan
69880767,SMA NURUL HUDA,https://sekolah.data.kemdikbud.go.id/index.php/Chome/profil/4AD57BB3-A2FE-44A3-BA95-1072CC0E1AA5,Jl. H. Moh. Zahri Dusun Kerbuyan Tramok Kec. Kokop Kab. Bangkalan Prov. Jawa Timur,Kab. Bangkalan,,Jawa Timur
50103877,SMAS TUNAS DAUD,https://sekolah.data.kemdikbud.go.id/index.php/Chome/profil/C5B3D3AD-B2BB-41E8-946D-107C9D3999A2,JL. KEBO IWA UTARA NO. 8 DENPASAR Padangsambian Kaja Kec. Denpasar Barat Kota Denpasar Prov. Bali,,Kota Denpasar,Bali
10643901,SMAN BINGIN TELUK,https://sekolah.data.kemdikbud.go.id/index.php/Chome/profil/0E9D75D7-CAB4-48EB-90BF-10800B1A0A07,JL. PANGERAN MOHD AKIB Beringin Makmur II Kec. Rawas IIlir Kab. Musi Rawas Utara Prov. Sumatera Selatan,Kab. Musi Rawas Utara,,Sumatera Selatan
10212200,SMAS NURUL ILMI,https://sekolah.data.kemdikbud.go.id/index.php/Chome/profil/35992C03-1891-48F1-AAC7-108E2530B36B,Jl. BM. Muda No. 05 Silandit Padang Matinggi Lestari Kec. Padang Sidimpuan Selatan Kota Padang Sidempuan Prov. Sumatera Utara,,Kota Padang Sidempuan,Sumatera Utara
10900893,SMAS MUHAMMADIYAH TOBOALI,https://sekolah.data.kemdikbud.go.id/index.php/Chome/profil/F18E63B8-49DA-4544-8CEC-10905D8A7B54,JL. JEND. SUDIRMAN TOBOALI TOBOALI Toboali Kab. Bangka Selatan Prov. Kepulauan Bangka Belitung,Kab. Bangka Selatan,,Kepulauan Bangka Belitung
10504586,SMAN 10 KOTA JAMBI,https://sekolah.data.kemdikbud.go.id/index.php/Chome/profil/EEEA8271-C1A7-4B6A-9303-1091912347C2,JL. DEPATI PARBO Pematang Sulur Kec. Telanai Pura Kota Jambi Prov. Jambi,,Kota Jambi,Jambi
20535452,SMAS SHALAHUDDIN,https://sekolah.data.kemdikbud.go.id/index.php/Chome/profil/DAF6C700-F869-41F4-ABF3-1093C254A87E,JL. DR. WAHIDIN SUDIROHUSODO NO 45 Petamanan Kec. Panggungrejo Kota Pasuruan Prov. Jawa Timur,,Kota Pasuruan,Jawa Timur
20506330,SMAS RAUDLATUL MUTA`ALIMIN,https://sekolah.data.kemdikbud.go.id/index.php/Chome/profil/FBF48836-9D32-4641-89BD-10971B5B7744,JL. Raya Gembong DUSUN Tegalrejo DESA Da... Datinawong Kec. Babat Kab. Lamongan Prov. Jawa Timur,Kab. Lamongan,,Jawa Timur
69899230,SMA NEGERI 2 LADONGI,https://sekolah.data.kemdikbud.go.id/index.php/Chome/profil/7AA6CC8B-34BF-49E2-B67B-10983F40CC15,"DESA PUTEMATA, KECAMATAN LADONGI, KABUPA... Putemata KEC. LADONGI Kab. Kolaka Timur Prov. Sulawesi Tenggara",Kab. Kolaka Timur,,Sulawesi Tenggara
40308326,SMAN 9 MAROS,https://sekolah.data.kemdikbud.go.id/index.php/Chome/profil/DB6C949A-5336-4D77-B0F9-109FE5C75194,JL. Pattene Dusun Ujung bulo Pabentengan Kec. Marusu Kab. Maros Prov. Sulawesi Selatan,Kab. Maros,,Sulawesi Selatan
50303793,SMA PGRI WAINGAPU,https://sekolah.data.kemdikbud.go.id/index.php/Chome/profil/5761FF10-9DF4-4246-B5F3-10A07B5A6072,JL.UMBU TIPUK MARISI 11 WAINGAPU Matawai Kec. Kota Waingapu Kab. Sumba Timur Prov. Nusa Tenggara Timur,Kab. Sumba Timur,,Nusa Tenggara Timur
70052446,SMA Islam Al-Tibyan,https://sekolah.data.kemdikbud.go.id/index.php/Chome/profil/BA5D419E-9859-40DB-9142-10A1E9CBD747,Jl. Tambak - Carenang Kp. Pasir Tegal RT... Ketos Kec. Kibin Kab. Serang Prov. Banten,Kab. Serang,,Banten
20616086,SMAS MATHLA UL FALAH,https://sekolah.data.kemdikbud.go.id/index.php/Chome/profil/E419735A-F0C6-4877-BF53-10A2F340EDC8,JL. KYAI ADUNG NO. 1 LEMPUYANG Lempuyang Kec. Tanara Kab. Serang Prov. Banten,Kab. Serang,,Banten
30404576,SMAN 1 SANGATTA UTARA,https://sekolah.data.kemdikbud.go.id/index.php/Chome/profil/C3B851CF-211F-4B7C-BF18-10B26ECE8BFC,JL. A. WAHAB SYAHRANI Teluk Lingga Kec. Sangatta Utara Kab. Kutai Timur Prov. Kalimantan Timur,Kab. Kutai Timur,,Kalimantan Timur
69960851,SMA ALHIDAYAH,https://sekolah.data.kemdikbud.go.id/index.php/Chome/profil/E1C8567F-63EB-4978-AEF5-10B6EB11A5EB,TOGOLIUA Togoliua Kec. Tobelo Barat Kab. halmahera Utara Prov. Maluku Utara,Kab. halmahera Utara,,Maluku Utara
20100214,SMAS YAPERMAS JAKARTA,https://sekolah.data.kemdikbud.go.id/index.php/Chome/profil/33F919CD-17B2-4E45-8809-10CA41230DBF,JL. ANYER NO. 7 JAKARTA Menteng Kec. Menteng Kota Adm. Jakarta Pusat Prov. D.K.I. Jakarta,,Kota Adm. Jakarta Pusat,D.K.I. Jakarta
50204015,SMAN 1 PALIBELO,https://sekolah.data.kemdikbud.go.id/index.php/Chome/profil/6A4C7228-62DA-4767-9EDC-10CC6AE36236,JL SYEKH SUBUH PALIBELO BIMA RAGI Kec. Palibelo Kab. Bima Prov. Nusa Tenggara Barat,Kab. Bima,,Nusa Tenggara Barat
69877491,SMA SWASTA BINA HARAPAN ULUNEHO,https://sekolah.data.kemdikbud.go.id/index.php/Chome/profil/43D029B3-A97D-43DB-A7FC-10CDC87EFA7E,Desa Orahili Eho Kecamatan Amandraya Kab... Orahili Eho Kec. Amandraya Kab. Nias Selatan Prov. Sumatera Utara,Kab. Nias Selatan,,Sumatera Utara
69889026,SMAS TERPADU PELITA BANGSA,https://sekolah.data.kemdikbud.go.id/index.php/Chome/profil/BDA1DDB1-53C2-46B2-AB6B-10D309096436,Kp. Blukbuk RT.01/02 Pantaibahagia Kec. Muara Gembong Kab. Bekasi Prov. Jawa Barat,Kab. Bekasi,,Jawa Barat
30305438,SMAN 1 PARINGIN,https://sekolah.data.kemdikbud.go.id/index.php/Chome/profil/39371B8A-91E8-428A-9E17-10D556268431,JL. A. YANI KOMP. PENDIDIKAN BATU PIRING Batu Piring Kec. Paringin Selatan Kab. Balangan Prov. Kalimantan Selatan,Kab. Balangan,,Kalimantan Selatan
20238008,SMAS BINA BANGSA SUKATANI,https://sekolah.data.kemdikbud.go.id/index.php/Chome/profil/D7A1A0DD-4139-45C4-B1E4-10D98A521366,JL. RAYA SUKATANI NO. 21 SUKATANI BEKASI Sukadarma Kec. Sukatani Kab. Bekasi Prov. Jawa Barat,Kab. Bekasi,,Jawa Barat
70050707,SMA - IT DARUL ULUM INDRAGIRI,https://sekolah.data.kemdikbud.go.id/index.php/Chome/profil/66FD053C-8A45-425D-8EA9-10DC46332A34,Jalan Pesantren Kampung Pulau Kec. Rengat Kab. Indragiri Hulu Prov. Riau,Kab. Indragiri Hulu,,Riau
50308594,SMAN 1 ELAR,https://sekolah.data.kemdikbud.go.id/index.php/Chome/profil/392E97A0-0D78-414E-B5E4-10E249C98736,"Golo Ndoko, RT 001, RW 002 Tiwu Kondo Kec. Elar Kab. Manggarai Timur Prov. Nusa Tenggara Timur",Kab. Manggarai Timur,,Nusa Tenggara Timur
40102010,SMAS MUHAMMADIYAH RATATOTOK,https://sekolah.data.kemdikbud.go.id/index.php/Chome/profil/5404F19B-D8D5-4741-BD7B-10E3D8AE473A,JL. J. W. LASUT Ratatotok Dua Kec. Ratatotok Kab. Minahasa Tenggara Prov. Sulawesi Utara,Kab. Minahasa Tenggara,,Sulawesi Utara
20614868,SMAS NURUL FALAH RAJEG,https://sekolah.data.kemdikbud.go.id/index.php/Chome/profil/664DC643-7161-4DF2-B194-10F23EA8E44F,KP. JUNGKEL RT. 06/02 Tanjakan Mekar Kec. Rajeg Kab. Tangerang Prov. Banten,Kab. Tangerang,,Banten
10110605,SMA NEGERI 2 KAWAY XVI,https://sekolah.data.kemdikbud.go.id/index.php/Chome/profil/D5667D14-1B66-4512-A409-10F3C84682D7,JL. MEULABOH - TUTUT Pasi Kumbang Kec. Kaway XVI Kab. Aceh Barat Prov. Aceh,Kab. Aceh Barat,,Aceh
69867993,SMA SWASTA NANYANG ZHI HUI,https://sekolah.data.kemdikbud.go.id/index.php/Chome/profil/BF037160-877F-4191-B089-10FDE7F2B110,Jl. Abdullah Lubis No.15 Medan D A R A T Kec. Medan Baru Kota Medan Prov. Sumatera Utara,,Kota Medan,Sumatera Utara
69987840,SMA FRANCIS,https://sekolah.data.kemdikbud.go.id/index.php/Chome/profil/4C9723E9-4B12-4DBE-B111-110008C41435,TreePark Apartemens & Commercial Jl. Sun... Lengkong Gudang Kec. Serpong Kota Tangerang Selatan Prov. Banten,,Kota Tangerang Selatan,Banten
50310786,SMAS ILE APE,https://sekolah.data.kemdikbud.go.id/index.php/Chome/profil/9A34536E-99BC-45D3-B0CF-1100AFAF22E8,Kolontobo Kolontobo Kec. Ile Ape Kab. Lembata Prov. Nusa Tenggara Timur,Kab. Lembata,,Nusa Tenggara Timur
10402072,SMAN 1 TANAH MERAH,https://sekolah.data.kemdikbud.go.id/index.php/Chome/profil/1E468354-CD8E-4061-842E-1102E479B32B,JL. PERINTIS UTAMA NO.2 TANAH MERAH Tanah Merah Kec. Tanah Merah Kab. Indragiri Hilir Prov. Riau,Kab. Indragiri Hilir,,Riau
40301547,SMAN 2 TAKALAR,https://sekolah.data.kemdikbud.go.id/index.php/Chome/profil/C4F703B8-63DF-4988-8490-1103387572AB,JL. Ranggong Dg. Romo Pappa Kec. Pattallassang Kab. Takalar Prov. Sulawesi Selatan,Kab. Takalar,,Sulawesi Selatan
20214978,SMAS PGRI PLUMBON,https://sekolah.data.kemdikbud.go.id/index.php/Chome/profil/B316ADE6-87F1-4C20-A19E-1103ACDBAE9E,JL. BALAI DESA KARANGMULYA Karangmulya Kec. Plumbon Kab. Cirebon Prov. Jawa Barat,Kab. Cirebon,,Jawa Barat
20529953,SMA PGRI SUMENEP,https://sekolah.data.kemdikbud.go.id/index.php/Chome/profil/906CD3A2-E271-41C1-9ED6-1106E7655409,JL. KH. MANSYUR NO.43 Kacongan Kec. Kota Sumenep Kab. Sumenep Prov. Jawa Timur,Kab. Sumenep,,Jawa Timur
70049025,SMA NEGERI 9 IRANMEBA,https://sekolah.data.kemdikbud.go.id/index.php/Chome/profil/8B33176E-AD2C-4CAE-B619-11099756CE29,Jalan Poros Didohu Iranmeba Kec. Didohu Kab. Pegunungan Arfak Prov. Papua Barat,Kab. Pegunungan Arfak,,Papua Barat
69888687,SMA AL-BAITUL ATIIQ,https://sekolah.data.kemdikbud.go.id/index.php/Chome/profil/E954C6A8-12E0-4222-9FC5-111571C2A74F,JL. RAHADI ISMAIL Desa Padang Padang Kec. Benua Kayong Kab. Ketapang Prov. Kalimantan Barat,Kab. Ketapang,,Kalimantan Barat
70024292,SMA GUNUNG MADU,https://sekolah.data.kemdikbud.go.id/index.php/Chome/profil/4AE9FD02-EAD9-4EB5-9610-111F0FB82E38,JL. Raya Menggala KM. 90 Gunung Batin Ba... Gunung Batin Baru Kec. Terusan Nunyai Kab. Lampung Tengah Prov. Lampung,Kab. Lampung Tengah,,Lampung
20271683,SMA MUHAMMADIYAH CIKELET,https://sekolah.data.kemdikbud.go.id/index.php/Chome/profil/CDAC0637-C0D2-477A-895F-1125290118C2,JL. Cikelet No. 242 Cieurih - Cikelet - ... Cikelet Kec. Cikelet Kab. Garut Prov. Jawa Barat,Kab. Garut,,Jawa Barat
69992897,SMA ISLAM TERPADU SAMAWA CENDEKIA SUMBAWA,https://sekolah.data.kemdikbud.go.id/index.php/Chome/profil/926CB2DF-790A-4997-87DA-112C03AE06A2,Komplek Villa Matahari Dusun Padak - Lab... Labuan Sumbawa Kec. Labuhan Badas Kab. Sumbawa Prov. Nusa Tenggara Barat,Kab. Sumbawa,,Nusa Tenggara Barat
50219662,SMAS SYEKH ZAINUDDIN,https://sekolah.data.kemdikbud.go.id/index.php/Chome/profil/2E024A99-DFF1-413D-A03A-11310E10A86C,DESA TEPAL Tepal Kec. Batulanteh Kab. Sumbawa Prov. Nusa Tenggara Barat,Kab. Sumbawa,,Nusa Tenggara Barat
69988478,SMA Plus Farid as-Sholeh NW Negeri Lama,https://sekolah.data.kemdikbud.go.id/index.php/Chome/profil/6135457D-5B37-43FF-BB3D-113AB331477E,Negeri Lama Negeri Lama Kec. Bokat Kab. Buol Prov. Sulawesi Tengah,Kab. Buol,,Sulawesi Tengah
10645049,SMA KARYA SEMBAWA,https://sekolah.data.kemdikbud.go.id/index.php/Chome/profil/E1129892-5C30-4751-9DBA-114332A39823,JL. PETERNAKAN No. 43 KM. 29 Lalang Sembawa Kec. Sembawa Kab. Banyuasin Prov. Sumatera Selatan,Kab. Banyuasin,,Sumatera Selatan
69888565,SMA LENTERA MENTAWAI,https://sekolah.data.kemdikbud.go.id/index.php/Chome/profil/AF5AA632-601E-4573-A8CD-114E77CDF818,Kecamatan Siberut Selatan Maileppet Kec. Siberut Selatan Kab. Kepulauan Mentawai Prov. Sumatera Barat,Kab. Kepulauan Mentawai,,Sumatera Barat
20584068,SMA PLUS NAHDLATUL WATHAN,https://sekolah.data.kemdikbud.go.id/index.php/Chome/profil/77861F2E-BBA6-4CA9-88E2-114F19DC6A21,DS. PALESANGGAR Palesanggar Kec. Pegantenan Kab. Pamekasan Prov. Jawa Timur,Kab. Pamekasan,,Jawa Timur
20511955,SMA NEGERI 1 NGADILUWIH KABUPATEN KEDIRI,https://sekolah.data.kemdikbud.go.id/index.php/Chome/profil/EF4DEF1F-C17A-48F3-8462-11515C8A1BBD,JL. PUSKESMAS BRANGGAHAN NGADILUWIH Branggahan Kec. Ngadiluwih Kab. Kediri Prov. Jawa Timur,Kab. Kediri,,Jawa Timur
10646365,SMAN 2 PULAU RIMAU,https://sekolah.data.kemdikbud.go.id/index.php/Chome/profil/4AEDABB5-C366-4B63-B32E-1153530A3616,JL. NAVIGASI SELAT KUNINGAN Sumber Mukti Kec. Pulau Rimau Kab. Banyuasin Prov. Sumatera Selatan,Kab. Banyuasin,,Sumatera Selatan
69786227,UPTD SMAN 1 LARIANG,https://sekolah.data.kemdikbud.go.id/index.php/Chome/profil/5ED27BFF-C977-4218-875E-1161D1C78A47,JALAN PENDIDIKAN Batu Matoru Kec. Lariang Kab. Pasangkayu Prov. Sulawesi Barat,Kab. Pasangkayu,,Sulawesi Barat
69986554,SMA KRISTEN PENABUR KOTA JABABEKA,https://sekolah.data.kemdikbud.go.id/index.php/Chome/profil/D2CD0092-CF22-4179-9A17-1171F9B397F0,Jl. Douwes Dekker No. 1 Mekarmukti Kec. Cikarang Utara Kab. Bekasi Prov. Jawa Barat,Kab. Bekasi,,Jawa Barat
20238437,SMAN 1 SINDANGKASIH,https://sekolah.data.kemdikbud.go.id/index.php/Chome/profil/71DE45B7-B142-4266-B956-1183D8C4BA14,JL. RAYA SINDANGKASIH CIKONENG CIAMIS Sindangkasih Kec. Sindangkasih Kab. Ciamis Prov. Jawa Barat,Kab. Ciamis,,Jawa Barat
70004669,SMA INTEGRAL AL MUZZAMMIL,https://sekolah.data.kemdikbud.go.id/index.php/Chome/profil/B8FAE7BE-A8F3-4E05-A42C-11894D17C35A,JL.SILKAR Giri Mukti Kec. Penajam Kab. Penajam Paser Utara Prov. Kalimantan Timur,Kab. Penajam Paser Utara,,Kalimantan Timur
10113258,SMAN 2 UNGGUL ALI HASJMY,https://sekolah.data.kemdikbud.go.id/index.php/Chome/profil/D6986C08-D1DD-4ED0-91C5-118DD7B5D870,JL. B. ACEH - MEDAN KM. 22 Lam Ilie Ganto Kec. Indrapuri Kab. Aceh Besar Prov. Aceh,Kab. Aceh Besar,,Aceh
10210906,SMAS METHODIST 8 MEDAN,https://sekolah.data.kemdikbud.go.id/index.php/Chome/profil/DCD29B8B-EE32-4EED-BDAD-1193E5604539,JL. KL. YOS SUDARSO NO. 166 A Glugur Kota Kec. Medan Barat Kota Medan Prov. Sumatera Utara,,Kota Medan,Sumatera Utara
30201460,SMAN 2 SAMPIT,https://sekolah.data.kemdikbud.go.id/index.php/Chome/profil/1FC595EA-910F-4948-ACF9-1194654DF19A,JL. Gunung Kerinci No. 3 Sampit Baamang Tengah Kec. Baamang Kab. Kotawaringin Timur Prov. Kalimantan Tengah,Kab. Kotawaringin Timur,,Kalimantan Tengah
70029866,SMA Daarut Tauhiid Boarding School Putri,https://sekolah.data.kemdikbud.go.id/index.php/Chome/profil/192AA471-667A-446A-B03E-11951176FD2A,Jl. Gegerkalong Girang No. 67 Gegerkalong Kec. Sukasari Kota Bandung Prov. Jawa Barat,,Kota Bandung,Jawa Barat
10210706,SMAS DWIWARNA,https://sekolah.data.kemdikbud.go.id/index.php/Chome/profil/22B377DB-4858-4266-8D61-119541F4E0E1,JL. GEDUNG ARCA NO. 52 Teladan Barat Kec. Medan Kota Kota Medan Prov. Sumatera Utara,,Kota Medan,Sumatera Utara
20251780,SMAS ISLAM MUSYAWARAH,https://sekolah.data.kemdikbud.go.id/index.php/Chome/profil/3BACA287-362B-48DD-B7D2-119C3230A996,"JL. BARU AJAK KM. 14,6 LEMBANG Lembang Kec. Lembang Kab. Bandung Barat Prov. Jawa Barat",Kab. Bandung Barat,,Jawa Barat
10214105,SMAS ANDREAS SUNGGAL,https://sekolah.data.kemdikbud.go.id/index.php/Chome/profil/2091FC68-D125-45BE-9178-11A01DE3ED91,JL. PENDAWA NO.50 Purwodadi Kec. Sunggal Kab. Deli Serdang Prov. Sumatera Utara,Kab. Deli Serdang,,Sumatera Utara
40402857,SMAN 1 ABUKI,https://sekolah.data.kemdikbud.go.id/index.php/Chome/profil/73466BFA-BC97-4580-8FC5-11A5D11CFB78,JL. BUNDUWULA YUSUF NO. 1 Sambeani Kec. Abuki Kab. Konawe Prov. Sulawesi Tenggara,Kab. Konawe,,Sulawesi Tenggara
60201917,SMA NEGERI 3 PULAU MOROTAI,https://sekolah.data.kemdikbud.go.id/index.php/Chome/profil/41112713-2A0F-4C32-94BD-11A7925F7BE3,JL. WAYABULA Wayabula Kec. Morotai Selatan Barat Kab. Pulau Morotai Prov. Maluku Utara,Kab. Pulau Morotai,,Maluku Utara
70044612,SMA ISLAM AL IZHAR CENDEKIA MAKASSAR,https://sekolah.data.kemdikbud.go.id/index.php/Chome/profil/8B6FBA3C-C512-4FAA-A4C9-11A9F4C3309C,Jl. Urip Sumoharjo No 20. Gedung Graha P... Pampang Kec. Panakukkang Kota Makassar Prov. Sulawesi Selatan,,Kota Makassar,Sulawesi Selatan
70053632,SMA ISLAM BIDAYATUL HIDAYAH,https://sekolah.data.kemdikbud.go.id/index.php/Chome/profil/D169F5E9-891D-4A29-BC56-11AEE9532939,Jln. Adi Sucipto Dayan Peken Kec. Ampenan Kota Mataram Prov. Nusa Tenggara Barat,,Kota Mataram,Nusa Tenggara Barat
69971546,SMA Terpadu Al-Azhar Takengon,https://sekolah.data.kemdikbud.go.id/index.php/Chome/profil/1308C796-0538-466C-9964-11B49BEB09A8,Jln.  Takengon-Blang Kejeren Km. 10 Paya Jeget Kec. Pegasing Kab. Aceh Tengah Prov. Aceh,Kab. Aceh Tengah,,Aceh
10204255,SMA SWASTA NASIONAL PETATAL,https://sekolah.data.kemdikbud.go.id/index.php/Chome/profil/C1884F69-0DA6-49F0-B045-11B5B4855B77,JL. SIMPANG TELUK BAYUR Petatal Kec. Talawi Kab. Batu Bara Prov. Sumatera Utara,Kab. Batu Bara,,Sumatera Utara
20231334,SMAN 1 PAMIJAHAN,https://sekolah.data.kemdikbud.go.id/index.php/Chome/profil/C84CEA27-38E8-4DA5-A763-11B6A1F5586D,JL. Gunung Salak Endah km. 03 Gunung Sari Kec. Pamijahan Kab. Bogor Prov. Jawa Barat,Kab. Bogor,,Jawa Barat
70042966,SMA IT UTSMAN BIN AFFAN,https://sekolah.data.kemdikbud.go.id/index.php/Chome/profil/1B643326-834A-4401-AFE7-11B6DB04130B,Jl. Dg. Manrapi BTN Bumi Samalewa Permai Samalewa Kec. Bungoro Kab. Pangkajene Dan Kepulauan Prov. Sulawesi Selatan,Kab. Pangkajene Dan Kepulauan,,Sulawesi Selatan
69734190,SMA NEGERI 2 SIOTAPINA,https://sekolah.data.kemdikbud.go.id/index.php/Chome/profil/68C2E7FB-0311-4483-A1C4-11B78ACD8DCA,"JALAN LINTAS DESA, GUNUNG JAYA GUNUNG JAYA Kec. Siontapia Kab. Buton Prov. Sulawesi Tenggara",Kab. Buton,,Sulawesi Tenggara
69774868,SMA NEGERI 10 SELUMA,https://sekolah.data.kemdikbud.go.id/index.php/Chome/profil/B192B6DE-1DF9-4007-9424-11BC56FBBBE3,Padang Kuas Padang Kuas Kec. Sukaraja Kab. Seluma Prov. Bengkulu,Kab. Seluma,,Bengkulu
10208057,SMAN 1 TAMBANGAN,https://sekolah.data.kemdikbud.go.id/index.php/Chome/profil/403111D8-B212-4650-A8D6-11C0267AB55F,JL. MEDAN PADANG Laru Lombang Kec. Tambangan Kab. Mandailing Natal Prov. Sumatera Utara,Kab. Mandailing Natal,,Sumatera Utara
20328871,SMA UNGGULAN NURUL ISLAMI,https://sekolah.data.kemdikbud.go.id/index.php/Chome/profil/8AB34608-886E-46CC-8DD8-11C0D1C4DFE4,Ds. Rejosari Wonolopo Kec. Mijen Kota Semarang Prov. Jawa Tengah,,Kota Semarang,Jawa Tengah
20217358,SMAN 1 SUKATANI,https://sekolah.data.kemdikbud.go.id/index.php/Chome/profil/2B9D743F-5AFD-4923-B62B-11C4BD25583B,JL. JATI JAJAR NO. 20 Sukatani Kec. Sukatani Kab. Purwakarta Prov. Jawa Barat,Kab. Purwakarta,,Jawa Barat
30103477,SMAN 1 MATAN HILIR SELATAN,https://sekolah.data.kemdikbud.go.id/index.php/Chome/profil/71775037-5804-4B60-AAAD-11C53650D32D,"Jl. Provinsi, Ketapang-Kendawangan, Km. ... Pesaguan Kanan Kec. Matan Hilir Selatan Kab. Ketapang Prov. Kalimantan Barat",Kab. Ketapang,,Kalimantan Barat
69946940,SMA NEGERI 5 GORONTALO,https://sekolah.data.kemdikbud.go.id/index.php/Chome/profil/8DE9F1A6-BB73-4700-A0F3-11C8DE0946E5,Jalan Kutai Tamalate Kec. Kota Timur Kota Gorontalo Prov. Gorontalo,,Kota Gorontalo,Gorontalo
60401366,SMA NEGERI 2 KABUPATEN SORONG,https://sekolah.data.kemdikbud.go.id/index.php/Chome/profil/6DB4D563-D456-4279-8C90-11C9C4C2ABEF,JL.NANGKA MALAWILI Aimas Kec. Aimas Kab. Sorong Prov. Papua Barat Daya,Kab. Sorong,,Papua Barat Daya
40104643,SMAN 2 SIAU BARAT,https://sekolah.data.kemdikbud.go.id/index.php/Chome/profil/97D0104F-265F-4251-83BD-11CAAB0A0A1D,MAKALEHI MAKALEHI TIMUR Kec. Siau Barat Kab. Kep. Siau Tagulandang Biaro Prov. Sulawesi Utara,Kab. Kep. Siau Tagulandang Biaro,,Sulawesi Utara
10805045,SMAN 1 GADINGREJO,https://sekolah.data.kemdikbud.go.id/index.php/Chome/profil/9FA6DEEB-317D-42B2-921D-11D4EC1D01ED,JL. RAYA TEGAL SARI NO. 001 TEGALSARI Kec. Gadingrejo Kab. Pringsewu Prov. Lampung,Kab. Pringsewu,,Lampung
10493897,SMAN 2 BANGKO PUSAKO,https://sekolah.data.kemdikbud.go.id/index.php/Chome/profil/6CF03D45-EBA8-4B23-B3A7-11DAC652F53E,BANGKO KANAN Bangko Kanan Kec. Bangko Pusako Kab.  Rokan Hilir Prov. Riau,Kab.  Rokan Hilir,,Riau
20252048,SMAS PGRI TAKOKAK,https://sekolah.data.kemdikbud.go.id/index.php/Chome/profil/D84120FA-DA61-4088-9474-11DB29E118AC,Jl. Pahlawan No. 5 Pasawahan Kec. Takokak Kab. Cianjur Prov. Jawa Barat,Kab. Cianjur,,Jawa Barat
10645030,SMAN 1 BELITANG III,https://sekolah.data.kemdikbud.go.id/index.php/Chome/profil/C317E0FA-0D51-4504-8903-11E3D3F30CBE,DESA NUSA BAKTI Nusa Bakti Kec. Belitang III Kab. Ogan Komering Ulu Timur Prov. Sumatera Selatan,Kab. Ogan Komering Ulu Timur,,Sumatera Selatan
20220546,SMAS AL AZHAR PLUS,https://sekolah.data.kemdikbud.go.id/index.php/Chome/profil/54FAFAD4-F70D-481F-8999-11E472D84331,Jl. Sindang Barang No. 219 Bogor Barat Sindangbarang Kec. Kota Bogor Barat Kota Bogor Prov. Jawa Barat,,Kota Bogor,Jawa Barat
20616291,SMAS ATHALIA,https://sekolah.data.kemdikbud.go.id/index.php/Chome/profil/3C1AC25B-BE9D-4038-A999-11E87D016806,REGENSI MELATI MAS BLOK. B14 Pondok Jagung Kec. Serpong Utara Kota Tangerang Selatan Prov. Banten,,Kota Tangerang Selatan,Banten
30105074,SMA KATOLIK SANTU PETRUS PONTIANAK,https://sekolah.data.kemdikbud.go.id/index.php/Chome/profil/333E455E-7DBC-433D-8FCC-11EF3D5CA1B1,Jl. K.S. Tubun No. 3 Akcaya Kec. Pontianak Selatan Kota Pontianak Prov. Kalimantan Barat,,Kota Pontianak,Kalimantan Barat
69915801,SMAN 21 BATAM,https://sekolah.data.kemdikbud.go.id/index.php/Chome/profil/F4B6E49A-784A-4D85-822F-11F18EAF6D59,Bukit Smart Punggur Kabil Kec. Nongsa Kota Batam Prov. Kepulauan Riau,,Kota Batam,Kepulauan Riau
10807062,SMAN 16 BANDAR LAMPUNG,https://sekolah.data.kemdikbud.go.id/index.php/Chome/profil/63215046-E125-4E7E-B5D3-11F579CC61BC,JL.DARUSSALAM Susunan Baru Kec. Tanjung Karang Barat Kota Bandar Lampung Prov. Lampung,,Kota Bandar Lampung,Lampung
69786924,SMA NURUL USMANI,https://sekolah.data.kemdikbud.go.id/index.php/Chome/profil/A7A2ACD9-75BE-4EB2-B538-11F9E3F62F4F,Kamp. Congaban Lombang Dajah Lombang Daya Kec. Blega Kab. Bangkalan Prov. Jawa Timur,Kab. Bangkalan,,Jawa Timur
70040907,SMAS TAHFIZH HIDAYATULLAH,https://sekolah.data.kemdikbud.go.id/index.php/Chome/profil/EC885FE5-338D-4EC5-89C3-11FDF914F651,Jl. Pesantren Hidayatullah RT.004 RW. 00... Teru Kec. Simpang Katis Kab. Bangka Tengah Prov. Kepulauan Bangka Belitung,Kab. Bangka Tengah,,Kepulauan Bangka Belitung
20401121,SMAN 1 TURI,https://sekolah.data.kemdikbud.go.id/index.php/Chome/profil/3AA9EEE6-94E5-42D2-9065-12085C22FD56,"GUNUNGANYAR, DONOKERTO Donokerto Kec. Turi Kab. Sleman Prov. D.I. Yogyakarta",Kab. Sleman,,D.I. Yogyakarta
69955116,SMAN 3 TUMIJAJAR,https://sekolah.data.kemdikbud.go.id/index.php/Chome/profil/3D0B5F85-1979-4D08-82F3-1219570B1BBC,TIYUH MAKARTI Makarti Kec. Tumijajar Kab. Tulang Bawang Barat Prov. Lampung,Kab. Tulang Bawang Barat,,Lampung
20219726,SMAS KARTIKA XIX-3,https://sekolah.data.kemdikbud.go.id/index.php/Chome/profil/3AAE9849-AAEE-4BEC-BCBD-121D59783FA1,JL. ACEH NO. 108 Merdeka Kec. Sumur Bandung Kota Bandung Prov. Jawa Barat,,Kota Bandung,Jawa Barat
20534386,SMA NEGERI 4 KOTA KEDIRI,https://sekolah.data.kemdikbud.go.id/index.php/Chome/profil/2BB15CFF-3CFD-4664-B313-121D86F0F2D8,JL. SERSAN SUHARMAJI IX/52 Manisrenggo Kec. Kota Kediri Kota Kediri Prov. Jawa Timur,,Kota Kediri,Jawa Timur
50309282,SMAN 3 SAMBI RAMPAS,https://sekolah.data.kemdikbud.go.id/index.php/Chome/profil/36DE4B3A-96FC-45EB-B62C-1222F5CB618F,NGKOLONG Rana Mese Kec. Sambi Rampas Kab. Manggarai Timur Prov. Nusa Tenggara Timur,Kab. Manggarai Timur,,Nusa Tenggara Timur
10505076,SMAN 9 TANJUNG JABUNG  BARAT,https://sekolah.data.kemdikbud.go.id/index.php/Chome/profil/351C7938-065B-4934-8754-122F779F6B22,JL. LINTAS TIMUR SUMATERA KM.157 DUSUN KEBON Kec. Batang Asam Kab. Tanjung Jabung Barat Prov. Jambi,Kab. Tanjung Jabung Barat,,Jambi
20227869,SMAN 1 CIPONGKOR,https://sekolah.data.kemdikbud.go.id/index.php/Chome/profil/D32F8093-AF30-4ECA-BD14-12322F04689E,JL. PLTA SAGULING DS. SARINAGEN KEC. CIP... Sarinagen Kec. Cipongkor Kab. Bandung Barat Prov. Jawa Barat,Kab. Bandung Barat,,Jawa Barat
30312527,SMAS ABD KADIR,https://sekolah.data.kemdikbud.go.id/index.php/Chome/profil/5F19025F-4DE1-4513-ADB6-12335BBB4569,JL. GUNUNG TIMAH RT. 14 RW. 005 Tanjung Dewa Kec. Panyipatan Kab. Tanah Laut Prov. Kalimantan Selatan,Kab. Tanah Laut,,Kalimantan Selatan
10645018,SMAS PGRI BETUNG,https://sekolah.data.kemdikbud.go.id/index.php/Chome/profil/5479E863-4582-490F-996C-123C2D691E26,JL. TAJA RAYA LINGKUNGAN II Rimba Asam Kec. Betung Kab. Banyuasin Prov. Sumatera Selatan,Kab. Banyuasin,,Sumatera Selatan
69841143,SMA NU AL FUDLOLI,https://sekolah.data.kemdikbud.go.id/index.php/Chome/profil/47267F00-BF8C-4C0F-BA1C-1240D49B9831,Jl. Raya Ganjaran No. 06 Gondanglegi Ganjaran Kec. Gondanglegi Kab. Malang Prov. Jawa Timur,Kab. Malang,,Jawa Timur
20551879,SMAS NAHDATUL ULAMA,https://sekolah.data.kemdikbud.go.id/index.php/Chome/profil/521BC4DF-77B7-42E7-844F-12468883BD4A,JL. INTAN NO. 7 Bangselok Kec. Kota Sumenep Kab. Sumenep Prov. Jawa Timur,Kab. Sumenep,,Jawa Timur
20501706,SMAN 1 SIDOARJO,https://sekolah.data.kemdikbud.go.id/index.php/Chome/profil/3CEDFC8C-A4ED-4A3C-BAE0-124A6379D749,JL. JENGGOLO NO. 1 Sidoarjo Pucang Kec. Sidoarjo Kab. Sidoarjo Prov. Jawa Timur,Kab. Sidoarjo,,Jawa Timur
20517792,SMAS DHARMA WANITA 1 BULULAWANG,https://sekolah.data.kemdikbud.go.id/index.php/Chome/profil/3476DAA1-3949-4BF8-BD4E-124ABF4125D5,JL. RAYA BAKALAN 120 BULULAWANG Bakalan Kec. Bululawang Kab. Malang Prov. Jawa Timur,Kab. Malang,,Jawa Timur
40304505,SMAN 1 SINJAI,https://sekolah.data.kemdikbud.go.id/index.php/Chome/profil/87ABE707-BE12-4949-BE1E-124DB4F81D7E,JL. PERS. RAYA NO. 13 Balangnipa Kec. Sinjai Utara Kab. Sinjai Prov. Sulawesi Selatan,Kab. Sinjai,,Sulawesi Selatan
50204731,SMAN 2 KOTA BIMA,https://sekolah.data.kemdikbud.go.id/index.php/Chome/profil/704E8EAC-3694-4401-98BE-125453EF66B2,JL. GARUDA RABA BIMA Lewirato Kec. Mpunda Kota Bima Prov. Nusa Tenggara Barat,,Kota Bima,Nusa Tenggara Barat
10609719,SMA TUNAS BANGSA PALEMBANG,https://sekolah.data.kemdikbud.go.id/index.php/Chome/profil/4C252679-E71F-4849-9BC3-1255D251F499,JL. RESIDEN H. ABDUL ROZAK PLG 8 Ilir Kec. Ilir Timur II Kota Palembang Prov. Sumatera Selatan,,Kota Palembang,Sumatera Selatan
69961902,SMA NEGERI 13 SIGI,https://sekolah.data.kemdikbud.go.id/index.php/Chome/profil/A173A84C-BC7E-4ABE-B737-125B0C4CBF86,DESA PEANA. Peana Kec. Pipikoro Kab. Sigi Prov. Sulawesi Tengah,Kab. Sigi,,Sulawesi Tengah
20614413,SMAN 18 KABUPATEN TANGERANG,https://sekolah.data.kemdikbud.go.id/index.php/Chome/profil/C893BF6E-BA82-4056-B22E-125E2D4EE2D0,JL. RAYA PEMDA Mata Gara Kec. Tiga raksa Kab. Tangerang Prov. Banten,Kab. Tangerang,,Banten
20101339,SMAS BAPTIS CENGKARENG INDAH,https://sekolah.data.kemdikbud.go.id/index.php/Chome/profil/786CE415-874B-4BCD-8521-126CDF6F0E1C,KOMPLEK PERUM CENGKARENG INDAH BLOK GB/0... Kapuk Kec. Cengkareng Kota Adm. Jakarta Barat Prov. D.K.I. Jakarta,,Kota Adm. Jakarta Barat,D.K.I. Jakarta
60201668,SMA NEGERI 12 HALMAHERA SELATAN,https://sekolah.data.kemdikbud.go.id/index.php/Chome/profil/0F53FFE7-0A57-4B86-902D-127AAF2FBCEF,Jln. Siswa Busua Kec. Kayoa Barat Kab. Halmahera Selatan Prov. Maluku Utara,Kab. Halmahera Selatan,,Maluku Utara
69969195,SMAN 1 KAPETAKAN,https://sekolah.data.kemdikbud.go.id/index.php/Chome/profil/CED18D63-FB4C-472E-AE82-12847F29507C,Jl. Sunan Gunung Jati Pegagan Lor Kec. Kapetakan Kab. Cirebon Prov. Jawa Barat,Kab. Cirebon,,Jawa Barat
20222363,SMAS WINDU WACANA CIREBON,https://sekolah.data.kemdikbud.go.id/index.php/Chome/profil/B56F64C4-BE45-4493-883A-1284D19BF31F,JL. PANGERAN DRAJAT Drajat Kec. Kesambi Kota Cirebon Prov. Jawa Barat,,Kota Cirebon,Jawa Barat
69822791,SMAN 1 KAMBERA,https://sekolah.data.kemdikbud.go.id/index.php/Chome/profil/63BD8345-2BA6-4210-BAFB-128D4642E743,Jl. Tana Wurung Lambanapu Kec. Kambera Kab. Sumba Timur Prov. Nusa Tenggara Timur,Kab. Sumba Timur,,Nusa Tenggara Timur
70052820,Sekolah Menengah Atas Hikmatul Falah Jelateng,https://sekolah.data.kemdikbud.go.id/index.php/Chome/profil/8B3DC8DB-4E69-40F7-AFF9-1290C8FF1E8C,Jln. Raya Jelateng Timur Sekotong Timur Kec. Lembar Kab. Lombok Barat Prov. Nusa Tenggara Barat,Kab. Lombok Barat,,Nusa Tenggara Barat
10603856,SMA NEGERI 19 PALEMBANG,https://sekolah.data.kemdikbud.go.id/index.php/Chome/profil/22732455-7A5A-4456-B68B-129898C6947F,JL. GUBERNUR H. AHMAD BASTARI PALEMBANG 15 Ulu Kec. Seberang Ulu I Kota Palembang Prov. Sumatera Selatan,,Kota Palembang,Sumatera Selatan
20238521,SMAS YPH PLUS,https://sekolah.data.kemdikbud.go.id/index.php/Chome/profil/88B9C1CC-AD75-48F6-8195-12998713655F,JL.DEKENG NO.45A Genteng Kec. Kota Bogor Selatan Kota Bogor Prov. Jawa Barat,,Kota Bogor,Jawa Barat
60101017,SMA TARBIYAH AIRBUAYA,https://sekolah.data.kemdikbud.go.id/index.php/Chome/profil/46E071AE-AE9C-42BD-B020-1299BA8F523F,DESA AIRBUAYA Air Buaya Kec. Airbuaya Kab. Buru Prov. Maluku,Kab. Buru,,Maluku
10104275,SMA Negeri 1 Bendahara,https://sekolah.data.kemdikbud.go.id/index.php/Chome/profil/B6E973F5-A741-44E4-8F24-129A09929266,JL. SUNGAI IYU-UPAH KM. 5 SEUNEUBOK DALAM MESJID Kec. Bendahara Kab. Aceh Tamiang Prov. Aceh,Kab. Aceh Tamiang,,Aceh
40403343,SMAN 11 KONAWE SELATAN,https://sekolah.data.kemdikbud.go.id/index.php/Chome/profil/2D2C4567-9EDD-49AF-82C2-129B93953B33,JL. POROS KENDARI-MOTAHA LANDONO Kec. Landono Kab. Konawe Selatan Prov. Sulawesi Tenggara,Kab. Konawe Selatan,,Sulawesi Tenggara
69949037,SMA Negeri 5 Simeulue Barat,https://sekolah.data.kemdikbud.go.id/index.php/Chome/profil/FE7BAF78-2DF4-4D82-BC8C-129F9791DBE1,Jln. Lingkar Simeulue Amabaan Kec. Simeulue Barat Kab. Simeulue Prov. Aceh,Kab. Simeulue,,Aceh
20605107,SMAN 1 KIBIN,https://sekolah.data.kemdikbud.go.id/index.php/Chome/profil/BEE3F9A7-7065-4446-936F-12A5891010F3,JL. RAYA JAKARTA KM. 20 KIBIN Kibin Kec. Kibin Kab. Serang Prov. Banten,Kab. Serang,,Banten
20229163,SMAS MUHAMMADIYAH PANCORAN MAS,https://sekolah.data.kemdikbud.go.id/index.php/Chome/profil/86431660-913C-45FF-B841-12A60DBE5C7C,JL. RAYA SAWANGAN NO.112 Pancoran Mas Kec. Pancoran Mas Kota Depok Prov. Jawa Barat,,Kota Depok,Jawa Barat
20214976,SMAS PUI GEGESIK,https://sekolah.data.kemdikbud.go.id/index.php/Chome/profil/8559D8AF-BD1A-424B-80A5-12A6100D9C5E,JL. RAYA KI PANUNGGUL Panunggul Kec. Gegesik Kab. Cirebon Prov. Jawa Barat,Kab. Cirebon,,Jawa Barat
60100326,SMA Negeri 16 Maluku Tengah,https://sekolah.data.kemdikbud.go.id/index.php/Chome/profil/68258977-A30D-49CB-814B-12AFB0432FEF,JL. MARAKEE NO.1 Pelauw Kec. Pulau Haruku Kab. Maluku Tengah Prov. Maluku,Kab. Maluku Tengah,,Maluku
69953395,SMA ISLAM TERPADU DAARUL MUKHTARIN,https://sekolah.data.kemdikbud.go.id/index.php/Chome/profil/79C8D37F-8CC9-4241-93F2-12AFD9A8FCDD,Jln.Kh.Moh.Dahlan Kp.Nunut Ds.Tanjakan M... Tanjakan Mekar Kec. Rajeg Kab. Tangerang Prov. Banten,Kab. Tangerang,,Banten
10259718,SMAS PURNA YUDHA SEI RAKYAT,https://sekolah.data.kemdikbud.go.id/index.php/Chome/profil/A6BBA98B-C243-43A9-BAD8-12B56F6CD260,DESA SEI RAKYAT Sei Rakyat Kec. Panai Tengah Kab. Labuhanbatu Prov. Sumatera Utara,Kab. Labuhanbatu,,Sumatera Utara
10645015,SMAS AL MASHRI PANGKALAN BALAI,https://sekolah.data.kemdikbud.go.id/index.php/Chome/profil/343EED79-63C3-4100-A3B7-12B9F7EA922C,JL. MERDEKA NO.100 PANGKALAN BALAI Pangkalan Balai Kec. Banyuasin III Kab. Banyuasin Prov. Sumatera Selatan,Kab. Banyuasin,,Sumatera Selatan
20107298,SMAS GITA KIRTTI 3 JAKARTA,https://sekolah.data.kemdikbud.go.id/index.php/Chome/profil/C73FD90E-02CF-4D4C-9273-12BD4D7234C5,JL. BRI RADIO DALAM Gandaria Utara Kec. Kebayoran Baru Kota Adm. Jakarta Selatan Prov. D.K.I. Jakarta,,Kota Adm. Jakarta Selatan,D.K.I. Jakarta
20605108,SMAN 1 Kramatwatu,https://sekolah.data.kemdikbud.go.id/index.php/Chome/profil/E40C1557-A327-4476-8FC7-12BE24C243BF,JL. PANCORAN 1 Pelamunan Kec. Kramatwatu Kab. Serang Prov. Banten,Kab. Serang,,Banten
20318342,SMA NEGERI 1 DONOROJO,https://sekolah.data.kemdikbud.go.id/index.php/Chome/profil/818A2F6E-3419-4843-BC14-12C314717030,Desa Tulakan RT. 01 RW. 01 Tulakan Kec. Donorojo Kab. Jepara Prov. Jawa Tengah,Kab. Jepara,,Jawa Tengah
50101667,SMAS KATOLIK THOMAS AQUINO,https://sekolah.data.kemdikbud.go.id/index.php/Chome/profil/922982C2-BB46-40AC-954C-12CE40E9569A,JL. RAYA KAPAL-MUNGGU Kapal Kec. Mengwi Kab. Badung Prov. Bali,Kab. Badung,,Bali
30302137,SMAN 4 BARABAI,https://sekolah.data.kemdikbud.go.id/index.php/Chome/profil/1CF4B8F1-E30E-409A-AED8-12D0B6F3A508,JL. SURAPATI BANUA JINGAH Banua Jingah Kec. Barabai Kab. Hulu Sungai Tengah Prov. Kalimantan Selatan,Kab. Hulu Sungai Tengah,,Kalimantan Selatan
10901468,SMAN 1 KEP. PONGOK,https://sekolah.data.kemdikbud.go.id/index.php/Chome/profil/68C794D6-168B-45B7-ABF0-12D16058E3C4,JL. PADANG BOLA PONGOK Desa Pongok Kepulauan Pongok Kab. Bangka Selatan Prov. Kepulauan Bangka Belitung,Kab. Bangka Selatan,,Kepulauan Bangka Belitung
69786433,SMAN 2 SAMALANTAN,https://sekolah.data.kemdikbud.go.id/index.php/Chome/profil/EBBD1D1B-6F8C-41CF-85EB-12DF3F9FC522,JALAN RAYA BENGKAYANG Pasti Jaya Kec. Samalantan Kab. Bengkayang Prov. Kalimantan Barat,Kab. Bengkayang,,Kalimantan Barat
30203489,SMA Negeri 5 PALANGKA RAYA,https://sekolah.data.kemdikbud.go.id/index.php/Chome/profil/71FA8561-2B13-4E73-814D-12DFEC163FE9,JL. TINGANG KM 3.5 Palangka Kec. Jekan Raya Kota Palangka Raya Prov. Kalimantan Tengah,,Kota Palangka Raya,Kalimantan Tengah
10502399,SMAN 3 SUNGAI PENUH,https://sekolah.data.kemdikbud.go.id/index.php/Chome/profil/3DB60850-2F05-4A86-AF07-12E094D4E2DC,Jl. Muradi Desa Baru Srimenanti Kecamata... Baru Srimenanti Kec. Koto Baru Kota Sungai Penuh Prov. Jambi,,Kota Sungai Penuh,Jambi
60100974,SMA Negeri 1 Buru Selatan,https://sekolah.data.kemdikbud.go.id/index.php/Chome/profil/9D29BC3B-1F53-4923-A346-12E74AEBEA20,WAMSISI Wamsisi Kec. Waesama Kab. Buru Selatan Prov. Maluku,Kab. Buru Selatan,,Maluku
20400868,SMAS ISLAM PRAMBANAN,https://sekolah.data.kemdikbud.go.id/index.php/Chome/profil/DE3420D6-6A8A-4616-A442-12E8F62CEEE3,JL. RAYA KLURAK BARU Boko Harjo Kec. Prambanan Kab. Sleman Prov. D.I. Yogyakarta,Kab. Sleman,,D.I. Yogyakarta
20523804,SMAS PGRI KENCONG,https://sekolah.data.kemdikbud.go.id/index.php/Chome/profil/0D1D6D16-5909-468B-80CA-12E926F6D9CE,JL. KERINCI 01 Kencong Kec. Kencong Kab. Jember Prov. Jawa Timur,Kab. Jember,,Jawa Timur
20500662,SMAS AL MUNIROH,https://sekolah.data.kemdikbud.go.id/index.php/Chome/profil/AED74539-FB30-447D-8372-12EEEFB6BA3D,JL. PENDIDIKAN NO. 01 PANGKAH WETAN Pangkah Wetan Kec. Ujung Pangkah Kab. Gresik Prov. Jawa Timur,Kab. Gresik,,Jawa Timur
20319328,SMAS ABDI NEGARA KARANG TENGAH,https://sekolah.data.kemdikbud.go.id/index.php/Chome/profil/B740FF55-970B-4427-8336-12EF52EF7C0E,JL. SULTAN PATAH BUYARAN DEMAK Karangsari Kec. Karang Tengah Kab. Demak Prov. Jawa Tengah,Kab. Demak,,Jawa Tengah
20605359,SMAS MUHAMMADIYAH KOTA SRG,https://sekolah.data.kemdikbud.go.id/index.php/Chome/profil/45A385F7-25B8-4387-9280-12F31602735A,JL. EMPAT LIMA NO. 23 SERANG Serang Kec. Serang Kota Serang Prov. Banten,,Kota Serang,Banten
69904787,SMA NEGERI 1 BONEGUNU,https://sekolah.data.kemdikbud.go.id/index.php/Chome/profil/FF371F67-0600-4E7C-8D0A-12F55310BBE2,Een Sumala Een Sumala Kec. Bonegunu Kab. Buton Utara Prov. Sulawesi Tenggara,Kab. Buton Utara,,Sulawesi Tenggara
20319324,SMAS FUTUHIYYAH MRANGGEN,https://sekolah.data.kemdikbud.go.id/index.php/Chome/profil/9547831E-D741-446F-B4D2-12F8C972A8FA,JL. RAYA MRANGGEN NO. 89 Mranggen Kec. Mranggen Kab. Demak Prov. Jawa Tengah,Kab. Demak,,Jawa Tengah
20525832,SMAS DARUSSALAM,https://sekolah.data.kemdikbud.go.id/index.php/Chome/profil/1C7E5377-2EFC-459D-850C-13070F540C79,JL.PON.PES DARUSSALAM Karangdoro Kec. Tegalsari Kab. Banyuwangi Prov. Jawa Timur,Kab. Banyuwangi,,Jawa Timur
10701819,SMA NEGERI 1 KAUR,https://sekolah.data.kemdikbud.go.id/index.php/Chome/profil/5EEEB338-8B25-4C5D-9D8E-13079C9BD419,JL. SEKUNYIT BINTUHAN Sekunyit Kec. Kaur Selatan Kab. Kaur Prov. Bengkulu,Kab. Kaur,,Bengkulu
10303906,SMAN 3 PAYAKUMBUH,https://sekolah.data.kemdikbud.go.id/index.php/Chome/profil/124E0C09-0119-4D91-8D40-1310B6BB4BD3,JL. R.A. KARTINI Nan Kodok Kec. Payakumbuh Utara Kota Payakumbuh Prov. Sumatera Barat,,Kota Payakumbuh,Sumatera Barat
69899623,SMA Pesantren Gedongan,https://sekolah.data.kemdikbud.go.id/index.php/Chome/profil/0B9C1F3E-F5F9-40FA-909B-13169D20EB1B,Pondok Pesantren Gedongan Ender Kec. Pangenan Kab. Cirebon Prov. Jawa Barat,Kab. Cirebon,,Jawa Barat
69901305,SMA IT AL AULIYA,https://sekolah.data.kemdikbud.go.id/index.php/Chome/profil/08FA5F7F-FA63-496F-BA25-13190C1F3429,MT. HARYONO RT. 43 GRAHA INDAH Kec. Balikpapan Utara Kota Balikpapan Prov. Kalimantan Timur,,Kota Balikpapan,Kalimantan Timur
10100187,SMA NEGERI 1 SUKAMAKMUR,https://sekolah.data.kemdikbud.go.id/index.php/Chome/profil/8E32D55F-E786-4DEE-A86E-13238781031B,JL.BANDA ACEH-MEDAN KM.15 Reuhat Tuha Kec. Suka Makmur Kab. Aceh Besar Prov. Aceh,Kab. Aceh Besar,,Aceh
69752279,SMAN 1 TENJOLAYA,https://sekolah.data.kemdikbud.go.id/index.php/Chome/profil/B98C5B98-1877-47B9-B49E-1327DEF69F68,JL. ABDUL FATAH Tapos 1 Kec. Tenjolaya Kab. Bogor Prov. Jawa Barat,Kab. Bogor,,Jawa Barat
20216952,SMAN 3 SUBANG,https://sekolah.data.kemdikbud.go.id/index.php/Chome/profil/DC4BD37C-8006-44D5-9341-13282AA6435C,JL. EMO KURNIAATMAJA NO. 1 SUBANG Pasirkareumbi Kec. Subang Kab. Subang Prov. Jawa Barat,Kab. Subang,,Jawa Barat
60300352,SMA YPPK YOS SUDARSO BIAK,https://sekolah.data.kemdikbud.go.id/index.php/Chome/profil/87933D00-36BF-4AA0-A37F-132C288FD282,JL. PETRUS KAFIAR  RIDGE 1 Brambaken Kec. Samofa Kab. Biak Numfor Prov. Papua,Kab. Biak Numfor,,Papua
69922135,SMA IT MAROKO,https://sekolah.data.kemdikbud.go.id/index.php/Chome/profil/F8019F41-B8A1-4521-B41D-132C67C313AA,Kp. Sukawangi RT 01/08 Maroko Kec. Cibalong Kab. Garut Prov. Jawa Barat,Kab. Garut,,Jawa Barat
10400358,SMA NEGERI 2 BANGKINANG KOTA,https://sekolah.data.kemdikbud.go.id/index.php/Chome/profil/9DE33F0A-5344-42EE-8332-1334DA797826,JL.  A. RAHMAN SALEH NO. 55 BANGKINANG Kec. Bangkinang Kota Kab. Kampar Prov. Riau,Kab. Kampar,,Riau
70053450,SMA NEGERI 1 PASIR JAMBU,https://sekolah.data.kemdikbud.go.id/index.php/Chome/profil/B72ED136-A427-4D76-A21D-13356E085E62,Kampung Tabrik Margamulya Kec. Pasirjambu Kab. Bandung Prov. Jawa Barat,Kab. Bandung,,Jawa Barat
60401121,SMAS YPK FAKFAK,https://sekolah.data.kemdikbud.go.id/index.php/Chome/profil/8776FA5A-0C84-44D4-AC79-1342945FB2BE,JL. NICOLAS KABES FAKFAK WAGOM UTARA Kec. Fak-fak Kab. Fak Fak Prov. Papua Barat,Kab. Fak Fak,,Papua Barat
40303663,SMAN 1 SOPPENG,https://sekolah.data.kemdikbud.go.id/index.php/Chome/profil/05D69293-62CF-43DC-B65D-13431329D96E,Jl. Samudra No. 2 Botto Kec. Lalabata Kab. Soppeng Prov. Sulawesi Selatan,Kab. Soppeng,,Sulawesi Selatan
40501681,SMAN 1 DULUPI,https://sekolah.data.kemdikbud.go.id/index.php/Chome/profil/826AF579-B8EC-4852-9D87-1347900ED4EA,JL. KENARI NO. 155 Dulupi Kec. Dulupi Kab. Boalemo Prov. Gorontalo,Kab. Boalemo,,Gorontalo
10645827,SMAS PRATAMA PUTRA,https://sekolah.data.kemdikbud.go.id/index.php/Chome/profil/E09D91D1-4524-4B3F-B77D-134ACD2F6CEA,DESA SUKARAJA - KARANG AGUNG ULU Sukaraja P.Rimau Kec. Tungkal Ilir Kab. Banyuasin Prov. Sumatera Selatan,Kab. Banyuasin,,Sumatera Selatan
30400554,SMAN 2 SENDAWAR,https://sekolah.data.kemdikbud.go.id/index.php/Chome/profil/79CCAA9C-6F87-4320-A8EC-134F33A59F72,JL. Pendidikan RT. XIV Kel. Simpang Raya... Simpang Raya Kec. Barong Tongkok Kab. Kutai Barat Prov. Kalimantan Timur,Kab. Kutai Barat,,Kalimantan Timur
10504159,SMAN 3 TANJUNG JABUNG TIMUR,https://sekolah.data.kemdikbud.go.id/index.php/Chome/profil/F60AF23C-703D-40D0-88DF-13521D0C6C6C,JL. MERDEKA NIPAH PANJANG II Nipah Panjang Ii Kec. Nipah Panjang Kab. Tanjung Jabung Timur Prov. Jambi,Kab. Tanjung Jabung Timur,,Jambi
20200686,SMADWIWARNA,https://sekolah.data.kemdikbud.go.id/index.php/Chome/profil/171D6575-C245-4DB5-8D98-1353FC56AC48,Jalan Raya Parung Km. 40 Pamager Sari Kec. Parung Kab. Bogor Prov. Jawa Barat,Kab. Bogor,,Jawa Barat
69990569,SMA LA TAHZAN RANGKASBITUNG,https://sekolah.data.kemdikbud.go.id/index.php/Chome/profil/E9EBA7CC-FEEB-4086-ABCB-135519AEB406,Jl. Prof. Dr. Ir. Sutami KM. 07 Kp. Kala... Citeras Kec. Rangkasbitung Kab. Lebak Prov. Banten,Kab. Lebak,,Banten
10601445,SMAN 2 KIKIM TENGAH,https://sekolah.data.kemdikbud.go.id/index.php/Chome/profil/B5228DE8-49EE-4B88-9AB4-1358ED3DA663,JLN. SUKARAJA DESA PURBA MAS KEC. KIKIM ... Purbamas Kec. Kikim Tengah Kab. Lahat Prov. Sumatera Selatan,Kab. Lahat,,Sumatera Selatan
50303425,SMAN 1 CIBAL,https://sekolah.data.kemdikbud.go.id/index.php/Chome/profil/33D6C0DF-0F75-4662-870C-1360FFB428B0,"Jl.Ruteng-Reo, Km.18, Bealeba,Desa Nenu,... Nenu Kec. Cibal Kab. Manggarai Prov. Nusa Tenggara Timur",Kab. Manggarai,,Nusa Tenggara Timur
20313832,SMAS KRISTEN PURWODADI,https://sekolah.data.kemdikbud.go.id/index.php/Chome/profil/AD308638-6576-4F12-A13E-1364C3BA1521,JL. KAPT. PA. TENDEAN NO. 15 Purwodadi Kec. Purwodadi Kab. Grobogan Prov. Jawa Tengah,Kab. Grobogan,,Jawa Tengah
69967963,SMAS AL ANWAR,https://sekolah.data.kemdikbud.go.id/index.php/Chome/profil/2BFF2849-9DC3-47B6-905D-1367CE267DCF,Jln. Lintas Serdang Jaya - Kuala Betara Teluk Kulbi Kec. Betara Kab. Tanjung Jabung Barat Prov. Jambi,Kab. Tanjung Jabung Barat,,Jambi
30104902,SMAS PGRI 1 NANGA PINOH,https://sekolah.data.kemdikbud.go.id/index.php/Chome/profil/D040082C-86A8-4BE8-8A37-136D06479145,JL. KOTA BARU KM. 1 NANGA PINOH Tanjung Niaga Kec. Nanga Pinoh Kab. Melawi Prov. Kalimantan Barat,Kab. Melawi,,Kalimantan Barat
10110879,SMA NEGERI 2 SINABANG,https://sekolah.data.kemdikbud.go.id/index.php/Chome/profil/63955E9E-2877-412A-AF6E-1370D15D9C97,JL. BARU NO. 17 Suka Karya Kec. Simeulue Timur Kab. Simeulue Prov. Aceh,Kab. Simeulue,,Aceh
30109708,SMAN 3 BENGKAYANG,https://sekolah.data.kemdikbud.go.id/index.php/Chome/profil/97882EC3-2A6A-4058-9E01-1375F0993ED3,JL.Bambang Ismoyo Bumi Emas Kec. Bengkayang Kab. Bengkayang Prov. Kalimantan Barat,Kab. Bengkayang,,Kalimantan Barat
10609676,SMA PGRI 02 PALEMBANG,https://sekolah.data.kemdikbud.go.id/index.php/Chome/profil/A511BEF3-33FF-4A9C-BF3B-1375FB965CEE,JL. JEND. A YANI PALEMBANG 9/10 Ulu Kec. Seberang Ulu I Kota Palembang Prov. Sumatera Selatan,,Kota Palembang,Sumatera Selatan
20522640,SMAN 1 SITUBONDO,https://sekolah.data.kemdikbud.go.id/index.php/Chome/profil/EC9558AF-20BB-4374-B2AB-137759EBE6CA,JL. PB. SUDIRMAN NO. 5A Patokan Kec. Situbondo Kab. Situbondo Prov. Jawa Timur,Kab. Situbondo,,Jawa Timur
10110632,SMA NEGERI BUNGA BANGSA,https://sekolah.data.kemdikbud.go.id/index.php/Chome/profil/476F4D22-4867-489A-848F-137A3F55B59F,Jln. Nasional Suka Makmue - Blang Pidie Lamie Kec. Darul Makmur Kab. Nagan Raya Prov. Aceh,Kab. Nagan Raya,,Aceh
69966243,SMAN 1 SUHAID,https://sekolah.data.kemdikbud.go.id/index.php/Chome/profil/F8DAF327-7B88-4363-A632-137A872CB021,JL. MUNGGUK MANDAI NO.2 Nanga Suhaid Kec. Suhaid Kab. Kapuas Hulu Prov. Kalimantan Barat,Kab. Kapuas Hulu,,Kalimantan Barat
30303638,SMAN 1 SUNGAI LOBAN,https://sekolah.data.kemdikbud.go.id/index.php/Chome/profil/1497523A-C3E3-4743-9DB3-137E0CE02FF8,Sebamban I Blok A RT. 03 RW. 01 Sari Mulya Kec. Sungai Loban Kab. Tanah Bumbu Prov. Kalimantan Selatan,Kab. Tanah Bumbu,,Kalimantan Selatan
20244763,SMAN 1 SUKAKARYA,https://sekolah.data.kemdikbud.go.id/index.php/Chome/profil/5790EE77-73CB-4496-B0C8-13803C2967B6,JL. RAYA SUKAMAKMUR KEC. SUKAKARYA KAB. ... Sukamakmur Kec. Sukakarya Kab. Bekasi Prov. Jawa Barat,Kab. Bekasi,,Jawa Barat
40313202,SMAS PESANTREN PUTRI YATAMA MANDIRI,https://sekolah.data.kemdikbud.go.id/index.php/Chome/profil/8CE76CBF-A810-43E1-94F0-1380EEB67B17,JL. BASO DG. NGAWING KOMP. BTN RESTIKA I... Tetebatu Kec. Pallangga Kab. Gowa Prov. Sulawesi Selatan,Kab. Gowa,,Sulawesi Selatan
10403691,SMAN 1 SINGINGI,https://sekolah.data.kemdikbud.go.id/index.php/Chome/profil/5241554B-E198-4DCE-A43B-1384EEE2BBA6,JL. JEND. SUDIRMAN NO. 175 Muara Lembu Kec. Singingi Kab. Kuantan Singingi Prov. Riau,Kab. Kuantan Singingi,,Riau
20515427,SMAN 1 REJOTANGAN,https://sekolah.data.kemdikbud.go.id/index.php/Chome/profil/2A9234EC-10FB-442C-9308-138BEDAB65B5,JL. RAYA BUNTARAN Buntaran Kec. Rejotangan Kab. Tulungagung Prov. Jawa Timur,Kab. Tulungagung,,Jawa Timur
70050629,SMA ISLAM FITRAH AL FIKRI,https://sekolah.data.kemdikbud.go.id/index.php/Chome/profil/D4CD055D-A303-495C-A24C-1391F752BD57,Jl. Raden Saleh Studio Alam TVRI Sukmaja... Sukmajaya Kec. Sukmajaya Kota Depok Prov. Jawa Barat,,Kota Depok,Jawa Barat
20515452,SMAS PGRI KALANGBRET,https://sekolah.data.kemdikbud.go.id/index.php/Chome/profil/874716DC-090D-48BE-BD0D-13967E77AA65,JL.PAPANDAYAN NO.12 Kauman Kec. Kauman Kab. Tulungagung Prov. Jawa Timur,Kab. Tulungagung,,Jawa Timur
70052433,"SMA PLUS MANBA""UL HIKMAH",https://sekolah.data.kemdikbud.go.id/index.php/Chome/profil/05543958-105C-459B-B157-139A17FE57D1,Jl. Cagak Kp. Cibatu RT.003 RW.002 Cibatu Kec. Cikembar Kab. Sukabumi Prov. Jawa Barat,Kab. Sukabumi,,Jawa Barat
10214161,SMA SWASTA ROKITA SARI,https://sekolah.data.kemdikbud.go.id/index.php/Chome/profil/786CB6C9-FB18-4DCC-8ED5-139D75EADCD7,JL. KARYA NO.10 Bangun Purba Kec. Bangun Purba Kab. Deli Serdang Prov. Sumatera Utara,Kab. Deli Serdang,,Sumatera Utara
20317504,SMAS ISLAM SUDIRMAN KUDUS,https://sekolah.data.kemdikbud.go.id/index.php/Chome/profil/80CA9C3B-6271-4BC0-8F73-13A0338E00AE,JL. KUDUS - PATI KM. 8 TENGGELES Tenggeles Kec. Mejobo Kab. Kudus Prov. Jawa Tengah,Kab. Kudus,,Jawa Tengah
30305377,SMAN 1 UPAU,https://sekolah.data.kemdikbud.go.id/index.php/Chome/profil/ACCC5384-A694-4568-BCCF-13A4790F5023,JL. MTQ RT. IV NO. 109 Pangelak Kec. Upau Kab. Tabalong Prov. Kalimantan Selatan,Kab. Tabalong,,Kalimantan Selatan
69920547,SMA Negeri 13 Buru Selatan,https://sekolah.data.kemdikbud.go.id/index.php/Chome/profil/5B41FE83-8671-42D4-83E4-13C151C11CAD,Jl. La Ode Ilaya Nanali Kec. Kepala Madan Kab. Buru Selatan Prov. Maluku,Kab. Buru Selatan,,Maluku
60302886,SMAN 1 MIMIKA,https://sekolah.data.kemdikbud.go.id/index.php/Chome/profil/44303E5C-C27B-403D-9F87-13C1BCC99179,JL. YOS SUDARSO - SEMPAN Nawaripi Kec. Wania Kab. Mimika Prov. Papua Tengah,Kab. Mimika,,Papua Tengah
20108383,SMA SANTA URSULA,https://sekolah.data.kemdikbud.go.id/index.php/Chome/profil/84AA6179-9B09-4876-8396-13C853109410,JL. POS NO. 2 Pasar Baru Kec. Sawah Besar Kota Adm. Jakarta Pusat Prov. D.K.I. Jakarta,,Kota Adm. Jakarta Pusat,D.K.I. Jakarta
20403154,SMAS GOTONG ROYONG,https://sekolah.data.kemdikbud.go.id/index.php/Chome/profil/A4D883E3-533B-47E9-B0AF-13D3749FF99E,JL. TOMPEYAN 156 YOGYAKARTA Tegalrejo Kec. Tegalrejo Kota Yogyakarta Prov. D.I. Yogyakarta,,Kota Yogyakarta,D.I. Yogyakarta
69857937,SMAN 11 Kota Depok,https://sekolah.data.kemdikbud.go.id/index.php/Chome/profil/0958A1A9-5096-4932-A64D-13D4F3C7903C,Jl. Kemang II No. 11A Rt. 04 Rw. 09 Sukmajaya Kec. Sukmajaya Kota Depok Prov. Jawa Barat,,Kota Depok,Jawa Barat
69875548,SMAN 2 TANAH ABANG,https://sekolah.data.kemdikbud.go.id/index.php/Chome/profil/42E36FE3-3C7A-432E-8054-13D713AD8A0E,JALAN RAYA TANAH ABANG MODONG DESA SEDUP... Sedupi KEC. TANAH ABANG Kab. Penukal Abab Lematang Ilir Prov. Sumatera Selatan,Kab. Penukal Abab Lematang Ilir,,Sumatera Selatan
20101625,SMAN 16 JAKARTA,https://sekolah.data.kemdikbud.go.id/index.php/Chome/profil/729B9FF2-F7D8-4E9E-BDBB-13E0951D3A1B,JL. BELIBIS TERUSAN NO. 16 PALMERAH Kec. Palmerah Kota Adm. Jakarta Barat Prov. D.K.I. Jakarta,,Kota Adm. Jakarta Barat,D.K.I. Jakarta
70039898,SMA NEGERI 64 MALUKU TENGAH,https://sekolah.data.kemdikbud.go.id/index.php/Chome/profil/61E97080-251F-407B-B99C-13E181D67510,Desa Kulur Kulur Kec. Saparua Kab. Maluku Tengah Prov. Maluku,Kab. Maluku Tengah,,Maluku
70051566,SMA Swasta Dos Roha,https://sekolah.data.kemdikbud.go.id/index.php/Chome/profil/19CE77AF-02CE-40D6-9FD5-13E3AA8D9AEC,Jl. dr. Ferdinand Lumban Tobing Desa Pas... Pasaribu Kec. Doloksanggul Kab. Humbang Hasundutan Prov. Sumatera Utara,Kab. Humbang Hasundutan,,Sumatera Utara
20605091,SMAN 1 PETIR,https://sekolah.data.kemdikbud.go.id/index.php/Chome/profil/A83A6021-34D3-48E2-AD59-13EAC277968E,JL. RAYA BAROS - PETIR KM. 12 Petir Kec. Petir Kab. Serang Prov. Banten,Kab. Serang,,Banten
10259931,SMA SWASTA TAMAN SISWA BAH JAMBI,https://sekolah.data.kemdikbud.go.id/index.php/Chome/profil/D609C0CE-66AD-4E88-858F-14001E9507ED,"Jl. Cempaka, Pdk. Sejahtera Bah Jambi I Kec. Jawa Maraja Bah Jambi Kab. Simalungun Prov. Sumatera Utara",Kab. Simalungun,,Sumatera Utara
30303010,SMAN 1 KELUA,https://sekolah.data.kemdikbud.go.id/index.php/Chome/profil/2E5E29B8-142C-4846-8053-140398F5EF50,"JL. KARANGAN PUTIH KM. 4,5 Karangan Putih Kec. Kelua Kab. Tabalong Prov. Kalimantan Selatan",Kab. Tabalong,,Kalimantan Selatan
10208657,SMAN 1 KERAJAAN,https://sekolah.data.kemdikbud.go.id/index.php/Chome/profil/65CEC197-60EF-4F19-9F91-1403ECCAD4C5,JL. MBINANGA SITELLU KUTASAGA Kec. Kerajaan Kab. Pakpak Bharat Prov. Sumatera Utara,Kab. Pakpak Bharat,,Sumatera Utara
20229156,SMAS ISLAMIYAH SAWANGAN,https://sekolah.data.kemdikbud.go.id/index.php/Chome/profil/DB9843F3-EF21-48FE-B49F-14052CB72BE9,JL. RAYA MUKHTAR NO. 136 Sawangan Lama Kec. Sawangan Kota Depok Prov. Jawa Barat,,Kota Depok,Jawa Barat
10212556,SMAS NAHDLATUL ULAMA,https://sekolah.data.kemdikbud.go.id/index.php/Chome/profil/97945238-966B-482A-820D-140627D151AE,JL. SISINGAMANGARAJA NO. 18 Wek V Kec. Padang Sidimpuan Selatan Kota Padang Sidempuan Prov. Sumatera Utara,,Kota Padang Sidempuan,Sumatera Utara
20310435,SMAS VETERAN 1 SUKOHARJO,https://sekolah.data.kemdikbud.go.id/index.php/Chome/profil/1F5C7846-0A3D-4CC8-8683-140DFA16CFE7,JL. DR. MUWARDI NO. 84 Gayam Kec. Sukoharjo Kab. Sukoharjo Prov. Jawa Tengah,Kab. Sukoharjo,,Jawa Tengah
50205634,SMAS MUHAMMADIYAH MASBAGIK,https://sekolah.data.kemdikbud.go.id/index.php/Chome/profil/6C9620BA-FC08-4944-ABBD-140E531A050B,JL.PENDIDIKAN NO. 25 MASBAGIK Masbagik Selatan Kec. Masbagik Kab. Lombok Timur Prov. Nusa Tenggara Barat,Kab. Lombok Timur,,Nusa Tenggara Barat
70028641,SMA NASIONAL KPS,https://sekolah.data.kemdikbud.go.id/index.php/Chome/profil/DCB166ED-CBB3-4A9C-8F8A-142178D1D056,Jl. Sport No.1 RT.19 Prapatan Kec. Balikpapan Kota Kota Balikpapan Prov. Kalimantan Timur,,Kota Balikpapan,Kalimantan Timur
20219243,SMAN 11 BANDUNG,https://sekolah.data.kemdikbud.go.id/index.php/Chome/profil/5F6FA646-C9D7-4517-B540-14227F249EC7,Jalan Kembar Baru No. 23 Bandung Cigereleng Kec. Regol Kota Bandung Prov. Jawa Barat,,Kota Bandung,Jawa Barat
60400138,SMAN 1 RANSIKI,https://sekolah.data.kemdikbud.go.id/index.php/Chome/profil/42A9483D-653C-4CDE-8BB9-142348F87C04,"JL. S. CONDRONEGORO, SH Ransiki Kec. Ransiki Kab. Manokwari Selatan Prov. Papua Barat",Kab. Manokwari Selatan,,Papua Barat
50204517,SMAN 2 MATARAM,https://sekolah.data.kemdikbud.go.id/index.php/Chome/profil/32BBFE4A-062A-41CA-BED1-1426EBBB222F,JL. PANJI TILAR NEGARA 25 Kekalik Jaya Kec. Sekarbela Kota Mataram Prov. Nusa Tenggara Barat,,Kota Mataram,Nusa Tenggara Barat
10214148,SMA Swasta Perkumpulan Amal Bakti (PAB) 8 Saentis,https://sekolah.data.kemdikbud.go.id/index.php/Chome/profil/D986DA47-6442-45B1-88A1-1430ED19B3C4,JL. KALI SERAYU PTP II SAENTIS Saentis Kec. Percut Sei Tuan Kab. Deli Serdang Prov. Sumatera Utara,Kab. Deli Serdang,,Sumatera Utara
40102587,SMAS IMAM BONJOL,https://sekolah.data.kemdikbud.go.id/index.php/Chome/profil/800FC71C-4A41-4EF6-AA25-1433EDC9B9A1,JL. KARPER NO. 19 Mahawu Kec. Tuminting Kota Manado Prov. Sulawesi Utara,,Kota Manado,Sulawesi Utara
70046396,SMA Plus Taruna Satya,https://sekolah.data.kemdikbud.go.id/index.php/Chome/profil/868A2959-D791-443E-B6CA-1434106098A2,Jl. Pembangunan Ujung Labuhen Kec. Namo Rambe Kab. Deli Serdang Prov. Sumatera Utara,Kab. Deli Serdang,,Sumatera Utara
40307368,SMAS KARTINI,https://sekolah.data.kemdikbud.go.id/index.php/Chome/profil/FD1010A0-D6AB-4AC4-9EAC-143464E3A6A5,JL. KESATUAN Maccini Parang Kec. Makasar Kota Makassar Prov. Sulawesi Selatan,,Kota Makassar,Sulawesi Selatan
20103194,SMAS ST ALEXIUS JAKARTA,https://sekolah.data.kemdikbud.go.id/index.php/Chome/profil/F49F9CD7-10CA-4A24-A76F-143909F7C79A,JL. AMAL NO. 2 RT. 06/01 Pondok Bambu Kec. Duren Sawit Kota Adm. Jakarta Timur Prov. D.K.I. Jakarta,,Kota Adm. Jakarta Timur,D.K.I. Jakarta
20100189,SMAS KRISTEN KANAAN JAKARTA,https://sekolah.data.kemdikbud.go.id/index.php/Chome/profil/811CF6F2-59F7-4497-974F-143D2CEA4AB7,"Jl. Kran Raya no. 7 Kemayoran, Jakarta P... Gunung Sahari Selatan Kec. Kemayoran Kota Adm. Jakarta Pusat Prov. D.K.I. Jakarta",,Kota Adm. Jakarta Pusat,D.K.I. Jakarta
90101031,SEKOLAH SI YANGON TINGKAT SMA,https://sekolah.data.kemdikbud.go.id/index.php/Chome/profil/4F288EA7-7F04-4A81-A5DB-143FE547FE5A,"100, LOWER KYIMYINDINE ROAD, AHLONE YANG... Yangon Yangon Myanmar Luar Negeri",,,
60724726,SMAS AL HASYIMI,https://sekolah.data.kemdikbud.go.id/index.php/Chome/profil/CAD72CDC-41E9-4F94-AE48-1449704E8A3F,Jl. Desa Kalidandan - Pakuniran - Probol... Kalidandan Kec. Pakuniran Kab. Probolinggo Prov. Jawa Timur,Kab. Probolinggo,,Jawa Timur
69879001,SMA PEDULI BANGSA WOOI,https://sekolah.data.kemdikbud.go.id/index.php/Chome/profil/D951669F-9A92-4FD2-A18C-144F761FCEE5,Jln. Pendidikan Wooi Wooi Kec. Obi Timur Kab. Halmahera Selatan Prov. Maluku Utara,Kab. Halmahera Selatan,,Maluku Utara
40202044,SMAN 1 BUNOBOGU,https://sekolah.data.kemdikbud.go.id/index.php/Chome/profil/6BEBB33D-645E-4EF1-9ADA-144F9B065917,JL.TRANS SULAWESI  NO. 33 Bunobogu Kec. Bunobogu Kab. Buol Prov. Sulawesi Tengah,Kab. Buol,,Sulawesi Tengah
10807063,SMAN 2 BANDAR LAMPUNG,https://sekolah.data.kemdikbud.go.id/index.php/Chome/profil/8E80EEE1-8F32-4391-9DFB-145E4A04AFEF,JALAN AMIR HAMZAH NO. 01 Gotong Royong Kec. Tanjung Karang Pusat Kota Bandar Lampung Prov. Lampung,,Kota Bandar Lampung,Lampung
69888779,SMA DARUL QORORI,https://sekolah.data.kemdikbud.go.id/index.php/Chome/profil/AC295470-BCB1-48E1-B0BA-146109E54B12,DUSUN LENTENG DESA SERABI BARAT Serabi Barat Kec. Modung Kab. Bangkalan Prov. Jawa Timur,Kab. Bangkalan,,Jawa Timur
20401127,SMAN 1 PAKEM,https://sekolah.data.kemdikbud.go.id/index.php/Chome/profil/9206CC70-0345-4990-9C93-1465424B593F,"JL. KALIURANG KM 17,5  PAKEM Pakem Binangun Kec. Pakem Kab. Sleman Prov. D.I. Yogyakarta",Kab. Sleman,,D.I. Yogyakarta
30203402,SMAS ISEN MULANG PALANGKA RAYA,https://sekolah.data.kemdikbud.go.id/index.php/Chome/profil/8A5B756C-30D3-4B03-8964-1467BFB7CA53,DR. WAHIDIN  SUDIROHUSODO NO. 50 Pahandut Kec. Pahandut Kota Palangka Raya Prov. Kalimantan Tengah,,Kota Palangka Raya,Kalimantan Tengah
10111321,SMAS JANNATUL FIRDAUS,https://sekolah.data.kemdikbud.go.id/index.php/Chome/profil/3937C628-772E-47D9-A39D-14778D62EF44,JL. T. NYAK ADAM KAMIL SUBULUSSALAM TIMUR Kec. Simpang Kiri Kota Subulussalam Prov. Aceh,,Kota Subulussalam,Aceh
20603167,SMAS DAARUSSALAM,https://sekolah.data.kemdikbud.go.id/index.php/Chome/profil/A0474046-D7B6-4A31-9A8C-1478F8C3889A,KP. BADAK RT 06/01 Badak Anom Kec. Sindang Jaya Kab. Tangerang Prov. Banten,Kab. Tangerang,,Banten
11002499,SMAN 1 BUNGURAN SELATAN,https://sekolah.data.kemdikbud.go.id/index.php/Chome/profil/DECE774D-2AA0-47C8-B7F6-147C1D5D3306,Jalan Padat Karya Munung Darat Desa Cemaga Kec. Bunguran Selatan Kab. Natuna Prov. Kepulauan Riau,Kab. Natuna,,Kepulauan Riau
70026922,SMA HIGHFIELD,https://sekolah.data.kemdikbud.go.id/index.php/Chome/profil/493B4169-4895-487D-87F6-148238E46091,"Jl. Caringin Raya No. 88, RT.005 RW. 005 Bojong Menteng Kec. Rawalumbu Kota Bekasi Prov. Jawa Barat",,Kota Bekasi,Jawa Barat
69822766,SMAN 3 KULISUSU,https://sekolah.data.kemdikbud.go.id/index.php/Chome/profil/674FC73E-984B-4ABE-860E-14867F699A6F,Jln. Poros Pasar Mina-Minanga Stadion Bu... Linsowu Kec. Kulisusu Kab. Buton Utara Prov. Sulawesi Tenggara,Kab. Buton Utara,,Sulawesi Tenggara
10400849,SMA NEGERI 3 TEBING TINGGI,https://sekolah.data.kemdikbud.go.id/index.php/Chome/profil/4A33E9CB-AE4A-4318-91AB-148BA404158B,Jalan Pelajar No.01 Dorak Banglas Kec. Tebing Tinggi Kab. Kepulauan Meranti Prov. Riau,Kab. Kepulauan Meranti,,Riau
70011787,SMA ISLAM AL AZHAR 24,https://sekolah.data.kemdikbud.go.id/index.php/Chome/profil/19D99A79-8872-450E-8E30-148C1DABF01E,Jl Raya Palalangon Kampung Pasir Menjul Pasir Jaya Kec. Cigombong Kab. Bogor Prov. Jawa Barat,Kab. Bogor,,Jawa Barat
70038406,SMA Negeri 2 Pasir Belengkong,https://sekolah.data.kemdikbud.go.id/index.php/Chome/profil/34CAF381-DB14-491A-917C-148D0A2EED27,Jalan Poros Laburan-Sunge Batu RT.002 Laburan Kec. Paser Belengkong Kab. Paser Prov. Kalimantan Timur,Kab. Paser,,Kalimantan Timur
30203969,SMAN 1 MONTALLAT,https://sekolah.data.kemdikbud.go.id/index.php/Chome/profil/220D492C-4338-46F2-83B9-149059D9435B,JL. TABIB RT 8 TUMPUNG LAUNG II Tumpung Laung II Kec. Montallat Kab. Barito Utara Prov. Kalimantan Tengah,Kab. Barito Utara,,Kalimantan Tengah
69948204,SMA ISLAM TERPADU DARUL HIKMAH,https://sekolah.data.kemdikbud.go.id/index.php/Chome/profil/A76755E6-88AD-4984-B591-14916FDD1965,DESA PASIR SAKTI KEC. PASIR SAKTI Pasir Sakti Kec. Pasir Sakti Kab. Lampung Timur Prov. Lampung,Kab. Lampung Timur,,Lampung
10601458,SMAN 1 KOTA AGUNG,https://sekolah.data.kemdikbud.go.id/index.php/Chome/profil/DF5BB2E7-B73C-4610-891A-1496DEF9C9DA,Jalan Ts. H. Umar Desa Pagar Ruyung Kec.... Pagar Ruyung Kec. Kota Agung Kab. Lahat Prov. Sumatera Selatan,Kab. Lahat,,Sumatera Selatan
69934745,SMA PLUS AL-MUBAROK,https://sekolah.data.kemdikbud.go.id/index.php/Chome/profil/E2DD9529-687C-4D43-BA29-1497BA76E53F,Kp. Karyamandala RT 02 RW 02 Karyamandala Kec. Salopa Kab. Tasikmalaya Prov. Jawa Barat,Kab. Tasikmalaya,,Jawa Barat
20523841,SMAS WIYATA MANDALA,https://sekolah.data.kemdikbud.go.id/index.php/Chome/profil/2C1DE893-84C5-47B0-B578-14A37572BD9A,Jl. Mh. Thamrin 35 Ajung Wetan Mangli Kec. Kaliwates Kab. Jember Prov. Jawa Timur,Kab. Jember,,Jawa Timur
69984146,SMA ISLAM TERPADU AL-USWAH,https://sekolah.data.kemdikbud.go.id/index.php/Chome/profil/7AA80D58-D422-415E-8331-14A41E9E340F,Jl. Lingkar Blok Sawah Baru Pante Teungoh Kec. Kota Sigli Kab. Pidie Prov. Aceh,Kab. Pidie,,Aceh
60304846,SMAN ELELIM,https://sekolah.data.kemdikbud.go.id/index.php/Chome/profil/55477A9F-F3C5-483B-9BA1-14AF8DA593A5,JL. WAMENA - TENGON ELELIM Bulmu Kec. Elelim Kab. Yalimo Prov. Papua Pegunungan,Kab. Yalimo,,Papua Pegunungan
70000961,SMA Insan Madani Boarding School Jambi,https://sekolah.data.kemdikbud.go.id/index.php/Chome/profil/CBFB9182-C152-4BCC-A473-14B036DD1DD8,"Jl. Kampung Bugis, RT. 23, Kel. Aur Kena... Aur Kenali Kec. Telanai Pura Kota Jambi Prov. Jambi",,Kota Jambi,Jambi
69984150,SMA IT IKHLAS CENDEKIA LAHAT,https://sekolah.data.kemdikbud.go.id/index.php/Chome/profil/ED93773A-71DE-4F54-AD37-14B24EFF22CE,"Jl. Artha Prigel KM. 1,5 Tanjung Payang Kec. Lahat Kab. Lahat Prov. Sumatera Selatan",Kab. Lahat,,Sumatera Selatan
10505166,SMAN 7 TANJUNG JABUNG TIMUR,https://sekolah.data.kemdikbud.go.id/index.php/Chome/profil/C475B5FB-7D78-4CD8-9485-14BC90C3A065,JL. MANUNGGAL MENDAHARA ILIR Mendahara Ilir Kec. Mendahara Kab. Tanjung Jabung Timur Prov. Jambi,Kab. Tanjung Jabung Timur,,Jambi
69900874,SMA SWASTA BERSINAR,https://sekolah.data.kemdikbud.go.id/index.php/Chome/profil/6F14C873-91B0-4767-874E-14C51AAC641F,JL. PERKUSI NO. 25 DUSUN III A Amplas Kec. Percut Sei Tuan Kab. Deli Serdang Prov. Sumatera Utara,Kab. Deli Serdang,,Sumatera Utara
69900393,SMA Swasta Cahaya,https://sekolah.data.kemdikbud.go.id/index.php/Chome/profil/7E2FD615-4DAB-402F-8AEE-14C603A5CF36,Jl. Bowo No.08 kelurahan Pasar Lahewa Kelurahan Paras Lahewa Kec. Lahewa Kab. Nias Utara Prov. Sumatera Utara,Kab. Nias Utara,,Sumatera Utara
60726234,SMAN 1 LAMBOYA,https://sekolah.data.kemdikbud.go.id/index.php/Chome/profil/59CE69F2-7846-43E5-B255-14CBB2CE261D,LAMBOYA Kabu Karudi Kec. Lamboya Kab. Sumba Barat Prov. Nusa Tenggara Timur,Kab. Sumba Barat,,Nusa Tenggara Timur
10302017,SMAN 1 SUTERA,https://sekolah.data.kemdikbud.go.id/index.php/Chome/profil/F88390A3-35C2-4B72-8C04-14CD2518EE6F,JL.BARU CIMPU SURANTIH Kec. Sutera Kab. Pesisir Selatan Prov. Sumatera Barat,Kab. Pesisir Selatan,,Sumatera Barat
69892236,SMA-IT DARUL IKHLAS,https://sekolah.data.kemdikbud.go.id/index.php/Chome/profil/C07E2D49-013C-430C-8AD5-14D17E6FBE3E,Jln.Lintas Sumatra km.15 Tambang Baru Tambang Baru Kec. Tabir Lintas Kab.  Merangin Prov. Jambi,Kab.  Merangin,,Jambi
69947328,SMA Islam Terpadu Nurul Jannah,https://sekolah.data.kemdikbud.go.id/index.php/Chome/profil/ECC42BC0-6036-44BA-ABEA-14D52AA853B3,Jl. Cilangen No. 03 Kiarajangkung Kec. Sukahening Kab. Tasikmalaya Prov. Jawa Barat,Kab. Tasikmalaya,,Jawa Barat
40403156,SMA NEGERI 4 RAHA,https://sekolah.data.kemdikbud.go.id/index.php/Chome/profil/F549DF0D-C845-4FBF-81FF-14D6A1E06651,Jl. Sugi Patola No. 4 Lasalepa Lasalepa Kec. Lasalepa Kab. Muna Prov. Sulawesi Tenggara,Kab. Muna,,Sulawesi Tenggara
20338278,SMA NEGERI 1 KARANGSAMBUNG,https://sekolah.data.kemdikbud.go.id/index.php/Chome/profil/941175C6-2A89-4B4A-9C77-14DC912532D1,"Jalan Desa Karangsambung, Kebumen Kode P... Karangsambung Kec. Karangsambung Kab. Kebumen Prov. Jawa Tengah",Kab. Kebumen,,Jawa Tengah
10701557,SMA NEGERI 5 SELUMA,https://sekolah.data.kemdikbud.go.id/index.php/Chome/profil/82259B7D-2A56-4CAD-941E-14DD72A7C097,JL. SETIA NEGARA Kembang Mumpo Kec. Semidang Alas Maras Kab. Seluma Prov. Bengkulu,Kab. Seluma,,Bengkulu
69947396,SMA NEGERI TOTIKUM SELATAN,https://sekolah.data.kemdikbud.go.id/index.php/Chome/profil/ADB782D8-233E-47E1-B5F9-14E561F63A71,Jl. Siswa No. 01  Desa Tobungku Kec. Tot... Tobungku Kec. Totikum Selatan Kab. Banggai Kepulauan Prov. Sulawesi Tengah,Kab. Banggai Kepulauan,,Sulawesi Tengah
20506322,SMA WALI SONGO,https://sekolah.data.kemdikbud.go.id/index.php/Chome/profil/6F186917-3223-4560-ADFC-14EC47A672AB,"Desa Sukobendu, Kec. Mantup, Kab. Lamong... Sukobendu Kec. Mantup Kab. Lamongan Prov. Jawa Timur",Kab. Lamongan,,Jawa Timur
69981217,SMA Bhakti Tunas Harapan,https://sekolah.data.kemdikbud.go.id/index.php/Chome/profil/78F8B14E-3FEA-4050-B8E9-14EE31FA116D,Jl. Jendral Sudirman No. 68A Kota Magela... Magersari Kec. Magelang Selatan Kota Magelang Prov. Jawa Tengah,,Kota Magelang,Jawa Tengah
69982208,SMA Tahfidzul Quran,https://sekolah.data.kemdikbud.go.id/index.php/Chome/profil/03CB5462-CB88-47D6-B787-14F25C79BB27,Jl. Cindai Alus RT. 07 RW. 04 Cindai Alus Kec. Martapura Kab. Banjar Prov. Kalimantan Selatan,Kab. Banjar,,Kalimantan Selatan
10498689,SMAN 2 PASIR LIMAU KAPAS,https://sekolah.data.kemdikbud.go.id/index.php/Chome/profil/5D491743-AF42-4B2F-A65B-14F6D9D45817,JLN. MESJID SUNGAI DAUN Sungai Daun Kec. Pasir Limau Kapas Kab.  Rokan Hilir Prov. Riau,Kab.  Rokan Hilir,,Riau
69877337,SMA NEGERI 2 ONOHAZUMBA,https://sekolah.data.kemdikbud.go.id/index.php/Chome/profil/A83AE503-4381-4E76-A56C-14FB4E52F0AC,Hilimbaruzo Fadoroewo Kec. Onohazumba Kab. Nias Selatan Prov. Sumatera Utara,Kab. Nias Selatan,,Sumatera Utara
20613522,SMAS ALLAYINAH,https://sekolah.data.kemdikbud.go.id/index.php/Chome/profil/5D33B424-355C-4AA5-8BEC-1505E8054B67,JL. MADRASAH ALLAYYINAH Binong Kec. Curug Kab. Tangerang Prov. Banten,Kab. Tangerang,,Banten
20532373,SMAS DHARMA WANITA SURABAYA,https://sekolah.data.kemdikbud.go.id/index.php/Chome/profil/AE71A46E-A086-4336-A3B6-15081523BF18,JL. KENDANGSARI V Kendangsari Kec. Tenggilis Mejoyo Kota Surabaya Prov. Jawa Timur,,Kota Surabaya,Jawa Timur
10495231,SMAS DJUWITA,https://sekolah.data.kemdikbud.go.id/index.php/Chome/profil/31672FFC-79B4-4259-8B78-1511AE1301FF,JL. SERAI Tengkerang Barat Kec. Marpoyan Damai Kota Pekanbaru Prov. Riau,,Kota Pekanbaru,Riau
10261004,SMAN 1 PANGKATAN,https://sekolah.data.kemdikbud.go.id/index.php/Chome/profil/50406629-D2C9-487B-9E54-15142F9FA729,JL. PROTOKOL PANGKATAN PANGKATAN Kec. Pangkatan Kab. Labuhanbatu Prov. Sumatera Utara,Kab. Labuhanbatu,,Sumatera Utara
40102747,SMAN 6 MANADO,https://sekolah.data.kemdikbud.go.id/index.php/Chome/profil/0E70E50B-1F00-4456-BF42-151EB158F56C,JL. SISWA NO 59 Taas Kec. Tikala Kota Manado Prov. Sulawesi Utara,,Kota Manado,Sulawesi Utara
20103208,SMAS DEWI SARTIKA YBW JAKARTA,https://sekolah.data.kemdikbud.go.id/index.php/Chome/profil/95CEA525-0F4C-4E3B-8D2F-15228CC31FFE,JL. KEBON NANAS UTARA II NO 23 Cipinang Cempedak Kec. Jatinegara Kota Adm. Jakarta Timur Prov. D.K.I. Jakarta,,Kota Adm. Jakarta Timur,D.K.I. Jakarta
20221558,SMAS YAYASAN AHMAD DJUWAENI,https://sekolah.data.kemdikbud.go.id/index.php/Chome/profil/FFA2164B-0845-40AA-AFA9-15231C97346D,JL. VETERAN I NO. 36 SUKABUMI Gunung Parang Kec. Cikole Kota Sukabumi Prov. Jawa Barat,,Kota Sukabumi,Jawa Barat
69981042,SMA NEGERI NUNKOLO,https://sekolah.data.kemdikbud.go.id/index.php/Chome/profil/F88EA5A4-A7AA-4B42-90B0-152D50B76DA2,"Jl.Am Selan, Desa Hoineno, Kec. Nunkolo Hoineno Kec. Nunkolo Kab. Timor Tengah Selatan Prov. Nusa Tenggara Timur",Kab. Timor Tengah Selatan,,Nusa Tenggara Timur
20515432,SMAN 1 KALIDAWIR,https://sekolah.data.kemdikbud.go.id/index.php/Chome/profil/EE402680-C794-4F21-BA4C-1532C4D29E31,JL. RAYA NGUBALAN Ngubalan Kec. Kalidawir Kab. Tulungagung Prov. Jawa Timur,Kab. Tulungagung,,Jawa Timur
40300671,SMAN 6 PANGKAJENE DAN KEPULAUAN,https://sekolah.data.kemdikbud.go.id/index.php/Chome/profil/A9A73733-0B1B-4C4C-8E11-15348E6B7E28,JL. PENDIDIKAN NO.2 PULAU SAPUKA Sapuka Kec. Liukang Tangaya Kab. Pangkajene Dan Kepulauan Prov. Sulawesi Selatan,Kab. Pangkajene Dan Kepulauan,,Sulawesi Selatan
40309861,SMAN 10 TANA TORAJA,https://sekolah.data.kemdikbud.go.id/index.php/Chome/profil/BB938F1D-1373-4C6E-BAF0-1537A3C88589,JL.POROS BITTUANG MAMASA Lembang Belau Kec. Masanda Kab. Tana Toraja Prov. Sulawesi Selatan,Kab. Tana Toraja,,Sulawesi Selatan
70041663,SMAS BPD LEO-LEO,https://sekolah.data.kemdikbud.go.id/index.php/Chome/profil/09F1EB32-EEEB-4D38-A94E-1538FBAF04F0,Desa Leo-Leo Rao Leo Leo Kec. Morotai Selatan Barat Kab. Pulau Morotai Prov. Maluku Utara,Kab. Pulau Morotai,,Maluku Utara
50200365,SMAN 1 BAYAN,https://sekolah.data.kemdikbud.go.id/index.php/Chome/profil/2FE07D3F-CBF2-468E-A366-15401083DD9A,JL. RAYA TANJUNG - BAYAN Anyar Kec. Bayan Kab. Lombok Utara Prov. Nusa Tenggara Barat,Kab. Lombok Utara,,Nusa Tenggara Barat
20521745,SMAN 1 PUJER,https://sekolah.data.kemdikbud.go.id/index.php/Chome/profil/9BA81BB8-0B12-4046-A80F-1541A64F6CBF,JL. RAYA BONDOWOSO NO.01 PUJER Kejayan Kec. Pujer Kab. Bondowoso Prov. Jawa Timur,Kab. Bondowoso,,Jawa Timur
20527231,SMA NEGERI 1 PADEMAWU PAMEKASAN,https://sekolah.data.kemdikbud.go.id/index.php/Chome/profil/35F41808-3A43-4901-96D6-1541E9F565E6,JL. RAYA MANDALA Bunder Kec. Pademawu Kab. Pamekasan Prov. Jawa Timur,Kab. Pamekasan,,Jawa Timur
20313847,SMA NEGERI 1 KRADENAN,https://sekolah.data.kemdikbud.go.id/index.php/Chome/profil/7FE4E2CD-6B67-41E2-8BA2-154786BE1D26,JL. HONGGOKUSUMAN NO. 19 KUWU Kuwu Kec. Kradenan Kab. Grobogan Prov. Jawa Tengah,Kab. Grobogan,,Jawa Tengah
10814642,SMAN 1 PENAWAR AJI,https://sekolah.data.kemdikbud.go.id/index.php/Chome/profil/1DC281EE-09D9-429D-A4A9-1549F5C83E6A,Panca Tunggal Jaya Panca Tunggal Jaya Kec. Penawar Aji Kab. Tulang Bawang Prov. Lampung,Kab. Tulang Bawang,,Lampung
70035090,SMAS MUALLIMIN MUHAMMADIYAH LOMBOK BARAT,https://sekolah.data.kemdikbud.go.id/index.php/Chome/profil/125CB7CC-BD05-4D12-AC53-154B72364DF9,Jl. Tibupiling KM 15 GOLONG Kec. Narmada Kab. Lombok Barat Prov. Nusa Tenggara Barat,Kab. Lombok Barat,,Nusa Tenggara Barat
20233654,SMAN 1 PUSAKANAGARA,https://sekolah.data.kemdikbud.go.id/index.php/Chome/profil/4C737C75-3A92-4C63-B626-154ECA167B8F,Jalan Ciawitali No. 47 Pusakaratu Kec. Pusakanagara Kab. Subang Prov. Jawa Barat,Kab. Subang,,Jawa Barat
40404435,SMAN 4 WANGI-WANGI,https://sekolah.data.kemdikbud.go.id/index.php/Chome/profil/4FBD5829-14C2-4AE8-80B1-1552641CC73F,JL. POROS LIYA Liya Mawi Kec. Wangi-Wangi Selatan Kab. Wakatobi Prov. Sulawesi Tenggara,Kab. Wakatobi,,Sulawesi Tenggara
20562426,SMAS ISLAM MIFTAHUL AFKAR,https://sekolah.data.kemdikbud.go.id/index.php/Chome/profil/A321D6AB-F8EC-4161-AC59-1552D1AC6FCB,Jl. Walisongo No 01 Sidopekso Kec. Kraksaan Kab. Probolinggo Prov. Jawa Timur,Kab. Probolinggo,,Jawa Timur
20244672,SMAS MUHAMMADIYAH LEMAHABANG,https://sekolah.data.kemdikbud.go.id/index.php/Chome/profil/FD4D9A9F-F09A-42DF-AA9A-15579971ABBB,JL. KH. ACHMAD DAHLAN NO. 1 Leuwidingding Kec. Lemah Abang Kab. Cirebon Prov. Jawa Barat,Kab. Cirebon,,Jawa Barat
69972531,SMAN 19 KOTA BEKASI,https://sekolah.data.kemdikbud.go.id/index.php/Chome/profil/C5AB544E-C7F6-448C-A5B9-155BA3932639,Jl. Mawar Rt. 002 Rw. 02 Padurenan Kec. Mustika Jaya Kota Bekasi Prov. Jawa Barat,,Kota Bekasi,Jawa Barat
20235624,SMAN TOMO,https://sekolah.data.kemdikbud.go.id/index.php/Chome/profil/5F7657A3-17A0-4D67-84C9-1564242C4ED8,JL. Raden Ali Sadikin - Cijelag Tomo KM ... Tomo Kec. Tomo Kab. Sumedang Prov. Jawa Barat,Kab. Sumedang,,Jawa Barat
40318910,SMAS CITRA BANGSA,https://sekolah.data.kemdikbud.go.id/index.php/Chome/profil/34D8C1AB-A6E1-4652-93D6-156B03D392B0,PULAU KODINGARENG Kodingareng Kec. Ujung Tanah Kota Makassar Prov. Sulawesi Selatan,,Kota Makassar,Sulawesi Selatan
